Timestamp,DataTimestamp,CPU Usage (%),Memory Usage (%),Steps
1717494624.5654452,,0.0,14.9,OCC_TO_CU_UPDATE
1717494624.5656474,,0.0,14.9,OCC_TO_CU_UPDATE
1717494624.7782989,1,11.7,14.9,OCC_TO_CU
1717494624.7788439,2,0.0,14.9,OCC_TO_CU
1717494624.7793064,3,0.0,14.9,OCC_TO_CU
1717494624.779617,4,0.0,14.9,OCC_TO_CU
1717494625.8871226,"{'21001': ',1717494625'}",10.0,15.0,DEV_TO_OCC
1717494625.8885415,"{'21001': ',1717494625', '11002': ',1717494625'}",100.0,15.0,DEV_TO_OCC
1717494626.7021537,"{'21001': ',1717494626', '11002': ',1717494625', '21002': ',1717494625'}",13.7,14.9,DEV_TO_OCC
1717494626.715651,"{'21001': ',1717494626', '11002': ',1717494626', '21002': ',1717494625', '11001': ',1717494625'}",40.0,14.9,DEV_TO_OCC
1717494627.652239,"{'21001': ',1717494627', '11002': ',1717494626', '21002': ',1717494626', '11001': ',1717494625'}",2.1,14.9,DEV_TO_OCC
1717494627.7173398,"{'21001': ',1717494627', '11002': ',1717494627', '21002': ',1717494626', '11001': ',1717494626'}",11.3,14.9,DEV_TO_OCC
1717494628.7021208,"{'21001': ',1717494628', '11002': ',1717494627', '21002': ',1717494627', '11001': ',1717494626'}",1.5,14.9,DEV_TO_OCC
1717494628.7227068,"{'21001': ',1717494628', '11002': ',1717494628', '21002': ',1717494627', '11001': ',1717494627'}",23.1,14.9,DEV_TO_OCC
1717494629.7092812,"{'21001': ',1717494629', '11002': ',1717494628', '21002': ',1717494628', '11001': ',1717494627'}",2.0,14.8,DEV_TO_OCC
1717494629.714007,"{'21001': ',1717494629', '11002': ',1717494629', '21002': ',1717494628', '11001': ',1717494628'}",20.0,14.8,DEV_TO_OCC
1717494630.7973583,"{'21001': ',1717494629', '11002': ',1717494630', '21002': ',1717494628', '11001': ',1717494629'}",2.5,14.8,DEV_TO_OCC
1717494630.7985263,"{'21001': ',1717494630', '11002': ',1717494630', '21002': ',1717494629', '11001': ',1717494629'}",0.0,14.8,DEV_TO_OCC
1717494632.0247858,"{'21001': ',1717494631', '11002': ',1717494630', '21002': ',1717494630', '11001': ',1717494629'}",2.9,14.8,DEV_TO_OCC
1717494632.0257056,"{'21001': ',1717494631', '11002': ',1717494631', '21002': ',1717494630', '11001': ',1717494630'}",0.0,14.8,DEV_TO_OCC
1717494632.946686,"{'21001': ',1717494631', '11002': ',1717494632', '21002': ',1717494630', '11001': ',1717494631'}",2.9,14.8,DEV_TO_OCC
1717494632.9476814,"{'21001': ',1717494632', '11002': ',1717494632', '21002': ',1717494631', '11001': ',1717494631'}",0.0,14.8,DEV_TO_OCC
1717494633.8734233,"{'21001': ',1717494633', '11002': ',1717494632', '21002': ',1717494632', '11001': ',1717494631'}",1.5,14.8,DEV_TO_OCC
1717494633.8744295,"{'21001': ',1717494633', '11002': ',1717494633', '21002': ',1717494632', '11001': ',1717494632'}",0.0,14.8,DEV_TO_OCC
1717494634.7909632,"{'21001': ',1717494633', '11002': ',1717494634', '21002': ',1717494632', '11001': ',1717494633'}",1.5,14.7,DEV_TO_OCC
1717494634.790502,5,1.5,14.7,OCC_TO_CU
1717494634.7930734,"{'21001': ',1717494634', '11002': ',1717494634', '21002': ',1717494633', '11001': ',1717494633'}",75.0,14.7,DEV_TO_OCC
1717494634.7938952,6,0.0,14.7,OCC_TO_CU
1717494634.795338,7,0.0,14.7,OCC_TO_CU
1717494634.7959812,8,0.0,14.7,OCC_TO_CU
1717494635.727742,"{'21001': '1,1717494635', '11002': ',1717494634', '21002': ',1717494634', '11001': ',1717494633'}",1.8,14.8,DEV_TO_OCC
1717494635.7509458,"{'21001': '1,1717494635', '11002': '1,1717494635', '21002': ',1717494634', '11001': ',1717494634'}",24.1,14.8,DEV_TO_OCC
1717494636.9433358,"{'21001': '1,1717494636', '11002': '1,1717494635', '21002': '1,1717494635', '11001': ',1717494634'}",1.2,14.7,DEV_TO_OCC
1717494636.945385,"{'21001': '1,1717494636', '11002': '1,1717494636', '21002': '1,1717494635', '11001': '1,1717494635'}",60.0,14.7,DEV_TO_OCC
1717494637.8650918,"{'21001': '1,1717494636', '11002': '1,1717494637', '21002': '1,1717494635', '11001': '1,1717494636'}",2.8,14.7,DEV_TO_OCC
1717494637.8664405,"{'21001': '1,1717494637', '11002': '1,1717494637', '21002': '1,1717494636', '11001': '1,1717494636'}",0.0,14.7,DEV_TO_OCC
1717494638.785755,"{'21001': '1,1717494637', '11002': '1,1717494638', '21002': '1,1717494636', '11001': '1,1717494637'}",1.2,14.6,DEV_TO_OCC
1717494638.7867613,"{'21001': '1,1717494638', '11002': '1,1717494638', '21002': '1,1717494637', '11001': '1,1717494637'}",0.0,14.6,DEV_TO_OCC
1717494639.7103343,"{'21001': '1,1717494639', '11002': '1,1717494638', '21002': '1,1717494638', '11001': '1,1717494637'}",1.1,14.6,DEV_TO_OCC
1717494639.717774,"{'21001': '1,1717494639', '11002': '1,1717494639', '21002': '1,1717494638', '11001': '1,1717494638'}",40.0,14.6,DEV_TO_OCC
1717494640.9366658,"{'21001': '1,1717494640', '11002': '1,1717494639', '21002': '1,1717494639', '11001': '1,1717494638'}",1.0,14.6,DEV_TO_OCC
1717494640.937692,"{'21001': '1,1717494640', '11002': '1,1717494640', '21002': '1,1717494639', '11001': '1,1717494639'}",0.0,14.6,DEV_TO_OCC
1717494641.8620193,"{'21001': '1,1717494641', '11002': '1,1717494640', '21002': '1,1717494640', '11001': '1,1717494639'}",1.1,14.6,DEV_TO_OCC
1717494641.8631835,"{'21001': '1,1717494641', '11002': '1,1717494641', '21002': '1,1717494640', '11001': '1,1717494640'}",0.0,14.6,DEV_TO_OCC
1717494642.7792532,"{'21001': '1,1717494642', '11002': '1,1717494641', '21002': '1,1717494641', '11001': '1,1717494640'}",1.1,14.6,DEV_TO_OCC
1717494642.7802567,"{'21001': '1,1717494642', '11002': '1,1717494642', '21002': '1,1717494641', '11001': '1,1717494641'}",0.0,14.6,DEV_TO_OCC
1717494643.6655827,"{'21001': '1,1717494643', '11002': '1,1717494642', '21002': '1,1717494642', '11001': '1,1717494641'}",1.1,14.6,DEV_TO_OCC
1717494643.719168,"{'21001': '1,1717494643', '11002': '1,1717494643', '21002': '1,1717494642', '11001': '1,1717494642'}",9.5,14.6,DEV_TO_OCC
1717494644.8072026,9,1.0,14.6,OCC_TO_CU
1717494644.8083577,10,0.0,14.6,OCC_TO_CU
1717494644.809412,11,75.0,14.6,OCC_TO_CU
1717494644.8105993,12,0.0,14.6,OCC_TO_CU
1717494644.840697,"{'21001': '1,1717494644', '11002': '1,1717494643', '21002': '1,1717494643', '11001': '1,1717494642'}",77.5,14.6,DEV_TO_OCC
1717494644.8417737,"{'21001': '1,1717494644', '11002': '1,1717494644', '21002': '1,1717494643', '11001': '1,1717494643'}",0.0,14.6,DEV_TO_OCC
1717494645.849318,"{'21001': '0,1717494645', '11002': '1,1717494644', '21002': '1,1717494644', '11001': '1,1717494643'}",2.4,14.6,DEV_TO_OCC
1717494645.8501954,"{'21001': '0,1717494645', '11002': '0,1717494645', '21002': '1,1717494644', '11001': '1,1717494644'}",0.0,14.6,DEV_TO_OCC
1717494646.7707617,"{'21001': '0,1717494646', '11002': '0,1717494645', '21002': '0,1717494645', '11001': '1,1717494644'}",4.0,14.6,DEV_TO_OCC
1717494646.7717142,"{'21001': '0,1717494646', '11002': '0,1717494646', '21002': '0,1717494645', '11001': '0,1717494645'}",0.0,14.6,DEV_TO_OCC
1717494647.6924667,"{'21001': '0,1717494647', '11002': '0,1717494646', '21002': '0,1717494646', '11001': '0,1717494645'}",1.1,14.6,DEV_TO_OCC
1717494647.721482,"{'21001': '0,1717494647', '11002': '0,1717494647', '21002': '0,1717494646', '11001': '0,1717494646'}",15.6,14.6,DEV_TO_OCC
1717494648.9215047,"{'21001': '0,1717494648', '11002': '0,1717494647', '21002': '0,1717494647', '11001': '0,1717494646'}",0.9,14.6,DEV_TO_OCC
1717494648.9225242,"{'21001': '0,1717494648', '11002': '0,1717494648', '21002': '0,1717494647', '11001': '0,1717494647'}",0.0,14.6,DEV_TO_OCC
1717494649.8439958,"{'21001': '0,1717494648', '11002': '0,1717494649', '21002': '0,1717494647', '11001': '0,1717494648'}",1.2,14.6,DEV_TO_OCC
1717494649.8453305,"{'21001': '0,1717494649', '11002': '0,1717494649', '21002': '0,1717494648', '11001': '0,1717494648'}",66.7,14.6,DEV_TO_OCC
1717494650.7646484,"{'21001': '0,1717494649', '11002': '0,1717494650', '21002': '0,1717494648', '11001': '0,1717494649'}",1.3,14.6,DEV_TO_OCC
1717494650.76576,"{'21001': '0,1717494650', '11002': '0,1717494650', '21002': '0,1717494649', '11001': '0,1717494649'}",0.0,14.6,DEV_TO_OCC
1717494651.685826,"{'21001': '0,1717494651', '11002': '0,1717494650', '21002': '0,1717494650', '11001': '0,1717494649'}",1.2,14.6,DEV_TO_OCC
1717494651.7725775,"{'21001': '0,1717494651', '11002': '0,1717494651', '21002': '0,1717494650', '11001': '0,1717494650'}",4.9,14.6,DEV_TO_OCC
1717494652.915017,"{'21001': '0,1717494651', '11002': '0,1717494652', '21002': '0,1717494650', '11001': '0,1717494651'}",0.8,14.6,DEV_TO_OCC
1717494652.9159493,"{'21001': '0,1717494652', '11002': '0,1717494652', '21002': '0,1717494651', '11001': '0,1717494651'}",0.0,14.6,DEV_TO_OCC
1717494653.73387,"{'21001': '0,1717494653', '11002': '0,1717494652', '21002': '0,1717494652', '11001': '0,1717494651'}",1.2,14.6,DEV_TO_OCC
1717494653.7353542,"{'21001': '0,1717494653', '11002': '0,1717494653', '21002': '0,1717494652', '11001': '0,1717494652'}",0.0,14.6,DEV_TO_OCC
1717494654.7581835,"{'21001': '0,1717494653', '11002': '0,1717494654', '21002': '0,1717494652', '11001': '0,1717494653'}",1.1,14.6,DEV_TO_OCC
1717494654.759161,"{'21001': '0,1717494654', '11002': '0,1717494654', '21002': '0,1717494653', '11001': '0,1717494653'}",0.0,14.6,DEV_TO_OCC
1717494654.8208113,13,36.1,14.6,OCC_TO_CU
1717494654.8212476,14,0.0,14.6,OCC_TO_CU
1717494654.8215835,15,0.0,14.6,OCC_TO_CU
1717494654.8218772,16,0.0,14.6,OCC_TO_CU
1717494655.782322,"{'21001': '0,1717494654', '11002': '1,1717494655', '21002': '0,1717494653', '11001': '0,1717494654'}",1.3,14.6,DEV_TO_OCC
1717494655.7836823,"{'21001': '1,1717494655', '11002': '1,1717494655', '21002': '0,1717494654', '11001': '0,1717494654'}",0.0,14.6,DEV_TO_OCC
1717494656.9157994,"{'21001': '1,1717494655', '11002': '1,1717494656', '21002': '0,1717494654', '11001': '1,1717494655'}",1.2,14.6,DEV_TO_OCC
1717494656.9171832,"{'21001': '1,1717494656', '11002': '1,1717494656', '21002': '1,1717494655', '11001': '1,1717494655'}",50.0,14.6,DEV_TO_OCC
1717494657.8304179,"{'21001': '1,1717494656', '11002': '1,1717494657', '21002': '1,1717494655', '11001': '1,1717494656'}",1.3,14.6,DEV_TO_OCC
1717494657.8318913,"{'21001': '1,1717494657', '11002': '1,1717494657', '21002': '1,1717494656', '11001': '1,1717494656'}",0.0,14.6,DEV_TO_OCC
1717494658.751511,"{'21001': '1,1717494658', '11002': '1,1717494657', '21002': '1,1717494657', '11001': '1,1717494656'}",1.0,14.6,DEV_TO_OCC
1717494658.7528656,"{'21001': '1,1717494658', '11002': '1,1717494658', '21002': '1,1717494657', '11001': '1,1717494657'}",80.0,14.6,DEV_TO_OCC
1717494659.673084,"{'21001': '1,1717494659', '11002': '1,1717494658', '21002': '1,1717494658', '11001': '1,1717494657'}",1.2,14.6,DEV_TO_OCC
1717494659.7415183,"{'21001': '1,1717494659', '11002': '1,1717494659', '21002': '1,1717494658', '11001': '1,1717494658'}",10.8,14.6,DEV_TO_OCC
1717494660.9024103,"{'21001': '1,1717494659', '11002': '1,1717494660', '21002': '1,1717494658', '11001': '1,1717494659'}",0.9,14.6,DEV_TO_OCC
1717494660.9034421,"{'21001': '1,1717494660', '11002': '1,1717494660', '21002': '1,1717494659', '11001': '1,1717494659'}",0.0,14.6,DEV_TO_OCC
1717494661.668373,"{'21001': '1,1717494661', '11002': '1,1717494660', '21002': '1,1717494660', '11001': '1,1717494659'}",1.2,14.6,DEV_TO_OCC
1717494661.7274554,"{'21001': '1,1717494661', '11002': '1,1717494661', '21002': '1,1717494660', '11001': '1,1717494660'}",11.3,14.6,DEV_TO_OCC
1717494662.7454503,"{'21001': '1,1717494661', '11002': '1,1717494662', '21002': '1,1717494660', '11001': '1,1717494661'}",1.3,14.6,DEV_TO_OCC
1717494662.7465818,"{'21001': '1,1717494662', '11002': '1,1717494662', '21002': '1,1717494661', '11001': '1,1717494661'}",0.0,14.6,DEV_TO_OCC
1717494663.7768862,"{'21001': '1,1717494662', '11002': '1,1717494663', '21002': '1,1717494661', '11001': '1,1717494662'}",1.1,14.6,DEV_TO_OCC
1717494663.7783399,"{'21001': '1,1717494663', '11002': '1,1717494663', '21002': '1,1717494662', '11001': '1,1717494662'}",0.0,14.6,DEV_TO_OCC
1717494664.8331642,17,1.4,14.6,OCC_TO_CU
1717494664.8341968,18,0.0,14.6,OCC_TO_CU
1717494664.8353124,19,0.0,14.6,OCC_TO_CU
1717494664.8364134,20,0.0,14.6,OCC_TO_CU
1717494664.869295,"{'21001': '1,1717494664', '11002': '1,1717494663', '21002': '1,1717494663', '11001': '1,1717494662'}",27.9,14.6,DEV_TO_OCC
1717494664.8704355,"{'21001': '1,1717494664', '11002': '1,1717494664', '21002': '1,1717494663', '11001': '1,1717494663'}",0.0,14.6,DEV_TO_OCC
1717494665.8174706,"{'21001': '1,1717494664', '11002': '0,1717494665', '21002': '1,1717494663', '11001': '1,1717494664'}",3.5,14.6,DEV_TO_OCC
1717494665.8184834,"{'21001': '0,1717494665', '11002': '0,1717494665', '21002': '1,1717494664', '11001': '1,1717494664'}",0.0,14.6,DEV_TO_OCC
1717494666.7390482,"{'21001': '0,1717494665', '11002': '0,1717494666', '21002': '1,1717494664', '11001': '0,1717494665'}",1.6,14.6,DEV_TO_OCC
1717494666.7400153,"{'21001': '0,1717494666', '11002': '0,1717494666', '21002': '0,1717494665', '11001': '0,1717494665'}",0.0,14.6,DEV_TO_OCC
1717494667.9680579,"{'21001': '0,1717494666', '11002': '0,1717494667', '21002': '0,1717494665', '11001': '0,1717494666'}",1.4,14.6,DEV_TO_OCC
1717494667.9690802,"{'21001': '0,1717494667', '11002': '0,1717494667', '21002': '0,1717494666', '11001': '0,1717494666'}",50.0,14.6,DEV_TO_OCC
1717494668.8897717,"{'21001': '0,1717494667', '11002': '0,1717494668', '21002': '0,1717494666', '11001': '0,1717494667'}",1.2,14.6,DEV_TO_OCC
1717494668.8907845,"{'21001': '0,1717494668', '11002': '0,1717494668', '21002': '0,1717494667', '11001': '0,1717494667'}",0.0,14.6,DEV_TO_OCC
1717494669.811325,"{'21001': '0,1717494668', '11002': '0,1717494669', '21002': '0,1717494667', '11001': '0,1717494668'}",1.1,14.6,DEV_TO_OCC
1717494669.8124187,"{'21001': '0,1717494669', '11002': '0,1717494669', '21002': '0,1717494668', '11001': '0,1717494668'}",0.0,14.6,DEV_TO_OCC
1717494670.7330022,"{'21001': '0,1717494670', '11002': '0,1717494669', '21002': '0,1717494669', '11001': '0,1717494668'}",1.4,14.6,DEV_TO_OCC
1717494670.7342207,"{'21001': '0,1717494670', '11002': '0,1717494670', '21002': '0,1717494669', '11001': '0,1717494669'}",0.0,14.6,DEV_TO_OCC
1717494671.961204,"{'21001': '0,1717494671', '11002': '0,1717494670', '21002': '0,1717494670', '11001': '0,1717494669'}",1.0,14.6,DEV_TO_OCC
1717494671.962096,"{'21001': '0,1717494671', '11002': '0,1717494671', '21002': '0,1717494670', '11001': '0,1717494670'}",0.0,14.6,DEV_TO_OCC
1717494672.882998,"{'21001': '0,1717494672', '11002': '0,1717494671', '21002': '0,1717494671', '11001': '0,1717494670'}",1.4,14.6,DEV_TO_OCC
1717494672.8842194,"{'21001': '0,1717494672', '11002': '0,1717494672', '21002': '0,1717494671', '11001': '0,1717494671'}",0.0,14.6,DEV_TO_OCC
1717494673.8047595,"{'21001': '0,1717494672', '11002': '0,1717494673', '21002': '0,1717494671', '11001': '0,1717494672'}",1.4,14.6,DEV_TO_OCC
1717494673.8056622,"{'21001': '0,1717494673', '11002': '0,1717494673', '21002': '0,1717494672', '11001': '0,1717494672'}",0.0,14.6,DEV_TO_OCC
1717494674.7259438,"{'21001': '0,1717494674', '11002': '0,1717494673', '21002': '0,1717494673', '11001': '0,1717494672'}",1.0,14.6,DEV_TO_OCC
1717494674.7437024,"{'21001': '0,1717494674', '11002': '0,1717494674', '21002': '0,1717494673', '11001': '0,1717494673'}",23.8,14.6,DEV_TO_OCC
1717494674.8478708,21,4.1,14.6,OCC_TO_CU
1717494674.8491058,22,66.7,14.6,OCC_TO_CU
1717494674.8503478,23,0.0,14.6,OCC_TO_CU
1717494674.851493,24,0.0,14.6,OCC_TO_CU
1717494675.6736958,"{'21001': '1,1717494675', '11002': '0,1717494674', '21002': '0,1717494674', '11001': '0,1717494673'}",1.5,14.6,DEV_TO_OCC
1717494675.7551684,"{'21001': '1,1717494675', '11002': '1,1717494675', '21002': '0,1717494674', '11001': '0,1717494674'}",6.1,14.6,DEV_TO_OCC
1717494676.876932,"{'21001': '1,1717494675', '11002': '1,1717494676', '21002': '0,1717494674', '11001': '1,1717494675'}",1.2,14.6,DEV_TO_OCC
1717494676.8779962,"{'21001': '1,1717494676', '11002': '1,1717494676', '21002': '1,1717494675', '11001': '1,1717494675'}",0.0,14.6,DEV_TO_OCC
1717494677.8008707,"{'21001': '1,1717494676', '11002': '1,1717494677', '21002': '1,1717494675', '11001': '1,1717494676'}",1.0,14.6,DEV_TO_OCC
1717494677.8019402,"{'21001': '1,1717494677', '11002': '1,1717494677', '21002': '1,1717494676', '11001': '1,1717494676'}",0.0,14.6,DEV_TO_OCC
1717494679.0272832,"{'21001': '1,1717494678', '11002': '1,1717494677', '21002': '1,1717494677', '11001': '1,1717494676'}",5.5,14.6,DEV_TO_OCC
1717494679.028325,"{'21001': '1,1717494678', '11002': '1,1717494678', '21002': '1,1717494677', '11001': '1,1717494677'}",0.0,14.6,DEV_TO_OCC
1717494679.9058127,"{'21001': '1,1717494679', '11002': '1,1717494678', '21002': '1,1717494678', '11001': '1,1717494677'}",1.2,14.6,DEV_TO_OCC
1717494679.90685,"{'21001': '1,1717494679', '11002': '1,1717494679', '21002': '1,1717494678', '11001': '1,1717494678'}",0.0,14.6,DEV_TO_OCC
1717494680.8705716,"{'21001': '1,1717494680', '11002': '1,1717494679', '21002': '1,1717494679', '11001': '1,1717494678'}",1.3,14.6,DEV_TO_OCC
1717494680.871595,"{'21001': '1,1717494680', '11002': '1,1717494680', '21002': '1,1717494679', '11001': '1,1717494679'}",0.0,14.6,DEV_TO_OCC
1717494681.7939863,"{'21001': '1,1717494681', '11002': '1,1717494680', '21002': '1,1717494680', '11001': '1,1717494679'}",0.8,14.6,DEV_TO_OCC
1717494681.7949426,"{'21001': '1,1717494681', '11002': '1,1717494681', '21002': '1,1717494680', '11001': '1,1717494680'}",0.0,14.6,DEV_TO_OCC
1717494682.7155814,"{'21001': '1,1717494682', '11002': '1,1717494681', '21002': '1,1717494681', '11001': '1,1717494680'}",0.9,14.6,DEV_TO_OCC
1717494682.7364545,"{'21001': '1,1717494682', '11002': '1,1717494682', '21002': '1,1717494681', '11001': '1,1717494681'}",23.1,14.6,DEV_TO_OCC
1717494683.9426734,"{'21001': '1,1717494682', '11002': '1,1717494683', '21002': '1,1717494681', '11001': '1,1717494682'}",0.8,14.6,DEV_TO_OCC
1717494683.9436152,"{'21001': '1,1717494683', '11002': '1,1717494683', '21002': '1,1717494682', '11001': '1,1717494682'}",0.0,14.6,DEV_TO_OCC
1717494684.8631606,25,0.8,14.6,OCC_TO_CU
1717494684.8651197,"{'21001': '1,1717494683', '11002': '1,1717494684', '21002': '1,1717494682', '11001': '1,1717494683'}",80.0,14.6,DEV_TO_OCC
1717494684.8652754,26,80.0,14.6,OCC_TO_CU
1717494684.8682742,"{'21001': '1,1717494684', '11002': '1,1717494684', '21002': '1,1717494683', '11001': '1,1717494683'}",0.0,14.6,DEV_TO_OCC
1717494684.8684692,27,66.7,14.6,OCC_TO_CU
1717494684.8693786,28,0.0,14.6,OCC_TO_CU
1717494685.7856555,"{'21001': '1,1717494684', '11002': '0,1717494685', '21002': '1,1717494683', '11001': '1,1717494684'}",1.6,14.6,DEV_TO_OCC
1717494685.7866282,"{'21001': '0,1717494685', '11002': '0,1717494685', '21002': '1,1717494684', '11001': '1,1717494684'}",0.0,14.6,DEV_TO_OCC
1717494686.7069783,"{'21001': '0,1717494686', '11002': '0,1717494685', '21002': '0,1717494685', '11001': '1,1717494684'}",1.3,14.6,DEV_TO_OCC
1717494686.7377021,"{'21001': '0,1717494686', '11002': '0,1717494686', '21002': '0,1717494685', '11001': '0,1717494685'}",13.9,14.6,DEV_TO_OCC
1717494687.936888,"{'21001': '0,1717494687', '11002': '0,1717494686', '21002': '0,1717494686', '11001': '0,1717494685'}",0.9,14.6,DEV_TO_OCC
1717494687.937832,"{'21001': '0,1717494687', '11002': '0,1717494687', '21002': '0,1717494686', '11001': '0,1717494686'}",0.0,14.6,DEV_TO_OCC
1717494688.8579354,"{'21001': '0,1717494687', '11002': '0,1717494688', '21002': '0,1717494686', '11001': '0,1717494687'}",0.9,14.6,DEV_TO_OCC
1717494688.8598003,"{'21001': '0,1717494688', '11002': '0,1717494688', '21002': '0,1717494687', '11001': '0,1717494687'}",0.0,14.6,DEV_TO_OCC
1717494689.7794278,"{'21001': '0,1717494688', '11002': '0,1717494689', '21002': '0,1717494687', '11001': '0,1717494688'}",1.0,14.6,DEV_TO_OCC
1717494689.7805407,"{'21001': '0,1717494689', '11002': '0,1717494689', '21002': '0,1717494688', '11001': '0,1717494688'}",75.0,14.6,DEV_TO_OCC
1717494690.7003121,"{'21001': '0,1717494690', '11002': '0,1717494689', '21002': '0,1717494689', '11001': '0,1717494688'}",8.7,14.6,DEV_TO_OCC
1717494690.7417116,"{'21001': '0,1717494690', '11002': '0,1717494690', '21002': '0,1717494689', '11001': '0,1717494689'}",30.8,14.6,DEV_TO_OCC
1717494691.6781895,"{'21001': '0,1717494691', '11002': '0,1717494690', '21002': '0,1717494690', '11001': '0,1717494689'}",10.1,14.6,DEV_TO_OCC
1717494691.7391808,"{'21001': '0,1717494691', '11002': '0,1717494691', '21002': '0,1717494690', '11001': '0,1717494690'}",18.4,14.6,DEV_TO_OCC
1717494692.8509827,"{'21001': '0,1717494692', '11002': '0,1717494691', '21002': '0,1717494691', '11001': '0,1717494690'}",15.8,14.8,DEV_TO_OCC
1717494692.8518655,"{'21001': '0,1717494692', '11002': '0,1717494692', '21002': '0,1717494691', '11001': '0,1717494691'}",0.0,14.8,DEV_TO_OCC
1717494693.7726827,"{'21001': '0,1717494693', '11002': '0,1717494692', '21002': '0,1717494692', '11001': '0,1717494691'}",2.3,14.8,DEV_TO_OCC
1717494693.7736742,"{'21001': '0,1717494693', '11002': '0,1717494693', '21002': '0,1717494692', '11001': '0,1717494692'}",0.0,14.8,DEV_TO_OCC
1717494694.6945956,"{'21001': '0,1717494694', '11002': '0,1717494693', '21002': '0,1717494693', '11001': '0,1717494692'}",1.7,14.8,DEV_TO_OCC
1717494694.7471552,"{'21001': '0,1717494694', '11002': '0,1717494694', '21002': '0,1717494693', '11001': '0,1717494693'}",11.1,14.8,DEV_TO_OCC
1717494694.8770971,29,10.1,14.8,OCC_TO_CU
1717494694.8781557,30,0.0,14.8,OCC_TO_CU
1717494694.8790922,31,0.0,14.8,OCC_TO_CU
1717494694.8799376,32,0.0,14.8,OCC_TO_CU
1717494695.9236715,"{'21001': '0,1717494694', '11002': '1,1717494695', '21002': '0,1717494693', '11001': '0,1717494694'}",5.4,14.7,DEV_TO_OCC
1717494695.9245703,"{'21001': '1,1717494695', '11002': '1,1717494695', '21002': '0,1717494694', '11001': '0,1717494694'}",66.7,14.7,DEV_TO_OCC
1717494696.8449621,"{'21001': '1,1717494696', '11002': '1,1717494695', '21002': '1,1717494695', '11001': '0,1717494694'}",1.3,14.7,DEV_TO_OCC
1717494696.8458943,"{'21001': '1,1717494696', '11002': '1,1717494696', '21002': '1,1717494695', '11001': '1,1717494695'}",0.0,14.7,DEV_TO_OCC
1717494697.6830015,"{'21001': '1,1717494697', '11002': '1,1717494696', '21002': '1,1717494696', '11001': '1,1717494695'}",1.9,14.7,DEV_TO_OCC
1717494697.745533,"{'21001': '1,1717494697', '11002': '1,1717494697', '21002': '1,1717494696', '11001': '1,1717494696'}",6.8,14.7,DEV_TO_OCC
1717494698.9953938,"{'21001': '1,1717494697', '11002': '1,1717494698', '21002': '1,1717494696', '11001': '1,1717494697'}",7.4,14.7,DEV_TO_OCC
1717494698.9962249,"{'21001': '1,1717494698', '11002': '1,1717494698', '21002': '1,1717494697', '11001': '1,1717494697'}",0.0,14.7,DEV_TO_OCC
1717494699.7132676,"{'21001': '1,1717494699', '11002': '1,1717494698', '21002': '1,1717494698', '11001': '1,1717494697'}",3.6,14.7,DEV_TO_OCC
1717494699.7411308,"{'21001': '1,1717494699', '11002': '1,1717494699', '21002': '1,1717494698', '11001': '1,1717494698'}",20.0,14.6,DEV_TO_OCC
1717494700.8384743,"{'21001': '1,1717494699', '11002': '1,1717494700', '21002': '1,1717494698', '11001': '1,1717494699'}",5.5,14.6,DEV_TO_OCC
1717494700.8393083,"{'21001': '1,1717494700', '11002': '1,1717494700', '21002': '1,1717494699', '11001': '1,1717494699'}",0.0,14.6,DEV_TO_OCC
1717494701.7075868,"{'21001': '1,1717494701', '11002': '1,1717494700', '21002': '1,1717494700', '11001': '1,1717494699'}",3.7,14.6,DEV_TO_OCC
1717494701.7442968,"{'21001': '1,1717494701', '11002': '1,1717494701', '21002': '1,1717494700', '11001': '1,1717494700'}",20.5,14.6,DEV_TO_OCC
1717494702.989084,"{'21001': '1,1717494702', '11002': '1,1717494701', '21002': '1,1717494701', '11001': '1,1717494700'}",4.8,14.6,DEV_TO_OCC
1717494702.9899957,"{'21001': '1,1717494702', '11002': '1,1717494702', '21002': '1,1717494701', '11001': '1,1717494701'}",0.0,14.6,DEV_TO_OCC
1717494703.9106677,"{'21001': '1,1717494702', '11002': '1,1717494703', '21002': '1,1717494701', '11001': '1,1717494702'}",8.3,14.6,DEV_TO_OCC
1717494703.911785,"{'21001': '1,1717494703', '11002': '1,1717494703', '21002': '1,1717494702', '11001': '1,1717494702'}",0.0,14.6,DEV_TO_OCC
1717494704.8316276,"{'21001': '1,1717494703', '11002': '1,1717494704', '21002': '1,1717494702', '11001': '1,1717494703'}",8.6,14.7,DEV_TO_OCC
1717494704.832199,"{'21001': '1,1717494704', '11002': '1,1717494704', '21002': '1,1717494703', '11001': '1,1717494703'}",0.0,14.7,DEV_TO_OCC
1717494704.8890278,33,11.1,14.7,OCC_TO_CU
1717494704.8901222,34,0.0,14.7,OCC_TO_CU
1717494704.8910892,35,0.0,14.7,OCC_TO_CU
1717494704.8920748,36,0.0,14.7,OCC_TO_CU
1717494705.7550833,"{'21001': '0,1717494705', '11002': '1,1717494704', '21002': '1,1717494704', '11001': '1,1717494703'}",10.3,14.7,DEV_TO_OCC
1717494705.765435,"{'21001': '0,1717494705', '11002': '0,1717494705', '21002': '1,1717494704', '11001': '1,1717494704'}",35.7,14.7,DEV_TO_OCC
1717494706.98321,"{'21001': '0,1717494705', '11002': '0,1717494706', '21002': '1,1717494704', '11001': '0,1717494705'}",1.4,14.7,DEV_TO_OCC
1717494706.9842534,"{'21001': '0,1717494706', '11002': '0,1717494706', '21002': '0,1717494705', '11001': '0,1717494705'}",0.0,14.7,DEV_TO_OCC
1717494707.688213,"{'21001': '0,1717494707', '11002': '0,1717494706', '21002': '0,1717494706', '11001': '0,1717494705'}",3.8,14.7,DEV_TO_OCC
1717494707.7441494,"{'21001': '0,1717494707', '11002': '0,1717494707', '21002': '0,1717494706', '11001': '0,1717494706'}",13.8,14.7,DEV_TO_OCC
1717494708.8484833,"{'21001': '0,1717494708', '11002': '0,1717494707', '21002': '0,1717494707', '11001': '0,1717494706'}",5.3,14.7,DEV_TO_OCC
1717494708.8496637,"{'21001': '0,1717494708', '11002': '0,1717494708', '21002': '0,1717494707', '11001': '0,1717494707'}",0.0,14.7,DEV_TO_OCC
1717494709.7473464,"{'21001': '0,1717494708', '11002': '0,1717494709', '21002': '0,1717494707', '11001': '0,1717494708'}",5.3,14.7,DEV_TO_OCC
1717494709.748216,"{'21001': '0,1717494709', '11002': '0,1717494709', '21002': '0,1717494708', '11001': '0,1717494708'}",0.0,14.7,DEV_TO_OCC
1717494710.9761689,"{'21001': '0,1717494709', '11002': '0,1717494710', '21002': '0,1717494708', '11001': '0,1717494709'}",4.2,14.7,DEV_TO_OCC
1717494710.977244,"{'21001': '0,1717494710', '11002': '0,1717494710', '21002': '0,1717494709', '11001': '0,1717494709'}",100.0,14.7,DEV_TO_OCC
1717494711.8978639,"{'21001': '0,1717494710', '11002': '0,1717494711', '21002': '0,1717494709', '11001': '0,1717494710'}",9.3,14.7,DEV_TO_OCC
1717494711.8987038,"{'21001': '0,1717494711', '11002': '0,1717494711', '21002': '0,1717494710', '11001': '0,1717494710'}",0.0,14.7,DEV_TO_OCC
1717494712.8193398,"{'21001': '0,1717494711', '11002': '0,1717494712', '21002': '0,1717494710', '11001': '0,1717494711'}",2.1,14.7,DEV_TO_OCC
1717494712.8202991,"{'21001': '0,1717494712', '11002': '0,1717494712', '21002': '0,1717494711', '11001': '0,1717494711'}",0.0,14.7,DEV_TO_OCC
1717494713.7408597,"{'21001': '0,1717494713', '11002': '0,1717494712', '21002': '0,1717494712', '11001': '0,1717494711'}",5.1,14.7,DEV_TO_OCC
1717494713.7470036,"{'21001': '0,1717494713', '11002': '0,1717494713', '21002': '0,1717494712', '11001': '0,1717494712'}",0.0,14.7,DEV_TO_OCC
1717494714.9010358,37,7.8,14.7,OCC_TO_CU
1717494714.901862,38,0.0,14.7,OCC_TO_CU
1717494714.9027236,39,0.0,14.7,OCC_TO_CU
1717494714.903615,40,0.0,14.7,OCC_TO_CU
1717494714.924653,"{'21001': '0,1717494714', '11002': '0,1717494713', '21002': '0,1717494713', '11001': '0,1717494712'}",50.0,14.7,DEV_TO_OCC
1717494714.9261067,"{'21001': '0,1717494714', '11002': '0,1717494714', '21002': '0,1717494713', '11001': '0,1717494713'}",0.0,14.7,DEV_TO_OCC
1717494715.8965397,"{'21001': '1,1717494715', '11002': '0,1717494714', '21002': '0,1717494714', '11001': '0,1717494713'}",2.7,14.6,DEV_TO_OCC
1717494715.8975365,"{'21001': '1,1717494715', '11002': '1,1717494715', '21002': '0,1717494714', '11001': '0,1717494714'}",0.0,14.6,DEV_TO_OCC
1717494716.813076,"{'21001': '1,1717494716', '11002': '1,1717494715', '21002': '1,1717494715', '11001': '0,1717494714'}",1.9,14.6,DEV_TO_OCC
1717494716.8140674,"{'21001': '1,1717494716', '11002': '1,1717494716', '21002': '1,1717494715', '11001': '1,1717494715'}",0.0,14.6,DEV_TO_OCC
1717494717.7344077,"{'21001': '1,1717494717', '11002': '1,1717494716', '21002': '1,1717494716', '11001': '1,1717494715'}",1.1,14.6,DEV_TO_OCC
1717494717.7488244,"{'21001': '1,1717494717', '11002': '1,1717494717', '21002': '1,1717494716', '11001': '1,1717494716'}",29.4,14.6,DEV_TO_OCC
1717494718.6962347,"{'21001': '1,1717494718', '11002': '1,1717494717', '21002': '1,1717494717', '11001': '1,1717494716'}",6.4,14.6,DEV_TO_OCC
1717494718.7494373,"{'21001': '1,1717494718', '11002': '1,1717494718', '21002': '1,1717494717', '11001': '1,1717494717'}",10.9,14.6,DEV_TO_OCC
1717494719.885195,"{'21001': '1,1717494719', '11002': '1,1717494718', '21002': '1,1717494718', '11001': '1,1717494717'}",1.2,14.6,DEV_TO_OCC
1717494719.88617,"{'21001': '1,1717494719', '11002': '1,1717494719', '21002': '1,1717494718', '11001': '1,1717494718'}",0.0,14.6,DEV_TO_OCC
1717494720.8069708,"{'21001': '1,1717494720', '11002': '1,1717494719', '21002': '1,1717494719', '11001': '1,1717494718'}",1.4,14.6,DEV_TO_OCC
1717494720.8079417,"{'21001': '1,1717494720', '11002': '1,1717494720', '21002': '1,1717494719', '11001': '1,1717494719'}",0.0,14.6,DEV_TO_OCC
1717494721.7278867,"{'21001': '1,1717494721', '11002': '1,1717494720', '21002': '1,1717494720', '11001': '1,1717494719'}",1.4,14.6,DEV_TO_OCC
1717494721.7480886,"{'21001': '1,1717494721', '11002': '1,1717494721', '21002': '1,1717494720', '11001': '1,1717494720'}",18.2,14.6,DEV_TO_OCC
1717494722.7530072,"{'21001': '1,1717494722', '11002': '1,1717494721', '21002': '1,1717494721', '11001': '1,1717494720'}",3.1,14.6,DEV_TO_OCC
1717494722.7541752,"{'21001': '1,1717494722', '11002': '1,1717494722', '21002': '1,1717494721', '11001': '1,1717494721'}",0.0,14.6,DEV_TO_OCC
1717494723.6919699,"{'21001': '1,1717494723', '11002': '1,1717494722', '21002': '1,1717494722', '11001': '1,1717494721'}",6.2,14.7,DEV_TO_OCC
1717494723.75303,"{'21001': '1,1717494723', '11002': '1,1717494723', '21002': '1,1717494722', '11001': '1,1717494722'}",9.5,14.7,DEV_TO_OCC
1717494724.8008587,"{'21001': '1,1717494723', '11002': '1,1717494724', '21002': '1,1717494722', '11001': '1,1717494723'}",5.2,14.7,DEV_TO_OCC
1717494724.801241,"{'21001': '1,1717494724', '11002': '1,1717494724', '21002': '1,1717494723', '11001': '1,1717494723'}",0.0,14.7,DEV_TO_OCC
1717494724.912835,41,5.9,14.7,OCC_TO_CU
1717494724.9135427,42,0.0,14.7,OCC_TO_CU
1717494724.9142656,43,0.0,14.7,OCC_TO_CU
1717494724.914961,44,0.0,14.7,OCC_TO_CU
1717494725.72211,"{'21001': '0,1717494725', '11002': '1,1717494724', '21002': '1,1717494724', '11001': '1,1717494723'}",5.7,14.7,DEV_TO_OCC
1717494725.7635,"{'21001': '0,1717494725', '11002': '0,1717494725', '21002': '1,1717494724', '11001': '1,1717494724'}",14.3,14.7,DEV_TO_OCC
1717494726.9564033,"{'21001': '0,1717494726', '11002': '0,1717494725', '21002': '0,1717494725', '11001': '1,1717494724'}",1.6,14.7,DEV_TO_OCC
1717494726.9581394,"{'21001': '0,1717494726', '11002': '0,1717494726', '21002': '0,1717494725', '11001': '0,1717494725'}",66.7,14.7,DEV_TO_OCC
1717494727.6936538,"{'21001': '0,1717494727', '11002': '0,1717494726', '21002': '0,1717494726', '11001': '0,1717494725'}",5.1,14.6,DEV_TO_OCC
1717494727.7505736,"{'21001': '0,1717494727', '11002': '0,1717494727', '21002': '0,1717494726', '11001': '0,1717494726'}",7.4,14.6,DEV_TO_OCC
1717494728.8173897,"{'21001': '0,1717494727', '11002': '0,1717494728', '21002': '0,1717494726', '11001': '0,1717494727'}",9.0,14.7,DEV_TO_OCC
1717494728.8186188,"{'21001': '0,1717494728', '11002': '0,1717494728', '21002': '0,1717494727', '11001': '0,1717494727'}",0.0,14.7,DEV_TO_OCC
1717494729.7155628,"{'21001': '0,1717494729', '11002': '0,1717494728', '21002': '0,1717494728', '11001': '0,1717494727'}",16.3,14.6,DEV_TO_OCC
1717494729.7514277,"{'21001': '0,1717494729', '11002': '0,1717494729', '21002': '0,1717494728', '11001': '0,1717494728'}",13.6,14.6,DEV_TO_OCC
1717494730.9446497,"{'21001': '0,1717494730', '11002': '0,1717494729', '21002': '0,1717494729', '11001': '0,1717494728'}",1.5,14.6,DEV_TO_OCC
1717494730.9456842,"{'21001': '0,1717494730', '11002': '0,1717494730', '21002': '0,1717494729', '11001': '0,1717494729'}",0.0,14.6,DEV_TO_OCC
1717494731.866241,"{'21001': '0,1717494730', '11002': '0,1717494731', '21002': '0,1717494729', '11001': '0,1717494730'}",1.4,14.6,DEV_TO_OCC
1717494731.8672178,"{'21001': '0,1717494731', '11002': '0,1717494731', '21002': '0,1717494730', '11001': '0,1717494730'}",0.0,14.6,DEV_TO_OCC
1717494732.787578,"{'21001': '0,1717494732', '11002': '0,1717494731', '21002': '0,1717494731', '11001': '0,1717494730'}",1.7,14.6,DEV_TO_OCC
1717494732.788586,"{'21001': '0,1717494732', '11002': '0,1717494732', '21002': '0,1717494731', '11001': '0,1717494731'}",75.0,14.6,DEV_TO_OCC
1717494734.0162375,"{'21001': '0,1717494733', '11002': '0,1717494732', '21002': '0,1717494732', '11001': '0,1717494731'}",1.1,14.6,DEV_TO_OCC
1717494734.0172596,"{'21001': '0,1717494733', '11002': '0,1717494733', '21002': '0,1717494732', '11001': '0,1717494732'}",0.0,14.6,DEV_TO_OCC
1717494734.9207368,45,1.5,14.6,OCC_TO_CU
1717494734.9223416,46,0.0,14.6,OCC_TO_CU
1717494734.9234588,47,0.0,14.6,OCC_TO_CU
1717494734.924633,48,100.0,14.6,OCC_TO_CU
1717494734.937416,"{'21001': '0,1717494734', '11002': '0,1717494733', '21002': '0,1717494733', '11001': '0,1717494732'}",33.3,14.6,DEV_TO_OCC
1717494734.9393713,"{'21001': '0,1717494734', '11002': '0,1717494734', '21002': '0,1717494733', '11001': '0,1717494733'}",0.0,14.6,DEV_TO_OCC
1717494735.8594441,"{'21001': '1,1717494735', '11002': '0,1717494734', '21002': '0,1717494734', '11001': '0,1717494733'}",1.8,14.6,DEV_TO_OCC
1717494735.8607402,"{'21001': '1,1717494735', '11002': '1,1717494735', '21002': '0,1717494734', '11001': '0,1717494734'}",75.0,14.6,DEV_TO_OCC
1717494736.883118,"{'21001': '1,1717494736', '11002': '1,1717494735', '21002': '1,1717494735', '11001': '0,1717494734'}",5.7,14.7,DEV_TO_OCC
1717494736.8834326,"{'21001': '1,1717494736', '11002': '1,1717494736', '21002': '1,1717494735', '11001': '1,1717494735'}",0.0,14.7,DEV_TO_OCC
1717494738.0100758,"{'21001': '1,1717494737', '11002': '1,1717494736', '21002': '1,1717494736', '11001': '1,1717494735'}",2.6,14.7,DEV_TO_OCC
1717494738.0110712,"{'21001': '1,1717494737', '11002': '1,1717494737', '21002': '1,1717494736', '11001': '1,1717494736'}",0.0,14.7,DEV_TO_OCC
1717494738.7023551,"{'21001': '1,1717494738', '11002': '1,1717494737', '21002': '1,1717494737', '11001': '1,1717494736'}",2.7,14.7,DEV_TO_OCC
1717494738.7524657,"{'21001': '1,1717494738', '11002': '1,1717494738', '21002': '1,1717494737', '11001': '1,1717494737'}",6.9,14.7,DEV_TO_OCC
1717494739.6977682,"{'21001': '1,1717494739', '11002': '1,1717494738', '21002': '1,1717494738', '11001': '1,1717494737'}",1.8,14.7,DEV_TO_OCC
1717494739.755997,"{'21001': '1,1717494739', '11002': '1,1717494739', '21002': '1,1717494738', '11001': '1,1717494738'}",8.6,14.7,DEV_TO_OCC
1717494740.7747276,"{'21001': '1,1717494740', '11002': '1,1717494739', '21002': '1,1717494739', '11001': '1,1717494738'}",1.6,14.7,DEV_TO_OCC
1717494740.7756715,"{'21001': '1,1717494740', '11002': '1,1717494740', '21002': '1,1717494739', '11001': '1,1717494739'}",0.0,14.7,DEV_TO_OCC
1717494742.0038917,"{'21001': '1,1717494741', '11002': '1,1717494740', '21002': '1,1717494740', '11001': '1,1717494739'}",1.5,14.7,DEV_TO_OCC
1717494742.0049691,"{'21001': '1,1717494741', '11002': '1,1717494741', '21002': '1,1717494740', '11001': '1,1717494740'}",66.7,14.7,DEV_TO_OCC
1717494742.9254918,"{'21001': '1,1717494742', '11002': '1,1717494741', '21002': '1,1717494741', '11001': '1,1717494740'}",1.5,14.7,DEV_TO_OCC
1717494742.9264367,"{'21001': '1,1717494742', '11002': '1,1717494742', '21002': '1,1717494741', '11001': '1,1717494741'}",0.0,14.7,DEV_TO_OCC
1717494743.8472965,"{'21001': '1,1717494743', '11002': '1,1717494742', '21002': '1,1717494742', '11001': '1,1717494741'}",1.7,14.7,DEV_TO_OCC
1717494743.8482893,"{'21001': '1,1717494743', '11002': '1,1717494743', '21002': '1,1717494742', '11001': '1,1717494742'}",0.0,14.7,DEV_TO_OCC
1717494744.768801,"{'21001': '1,1717494744', '11002': '1,1717494743', '21002': '1,1717494743', '11001': '1,1717494742'}",1.6,14.7,DEV_TO_OCC
1717494744.7698078,"{'21001': '1,1717494744', '11002': '1,1717494744', '21002': '1,1717494743', '11001': '1,1717494743'}",0.0,14.7,DEV_TO_OCC
1717494744.9333491,49,19.3,14.6,OCC_TO_CU
1717494744.9343379,50,0.0,14.6,OCC_TO_CU
1717494744.9352417,51,0.0,14.6,OCC_TO_CU
1717494744.9362013,52,0.0,14.6,OCC_TO_CU
1717494745.997677,"{'21001': '0,1717494745', '11002': '1,1717494744', '21002': '1,1717494744', '11001': '1,1717494743'}",2.2,14.6,DEV_TO_OCC
1717494745.9987864,"{'21001': '0,1717494745', '11002': '0,1717494745', '21002': '1,1717494744', '11001': '1,1717494744'}",0.0,14.6,DEV_TO_OCC
1717494746.7281523,"{'21001': '0,1717494746', '11002': '0,1717494745', '21002': '0,1717494745', '11001': '1,1717494744'}",1.8,14.6,DEV_TO_OCC
1717494746.754095,"{'21001': '0,1717494746', '11002': '0,1717494746', '21002': '0,1717494745', '11001': '0,1717494745'}",18.8,14.6,DEV_TO_OCC
1717494747.728006,"{'21001': '0,1717494747', '11002': '0,1717494746', '21002': '0,1717494746', '11001': '0,1717494745'}",1.4,14.6,DEV_TO_OCC
1717494747.7574453,"{'21001': '0,1717494747', '11002': '0,1717494747', '21002': '0,1717494746', '11001': '0,1717494746'}",22.2,14.6,DEV_TO_OCC
1717494748.7350593,"{'21001': '0,1717494748', '11002': '0,1717494747', '21002': '0,1717494747', '11001': '0,1717494746'}",1.2,14.6,DEV_TO_OCC
1717494748.7577748,"{'21001': '0,1717494748', '11002': '0,1717494748', '21002': '0,1717494747', '11001': '0,1717494747'}",25.0,14.6,DEV_TO_OCC
1717494749.7323074,"{'21001': '0,1717494749', '11002': '0,1717494748', '21002': '0,1717494748', '11001': '0,1717494747'}",1.3,14.6,DEV_TO_OCC
1717494749.758403,"{'21001': '0,1717494749', '11002': '0,1717494749', '21002': '0,1717494748', '11001': '0,1717494748'}",20.0,14.6,DEV_TO_OCC
1717494750.9129531,"{'21001': '0,1717494750', '11002': '0,1717494749', '21002': '0,1717494749', '11001': '0,1717494748'}",1.2,14.6,DEV_TO_OCC
1717494750.9143248,"{'21001': '0,1717494750', '11002': '0,1717494750', '21002': '0,1717494749', '11001': '0,1717494749'}",0.0,14.6,DEV_TO_OCC
1717494751.708636,"{'21001': '0,1717494751', '11002': '0,1717494750', '21002': '0,1717494750', '11001': '0,1717494749'}",1.7,14.6,DEV_TO_OCC
1717494751.7572029,"{'21001': '0,1717494751', '11002': '0,1717494751', '21002': '0,1717494750', '11001': '0,1717494750'}",10.2,14.6,DEV_TO_OCC
1717494752.7579587,"{'21001': '0,1717494752', '11002': '0,1717494751', '21002': '0,1717494751', '11001': '0,1717494750'}",1.3,14.7,DEV_TO_OCC
1717494752.7623062,"{'21001': '0,1717494752', '11002': '0,1717494752', '21002': '0,1717494751', '11001': '0,1717494751'}",20.0,14.7,DEV_TO_OCC
1717494753.887427,"{'21001': '0,1717494753', '11002': '0,1717494752', '21002': '0,1717494752', '11001': '0,1717494751'}",1.8,14.7,DEV_TO_OCC
1717494753.8882928,"{'21001': '0,1717494753', '11002': '0,1717494753', '21002': '0,1717494752', '11001': '0,1717494752'}",0.0,14.7,DEV_TO_OCC
1717494754.905955,"{'21001': '0,1717494754', '11002': '0,1717494753', '21002': '0,1717494753', '11001': '0,1717494752'}",7.0,14.7,DEV_TO_OCC
1717494754.9069438,"{'21001': '0,1717494754', '11002': '0,1717494754', '21002': '0,1717494753', '11001': '0,1717494753'}",0.0,14.7,DEV_TO_OCC
1717494754.9449897,53,11.1,14.7,OCC_TO_CU
1717494754.9453855,54,0.0,14.7,OCC_TO_CU
1717494754.9457397,55,0.0,14.7,OCC_TO_CU
1717494754.946108,56,0.0,14.7,OCC_TO_CU
1717494755.7033424,"{'21001': '1,1717494755', '11002': '0,1717494754', '21002': '0,1717494754', '11001': '0,1717494753'}",2.8,14.7,DEV_TO_OCC
1717494755.8319676,"{'21001': '1,1717494755', '11002': '1,1717494755', '21002': '0,1717494754', '11001': '0,1717494754'}",6.5,14.7,DEV_TO_OCC
1717494756.7491775,"{'21001': '1,1717494756', '11002': '1,1717494755', '21002': '1,1717494755', '11001': '0,1717494754'}",1.4,14.6,DEV_TO_OCC
1717494756.7592018,"{'21001': '1,1717494756', '11002': '1,1717494756', '21002': '1,1717494755', '11001': '1,1717494755'}",25.0,14.6,DEV_TO_OCC
1717494757.9778187,"{'21001': '1,1717494757', '11002': '1,1717494756', '21002': '1,1717494756', '11001': '1,1717494755'}",5.4,14.7,DEV_TO_OCC
1717494757.979098,"{'21001': '1,1717494757', '11002': '1,1717494757', '21002': '1,1717494756', '11001': '1,1717494756'}",0.0,14.7,DEV_TO_OCC
1717494758.9008222,"{'21001': '1,1717494758', '11002': '1,1717494757', '21002': '1,1717494757', '11001': '1,1717494756'}",5.6,14.7,DEV_TO_OCC
1717494758.901972,"{'21001': '1,1717494758', '11002': '1,1717494758', '21002': '1,1717494757', '11001': '1,1717494757'}",0.0,14.7,DEV_TO_OCC
1717494759.8589914,"{'21001': '1,1717494759', '11002': '1,1717494758', '21002': '1,1717494758', '11001': '1,1717494757'}",1.7,14.7,DEV_TO_OCC
1717494759.8600945,"{'21001': '1,1717494759', '11002': '1,1717494759', '21002': '1,1717494758', '11001': '1,1717494758'}",0.0,14.7,DEV_TO_OCC
1717494760.7425227,"{'21001': '1,1717494760', '11002': '1,1717494759', '21002': '1,1717494759', '11001': '1,1717494758'}",1.4,14.7,DEV_TO_OCC
1717494760.759618,"{'21001': '1,1717494760', '11002': '1,1717494760', '21002': '1,1717494759', '11001': '1,1717494759'}",20.0,14.7,DEV_TO_OCC
1717494761.9719143,"{'21001': '1,1717494761', '11002': '1,1717494760', '21002': '1,1717494760', '11001': '1,1717494759'}",1.7,14.7,DEV_TO_OCC
1717494761.9729853,"{'21001': '1,1717494761', '11002': '1,1717494761', '21002': '1,1717494760', '11001': '1,1717494760'}",50.0,14.7,DEV_TO_OCC
1717494762.83172,"{'21001': '1,1717494762', '11002': '1,1717494761', '21002': '1,1717494761', '11001': '1,1717494760'}",1.5,14.7,DEV_TO_OCC
1717494762.8329086,"{'21001': '1,1717494762', '11002': '1,1717494762', '21002': '1,1717494761', '11001': '1,1717494761'}",80.0,14.7,DEV_TO_OCC
1717494763.81505,"{'21001': '1,1717494763', '11002': '1,1717494762', '21002': '1,1717494762', '11001': '1,1717494761'}",1.4,14.7,DEV_TO_OCC
1717494763.8161216,"{'21001': '1,1717494763', '11002': '1,1717494763', '21002': '1,1717494762', '11001': '1,1717494762'}",0.0,14.7,DEV_TO_OCC
1717494764.9573667,57,1.3,14.7,OCC_TO_CU
1717494764.9590237,58,0.0,14.7,OCC_TO_CU
1717494764.9602394,59,0.0,14.7,OCC_TO_CU
1717494764.9614022,60,66.7,14.7,OCC_TO_CU
1717494765.0015755,"{'21001': '1,1717494764', '11002': '1,1717494763', '21002': '1,1717494763', '11001': '1,1717494762'}",21.7,14.7,DEV_TO_OCC
1717494765.0152922,"{'21001': '1,1717494764', '11002': '1,1717494764', '21002': '1,1717494763', '11001': '1,1717494763'}",17.6,14.7,DEV_TO_OCC
1717494765.9663742,"{'21001': '1,1717494765', '11002': '1,1717494764', '21002': '1,1717494764', '11001': '1,1717494763'}",3.2,14.7,DEV_TO_OCC
1717494765.9680007,"{'21001': '1,1717494765', '11002': '1,1717494765', '21002': '1,1717494764', '11001': '1,1717494764'}",0.0,14.7,DEV_TO_OCC
1717494766.8888643,"{'21001': '0,1717494766', '11002': '1,1717494765', '21002': '0,1717494765', '11001': '1,1717494764'}",4.0,14.7,DEV_TO_OCC
1717494766.8905542,"{'21001': '0,1717494766', '11002': '0,1717494766', '21002': '0,1717494765', '11001': '0,1717494765'}",0.0,14.7,DEV_TO_OCC
1717494767.8084362,"{'21001': '0,1717494767', '11002': '0,1717494766', '21002': '0,1717494766', '11001': '0,1717494765'}",4.1,14.7,DEV_TO_OCC
1717494767.8093693,"{'21001': '0,1717494767', '11002': '0,1717494767', '21002': '0,1717494766', '11001': '0,1717494766'}",100.0,14.7,DEV_TO_OCC
1717494768.7535298,"{'21001': '0,1717494768', '11002': '0,1717494767', '21002': '0,1717494767', '11001': '0,1717494766'}",1.2,14.7,DEV_TO_OCC
1717494768.7618217,"{'21001': '0,1717494768', '11002': '0,1717494768', '21002': '0,1717494767', '11001': '0,1717494767'}",25.0,14.7,DEV_TO_OCC
1717494769.9590073,"{'21001': '0,1717494769', '11002': '0,1717494768', '21002': '0,1717494768', '11001': '0,1717494767'}",1.4,14.7,DEV_TO_OCC
1717494769.9599555,"{'21001': '0,1717494769', '11002': '0,1717494769', '21002': '0,1717494768', '11001': '0,1717494768'}",0.0,14.7,DEV_TO_OCC
1717494770.8805802,"{'21001': '0,1717494770', '11002': '0,1717494769', '21002': '0,1717494769', '11001': '0,1717494768'}",1.9,14.7,DEV_TO_OCC
1717494770.881606,"{'21001': '0,1717494770', '11002': '0,1717494770', '21002': '0,1717494769', '11001': '0,1717494769'}",0.0,14.7,DEV_TO_OCC
1717494771.8019915,"{'21001': '0,1717494771', '11002': '0,1717494770', '21002': '0,1717494770', '11001': '0,1717494769'}",2.0,14.7,DEV_TO_OCC
1717494771.803343,"{'21001': '0,1717494771', '11002': '0,1717494771', '21002': '0,1717494770', '11001': '0,1717494770'}",0.0,14.7,DEV_TO_OCC
1717494773.1340172,"{'21001': '0,1717494772', '11002': '0,1717494771', '21002': '0,1717494771', '11001': '0,1717494770'}",0.9,14.7,DEV_TO_OCC
1717494773.134871,"{'21001': '0,1717494772', '11002': '0,1717494772', '21002': '0,1717494771', '11001': '0,1717494771'}",0.0,14.7,DEV_TO_OCC
1717494773.9540927,"{'21001': '0,1717494773', '11002': '0,1717494772', '21002': '0,1717494772', '11001': '0,1717494771'}",1.3,14.7,DEV_TO_OCC
1717494773.955025,"{'21001': '0,1717494773', '11002': '0,1717494773', '21002': '0,1717494772', '11001': '0,1717494772'}",0.0,14.7,DEV_TO_OCC
1717494774.7102177,"{'21001': '0,1717494774', '11002': '0,1717494773', '21002': '0,1717494773', '11001': '0,1717494772'}",1.7,14.7,DEV_TO_OCC
1717494774.7652874,"{'21001': '0,1717494774', '11002': '0,1717494774', '21002': '0,1717494773', '11001': '0,1717494773'}",10.8,14.7,DEV_TO_OCC
1717494774.969363,61,5.7,14.7,OCC_TO_CU
1717494774.9705164,62,0.0,14.7,OCC_TO_CU
1717494774.9715118,63,0.0,14.7,OCC_TO_CU
1717494774.9724433,64,0.0,14.7,OCC_TO_CU
1717494775.822236,"{'21001': '1,1717494775', '11002': '0,1717494774', '21002': '0,1717494774', '11001': '0,1717494773'}",7.8,14.6,DEV_TO_OCC
1717494776.0168703,"{'21001': '1,1717494775', '11002': '0,1717494774', '21002': '0,1717494774', '11001': '0,1717494774'}",4.3,14.6,DEV_TO_OCC
1717494777.0247128,"{'21001': '1,1717494776', '11002': '0,1717494774', '21002': '1,1717494775', '11001': '0,1717494774'}",1.8,14.6,DEV_TO_OCC
1717494777.9479365,"{'21001': '1,1717494777', '11002': '0,1717494774', '21002': '1,1717494776', '11001': '0,1717494774'}",1.4,14.6,DEV_TO_OCC
1717494777.949076,"{'21001': '1,1717494777', '11002': '1,1717494777', '21002': '1,1717494776', '11001': '1,1717494776'}",0.0,14.6,DEV_TO_OCC
1717494778.8677197,"{'21001': '1,1717494778', '11002': '1,1717494777', '21002': '1,1717494777', '11001': '1,1717494776'}",1.8,14.6,DEV_TO_OCC
1717494778.897234,"{'21001': '1,1717494778', '11002': '1,1717494778', '21002': '1,1717494777', '11001': '1,1717494777'}",14.3,14.6,DEV_TO_OCC
1717494779.7896514,"{'21001': '1,1717494779', '11002': '1,1717494778', '21002': '1,1717494778', '11001': '1,1717494777'}",1.1,14.6,DEV_TO_OCC
1717494779.819821,"{'21001': '1,1717494779', '11002': '1,1717494779', '21002': '1,1717494778', '11001': '1,1717494778'}",19.4,14.6,DEV_TO_OCC
1717494781.0180213,"{'21001': '1,1717494779', '11002': '1,1717494780', '21002': '1,1717494778', '11001': '1,1717494779'}",1.5,14.6,DEV_TO_OCC
1717494781.019576,"{'21001': '1,1717494780', '11002': '1,1717494780', '21002': '1,1717494779', '11001': '1,1717494779'}",0.0,14.6,DEV_TO_OCC
1717494781.940143,"{'21001': '1,1717494781', '11002': '1,1717494780', '21002': '1,1717494780', '11001': '1,1717494779'}",1.5,14.6,DEV_TO_OCC
1717494781.9411523,"{'21001': '1,1717494781', '11002': '1,1717494781', '21002': '1,1717494780', '11001': '1,1717494780'}",50.0,14.6,DEV_TO_OCC
1717494782.7589097,"{'21001': '1,1717494782', '11002': '1,1717494781', '21002': '1,1717494781', '11001': '1,1717494780'}",1.7,14.6,DEV_TO_OCC
1717494782.8360455,"{'21001': '1,1717494782', '11002': '1,1717494782', '21002': '1,1717494781', '11001': '1,1717494781'}",5.5,14.6,DEV_TO_OCC
1717494783.7827828,"{'21001': '1,1717494783', '11002': '1,1717494782', '21002': '1,1717494782', '11001': '1,1717494781'}",1.2,14.6,DEV_TO_OCC
1717494783.7838278,"{'21001': '1,1717494783', '11002': '1,1717494783', '21002': '1,1717494782', '11001': '1,1717494782'}",0.0,14.6,DEV_TO_OCC
1717494784.9837787,65,1.4,14.7,OCC_TO_CU
1717494784.9850845,66,50.0,14.7,OCC_TO_CU
1717494784.986109,67,0.0,14.7,OCC_TO_CU
1717494784.9870207,68,0.0,14.7,OCC_TO_CU
1717494785.0010755,"{'21001': '1,1717494784', '11002': '1,1717494783', '21002': '1,1717494783', '11001': '1,1717494782'}",35.3,14.7,DEV_TO_OCC
1717494785.002457,"{'21001': '1,1717494784', '11002': '1,1717494784', '21002': '1,1717494783', '11001': '1,1717494783'}",0.0,14.7,DEV_TO_OCC
1717494785.9332068,"{'21001': '0,1717494785', '11002': '1,1717494784', '21002': '1,1717494784', '11001': '1,1717494783'}",1.7,14.7,DEV_TO_OCC
1717494785.9344664,"{'21001': '0,1717494785', '11002': '1,1717494785', '21002': '1,1717494784', '11001': '1,1717494784'}",0.0,14.7,DEV_TO_OCC
1717494786.8549817,"{'21001': '0,1717494786', '11002': '1,1717494785', '21002': '0,1717494785', '11001': '1,1717494784'}",2.0,14.7,DEV_TO_OCC
1717494786.9481597,"{'21001': '0,1717494786', '11002': '1,1717494785', '21002': '0,1717494785', '11001': '0,1717494785'}",30.0,14.7,DEV_TO_OCC
1717494787.714979,"{'21001': '0,1717494787', '11002': '1,1717494785', '21002': '0,1717494786', '11001': '0,1717494785'}",1.6,14.7,DEV_TO_OCC
1717494789.0055792,"{'21001': '0,1717494788', '11002': '1,1717494785', '21002': '0,1717494787', '11001': '0,1717494785'}",1.7,14.7,DEV_TO_OCC
1717494789.0065515,"{'21001': '0,1717494788', '11002': '1,1717494785', '21002': '0,1717494787', '11001': '0,1717494787'}",0.0,14.7,DEV_TO_OCC
1717494789.9274213,"{'21001': '0,1717494789', '11002': '1,1717494785', '21002': '0,1717494788', '11001': '0,1717494787'}",1.5,14.7,DEV_TO_OCC
1717494790.3148854,"{'21001': '0,1717494789', '11002': '0,1717494788', '21002': '0,1717494788', '11001': '0,1717494789'}",3.4,14.7,DEV_TO_OCC
1717494790.746176,"{'21001': '0,1717494790', '11002': '0,1717494788', '21002': '0,1717494789', '11001': '0,1717494789'}",2.1,14.7,DEV_TO_OCC
1717494791.720159,"{'21001': '0,1717494791', '11002': '0,1717494788', '21002': '0,1717494790', '11001': '0,1717494789'}",2.2,14.7,DEV_TO_OCC
1717494791.9754665,"{'21001': '0,1717494791', '11002': '0,1717494788', '21002': '0,1717494790', '11001': '0,1717494790'}",2.9,14.7,DEV_TO_OCC
1717494793.001285,"{'21001': '0,1717494792', '11002': '0,1717494788', '21002': '0,1717494791', '11001': '0,1717494790'}",1.5,14.7,DEV_TO_OCC
1717494793.0023756,"{'21001': '0,1717494792', '11002': '0,1717494791', '21002': '0,1717494791', '11001': '0,1717494792'}",0.0,14.7,DEV_TO_OCC
1717494793.9230292,"{'21001': '0,1717494793', '11002': '0,1717494791', '21002': '0,1717494792', '11001': '0,1717494792'}",1.3,14.7,DEV_TO_OCC
1717494794.8441622,"{'21001': '0,1717494794', '11002': '0,1717494791', '21002': '0,1717494793', '11001': '0,1717494792'}",1.9,14.7,DEV_TO_OCC
1717494794.99804,69,7.0,14.6,OCC_TO_CU
1717494794.99899,70,0.0,14.6,OCC_TO_CU
1717494794.999885,71,0.0,14.6,OCC_TO_CU
1717494795.0007668,72,80.0,14.6,OCC_TO_CU
1717494795.0262167,"{'21001': '0,1717494794', '11002': '0,1717494791', '21002': '0,1717494793', '11001': '0,1717494793'}",28.6,14.6,DEV_TO_OCC
1717494795.7663758,"{'21001': '0,1717494795', '11002': '0,1717494791', '21002': '0,1717494794', '11001': '0,1717494793'}",1.6,14.6,DEV_TO_OCC
1717494796.278363,"{'21001': '0,1717494795', '11002': '0,1717494792', '21002': '0,1717494794', '11001': '1,1717494795'}",2.1,14.6,DEV_TO_OCC
1717494796.7898529,"{'21001': '1,1717494796', '11002': '0,1717494792', '21002': '1,1717494795', '11001': '1,1717494795'}",2.0,14.6,DEV_TO_OCC
1717494796.9949222,"{'21001': '1,1717494796', '11002': '0,1717494793', '21002': '1,1717494795', '11001': '1,1717494796'}",5.3,14.6,DEV_TO_OCC
1717494797.9200807,"{'21001': '1,1717494797', '11002': '0,1717494793', '21002': '1,1717494796', '11001': '1,1717494796'}",2.1,14.6,DEV_TO_OCC
1717494797.9631357,"{'21001': '1,1717494797', '11002': '1,1717494796', '21002': '1,1717494796', '11001': '1,1717494797'}",13.7,14.6,DEV_TO_OCC
1717494798.838168,"{'21001': '1,1717494798', '11002': '1,1717494796', '21002': '1,1717494797', '11001': '1,1717494797'}",1.7,14.6,DEV_TO_OCC
1717494799.7622287,"{'21001': '1,1717494799', '11002': '1,1717494796', '21002': '1,1717494798', '11001': '1,1717494797'}",1.8,14.6,DEV_TO_OCC
1717494800.0658443,"{'21001': '1,1717494799', '11002': '1,1717494796', '21002': '1,1717494798', '11001': '1,1717494798'}",20.1,14.6,DEV_TO_OCC
1717494800.9870121,"{'21001': '1,1717494800', '11002': '1,1717494796', '21002': '1,1717494799', '11001': '1,1717494798'}",1.5,14.6,DEV_TO_OCC
1717494801.908021,"{'21001': '1,1717494801', '11002': '1,1717494796', '21002': '1,1717494800', '11001': '1,1717494798'}",1.6,14.6,DEV_TO_OCC
1717494801.9585805,"{'21001': '1,1717494801', '11002': '1,1717494796', '21002': '1,1717494800', '11001': '1,1717494800'}",6.8,14.6,DEV_TO_OCC
1717494802.8295274,"{'21001': '1,1717494802', '11002': '1,1717494796', '21002': '1,1717494801', '11001': '1,1717494800'}",1.3,14.6,DEV_TO_OCC
1717494803.6486704,"{'21001': '1,1717494802', '11002': '1,1717494801', '21002': '1,1717494801', '11001': '1,1717494802'}",1.8,14.6,DEV_TO_OCC
1717494803.722844,"{'21001': '1,1717494803', '11002': '1,1717494801', '21002': '1,1717494802', '11001': '1,1717494802'}",6.7,14.6,DEV_TO_OCC
1717494804.9801655,"{'21001': '1,1717494804', '11002': '1,1717494801', '21002': '1,1717494803', '11001': '1,1717494802'}",2.5,14.6,DEV_TO_OCC
1717494804.9816647,"{'21001': '1,1717494804', '11002': '1,1717494804', '21002': '1,1717494803', '11001': '1,1717494803'}",75.0,14.6,DEV_TO_OCC
1717494805.00909,73,18.7,14.6,OCC_TO_CU
1717494805.0102735,74,0.0,14.6,OCC_TO_CU
1717494805.0121012,75,0.0,14.6,OCC_TO_CU
1717494805.0133576,76,100.0,14.6,OCC_TO_CU
1717494805.9019802,"{'21001': '1,1717494804', '11002': '1,1717494805', '21002': '1,1717494803', '11001': '1,1717494804'}",6.3,14.6,DEV_TO_OCC
1717494805.9029083,"{'21001': '1,1717494805', '11002': '1,1717494805', '21002': '1,1717494804', '11001': '1,1717494804'}",0.0,14.6,DEV_TO_OCC
1717494806.823193,"{'21001': '0,1717494806', '11002': '1,1717494805', '21002': '0,1717494805', '11001': '1,1717494804'}",1.9,14.6,DEV_TO_OCC
1717494807.0279324,"{'21001': '0,1717494806', '11002': '1,1717494805', '21002': '0,1717494805', '11001': '0,1717494805'}",5.3,14.6,DEV_TO_OCC
1717494807.7450342,"{'21001': '0,1717494807', '11002': '1,1717494805', '21002': '0,1717494806', '11001': '0,1717494805'}",2.2,14.6,DEV_TO_OCC
1717494808.8088694,"{'21001': '0,1717494808', '11002': '1,1717494805', '21002': '0,1717494807', '11001': '0,1717494805'}",1.9,14.6,DEV_TO_OCC
1717494809.076989,"{'21001': '0,1717494808', '11002': '1,1717494805', '21002': '0,1717494807', '11001': '0,1717494807'}",3.1,14.6,DEV_TO_OCC
1717494809.9040377,"{'21001': '0,1717494809', '11002': '1,1717494805', '21002': '0,1717494808', '11001': '0,1717494807'}",1.6,14.6,DEV_TO_OCC
1717494810.8169017,"{'21001': '0,1717494810', '11002': '1,1717494805', '21002': '0,1717494809', '11001': '0,1717494807'}",2.1,14.6,DEV_TO_OCC
1717494810.8519313,"{'21001': '0,1717494810', '11002': '0,1717494810', '21002': '0,1717494809', '11001': '0,1717494809'}",17.1,14.6,DEV_TO_OCC
1717494812.0454652,"{'21001': '0,1717494810', '11002': '0,1717494811', '21002': '0,1717494809', '11001': '0,1717494810'}",1.5,14.6,DEV_TO_OCC
1717494812.0463529,"{'21001': '0,1717494811', '11002': '0,1717494811', '21002': '0,1717494810', '11001': '0,1717494810'}",0.0,14.6,DEV_TO_OCC
1717494812.7351816,"{'21001': '0,1717494812', '11002': '0,1717494811', '21002': '0,1717494811', '11001': '0,1717494810'}",4.6,14.6,DEV_TO_OCC
1717494812.7904053,"{'21001': '0,1717494812', '11002': '0,1717494812', '21002': '0,1717494811', '11001': '0,1717494811'}",9.1,14.6,DEV_TO_OCC
1717494813.727162,"{'21001': '0,1717494813', '11002': '0,1717494812', '21002': '0,1717494812', '11001': '0,1717494811'}",1.5,14.6,DEV_TO_OCC
1717494813.7812123,"{'21001': '0,1717494813', '11002': '0,1717494813', '21002': '0,1717494812', '11001': '0,1717494812'}",7.7,14.6,DEV_TO_OCC
1717494814.8149936,"{'21001': '0,1717494814', '11002': '0,1717494813', '21002': '0,1717494813', '11001': '0,1717494812'}",1.2,14.6,DEV_TO_OCC
1717494814.8313403,"{'21001': '0,1717494814', '11002': '0,1717494814', '21002': '0,1717494813', '11001': '0,1717494813'}",31.8,14.6,DEV_TO_OCC
1717494815.0249653,77,3.9,14.6,OCC_TO_CU
1717494815.0261576,78,0.0,14.6,OCC_TO_CU
1717494815.0271692,79,0.0,14.6,OCC_TO_CU
1717494815.0281098,80,0.0,14.6,OCC_TO_CU
1717494816.143025,"{'21001': '0,1717494815', '11002': '0,1717494814', '21002': '0,1717494814', '11001': '0,1717494813'}",1.9,14.6,DEV_TO_OCC
1717494816.1439998,"{'21001': '0,1717494815', '11002': '0,1717494815', '21002': '0,1717494814', '11001': '0,1717494814'}",0.0,14.6,DEV_TO_OCC
1717494816.970921,"{'21001': '1,1717494816', '11002': '0,1717494815', '21002': '1,1717494815', '11001': '0,1717494814'}",2.0,14.6,DEV_TO_OCC
1717494816.9720812,"{'21001': '1,1717494816', '11002': '1,1717494816', '21002': '1,1717494815', '11001': '1,1717494815'}",0.0,14.6,DEV_TO_OCC
1717494817.8828454,"{'21001': '1,1717494816', '11002': '1,1717494817', '21002': '1,1717494815', '11001': '1,1717494816'}",1.6,14.6,DEV_TO_OCC
1717494817.8838453,"{'21001': '1,1717494817', '11002': '1,1717494817', '21002': '1,1717494816', '11001': '1,1717494816'}",0.0,14.6,DEV_TO_OCC
1717494818.8038979,"{'21001': '1,1717494818', '11002': '1,1717494817', '21002': '1,1717494817', '11001': '1,1717494816'}",1.4,14.6,DEV_TO_OCC
1717494818.8290188,"{'21001': '1,1717494818', '11002': '1,1717494818', '21002': '1,1717494817', '11001': '1,1717494817'}",21.9,14.6,DEV_TO_OCC
1717494819.8419814,"{'21001': '1,1717494819', '11002': '1,1717494818', '21002': '1,1717494818', '11001': '1,1717494817'}",1.2,14.6,DEV_TO_OCC
1717494819.8841608,"{'21001': '1,1717494819', '11002': '1,1717494819', '21002': '1,1717494818', '11001': '1,1717494818'}",12.2,14.6,DEV_TO_OCC
1717494820.9629006,"{'21001': '1,1717494820', '11002': '1,1717494819', '21002': '1,1717494819', '11001': '1,1717494818'}",1.7,14.6,DEV_TO_OCC
1717494820.963911,"{'21001': '1,1717494820', '11002': '1,1717494820', '21002': '1,1717494819', '11001': '1,1717494819'}",0.0,14.6,DEV_TO_OCC
1717494821.876215,"{'21001': '1,1717494821', '11002': '1,1717494820', '21002': '1,1717494820', '11001': '1,1717494819'}",1.4,14.6,DEV_TO_OCC
1717494821.8772235,"{'21001': '1,1717494821', '11002': '1,1717494821', '21002': '1,1717494820', '11001': '1,1717494820'}",0.0,14.6,DEV_TO_OCC
1717494822.828939,"{'21001': '1,1717494822', '11002': '1,1717494821', '21002': '1,1717494821', '11001': '1,1717494820'}",1.3,14.6,DEV_TO_OCC
1717494823.0024383,"{'21001': '1,1717494822', '11002': '1,1717494821', '21002': '1,1717494821', '11001': '1,1717494821'}",4.3,14.6,DEV_TO_OCC
1717494823.8289945,"{'21001': '1,1717494823', '11002': '1,1717494821', '21002': '1,1717494822', '11001': '1,1717494821'}",2.2,14.6,DEV_TO_OCC
1717494824.8455627,"{'21001': '1,1717494824', '11002': '1,1717494821', '21002': '1,1717494823', '11001': '1,1717494821'}",6.3,14.6,DEV_TO_OCC
1717494825.0392869,81,16.2,14.6,OCC_TO_CU
1717494825.0402465,82,0.0,14.6,OCC_TO_CU
1717494825.0412145,83,100.0,14.6,OCC_TO_CU
1717494825.0421724,84,0.0,14.6,OCC_TO_CU
1717494825.0606506,"{'21001': '1,1717494824', '11002': '1,1717494821', '21002': '1,1717494823', '11001': '1,1717494823'}",58.3,14.6,DEV_TO_OCC
1717494825.7360635,"{'21001': '1,1717494825', '11002': '1,1717494821', '21002': '1,1717494824', '11001': '1,1717494823'}",2.7,14.6,DEV_TO_OCC
1717494826.7914379,"{'21001': '0,1717494826', '11002': '1,1717494821', '21002': '0,1717494825', '11001': '1,1717494823'}",1.6,14.6,DEV_TO_OCC
1717494827.0980308,"{'21001': '0,1717494826', '11002': '1,1717494821', '21002': '0,1717494825', '11001': '0,1717494825'}",3.3,14.6,DEV_TO_OCC
1717494828.0206566,"{'21001': '0,1717494827', '11002': '1,1717494821', '21002': '0,1717494826', '11001': '0,1717494825'}",1.6,14.6,DEV_TO_OCC
1717494828.4353743,"{'21001': '0,1717494827', '11002': '1,1717494822', '21002': '0,1717494826', '11001': '0,1717494827'}",2.4,14.6,DEV_TO_OCC
1717494828.731374,"{'21001': '0,1717494828', '11002': '1,1717494822', '21002': '0,1717494827', '11001': '0,1717494827'}",3.4,14.6,DEV_TO_OCC
1717494829.8653054,"{'21001': '0,1717494828', '11002': '0,1717494829', '21002': '0,1717494827', '11001': '0,1717494828'}",2.1,14.6,DEV_TO_OCC
1717494829.8663008,"{'21001': '0,1717494829', '11002': '0,1717494829', '21002': '0,1717494828', '11001': '0,1717494828'}",0.0,14.6,DEV_TO_OCC
1717494830.7861948,"{'21001': '0,1717494830', '11002': '0,1717494829', '21002': '0,1717494829', '11001': '0,1717494828'}",1.1,14.6,DEV_TO_OCC
1717494830.806659,"{'21001': '0,1717494830', '11002': '0,1717494830', '21002': '0,1717494829', '11001': '0,1717494829'}",25.0,14.6,DEV_TO_OCC
1717494832.013668,"{'21001': '0,1717494830', '11002': '0,1717494831', '21002': '0,1717494829', '11001': '0,1717494830'}",1.4,14.6,DEV_TO_OCC
1717494832.0146027,"{'21001': '0,1717494831', '11002': '0,1717494831', '21002': '0,1717494830', '11001': '0,1717494830'}",0.0,14.6,DEV_TO_OCC
1717494832.9360979,"{'21001': '0,1717494831', '11002': '0,1717494832', '21002': '0,1717494830', '11001': '0,1717494831'}",1.7,14.6,DEV_TO_OCC
1717494832.9370148,"{'21001': '0,1717494832', '11002': '0,1717494832', '21002': '0,1717494831', '11001': '0,1717494831'}",0.0,14.6,DEV_TO_OCC
1717494833.8572278,"{'21001': '0,1717494832', '11002': '0,1717494833', '21002': '0,1717494831', '11001': '0,1717494832'}",1.9,14.6,DEV_TO_OCC
1717494833.8581884,"{'21001': '0,1717494833', '11002': '0,1717494833', '21002': '0,1717494832', '11001': '0,1717494832'}",0.0,14.6,DEV_TO_OCC
1717494834.778942,"{'21001': '0,1717494834', '11002': '0,1717494833', '21002': '0,1717494833', '11001': '0,1717494832'}",1.5,14.6,DEV_TO_OCC
1717494834.7838597,"{'21001': '0,1717494834', '11002': '0,1717494834', '21002': '0,1717494833', '11001': '0,1717494833'}",40.0,14.6,DEV_TO_OCC
1717494835.0532763,85,3.4,14.6,OCC_TO_CU
1717494835.0542254,86,0.0,14.6,OCC_TO_CU
1717494835.0550249,87,0.0,14.6,OCC_TO_CU
1717494835.055816,88,0.0,14.6,OCC_TO_CU
1717494835.8029459,"{'21001': '0,1717494834', '11002': '0,1717494835', '21002': '0,1717494833', '11001': '0,1717494834'}",2.6,14.6,DEV_TO_OCC
1717494835.8039515,"{'21001': '0,1717494835', '11002': '0,1717494835', '21002': '0,1717494834', '11001': '0,1717494834'}",0.0,14.6,DEV_TO_OCC
1717494837.0317693,"{'21001': '0,1717494835', '11002': '1,1717494836', '21002': '0,1717494834', '11001': '1,1717494835'}",1.3,14.6,DEV_TO_OCC
1717494837.0328887,"{'21001': '1,1717494836', '11002': '1,1717494836', '21002': '1,1717494835', '11001': '1,1717494835'}",80.0,14.6,DEV_TO_OCC
1717494837.8504376,"{'21001': '1,1717494836', '11002': '1,1717494837', '21002': '1,1717494835', '11001': '1,1717494836'}",1.4,14.6,DEV_TO_OCC
1717494837.8514197,"{'21001': '1,1717494837', '11002': '1,1717494837', '21002': '1,1717494836', '11001': '1,1717494836'}",0.0,14.6,DEV_TO_OCC
1717494838.7721117,"{'21001': '1,1717494838', '11002': '1,1717494837', '21002': '1,1717494837', '11001': '1,1717494836'}",1.4,14.6,DEV_TO_OCC
1717494838.7850368,"{'21001': '1,1717494838', '11002': '1,1717494838', '21002': '1,1717494837', '11001': '1,1717494837'}",31.2,14.6,DEV_TO_OCC
1717494840.1032076,"{'21001': '1,1717494838', '11002': '1,1717494839', '21002': '1,1717494837', '11001': '1,1717494838'}",1.3,14.6,DEV_TO_OCC
1717494840.1041622,"{'21001': '1,1717494839', '11002': '1,1717494839', '21002': '1,1717494838', '11001': '1,1717494838'}",0.0,14.6,DEV_TO_OCC
1717494840.8202653,"{'21001': '1,1717494839', '11002': '1,1717494840', '21002': '1,1717494838', '11001': '1,1717494839'}",2.3,14.6,DEV_TO_OCC
1717494840.82125,"{'21001': '1,1717494840', '11002': '1,1717494840', '21002': '1,1717494839', '11001': '1,1717494839'}",50.0,14.6,DEV_TO_OCC
1717494841.8445668,"{'21001': '1,1717494840', '11002': '1,1717494841', '21002': '1,1717494839', '11001': '1,1717494840'}",1.6,14.6,DEV_TO_OCC
1717494841.8455694,"{'21001': '1,1717494841', '11002': '1,1717494841', '21002': '1,1717494840', '11001': '1,1717494840'}",0.0,14.6,DEV_TO_OCC
1717494842.7662768,"{'21001': '1,1717494842', '11002': '1,1717494841', '21002': '1,1717494841', '11001': '1,1717494840'}",1.3,14.6,DEV_TO_OCC
1717494842.7856789,"{'21001': '1,1717494842', '11002': '1,1717494842', '21002': '1,1717494841', '11001': '1,1717494841'}",26.1,14.6,DEV_TO_OCC
1717494843.9958053,"{'21001': '1,1717494842', '11002': '1,1717494843', '21002': '1,1717494841', '11001': '1,1717494842'}",1.1,14.6,DEV_TO_OCC
1717494843.996921,"{'21001': '1,1717494843', '11002': '1,1717494843', '21002': '1,1717494842', '11001': '1,1717494842'}",66.7,14.6,DEV_TO_OCC
1717494844.916374,"{'21001': '1,1717494843', '11002': '1,1717494844', '21002': '1,1717494842', '11001': '1,1717494843'}",1.2,14.6,DEV_TO_OCC
1717494844.9173694,"{'21001': '1,1717494844', '11002': '1,1717494844', '21002': '1,1717494843', '11001': '1,1717494843'}",50.0,14.6,DEV_TO_OCC
1717494845.0653496,89,6.8,14.6,OCC_TO_CU
1717494845.0663807,90,0.0,14.6,OCC_TO_CU
1717494845.0672095,91,0.0,14.6,OCC_TO_CU
1717494845.0679646,92,0.0,14.6,OCC_TO_CU
1717494846.1452432,"{'21001': '1,1717494844', '11002': '1,1717494845', '21002': '1,1717494843', '11001': '1,1717494844'}",2.2,14.6,DEV_TO_OCC
1717494846.14626,"{'21001': '1,1717494845', '11002': '1,1717494845', '21002': '1,1717494844', '11001': '1,1717494844'}",0.0,14.6,DEV_TO_OCC
1717494846.7593162,"{'21001': '0,1717494846', '11002': '1,1717494845', '21002': '0,1717494845', '11001': '1,1717494844'}",2.0,14.6,DEV_TO_OCC
1717494846.7866707,"{'21001': '0,1717494846', '11002': '0,1717494846', '21002': '0,1717494845', '11001': '0,1717494845'}",18.2,14.6,DEV_TO_OCC
1717494848.002322,"{'21001': '0,1717494847', '11002': '0,1717494846', '21002': '0,1717494846', '11001': '0,1717494845'}",1.2,14.6,DEV_TO_OCC
1717494848.0380197,"{'21001': '0,1717494847', '11002': '0,1717494846', '21002': '0,1717494846', '11001': '0,1717494846'}",12.2,14.6,DEV_TO_OCC
1717494848.9103575,"{'21001': '0,1717494848', '11002': '0,1717494846', '21002': '0,1717494847', '11001': '0,1717494846'}",1.9,14.6,DEV_TO_OCC
1717494849.831598,"{'21001': '0,1717494848', '11002': '0,1717494849', '21002': '0,1717494847', '11001': '0,1717494848'}",7.4,14.6,DEV_TO_OCC
1717494849.8327372,"{'21001': '0,1717494849', '11002': '0,1717494849', '21002': '0,1717494848', '11001': '0,1717494848'}",66.7,14.6,DEV_TO_OCC
1717494850.7528322,"{'21001': '0,1717494850', '11002': '0,1717494849', '21002': '0,1717494849', '11001': '0,1717494848'}",1.5,14.6,DEV_TO_OCC
1717494850.7897573,"{'21001': '0,1717494850', '11002': '0,1717494850', '21002': '0,1717494849', '11001': '0,1717494849'}",13.6,14.6,DEV_TO_OCC
1717494851.747791,"{'21001': '0,1717494851', '11002': '0,1717494850', '21002': '0,1717494850', '11001': '0,1717494849'}",1.1,14.6,DEV_TO_OCC
1717494851.7897718,"{'21001': '0,1717494851', '11002': '0,1717494851', '21002': '0,1717494850', '11001': '0,1717494850'}",15.4,14.6,DEV_TO_OCC
1717494852.9039967,"{'21001': '0,1717494851', '11002': '0,1717494852', '21002': '0,1717494850', '11001': '0,1717494851'}",1.1,14.6,DEV_TO_OCC
1717494852.9050694,"{'21001': '0,1717494852', '11002': '0,1717494852', '21002': '0,1717494851', '11001': '0,1717494851'}",100.0,14.6,DEV_TO_OCC
1717494853.8254364,"{'21001': '0,1717494852', '11002': '0,1717494853', '21002': '0,1717494851', '11001': '0,1717494852'}",2.1,14.6,DEV_TO_OCC
1717494853.826422,"{'21001': '0,1717494853', '11002': '0,1717494853', '21002': '0,1717494852', '11001': '0,1717494852'}",0.0,14.6,DEV_TO_OCC
1717494855.054343,"{'21001': '0,1717494853', '11002': '0,1717494854', '21002': '0,1717494852', '11001': '0,1717494853'}",1.3,14.6,DEV_TO_OCC
1717494855.0553865,"{'21001': '0,1717494854', '11002': '0,1717494854', '21002': '0,1717494853', '11001': '0,1717494853'}",0.0,14.6,DEV_TO_OCC
1717494855.077242,93,25.9,14.6,OCC_TO_CU
1717494855.0785615,94,0.0,14.6,OCC_TO_CU
1717494855.079819,95,0.0,14.6,OCC_TO_CU
1717494855.081372,96,100.0,14.6,OCC_TO_CU
1717494855.7454097,"{'21001': '0,1717494855', '11002': '0,1717494854', '21002': '0,1717494854', '11001': '0,1717494853'}",2.6,14.6,DEV_TO_OCC
1717494855.7911565,"{'21001': '0,1717494855', '11002': '0,1717494855', '21002': '0,1717494854', '11001': '0,1717494854'}",16.1,14.6,DEV_TO_OCC
1717494856.897384,"{'21001': '0,1717494855', '11002': '1,1717494856', '21002': '0,1717494854', '11001': '1,1717494855'}",1.5,14.6,DEV_TO_OCC
1717494856.898425,"{'21001': '1,1717494856', '11002': '1,1717494856', '21002': '1,1717494855', '11001': '1,1717494855'}",0.0,14.6,DEV_TO_OCC
1717494857.818636,"{'21001': '1,1717494856', '11002': '1,1717494857', '21002': '1,1717494855', '11001': '1,1717494856'}",3.0,14.6,DEV_TO_OCC
1717494857.819465,"{'21001': '1,1717494857', '11002': '1,1717494857', '21002': '1,1717494856', '11001': '1,1717494856'}",0.0,14.6,DEV_TO_OCC
1717494859.0475616,"{'21001': '1,1717494857', '11002': '1,1717494858', '21002': '1,1717494856', '11001': '1,1717494857'}",1.4,14.6,DEV_TO_OCC
1717494859.0485175,"{'21001': '1,1717494858', '11002': '1,1717494858', '21002': '1,1717494857', '11001': '1,1717494857'}",50.0,14.6,DEV_TO_OCC
1717494859.969349,"{'21001': '1,1717494858', '11002': '1,1717494859', '21002': '1,1717494857', '11001': '1,1717494858'}",1.7,14.6,DEV_TO_OCC
1717494859.9703755,"{'21001': '1,1717494859', '11002': '1,1717494859', '21002': '1,1717494858', '11001': '1,1717494858'}",0.0,14.6,DEV_TO_OCC
1717494860.8912115,"{'21001': '1,1717494859', '11002': '1,1717494860', '21002': '1,1717494858', '11001': '1,1717494859'}",1.2,14.6,DEV_TO_OCC
1717494860.8923244,"{'21001': '1,1717494860', '11002': '1,1717494860', '21002': '1,1717494859', '11001': '1,1717494859'}",0.0,14.6,DEV_TO_OCC
1717494861.8127773,"{'21001': '1,1717494860', '11002': '1,1717494861', '21002': '1,1717494859', '11001': '1,1717494860'}",1.6,14.6,DEV_TO_OCC
1717494861.8138745,"{'21001': '1,1717494861', '11002': '1,1717494861', '21002': '1,1717494860', '11001': '1,1717494860'}",0.0,14.6,DEV_TO_OCC
1717494863.0416179,"{'21001': '1,1717494861', '11002': '1,1717494862', '21002': '1,1717494860', '11001': '1,1717494861'}",1.3,14.6,DEV_TO_OCC
1717494863.0427334,"{'21001': '1,1717494862', '11002': '1,1717494862', '21002': '1,1717494861', '11001': '1,1717494861'}",0.0,14.6,DEV_TO_OCC
1717494863.9631357,"{'21001': '1,1717494862', '11002': '1,1717494863', '21002': '1,1717494861', '11001': '1,1717494862'}",1.4,14.6,DEV_TO_OCC
1717494863.9643922,"{'21001': '1,1717494863', '11002': '1,1717494863', '21002': '1,1717494862', '11001': '1,1717494862'}",0.0,14.6,DEV_TO_OCC
1717494864.8845453,"{'21001': '1,1717494863', '11002': '1,1717494864', '21002': '1,1717494862', '11001': '1,1717494863'}",1.6,14.6,DEV_TO_OCC
1717494864.885737,"{'21001': '1,1717494864', '11002': '1,1717494864', '21002': '1,1717494863', '11001': '1,1717494863'}",0.0,14.6,DEV_TO_OCC
1717494865.0890555,97,2.5,14.6,OCC_TO_CU
1717494865.0900133,98,0.0,14.6,OCC_TO_CU
1717494865.0910215,99,0.0,14.6,OCC_TO_CU
1717494865.0920975,100,0.0,14.6,OCC_TO_CU
1717494865.8056555,"{'21001': '1,1717494865', '11002': '1,1717494864', '21002': '1,1717494864', '11001': '1,1717494863'}",8.3,14.6,DEV_TO_OCC
1717494865.806557,"{'21001': '1,1717494865', '11002': '1,1717494865', '21002': '1,1717494864', '11001': '1,1717494864'}",0.0,14.6,DEV_TO_OCC
1717494866.7676516,"{'21001': '0,1717494866', '11002': '1,1717494865', '21002': '0,1717494865', '11001': '1,1717494864'}",1.3,14.6,DEV_TO_OCC
1717494866.80773,"{'21001': '0,1717494866', '11002': '0,1717494866', '21002': '0,1717494865', '11001': '0,1717494865'}",18.4,14.6,DEV_TO_OCC
1717494867.7511692,"{'21001': '0,1717494867', '11002': '0,1717494866', '21002': '0,1717494866', '11001': '0,1717494865'}",1.5,14.6,DEV_TO_OCC
1717494867.8041787,"{'21001': '0,1717494867', '11002': '0,1717494867', '21002': '0,1717494866', '11001': '0,1717494866'}",13.8,14.6,DEV_TO_OCC
1717494868.7674184,"{'21001': '0,1717494868', '11002': '0,1717494867', '21002': '0,1717494867', '11001': '0,1717494866'}",1.4,14.6,DEV_TO_OCC
1717494868.7968984,"{'21001': '0,1717494868', '11002': '0,1717494868', '21002': '0,1717494867', '11001': '0,1717494867'}",77.8,14.6,DEV_TO_OCC
1717494869.803796,"{'21001': '0,1717494869', '11002': '0,1717494868', '21002': '0,1717494868', '11001': '0,1717494867'}",1.7,14.6,DEV_TO_OCC
1717494869.826587,"{'21001': '0,1717494869', '11002': '0,1717494869', '21002': '0,1717494868', '11001': '0,1717494868'}",22.2,14.6,DEV_TO_OCC
1717494870.925614,"{'21001': '0,1717494869', '11002': '0,1717494870', '21002': '0,1717494868', '11001': '0,1717494869'}",1.6,14.6,DEV_TO_OCC
1717494870.9264019,"{'21001': '0,1717494870', '11002': '0,1717494870', '21002': '0,1717494869', '11001': '0,1717494869'}",0.0,14.6,DEV_TO_OCC
1717494871.9503238,"{'21001': '0,1717494870', '11002': '0,1717494871', '21002': '0,1717494869', '11001': '0,1717494870'}",1.6,14.6,DEV_TO_OCC
1717494871.951424,"{'21001': '0,1717494871', '11002': '0,1717494871', '21002': '0,1717494870', '11001': '0,1717494870'}",0.0,14.6,DEV_TO_OCC
1717494872.8717115,"{'21001': '0,1717494872', '11002': '0,1717494871', '21002': '0,1717494871', '11001': '0,1717494870'}",7.3,14.6,DEV_TO_OCC
1717494872.8727357,"{'21001': '0,1717494872', '11002': '0,1717494872', '21002': '0,1717494871', '11001': '0,1717494871'}",66.7,14.6,DEV_TO_OCC
1717494873.793341,"{'21001': '0,1717494873', '11002': '0,1717494872', '21002': '0,1717494872', '11001': '0,1717494871'}",1.5,14.6,DEV_TO_OCC
1717494873.8061314,"{'21001': '0,1717494873', '11002': '0,1717494873', '21002': '0,1717494872', '11001': '0,1717494872'}",21.4,14.6,DEV_TO_OCC
1717494875.0224,"{'21001': '0,1717494873', '11002': '0,1717494874', '21002': '0,1717494872', '11001': '0,1717494873'}",1.9,14.6,DEV_TO_OCC
1717494875.023557,"{'21001': '0,1717494874', '11002': '0,1717494874', '21002': '0,1717494873', '11001': '0,1717494873'}",0.0,14.6,DEV_TO_OCC
1717494875.1032407,101,7.3,14.6,OCC_TO_CU
1717494875.1044488,102,0.0,14.6,OCC_TO_CU
1717494875.1056511,103,100.0,14.6,OCC_TO_CU
1717494875.106817,104,0.0,14.6,OCC_TO_CU
1717494875.9439476,"{'21001': '0,1717494874', '11002': '0,1717494875', '21002': '0,1717494873', '11001': '0,1717494874'}",2.6,14.6,DEV_TO_OCC
1717494875.9449956,"{'21001': '0,1717494875', '11002': '0,1717494875', '21002': '0,1717494874', '11001': '0,1717494874'}",66.7,14.6,DEV_TO_OCC
1717494876.8656125,"{'21001': '1,1717494876', '11002': '0,1717494875', '21002': '1,1717494875', '11001': '0,1717494874'}",1.3,14.6,DEV_TO_OCC
1717494876.866703,"{'21001': '1,1717494876', '11002': '1,1717494876', '21002': '1,1717494875', '11001': '1,1717494875'}",0.0,14.6,DEV_TO_OCC
1717494877.7868397,"{'21001': '1,1717494877', '11002': '1,1717494876', '21002': '1,1717494876', '11001': '1,1717494875'}",1.7,14.6,DEV_TO_OCC
1717494877.799742,"{'21001': '1,1717494877', '11002': '1,1717494877', '21002': '1,1717494876', '11001': '1,1717494876'}",31.3,14.6,DEV_TO_OCC
1717494878.7498205,"{'21001': '1,1717494878', '11002': '1,1717494877', '21002': '1,1717494877', '11001': '1,1717494876'}",1.7,14.6,DEV_TO_OCC
1717494878.9129465,"{'21001': '1,1717494878', '11002': '1,1717494878', '21002': '1,1717494877', '11001': '1,1717494877'}",5.1,14.6,DEV_TO_OCC
1717494879.9378242,"{'21001': '1,1717494879', '11002': '1,1717494878', '21002': '1,1717494878', '11001': '1,1717494877'}",1.5,14.6,DEV_TO_OCC
1717494879.9388123,"{'21001': '1,1717494879', '11002': '1,1717494879', '21002': '1,1717494878', '11001': '1,1717494878'}",0.0,14.6,DEV_TO_OCC
1717494880.8598075,"{'21001': '1,1717494880', '11002': '1,1717494879', '21002': '1,1717494879', '11001': '1,1717494878'}",1.6,14.6,DEV_TO_OCC
1717494880.860846,"{'21001': '1,1717494880', '11002': '1,1717494880', '21002': '1,1717494879', '11001': '1,1717494879'}",100.0,14.6,DEV_TO_OCC
1717494881.7805521,"{'21001': '1,1717494881', '11002': '1,1717494880', '21002': '1,1717494880', '11001': '1,1717494879'}",1.3,14.6,DEV_TO_OCC
1717494881.805832,"{'21001': '1,1717494881', '11002': '1,1717494881', '21002': '1,1717494880', '11001': '1,1717494880'}",13.8,14.6,DEV_TO_OCC
1717494883.112243,"{'21001': '1,1717494881', '11002': '1,1717494882', '21002': '1,1717494880', '11001': '1,1717494881'}",1.3,14.6,DEV_TO_OCC
1717494883.1133409,"{'21001': '1,1717494882', '11002': '1,1717494882', '21002': '1,1717494881', '11001': '1,1717494881'}",66.7,14.6,DEV_TO_OCC
1717494883.7547848,"{'21001': '1,1717494883', '11002': '1,1717494882', '21002': '1,1717494882', '11001': '1,1717494881'}",2.2,14.6,DEV_TO_OCC
1717494883.8090377,"{'21001': '1,1717494883', '11002': '1,1717494883', '21002': '1,1717494882', '11001': '1,1717494882'}",10.6,14.6,DEV_TO_OCC
1717494884.8615682,"{'21001': '1,1717494884', '11002': '1,1717494883', '21002': '1,1717494883', '11001': '1,1717494882'}",1.3,14.6,DEV_TO_OCC
1717494884.8625746,"{'21001': '1,1717494884', '11002': '1,1717494884', '21002': '1,1717494883', '11001': '1,1717494883'}",0.0,14.6,DEV_TO_OCC
1717494885.1184905,105,2.3,14.6,OCC_TO_CU
1717494885.119621,106,0.0,14.6,OCC_TO_CU
1717494885.1209207,107,80.0,14.6,OCC_TO_CU
1717494885.1220179,108,0.0,14.6,OCC_TO_CU
1717494886.081668,"{'21001': '1,1717494885', '11002': '1,1717494884', '21002': '1,1717494884', '11001': '1,1717494883'}",5.3,14.6,DEV_TO_OCC
1717494886.0826473,"{'21001': '1,1717494885', '11002': '1,1717494885', '21002': '1,1717494884', '11001': '1,1717494884'}",0.0,14.6,DEV_TO_OCC
1717494886.79827,"{'21001': '0,1717494886', '11002': '1,1717494885', '21002': '0,1717494885', '11001': '1,1717494884'}",2.3,14.6,DEV_TO_OCC
1717494886.8067734,"{'21001': '0,1717494886', '11002': '0,1717494886', '21002': '0,1717494885', '11001': '0,1717494885'}",30.0,14.6,DEV_TO_OCC
1717494887.9261465,"{'21001': '0,1717494887', '11002': '0,1717494886', '21002': '0,1717494886', '11001': '0,1717494885'}",12.2,14.7,DEV_TO_OCC
1717494887.9265409,"{'21001': '0,1717494887', '11002': '0,1717494887', '21002': '0,1717494886', '11001': '0,1717494886'}",0.0,14.7,DEV_TO_OCC
1717494888.8686855,"{'21001': '0,1717494888', '11002': '0,1717494887', '21002': '0,1717494887', '11001': '0,1717494886'}",17.3,14.7,DEV_TO_OCC
1717494888.8695238,"{'21001': '0,1717494888', '11002': '0,1717494888', '21002': '0,1717494887', '11001': '0,1717494887'}",0.0,14.7,DEV_TO_OCC
1717494890.0754168,"{'21001': '0,1717494888', '11002': '0,1717494889', '21002': '0,1717494887', '11001': '0,1717494888'}",6.9,14.7,DEV_TO_OCC
1717494890.0763364,"{'21001': '0,1717494889', '11002': '0,1717494889', '21002': '0,1717494888', '11001': '0,1717494888'}",0.0,14.7,DEV_TO_OCC
1717494890.9993105,"{'21001': '0,1717494889', '11002': '0,1717494890', '21002': '0,1717494888', '11001': '0,1717494889'}",1.5,14.7,DEV_TO_OCC
1717494891.0002248,"{'21001': '0,1717494890', '11002': '0,1717494890', '21002': '0,1717494889', '11001': '0,1717494889'}",0.0,14.7,DEV_TO_OCC
1717494891.919263,"{'21001': '0,1717494890', '11002': '0,1717494891', '21002': '0,1717494889', '11001': '0,1717494890'}",2.0,14.7,DEV_TO_OCC
1717494891.9201858,"{'21001': '0,1717494891', '11002': '0,1717494891', '21002': '0,1717494890', '11001': '0,1717494890'}",0.0,14.7,DEV_TO_OCC
1717494892.8398833,"{'21001': '0,1717494891', '11002': '0,1717494892', '21002': '0,1717494890', '11001': '0,1717494891'}",1.4,14.7,DEV_TO_OCC
1717494892.840781,"{'21001': '0,1717494892', '11002': '0,1717494892', '21002': '0,1717494891', '11001': '0,1717494891'}",66.7,14.7,DEV_TO_OCC
1717494894.0731153,"{'21001': '0,1717494893', '11002': '0,1717494892', '21002': '0,1717494892', '11001': '0,1717494891'}",1.2,14.7,DEV_TO_OCC
1717494894.0740952,"{'21001': '0,1717494893', '11002': '0,1717494893', '21002': '0,1717494892', '11001': '0,1717494892'}",0.0,14.7,DEV_TO_OCC
1717494894.9906747,"{'21001': '0,1717494893', '11002': '0,1717494894', '21002': '0,1717494892', '11001': '0,1717494893'}",1.4,14.7,DEV_TO_OCC
1717494894.9916203,"{'21001': '0,1717494894', '11002': '0,1717494894', '21002': '0,1717494893', '11001': '0,1717494893'}",0.0,14.7,DEV_TO_OCC
1717494895.133289,109,7.0,14.7,OCC_TO_CU
1717494895.13418,110,0.0,14.7,OCC_TO_CU
1717494895.1350017,111,0.0,14.7,OCC_TO_CU
1717494895.1358657,112,0.0,14.7,OCC_TO_CU
1717494895.9211457,"{'21001': '0,1717494895', '11002': '0,1717494894', '21002': '0,1717494894', '11001': '0,1717494893'}",3.2,14.7,DEV_TO_OCC
1717494895.9220345,"{'21001': '0,1717494895', '11002': '0,1717494895', '21002': '0,1717494894', '11001': '0,1717494894'}",0.0,14.7,DEV_TO_OCC
1717494896.8329213,"{'21001': '0,1717494895', '11002': '1,1717494896', '21002': '0,1717494894', '11001': '1,1717494895'}",2.4,14.6,DEV_TO_OCC
1717494896.833743,"{'21001': '1,1717494896', '11002': '1,1717494896', '21002': '1,1717494895', '11001': '1,1717494895'}",0.0,14.6,DEV_TO_OCC
1717494898.0622394,"{'21001': '1,1717494896', '11002': '1,1717494897', '21002': '1,1717494895', '11001': '1,1717494896'}",4.8,14.7,DEV_TO_OCC
1717494898.063221,"{'21001': '1,1717494897', '11002': '1,1717494897', '21002': '1,1717494896', '11001': '1,1717494896'}",0.0,14.7,DEV_TO_OCC
1717494898.9858778,"{'21001': '1,1717494897', '11002': '1,1717494898', '21002': '1,1717494896', '11001': '1,1717494897'}",3.6,14.6,DEV_TO_OCC
1717494898.9871516,"{'21001': '1,1717494898', '11002': '1,1717494898', '21002': '1,1717494897', '11001': '1,1717494897'}",0.0,14.6,DEV_TO_OCC
1717494899.8032866,"{'21001': '1,1717494899', '11002': '1,1717494898', '21002': '1,1717494898', '11001': '1,1717494897'}",2.6,14.6,DEV_TO_OCC
1717494899.8087862,"{'21001': '1,1717494899', '11002': '1,1717494899', '21002': '1,1717494898', '11001': '1,1717494898'}",54.5,14.6,DEV_TO_OCC
1717494900.827521,"{'21001': '1,1717494900', '11002': '1,1717494899', '21002': '1,1717494899', '11001': '1,1717494898'}",1.6,14.6,DEV_TO_OCC
1717494900.8288305,"{'21001': '1,1717494900', '11002': '1,1717494900', '21002': '1,1717494899', '11001': '1,1717494899'}",80.0,14.6,DEV_TO_OCC
1717494902.0565379,"{'21001': '1,1717494901', '11002': '1,1717494900', '21002': '1,1717494900', '11001': '1,1717494899'}",1.3,14.6,DEV_TO_OCC
1717494902.057669,"{'21001': '1,1717494901', '11002': '1,1717494901', '21002': '1,1717494900', '11001': '1,1717494900'}",0.0,14.6,DEV_TO_OCC
1717494902.8760128,"{'21001': '1,1717494901', '11002': '1,1717494902', '21002': '1,1717494900', '11001': '1,1717494901'}",7.5,14.6,DEV_TO_OCC
1717494902.876994,"{'21001': '1,1717494902', '11002': '1,1717494902', '21002': '1,1717494901', '11001': '1,1717494901'}",100.0,14.6,DEV_TO_OCC
1717494903.796104,"{'21001': '1,1717494903', '11002': '1,1717494902', '21002': '1,1717494902', '11001': '1,1717494901'}",1.6,14.6,DEV_TO_OCC
1717494903.8141093,"{'21001': '1,1717494903', '11002': '1,1717494903', '21002': '1,1717494902', '11001': '1,1717494902'}",23.8,14.6,DEV_TO_OCC
1717494904.8207955,"{'21001': '1,1717494904', '11002': '1,1717494903', '21002': '1,1717494903', '11001': '1,1717494902'}",1.5,14.6,DEV_TO_OCC
1717494904.821724,"{'21001': '1,1717494904', '11002': '1,1717494904', '21002': '1,1717494903', '11001': '1,1717494903'}",0.0,14.6,DEV_TO_OCC
1717494905.1473327,113,3.6,14.6,OCC_TO_CU
1717494905.148575,114,66.7,14.6,OCC_TO_CU
1717494905.149849,115,0.0,14.6,OCC_TO_CU
1717494905.1510668,116,0.0,14.6,OCC_TO_CU
1717494906.0500505,"{'21001': '1,1717494905', '11002': '1,1717494904', '21002': '1,1717494904', '11001': '1,1717494903'}",2.4,14.6,DEV_TO_OCC
1717494906.051219,"{'21001': '1,1717494905', '11002': '1,1717494905', '21002': '1,1717494904', '11001': '1,1717494904'}",0.0,14.6,DEV_TO_OCC
1717494906.9712892,"{'21001': '0,1717494906', '11002': '1,1717494905', '21002': '0,1717494905', '11001': '1,1717494904'}",1.6,14.6,DEV_TO_OCC
1717494906.97236,"{'21001': '0,1717494906', '11002': '0,1717494906', '21002': '0,1717494905', '11001': '0,1717494905'}",0.0,14.6,DEV_TO_OCC
1717494907.8928995,"{'21001': '0,1717494907', '11002': '0,1717494906', '21002': '0,1717494906', '11001': '0,1717494905'}",1.7,14.6,DEV_TO_OCC
1717494907.8939183,"{'21001': '0,1717494907', '11002': '0,1717494907', '21002': '0,1717494906', '11001': '0,1717494906'}",0.0,14.6,DEV_TO_OCC
1717494908.8237038,"{'21001': '0,1717494908', '11002': '0,1717494907', '21002': '0,1717494907', '11001': '0,1717494906'}",1.7,14.6,DEV_TO_OCC
1717494908.8283486,"{'21001': '0,1717494908', '11002': '0,1717494908', '21002': '0,1717494907', '11001': '0,1717494907'}",50.0,14.6,DEV_TO_OCC
1717494910.0430918,"{'21001': '0,1717494908', '11002': '0,1717494909', '21002': '0,1717494907', '11001': '0,1717494908'}",1.6,14.6,DEV_TO_OCC
1717494910.044028,"{'21001': '0,1717494909', '11002': '0,1717494909', '21002': '0,1717494908', '11001': '0,1717494908'}",0.0,14.6,DEV_TO_OCC
1717494910.9651098,"{'21001': '0,1717494909', '11002': '0,1717494910', '21002': '0,1717494908', '11001': '0,1717494909'}",1.6,14.6,DEV_TO_OCC
1717494910.9661508,"{'21001': '0,1717494910', '11002': '0,1717494910', '21002': '0,1717494909', '11001': '0,1717494909'}",0.0,14.6,DEV_TO_OCC
1717494911.8861732,"{'21001': '0,1717494910', '11002': '0,1717494911', '21002': '0,1717494909', '11001': '0,1717494910'}",1.6,14.6,DEV_TO_OCC
1717494911.887164,"{'21001': '0,1717494911', '11002': '0,1717494911', '21002': '0,1717494910', '11001': '0,1717494910'}",0.0,14.6,DEV_TO_OCC
1717494912.8084037,"{'21001': '0,1717494912', '11002': '0,1717494911', '21002': '0,1717494911', '11001': '0,1717494910'}",2.2,14.6,DEV_TO_OCC
1717494912.8126962,"{'21001': '0,1717494912', '11002': '0,1717494912', '21002': '0,1717494911', '11001': '0,1717494911'}",50.0,14.6,DEV_TO_OCC
1717494914.038592,"{'21001': '0,1717494912', '11002': '0,1717494913', '21002': '0,1717494911', '11001': '0,1717494912'}",1.8,14.6,DEV_TO_OCC
1717494914.0395262,"{'21001': '0,1717494913', '11002': '0,1717494913', '21002': '0,1717494912', '11001': '0,1717494912'}",0.0,14.6,DEV_TO_OCC
1717494914.9580433,"{'21001': '0,1717494913', '11002': '0,1717494914', '21002': '0,1717494912', '11001': '0,1717494913'}",1.5,14.6,DEV_TO_OCC
1717494914.9588814,"{'21001': '0,1717494914', '11002': '0,1717494914', '21002': '0,1717494913', '11001': '0,1717494913'}",0.0,14.6,DEV_TO_OCC
1717494915.1612868,117,19.9,14.7,OCC_TO_CU
1717494915.162545,118,0.0,14.7,OCC_TO_CU
1717494915.1637917,119,0.0,14.7,OCC_TO_CU
1717494915.1659563,120,100.0,14.7,OCC_TO_CU
1717494915.7694767,"{'21001': '0,1717494915', '11002': '0,1717494914', '21002': '0,1717494914', '11001': '0,1717494913'}",13.1,14.7,DEV_TO_OCC
1717494915.8133419,"{'21001': '0,1717494915', '11002': '0,1717494915', '21002': '0,1717494914', '11001': '0,1717494914'}",10.9,14.7,DEV_TO_OCC
1717494916.8010788,"{'21001': '1,1717494916', '11002': '0,1717494915', '21002': '1,1717494915', '11001': '0,1717494914'}",7.0,14.7,DEV_TO_OCC
1717494916.8149168,"{'21001': '1,1717494916', '11002': '1,1717494916', '21002': '1,1717494915', '11001': '1,1717494915'}",20.0,14.7,DEV_TO_OCC
1717494918.03125,"{'21001': '1,1717494916', '11002': '1,1717494917', '21002': '1,1717494915', '11001': '1,1717494916'}",5.7,14.7,DEV_TO_OCC
1717494918.0320933,"{'21001': '1,1717494917', '11002': '1,1717494917', '21002': '1,1717494916', '11001': '1,1717494916'}",0.0,14.7,DEV_TO_OCC
1717494918.8505561,"{'21001': '1,1717494918', '11002': '1,1717494917', '21002': '1,1717494917', '11001': '1,1717494916'}",13.1,14.6,DEV_TO_OCC
1717494918.8513885,"{'21001': '1,1717494918', '11002': '1,1717494918', '21002': '1,1717494917', '11001': '1,1717494917'}",0.0,14.6,DEV_TO_OCC
1717494919.8737562,"{'21001': '1,1717494919', '11002': '1,1717494918', '21002': '1,1717494918', '11001': '1,1717494917'}",4.7,14.6,DEV_TO_OCC
1717494919.8747952,"{'21001': '1,1717494919', '11002': '1,1717494919', '21002': '1,1717494918', '11001': '1,1717494918'}",0.0,14.6,DEV_TO_OCC
1717494920.8046372,"{'21001': '1,1717494920', '11002': '1,1717494919', '21002': '1,1717494919', '11001': '1,1717494918'}",5.5,14.6,DEV_TO_OCC
1717494920.8280406,"{'21001': '1,1717494920', '11002': '1,1717494920', '21002': '1,1717494919', '11001': '1,1717494919'}",15.4,14.6,DEV_TO_OCC
1717494921.8194108,"{'21001': '1,1717494921', '11002': '1,1717494920', '21002': '1,1717494920', '11001': '1,1717494919'}",2.9,14.6,DEV_TO_OCC
1717494921.820418,"{'21001': '1,1717494921', '11002': '1,1717494921', '21002': '1,1717494920', '11001': '1,1717494920'}",0.0,14.6,DEV_TO_OCC
1717494922.9455903,"{'21001': '1,1717494921', '11002': '1,1717494922', '21002': '1,1717494920', '11001': '1,1717494921'}",2.7,14.7,DEV_TO_OCC
1717494922.9465318,"{'21001': '1,1717494922', '11002': '1,1717494922', '21002': '1,1717494921', '11001': '1,1717494921'}",0.0,14.7,DEV_TO_OCC
1717494923.8693867,"{'21001': '1,1717494923', '11002': '1,1717494922', '21002': '1,1717494922', '11001': '1,1717494921'}",1.5,14.7,DEV_TO_OCC
1717494923.8703055,"{'21001': '1,1717494923', '11002': '1,1717494923', '21002': '1,1717494922', '11001': '1,1717494922'}",0.0,14.7,DEV_TO_OCC
1717494924.7886882,"{'21001': '1,1717494924', '11002': '1,1717494923', '21002': '1,1717494923', '11001': '1,1717494922'}",1.8,14.7,DEV_TO_OCC
1717494924.816572,"{'21001': '1,1717494924', '11002': '1,1717494924', '21002': '1,1717494923', '11001': '1,1717494923'}",20.0,14.7,DEV_TO_OCC
1717494925.1783147,121,2.5,14.7,OCC_TO_CU
1717494925.1793497,122,0.0,14.7,OCC_TO_CU
1717494925.1812701,123,50.0,14.7,OCC_TO_CU
1717494925.182189,124,0.0,14.7,OCC_TO_CU
1717494926.0179203,"{'21001': '1,1717494925', '11002': '1,1717494924', '21002': '1,1717494924', '11001': '1,1717494923'}",2.0,14.7,DEV_TO_OCC
1717494926.0189917,"{'21001': '1,1717494925', '11002': '1,1717494925', '21002': '1,1717494924', '11001': '1,1717494924'}",0.0,14.7,DEV_TO_OCC
1717494926.9387095,"{'21001': '0,1717494926', '11002': '1,1717494925', '21002': '0,1717494925', '11001': '1,1717494924'}",6.6,14.8,DEV_TO_OCC
1717494926.9394548,"{'21001': '0,1717494926', '11002': '0,1717494926', '21002': '0,1717494925', '11001': '0,1717494925'}",0.0,14.8,DEV_TO_OCC
1717494927.8608882,"{'21001': '0,1717494927', '11002': '0,1717494926', '21002': '0,1717494926', '11001': '0,1717494925'}",4.1,14.8,DEV_TO_OCC
1717494927.8621204,"{'21001': '0,1717494927', '11002': '0,1717494927', '21002': '0,1717494926', '11001': '0,1717494926'}",0.0,14.8,DEV_TO_OCC
1717494929.0894728,"{'21001': '0,1717494928', '11002': '0,1717494927', '21002': '0,1717494927', '11001': '0,1717494926'}",5.6,14.8,DEV_TO_OCC
1717494929.0902936,"{'21001': '0,1717494928', '11002': '0,1717494928', '21002': '0,1717494927', '11001': '0,1717494927'}",0.0,14.8,DEV_TO_OCC
1717494930.0127609,"{'21001': '0,1717494928', '11002': '0,1717494929', '21002': '0,1717494927', '11001': '0,1717494928'}",5.5,14.7,DEV_TO_OCC
1717494930.013694,"{'21001': '0,1717494929', '11002': '0,1717494929', '21002': '0,1717494928', '11001': '0,1717494928'}",0.0,14.7,DEV_TO_OCC
1717494930.936806,"{'21001': '0,1717494929', '11002': '0,1717494930', '21002': '0,1717494928', '11001': '0,1717494929'}",5.4,14.7,DEV_TO_OCC
1717494930.937835,"{'21001': '0,1717494930', '11002': '0,1717494930', '21002': '0,1717494929', '11001': '0,1717494929'}",0.0,14.7,DEV_TO_OCC
1717494931.8545873,"{'21001': '0,1717494930', '11002': '0,1717494931', '21002': '0,1717494929', '11001': '0,1717494930'}",4.4,14.7,DEV_TO_OCC
1717494931.8556402,"{'21001': '0,1717494931', '11002': '0,1717494931', '21002': '0,1717494930', '11001': '0,1717494930'}",0.0,14.7,DEV_TO_OCC
1717494933.0826547,"{'21001': '0,1717494931', '11002': '0,1717494932', '21002': '0,1717494930', '11001': '0,1717494931'}",5.6,14.7,DEV_TO_OCC
1717494933.0831382,"{'21001': '0,1717494932', '11002': '0,1717494932', '21002': '0,1717494931', '11001': '0,1717494931'}",0.0,14.7,DEV_TO_OCC
1717494934.0045264,"{'21001': '0,1717494932', '11002': '0,1717494933', '21002': '0,1717494931', '11001': '0,1717494932'}",3.0,14.7,DEV_TO_OCC
1717494934.0054395,"{'21001': '0,1717494933', '11002': '0,1717494933', '21002': '0,1717494932', '11001': '0,1717494932'}",0.0,14.7,DEV_TO_OCC
1717494934.9275997,"{'21001': '0,1717494933', '11002': '0,1717494934', '21002': '0,1717494932', '11001': '0,1717494933'}",5.9,14.7,DEV_TO_OCC
1717494934.9285352,"{'21001': '0,1717494934', '11002': '0,1717494934', '21002': '0,1717494933', '11001': '0,1717494933'}",75.0,14.7,DEV_TO_OCC
1717494935.1930413,125,9.1,14.7,OCC_TO_CU
1717494935.1943626,126,0.0,14.7,OCC_TO_CU
1717494935.1955457,127,0.0,14.7,OCC_TO_CU
1717494935.1966717,128,100.0,14.7,OCC_TO_CU
1717494935.850926,"{'21001': '0,1717494934', '11002': '0,1717494935', '21002': '0,1717494933', '11001': '0,1717494934'}",16.7,14.7,DEV_TO_OCC
1717494935.8517728,"{'21001': '0,1717494935', '11002': '0,1717494935', '21002': '0,1717494934', '11001': '0,1717494934'}",0.0,14.7,DEV_TO_OCC
1717494936.874654,"{'21001': '0,1717494935', '11002': '1,1717494936', '21002': '0,1717494934', '11001': '1,1717494935'}",5.4,14.7,DEV_TO_OCC
1717494936.875794,"{'21001': '1,1717494936', '11002': '1,1717494936', '21002': '1,1717494935', '11001': '1,1717494935'}",0.0,14.7,DEV_TO_OCC
1717494937.9981737,"{'21001': '1,1717494936', '11002': '1,1717494937', '21002': '1,1717494935', '11001': '1,1717494936'}",3.4,14.7,DEV_TO_OCC
1717494937.9991071,"{'21001': '1,1717494937', '11002': '1,1717494937', '21002': '1,1717494936', '11001': '1,1717494936'}",0.0,14.7,DEV_TO_OCC
1717494938.8271031,"{'21001': '1,1717494938', '11002': '1,1717494937', '21002': '1,1717494937', '11001': '1,1717494936'}",4.0,14.7,DEV_TO_OCC
1717494938.8279936,"{'21001': '1,1717494938', '11002': '1,1717494938', '21002': '1,1717494937', '11001': '1,1717494937'}",0.0,14.7,DEV_TO_OCC
1717494939.84166,"{'21001': '1,1717494939', '11002': '1,1717494938', '21002': '1,1717494938', '11001': '1,1717494937'}",2.3,14.7,DEV_TO_OCC
1717494939.8426936,"{'21001': '1,1717494939', '11002': '1,1717494939', '21002': '1,1717494938', '11001': '1,1717494938'}",0.0,14.7,DEV_TO_OCC
1717494941.0703707,"{'21001': '1,1717494939', '11002': '1,1717494940', '21002': '1,1717494938', '11001': '1,1717494939'}",2.8,14.7,DEV_TO_OCC
1717494941.071368,"{'21001': '1,1717494940', '11002': '1,1717494940', '21002': '1,1717494939', '11001': '1,1717494939'}",0.0,14.7,DEV_TO_OCC
1717494941.9920592,"{'21001': '1,1717494941', '11002': '1,1717494940', '21002': '1,1717494940', '11001': '1,1717494939'}",7.2,14.7,DEV_TO_OCC
1717494941.9930341,"{'21001': '1,1717494941', '11002': '1,1717494941', '21002': '1,1717494940', '11001': '1,1717494940'}",100.0,14.7,DEV_TO_OCC
1717494942.913494,"{'21001': '1,1717494941', '11002': '1,1717494942', '21002': '1,1717494940', '11001': '1,1717494941'}",4.4,14.7,DEV_TO_OCC
1717494942.914528,"{'21001': '1,1717494942', '11002': '1,1717494942', '21002': '1,1717494941', '11001': '1,1717494941'}",0.0,14.7,DEV_TO_OCC
1717494943.835164,"{'21001': '1,1717494943', '11002': '1,1717494942', '21002': '1,1717494942', '11001': '1,1717494941'}",4.3,14.7,DEV_TO_OCC
1717494943.836149,"{'21001': '1,1717494943', '11002': '1,1717494943', '21002': '1,1717494942', '11001': '1,1717494942'}",0.0,14.7,DEV_TO_OCC
1717494944.859175,"{'21001': '1,1717494943', '11002': '1,1717494944', '21002': '1,1717494942', '11001': '1,1717494943'}",5.5,14.7,DEV_TO_OCC
1717494944.8600864,"{'21001': '1,1717494944', '11002': '1,1717494944', '21002': '1,1717494943', '11001': '1,1717494943'}",0.0,14.7,DEV_TO_OCC
1717494945.1984804,129,4.7,14.7,OCC_TO_CU
1717494945.199629,130,0.0,14.7,OCC_TO_CU
1717494945.2008333,131,100.0,14.7,OCC_TO_CU
1717494945.201946,132,0.0,14.7,OCC_TO_CU
1717494945.9857817,"{'21001': '1,1717494944', '11002': '1,1717494945', '21002': '1,1717494943', '11001': '1,1717494944'}",7.5,14.7,DEV_TO_OCC
1717494945.9866652,"{'21001': '1,1717494945', '11002': '1,1717494945', '21002': '1,1717494944', '11001': '1,1717494944'}",0.0,14.7,DEV_TO_OCC
1717494946.8045785,"{'21001': '0,1717494946', '11002': '1,1717494945', '21002': '0,1717494945', '11001': '1,1717494944'}",7.4,14.7,DEV_TO_OCC
1717494946.8248093,"{'21001': '0,1717494946', '11002': '0,1717494946', '21002': '0,1717494945', '11001': '0,1717494945'}",25.0,14.7,DEV_TO_OCC
1717494947.8284328,"{'21001': '0,1717494947', '11002': '0,1717494946', '21002': '0,1717494946', '11001': '0,1717494945'}",8.1,14.7,DEV_TO_OCC
1717494947.8293471,"{'21001': '0,1717494947', '11002': '0,1717494947', '21002': '0,1717494946', '11001': '0,1717494946'}",50.0,14.7,DEV_TO_OCC
1717494949.0594401,"{'21001': '0,1717494948', '11002': '0,1717494947', '21002': '0,1717494947', '11001': '0,1717494946'}",8.1,14.7,DEV_TO_OCC
1717494949.0615194,"{'21001': '0,1717494948', '11002': '0,1717494948', '21002': '0,1717494947', '11001': '0,1717494947'}",66.7,14.7,DEV_TO_OCC
1717494949.9829898,"{'21001': '0,1717494949', '11002': '0,1717494948', '21002': '0,1717494948', '11001': '0,1717494947'}",5.0,14.7,DEV_TO_OCC
1717494949.9837277,"{'21001': '0,1717494949', '11002': '0,1717494949', '21002': '0,1717494948', '11001': '0,1717494948'}",0.0,14.7,DEV_TO_OCC
1717494950.9028041,"{'21001': '0,1717494950', '11002': '0,1717494949', '21002': '0,1717494949', '11001': '0,1717494948'}",19.7,14.7,DEV_TO_OCC
1717494950.9036849,"{'21001': '0,1717494950', '11002': '0,1717494950', '21002': '0,1717494949', '11001': '0,1717494949'}",0.0,14.7,DEV_TO_OCC
1717494951.824938,"{'21001': '0,1717494951', '11002': '0,1717494950', '21002': '0,1717494950', '11001': '0,1717494949'}",3.1,14.7,DEV_TO_OCC
1717494951.8284621,"{'21001': '0,1717494951', '11002': '0,1717494951', '21002': '0,1717494950', '11001': '0,1717494950'}",0.0,14.7,DEV_TO_OCC
1717494953.0531163,"{'21001': '0,1717494952', '11002': '0,1717494951', '21002': '0,1717494951', '11001': '0,1717494950'}",2.0,14.7,DEV_TO_OCC
1717494953.0539658,"{'21001': '0,1717494952', '11002': '0,1717494952', '21002': '0,1717494951', '11001': '0,1717494951'}",0.0,14.7,DEV_TO_OCC
1717494953.873607,"{'21001': '0,1717494953', '11002': '0,1717494952', '21002': '0,1717494952', '11001': '0,1717494951'}",6.7,14.8,DEV_TO_OCC
1717494953.8745933,"{'21001': '0,1717494953', '11002': '0,1717494953', '21002': '0,1717494952', '11001': '0,1717494952'}",0.0,14.8,DEV_TO_OCC
1717494954.91547,"{'21001': '0,1717494954', '11002': '0,1717494953', '21002': '0,1717494953', '11001': '0,1717494952'}",4.0,14.8,DEV_TO_OCC
1717494954.916408,"{'21001': '0,1717494954', '11002': '0,1717494954', '21002': '0,1717494953', '11001': '0,1717494953'}",0.0,14.8,DEV_TO_OCC
1717494955.2130544,133,4.8,14.7,OCC_TO_CU
1717494955.2138925,134,0.0,14.7,OCC_TO_CU
1717494955.2148063,135,0.0,14.7,OCC_TO_CU
1717494955.2155972,136,0.0,14.7,OCC_TO_CU
1717494955.817031,"{'21001': '0,1717494955', '11002': '0,1717494954', '21002': '0,1717494954', '11001': '0,1717494953'}",12.8,14.7,DEV_TO_OCC
1717494955.8261116,"{'21001': '0,1717494955', '11002': '0,1717494955', '21002': '0,1717494954', '11001': '0,1717494954'}",30.0,14.7,DEV_TO_OCC
1717494957.0497246,"{'21001': '1,1717494956', '11002': '0,1717494955', '21002': '1,1717494955', '11001': '0,1717494954'}",9.8,14.7,DEV_TO_OCC
1717494957.0507426,"{'21001': '1,1717494956', '11002': '1,1717494956', '21002': '1,1717494955', '11001': '1,1717494955'}",0.0,14.7,DEV_TO_OCC
1717494958.0689363,"{'21001': '1,1717494957', '11002': '1,1717494956', '21002': '1,1717494956', '11001': '1,1717494955'}",2.3,14.7,DEV_TO_OCC
1717494958.0699306,"{'21001': '1,1717494957', '11002': '1,1717494957', '21002': '1,1717494956', '11001': '1,1717494956'}",0.0,14.7,DEV_TO_OCC
1717494958.8881812,"{'21001': '1,1717494957', '11002': '1,1717494958', '21002': '1,1717494956', '11001': '1,1717494957'}",2.2,14.7,DEV_TO_OCC
1717494958.889196,"{'21001': '1,1717494958', '11002': '1,1717494958', '21002': '1,1717494957', '11001': '1,1717494957'}",50.0,14.7,DEV_TO_OCC
1717494959.8099308,"{'21001': '1,1717494959', '11002': '1,1717494958', '21002': '1,1717494958', '11001': '1,1717494957'}",1.9,14.7,DEV_TO_OCC
1717494959.827755,"{'21001': '1,1717494959', '11002': '1,1717494959', '21002': '1,1717494958', '11001': '1,1717494958'}",27.3,14.7,DEV_TO_OCC
1717494960.8353677,"{'21001': '1,1717494960', '11002': '1,1717494959', '21002': '1,1717494959', '11001': '1,1717494958'}",2.0,14.7,DEV_TO_OCC
1717494960.8362956,"{'21001': '1,1717494960', '11002': '1,1717494960', '21002': '1,1717494959', '11001': '1,1717494959'}",0.0,14.7,DEV_TO_OCC
1717494961.8575342,"{'21001': '1,1717494961', '11002': '1,1717494960', '21002': '1,1717494960', '11001': '1,1717494959'}",2.0,14.7,DEV_TO_OCC
1717494961.858557,"{'21001': '1,1717494961', '11002': '1,1717494961', '21002': '1,1717494960', '11001': '1,1717494960'}",0.0,14.7,DEV_TO_OCC
1717494962.8814552,"{'21001': '1,1717494962', '11002': '1,1717494961', '21002': '1,1717494961', '11001': '1,1717494960'}",1.9,14.7,DEV_TO_OCC
1717494962.882457,"{'21001': '1,1717494962', '11002': '1,1717494962', '21002': '1,1717494961', '11001': '1,1717494961'}",0.0,14.7,DEV_TO_OCC
1717494963.8055346,"{'21001': '1,1717494963', '11002': '1,1717494962', '21002': '1,1717494962', '11001': '1,1717494961'}",7.9,14.7,DEV_TO_OCC
1717494963.8290029,"{'21001': '1,1717494963', '11002': '1,1717494963', '21002': '1,1717494962', '11001': '1,1717494962'}",11.5,14.7,DEV_TO_OCC
1717494965.0324686,"{'21001': '1,1717494964', '11002': '1,1717494963', '21002': '1,1717494963', '11001': '1,1717494962'}",1.9,14.7,DEV_TO_OCC
1717494965.0334477,"{'21001': '1,1717494964', '11002': '1,1717494964', '21002': '1,1717494963', '11001': '1,1717494963'}",100.0,14.7,DEV_TO_OCC
1717494965.2268054,137,5.2,14.7,OCC_TO_CU
1717494965.227774,138,0.0,14.7,OCC_TO_CU
1717494965.2289252,139,80.0,14.7,OCC_TO_CU
1717494965.2299583,140,0.0,14.7,OCC_TO_CU
1717494965.9536047,"{'21001': '1,1717494965', '11002': '1,1717494964', '21002': '1,1717494964', '11001': '1,1717494963'}",2.7,14.7,DEV_TO_OCC
1717494965.9544992,"{'21001': '1,1717494965', '11002': '1,1717494965', '21002': '1,1717494964', '11001': '1,1717494964'}",0.0,14.7,DEV_TO_OCC
1717494966.8774426,"{'21001': '0,1717494966', '11002': '1,1717494965', '21002': '0,1717494965', '11001': '1,1717494964'}",10.2,14.7,DEV_TO_OCC
1717494966.8784876,"{'21001': '0,1717494966', '11002': '0,1717494966', '21002': '0,1717494965', '11001': '0,1717494965'}",0.0,14.7,DEV_TO_OCC
1717494968.1052809,"{'21001': '0,1717494967', '11002': '0,1717494966', '21002': '0,1717494966', '11001': '0,1717494965'}",5.5,14.7,DEV_TO_OCC
1717494968.1062708,"{'21001': '0,1717494967', '11002': '0,1717494967', '21002': '0,1717494966', '11001': '0,1717494966'}",0.0,14.7,DEV_TO_OCC
1717494968.932397,"{'21001': '0,1717494967', '11002': '0,1717494968', '21002': '0,1717494966', '11001': '0,1717494967'}",2.1,14.7,DEV_TO_OCC
1717494968.933404,"{'21001': '0,1717494968', '11002': '0,1717494968', '21002': '0,1717494967', '11001': '0,1717494967'}",50.0,14.7,DEV_TO_OCC
1717494969.9477327,"{'21001': '0,1717494969', '11002': '0,1717494968', '21002': '0,1717494968', '11001': '0,1717494967'}",1.8,14.7,DEV_TO_OCC
1717494969.9487665,"{'21001': '0,1717494969', '11002': '0,1717494969', '21002': '0,1717494968', '11001': '0,1717494968'}",100.0,14.7,DEV_TO_OCC
1717494970.868894,"{'21001': '0,1717494970', '11002': '0,1717494969', '21002': '0,1717494969', '11001': '0,1717494968'}",1.7,14.7,DEV_TO_OCC
1717494970.8699162,"{'21001': '0,1717494970', '11002': '0,1717494970', '21002': '0,1717494969', '11001': '0,1717494969'}",0.0,14.7,DEV_TO_OCC
1717494972.2013733,"{'21001': '0,1717494970', '11002': '0,1717494971', '21002': '0,1717494969', '11001': '0,1717494970'}",2.9,14.7,DEV_TO_OCC
1717494972.2023714,"{'21001': '0,1717494971', '11002': '0,1717494971', '21002': '0,1717494970', '11001': '0,1717494970'}",0.0,14.7,DEV_TO_OCC
1717494973.02125,"{'21001': '0,1717494971', '11002': '0,1717494972', '21002': '0,1717494970', '11001': '0,1717494971'}",1.9,14.7,DEV_TO_OCC
1717494973.0221994,"{'21001': '0,1717494972', '11002': '0,1717494972', '21002': '0,1717494971', '11001': '0,1717494971'}",0.0,14.7,DEV_TO_OCC
1717494973.838727,"{'21001': '0,1717494973', '11002': '0,1717494972', '21002': '0,1717494972', '11001': '0,1717494971'}",2.3,14.7,DEV_TO_OCC
1717494973.8398187,"{'21001': '0,1717494973', '11002': '0,1717494973', '21002': '0,1717494972', '11001': '0,1717494972'}",0.0,14.7,DEV_TO_OCC
1717494974.8790479,"{'21001': '0,1717494973', '11002': '0,1717494974', '21002': '0,1717494972', '11001': '0,1717494973'}",2.2,14.7,DEV_TO_OCC
1717494974.880024,"{'21001': '0,1717494974', '11002': '0,1717494974', '21002': '0,1717494973', '11001': '0,1717494973'}",0.0,14.7,DEV_TO_OCC
1717494975.2413812,141,2.5,14.7,OCC_TO_CU
1717494975.242637,142,0.0,14.7,OCC_TO_CU
1717494975.24377,143,0.0,14.7,OCC_TO_CU
1717494975.2449439,144,100.0,14.7,OCC_TO_CU
1717494976.0916133,"{'21001': '0,1717494975', '11002': '0,1717494974', '21002': '0,1717494974', '11001': '0,1717494973'}",2.8,14.7,DEV_TO_OCC
1717494976.092624,"{'21001': '0,1717494975', '11002': '0,1717494975', '21002': '0,1717494974', '11001': '0,1717494974'}",80.0,14.7,DEV_TO_OCC
1717494977.012934,"{'21001': '0,1717494975', '11002': '1,1717494976', '21002': '0,1717494974', '11001': '1,1717494975'}",2.0,14.7,DEV_TO_OCC
1717494977.0138404,"{'21001': '1,1717494976', '11002': '1,1717494976', '21002': '1,1717494975', '11001': '1,1717494975'}",0.0,14.7,DEV_TO_OCC
1717494977.832149,"{'21001': '1,1717494977', '11002': '1,1717494976', '21002': '1,1717494976', '11001': '1,1717494975'}",4.0,14.7,DEV_TO_OCC
1717494977.8474095,"{'21001': '1,1717494977', '11002': '1,1717494977', '21002': '1,1717494976', '11001': '1,1717494976'}",27.8,14.7,DEV_TO_OCC
1717494978.8565195,"{'21001': '1,1717494978', '11002': '1,1717494977', '21002': '1,1717494977', '11001': '1,1717494976'}",2.1,14.7,DEV_TO_OCC
1717494978.8575487,"{'21001': '1,1717494978', '11002': '1,1717494978', '21002': '1,1717494977', '11001': '1,1717494977'}",0.0,14.7,DEV_TO_OCC
1717494979.8827748,"{'21001': '1,1717494979', '11002': '1,1717494978', '21002': '1,1717494978', '11001': '1,1717494977'}",6.2,14.7,DEV_TO_OCC
1717494979.8838086,"{'21001': '1,1717494979', '11002': '1,1717494979', '21002': '1,1717494978', '11001': '1,1717494978'}",0.0,14.7,DEV_TO_OCC
1717494981.0065928,"{'21001': '1,1717494980', '11002': '1,1717494979', '21002': '1,1717494979', '11001': '1,1717494978'}",1.9,14.7,DEV_TO_OCC
1717494981.0075526,"{'21001': '1,1717494980', '11002': '1,1717494980', '21002': '1,1717494979', '11001': '1,1717494979'}",0.0,14.7,DEV_TO_OCC
1717494981.9279814,"{'21001': '1,1717494981', '11002': '1,1717494980', '21002': '1,1717494980', '11001': '1,1717494979'}",1.9,14.7,DEV_TO_OCC
1717494981.9289792,"{'21001': '1,1717494981', '11002': '1,1717494981', '21002': '1,1717494980', '11001': '1,1717494980'}",66.7,14.7,DEV_TO_OCC
1717494982.8512614,"{'21001': '1,1717494982', '11002': '1,1717494981', '21002': '1,1717494981', '11001': '1,1717494980'}",2.1,14.6,DEV_TO_OCC
1717494982.8522182,"{'21001': '1,1717494982', '11002': '1,1717494982', '21002': '1,1717494981', '11001': '1,1717494981'}",0.0,14.6,DEV_TO_OCC
1717494984.0928102,"{'21001': '1,1717494982', '11002': '1,1717494983', '21002': '1,1717494981', '11001': '1,1717494982'}",8.5,14.7,DEV_TO_OCC
1717494984.0961819,"{'21001': '1,1717494983', '11002': '1,1717494983', '21002': '1,1717494982', '11001': '1,1717494982'}",0.0,14.7,DEV_TO_OCC
1717494985.032141,"{'21001': '1,1717494984', '11002': '1,1717494983', '21002': '1,1717494983', '11001': '1,1717494982'}",2.1,14.7,DEV_TO_OCC
1717494985.0331292,"{'21001': '1,1717494984', '11002': '1,1717494984', '21002': '1,1717494983', '11001': '1,1717494983'}",50.0,14.7,DEV_TO_OCC
1717494985.2531943,145,3.8,14.7,OCC_TO_CU
1717494985.2541559,146,0.0,14.7,OCC_TO_CU
1717494985.2551157,147,0.0,14.7,OCC_TO_CU
1717494985.256026,148,0.0,14.7,OCC_TO_CU
1717494985.9533165,"{'21001': '1,1717494984', '11002': '1,1717494985', '21002': '1,1717494983', '11001': '1,1717494984'}",4.3,14.7,DEV_TO_OCC
1717494985.9546278,"{'21001': '1,1717494985', '11002': '1,1717494985', '21002': '1,1717494984', '11001': '1,1717494984'}",0.0,14.7,DEV_TO_OCC
1717494986.8003938,"{'21001': '0,1717494986', '11002': '1,1717494985', '21002': '0,1717494985', '11001': '1,1717494984'}",2.7,14.7,DEV_TO_OCC
1717494986.8551328,"{'21001': '0,1717494986', '11002': '0,1717494986', '21002': '0,1717494985', '11001': '0,1717494985'}",7.8,14.7,DEV_TO_OCC
1717494987.8030856,"{'21001': '0,1717494987', '11002': '0,1717494986', '21002': '0,1717494986', '11001': '0,1717494985'}",2.6,14.7,DEV_TO_OCC
1717494987.840481,"{'21001': '0,1717494987', '11002': '0,1717494987', '21002': '0,1717494986', '11001': '0,1717494986'}",19.6,14.7,DEV_TO_OCC
1717494988.8029308,"{'21001': '0,1717494988', '11002': '0,1717494987', '21002': '0,1717494987', '11001': '0,1717494986'}",2.2,14.7,DEV_TO_OCC
1717494988.8360608,"{'21001': '0,1717494988', '11002': '0,1717494988', '21002': '0,1717494987', '11001': '0,1717494987'}",10.3,14.7,DEV_TO_OCC
1717494989.8044865,"{'21001': '0,1717494989', '11002': '0,1717494988', '21002': '0,1717494988', '11001': '0,1717494987'}",1.7,14.7,DEV_TO_OCC
1717494989.8362617,"{'21001': '0,1717494989', '11002': '0,1717494989', '21002': '0,1717494988', '11001': '0,1717494988'}",10.8,14.7,DEV_TO_OCC
1717494990.8457696,"{'21001': '0,1717494990', '11002': '0,1717494989', '21002': '0,1717494989', '11001': '0,1717494988'}",1.6,14.7,DEV_TO_OCC
1717494990.8481357,"{'21001': '0,1717494990', '11002': '0,1717494990', '21002': '0,1717494989', '11001': '0,1717494989'}",0.0,14.7,DEV_TO_OCC
1717494992.0660703,"{'21001': '0,1717494991', '11002': '0,1717494990', '21002': '0,1717494990', '11001': '0,1717494989'}",2.0,14.7,DEV_TO_OCC
1717494992.0671432,"{'21001': '0,1717494991', '11002': '0,1717494991', '21002': '0,1717494990', '11001': '0,1717494990'}",0.0,14.7,DEV_TO_OCC
1717494992.9894357,"{'21001': '0,1717494991', '11002': '0,1717494992', '21002': '0,1717494990', '11001': '0,1717494991'}",3.3,14.7,DEV_TO_OCC
1717494992.9904628,"{'21001': '0,1717494992', '11002': '0,1717494992', '21002': '0,1717494991', '11001': '0,1717494991'}",0.0,14.7,DEV_TO_OCC
1717494993.909997,"{'21001': '0,1717494993', '11002': '0,1717494992', '21002': '0,1717494992', '11001': '0,1717494991'}",1.7,14.7,DEV_TO_OCC
1717494993.911065,"{'21001': '0,1717494993', '11002': '0,1717494993', '21002': '0,1717494992', '11001': '0,1717494992'}",0.0,14.7,DEV_TO_OCC
1717494994.8302786,"{'21001': '0,1717494994', '11002': '0,1717494993', '21002': '0,1717494993', '11001': '0,1717494992'}",2.0,14.7,DEV_TO_OCC
1717494994.8754072,"{'21001': '0,1717494994', '11002': '0,1717494994', '21002': '0,1717494993', '11001': '0,1717494993'}",9.6,14.7,DEV_TO_OCC
1717494995.2653432,149,3.8,14.7,OCC_TO_CU
1717494995.2662528,150,0.0,14.7,OCC_TO_CU
1717494995.2670977,151,0.0,14.7,OCC_TO_CU
1717494995.2679174,152,0.0,14.7,OCC_TO_CU
1717494995.8599129,"{'21001': '0,1717494995', '11002': '0,1717494994', '21002': '0,1717494994', '11001': '0,1717494993'}",12.9,14.7,DEV_TO_OCC
1717494995.8662968,"{'21001': '0,1717494995', '11002': '0,1717494995', '21002': '0,1717494994', '11001': '0,1717494994'}",28.6,14.7,DEV_TO_OCC
1717494996.9941485,"{'21001': '0,1717494995', '11002': '1,1717494996', '21002': '0,1717494994', '11001': '1,1717494995'}",10.0,14.7,DEV_TO_OCC
1717494996.9949658,"{'21001': '1,1717494996', '11002': '1,1717494996', '21002': '1,1717494995', '11001': '1,1717494995'}",0.0,14.7,DEV_TO_OCC
1717494997.9032645,"{'21001': '1,1717494997', '11002': '1,1717494996', '21002': '1,1717494996', '11001': '1,1717494995'}",2.0,14.7,DEV_TO_OCC
1717494997.904482,"{'21001': '1,1717494997', '11002': '1,1717494997', '21002': '1,1717494996', '11001': '1,1717494996'}",0.0,14.7,DEV_TO_OCC
1717494998.824978,"{'21001': '1,1717494998', '11002': '1,1717494997', '21002': '1,1717494997', '11001': '1,1717494996'}",2.0,14.7,DEV_TO_OCC
1717494998.8396194,"{'21001': '1,1717494998', '11002': '1,1717494998', '21002': '1,1717494997', '11001': '1,1717494997'}",29.4,14.7,DEV_TO_OCC
1717495000.053145,"{'21001': '1,1717494998', '11002': '1,1717494999', '21002': '1,1717494997', '11001': '1,1717494998'}",2.1,14.7,DEV_TO_OCC
1717495000.0540214,"{'21001': '1,1717494999', '11002': '1,1717494999', '21002': '1,1717494998', '11001': '1,1717494998'}",0.0,14.7,DEV_TO_OCC
1717495000.8744867,"{'21001': '1,1717495000', '11002': '1,1717494999', '21002': '1,1717494999', '11001': '1,1717494998'}",1.7,14.7,DEV_TO_OCC
1717495000.8774197,"{'21001': '1,1717495000', '11002': '1,1717495000', '21002': '1,1717494999', '11001': '1,1717494999'}",66.7,14.7,DEV_TO_OCC
1717495001.8963296,"{'21001': '1,1717495001', '11002': '1,1717495000', '21002': '1,1717495000', '11001': '1,1717494999'}",1.8,14.7,DEV_TO_OCC
1717495001.897397,"{'21001': '1,1717495001', '11002': '1,1717495001', '21002': '1,1717495000', '11001': '1,1717495000'}",50.0,14.7,DEV_TO_OCC
1717495002.8316138,"{'21001': '1,1717495002', '11002': '1,1717495001', '21002': '1,1717495001', '11001': '1,1717495000'}",2.2,14.7,DEV_TO_OCC
1717495002.8631797,"{'21001': '1,1717495002', '11002': '1,1717495002', '21002': '1,1717495001', '11001': '1,1717495001'}",17.5,14.7,DEV_TO_OCC
1717495004.0544553,"{'21001': '1,1717495003', '11002': '1,1717495002', '21002': '1,1717495002', '11001': '1,1717495001'}",1.3,14.7,DEV_TO_OCC
1717495004.0553844,"{'21001': '1,1717495003', '11002': '1,1717495003', '21002': '1,1717495002', '11001': '1,1717495002'}",0.0,14.7,DEV_TO_OCC
1717495004.980285,"{'21001': '1,1717495003', '11002': '1,1717495004', '21002': '1,1717495002', '11001': '1,1717495003'}",1.8,14.7,DEV_TO_OCC
1717495004.981518,"{'21001': '1,1717495004', '11002': '1,1717495004', '21002': '1,1717495003', '11001': '1,1717495003'}",50.0,14.7,DEV_TO_OCC
1717495005.275095,153,4.3,14.7,OCC_TO_CU
1717495005.276053,154,0.0,14.7,OCC_TO_CU
1717495005.276941,155,100.0,14.7,OCC_TO_CU
1717495005.2777991,156,0.0,14.7,OCC_TO_CU
1717495005.8966942,"{'21001': '1,1717495005', '11002': '1,1717495004', '21002': '1,1717495004', '11001': '1,1717495003'}",2.7,14.7,DEV_TO_OCC
1717495005.8977473,"{'21001': '1,1717495005', '11002': '1,1717495005', '21002': '1,1717495004', '11001': '1,1717495004'}",0.0,14.7,DEV_TO_OCC
1717495007.1307,"{'21001': '0,1717495006', '11002': '1,1717495005', '21002': '0,1717495005', '11001': '1,1717495004'}",1.7,14.7,DEV_TO_OCC
1717495007.1319604,"{'21001': '0,1717495006', '11002': '0,1717495006', '21002': '0,1717495005', '11001': '0,1717495005'}",0.0,14.7,DEV_TO_OCC
1717495008.0443242,"{'21001': '0,1717495007', '11002': '0,1717495006', '21002': '0,1717495006', '11001': '0,1717495005'}",1.7,14.7,DEV_TO_OCC
1717495008.0453305,"{'21001': '0,1717495007', '11002': '0,1717495007', '21002': '0,1717495006', '11001': '0,1717495006'}",50.0,14.7,DEV_TO_OCC
1717495008.9851165,"{'21001': '0,1717495007', '11002': '0,1717495008', '21002': '0,1717495006', '11001': '0,1717495007'}",2.0,14.7,DEV_TO_OCC
1717495008.986106,"{'21001': '0,1717495008', '11002': '0,1717495008', '21002': '0,1717495007', '11001': '0,1717495007'}",0.0,14.7,DEV_TO_OCC
1717495009.8835938,"{'21001': '0,1717495009', '11002': '0,1717495008', '21002': '0,1717495008', '11001': '0,1717495007'}",1.9,14.7,DEV_TO_OCC
1717495009.8845031,"{'21001': '0,1717495009', '11002': '0,1717495009', '21002': '0,1717495008', '11001': '0,1717495008'}",0.0,14.7,DEV_TO_OCC
1717495011.11301,"{'21001': '0,1717495009', '11002': '0,1717495010', '21002': '0,1717495008', '11001': '0,1717495009'}",2.2,14.7,DEV_TO_OCC
1717495011.1139305,"{'21001': '0,1717495010', '11002': '0,1717495010', '21002': '0,1717495009', '11001': '0,1717495009'}",0.0,14.7,DEV_TO_OCC
1717495011.931897,"{'21001': '0,1717495011', '11002': '0,1717495010', '21002': '0,1717495010', '11001': '0,1717495009'}",17.9,14.7,DEV_TO_OCC
1717495011.9328752,"{'21001': '0,1717495011', '11002': '0,1717495011', '21002': '0,1717495010', '11001': '0,1717495010'}",66.7,14.7,DEV_TO_OCC
1717495012.9570084,"{'21001': '0,1717495011', '11002': '0,1717495012', '21002': '0,1717495010', '11001': '0,1717495011'}",2.1,14.7,DEV_TO_OCC
1717495012.9580371,"{'21001': '0,1717495012', '11002': '0,1717495012', '21002': '0,1717495011', '11001': '0,1717495011'}",0.0,14.7,DEV_TO_OCC
1717495013.8795044,"{'21001': '0,1717495012', '11002': '0,1717495013', '21002': '0,1717495011', '11001': '0,1717495012'}",1.9,14.7,DEV_TO_OCC
1717495013.8804543,"{'21001': '0,1717495013', '11002': '0,1717495013', '21002': '0,1717495012', '11001': '0,1717495012'}",0.0,14.7,DEV_TO_OCC
1717495015.107959,"{'21001': '0,1717495014', '11002': '0,1717495013', '21002': '0,1717495013', '11001': '0,1717495012'}",2.0,14.7,DEV_TO_OCC
1717495015.1203544,"{'21001': '0,1717495014', '11002': '0,1717495013', '21002': '0,1717495013', '11001': '0,1717495013'}",26.7,14.7,DEV_TO_OCC
1717495015.2850354,157,8.5,14.7,OCC_TO_CU
1717495015.2861085,158,0.0,14.7,OCC_TO_CU
1717495015.2872381,159,0.0,14.7,OCC_TO_CU
1717495015.2884007,160,0.0,14.7,OCC_TO_CU
1717495015.82224,"{'21001': '0,1717495015', '11002': '0,1717495013', '21002': '0,1717495014', '11001': '0,1717495013'}",3.9,14.7,DEV_TO_OCC
1717495016.2321677,"{'21001': '0,1717495015', '11002': '0,1717495015', '21002': '0,1717495014', '11001': '1,1717495015'}",2.7,14.7,DEV_TO_OCC
1717495016.9492311,"{'21001': '1,1717495016', '11002': '0,1717495015', '21002': '1,1717495015', '11001': '1,1717495015'}",2.6,14.7,DEV_TO_OCC
1717495017.1545932,"{'21001': '1,1717495016', '11002': '1,1717495016', '21002': '1,1717495015', '11001': '1,1717495016'}",3.7,14.7,DEV_TO_OCC
1717495017.8709927,"{'21001': '1,1717495017', '11002': '1,1717495016', '21002': '1,1717495016', '11001': '1,1717495016'}",2.2,14.7,DEV_TO_OCC
1717495018.177962,"{'21001': '1,1717495017', '11002': '1,1717495017', '21002': '1,1717495016', '11001': '1,1717495017'}",7.9,14.7,DEV_TO_OCC
1717495019.0990512,"{'21001': '1,1717495018', '11002': '1,1717495017', '21002': '1,1717495017', '11001': '1,1717495017'}",7.3,14.7,DEV_TO_OCC
1717495019.123382,"{'21001': '1,1717495018', '11002': '1,1717495018', '21002': '1,1717495017', '11001': '1,1717495018'}",25.0,14.7,DEV_TO_OCC
1717495020.0216155,"{'21001': '1,1717495019', '11002': '1,1717495018', '21002': '1,1717495018', '11001': '1,1717495018'}",4.2,14.7,DEV_TO_OCC
1717495020.1231248,"{'21001': '1,1717495019', '11002': '1,1717495019', '21002': '1,1717495018', '11001': '1,1717495019'}",6.7,14.7,DEV_TO_OCC
1717495020.9422739,"{'21001': '1,1717495020', '11002': '1,1717495019', '21002': '1,1717495019', '11001': '1,1717495019'}",1.3,14.7,DEV_TO_OCC
1717495021.1478565,"{'21001': '1,1717495020', '11002': '1,1717495020', '21002': '1,1717495019', '11001': '1,1717495020'}",16.5,14.7,DEV_TO_OCC
1717495021.8738883,"{'21001': '1,1717495021', '11002': '1,1717495020', '21002': '1,1717495020', '11001': '1,1717495020'}",6.3,14.7,DEV_TO_OCC
1717495022.1258538,"{'21001': '1,1717495021', '11002': '1,1717495021', '21002': '1,1717495020', '11001': '1,1717495021'}",25.2,14.7,DEV_TO_OCC
1717495023.0929205,"{'21001': '1,1717495022', '11002': '1,1717495021', '21002': '1,1717495021', '11001': '1,1717495021'}",2.1,14.7,DEV_TO_OCC
1717495023.1243217,"{'21001': '1,1717495022', '11002': '1,1717495022', '21002': '1,1717495021', '11001': '1,1717495022'}",10.8,14.7,DEV_TO_OCC
1717495024.0145438,"{'21001': '1,1717495023', '11002': '1,1717495022', '21002': '1,1717495022', '11001': '1,1717495022'}",1.9,14.7,DEV_TO_OCC
1717495024.2276506,"{'21001': '1,1717495023', '11002': '1,1717495023', '21002': '1,1717495022', '11001': '1,1717495023'}",5.1,14.7,DEV_TO_OCC
1717495024.938852,"{'21001': '1,1717495024', '11002': '1,1717495023', '21002': '1,1717495023', '11001': '1,1717495023'}",2.6,14.7,DEV_TO_OCC
1717495025.1410577,"{'21001': '1,1717495024', '11002': '1,1717495024', '21002': '1,1717495023', '11001': '1,1717495024'}",6.1,14.7,DEV_TO_OCC
1717495025.2970407,161,4.9,14.7,OCC_TO_CU
1717495025.2978928,162,0.0,14.7,OCC_TO_CU
1717495025.298892,163,0.0,14.7,OCC_TO_CU
1717495025.300125,164,0.0,14.7,OCC_TO_CU
1717495025.8714314,"{'21001': '1,1717495025', '11002': '1,1717495024', '21002': '1,1717495024', '11001': '1,1717495024'}",4.5,14.7,DEV_TO_OCC
1717495026.1648343,"{'21001': '1,1717495025', '11002': '1,1717495025', '21002': '1,1717495024', '11001': '0,1717495025'}",4.2,14.7,DEV_TO_OCC
1717495027.0866306,"{'21001': '0,1717495026', '11002': '1,1717495025', '21002': '0,1717495025', '11001': '0,1717495025'}",2.3,14.7,DEV_TO_OCC
1717495027.1267915,"{'21001': '0,1717495026', '11002': '0,1717495026', '21002': '0,1717495025', '11001': '0,1717495026'}",12.5,14.7,DEV_TO_OCC
1717495027.9057922,"{'21001': '0,1717495027', '11002': '0,1717495026', '21002': '0,1717495026', '11001': '0,1717495026'}",2.5,14.7,DEV_TO_OCC
1717495028.2129421,"{'21001': '0,1717495027', '11002': '0,1717495027', '21002': '0,1717495026', '11001': '0,1717495027'}",4.6,14.7,DEV_TO_OCC
1717495029.0465865,"{'21001': '0,1717495028', '11002': '0,1717495027', '21002': '0,1717495027', '11001': '0,1717495027'}",2.0,14.7,DEV_TO_OCC
1717495029.2571166,"{'21001': '0,1717495028', '11002': '0,1717495028', '21002': '0,1717495027', '11001': '0,1717495028'}",5.5,14.7,DEV_TO_OCC
1717495029.8516638,"{'21001': '0,1717495029', '11002': '0,1717495028', '21002': '0,1717495028', '11001': '0,1717495028'}",2.8,14.7,DEV_TO_OCC
1717495030.1587956,"{'21001': '0,1717495029', '11002': '0,1717495029', '21002': '0,1717495028', '11001': '0,1717495029'}",3.8,14.7,DEV_TO_OCC
1717495031.0807934,"{'21001': '0,1717495030', '11002': '0,1717495029', '21002': '0,1717495029', '11001': '0,1717495029'}",2.4,14.7,DEV_TO_OCC
1717495031.1336477,"{'21001': '0,1717495030', '11002': '0,1717495030', '21002': '0,1717495029', '11001': '0,1717495030'}",11.1,14.7,DEV_TO_OCC
1717495032.001745,"{'21001': '0,1717495031', '11002': '0,1717495030', '21002': '0,1717495030', '11001': '0,1717495030'}",1.9,14.7,DEV_TO_OCC
1717495032.206119,"{'21001': '0,1717495031', '11002': '0,1717495031', '21002': '0,1717495030', '11001': '0,1717495031'}",5.7,14.7,DEV_TO_OCC
1717495032.923549,"{'21001': '0,1717495032', '11002': '0,1717495031', '21002': '0,1717495031', '11001': '0,1717495031'}",2.1,14.7,DEV_TO_OCC
1717495033.2315702,"{'21001': '0,1717495032', '11002': '0,1717495032', '21002': '0,1717495031', '11001': '0,1717495032'}",4.0,14.7,DEV_TO_OCC
1717495033.845777,"{'21001': '0,1717495033', '11002': '0,1717495032', '21002': '0,1717495032', '11001': '0,1717495032'}",10.5,14.7,DEV_TO_OCC
1717495034.1540143,"{'21001': '0,1717495033', '11002': '0,1717495033', '21002': '0,1717495032', '11001': '0,1717495033'}",3.8,14.7,DEV_TO_OCC
1717495034.8693516,"{'21001': '0,1717495034', '11002': '0,1717495033', '21002': '0,1717495033', '11001': '0,1717495033'}",2.5,14.7,DEV_TO_OCC
1717495035.1758797,"{'21001': '0,1717495034', '11002': '0,1717495034', '21002': '0,1717495033', '11001': '0,1717495034'}",3.8,14.7,DEV_TO_OCC
1717495035.3090422,165,6.8,14.7,OCC_TO_CU
1717495035.309866,166,0.0,14.7,OCC_TO_CU
1717495035.310745,167,0.0,14.7,OCC_TO_CU
1717495035.3116565,168,0.0,14.7,OCC_TO_CU
1717495035.994867,"{'21001': '0,1717495035', '11002': '0,1717495034', '21002': '0,1717495034', '11001': '0,1717495034'}",9.4,14.7,DEV_TO_OCC
1717495036.1997032,"{'21001': '0,1717495035', '11002': '0,1717495035', '21002': '0,1717495034', '11001': '1,1717495035'}",9.3,14.7,DEV_TO_OCC
1717495036.917646,"{'21001': '1,1717495036', '11002': '0,1717495035', '21002': '1,1717495035', '11001': '1,1717495035'}",15.1,14.7,DEV_TO_OCC
1717495037.227774,"{'21001': '1,1717495036', '11002': '1,1717495036', '21002': '1,1717495035', '11001': '1,1717495036'}",21.2,14.7,DEV_TO_OCC
1717495037.838425,"{'21001': '1,1717495037', '11002': '1,1717495036', '21002': '1,1717495036', '11001': '1,1717495036'}",3.3,14.7,DEV_TO_OCC
1717495038.2697027,"{'21001': '1,1717495037', '11002': '1,1717495037', '21002': '1,1717495036', '11001': '1,1717495037'}",3.8,14.7,DEV_TO_OCC
1717495038.8716235,"{'21001': '1,1717495038', '11002': '1,1717495037', '21002': '1,1717495037', '11001': '1,1717495037'}",2.6,14.7,DEV_TO_OCC
1717495039.1697817,"{'21001': '1,1717495038', '11002': '1,1717495038', '21002': '1,1717495037', '11001': '1,1717495038'}",5.0,14.7,DEV_TO_OCC
1717495039.989637,"{'21001': '1,1717495039', '11002': '1,1717495038', '21002': '1,1717495038', '11001': '1,1717495038'}",3.2,14.7,DEV_TO_OCC
1717495040.223336,"{'21001': '1,1717495039', '11002': '1,1717495039', '21002': '1,1717495038', '11001': '1,1717495039'}",4.6,14.7,DEV_TO_OCC
1717495040.9109185,"{'21001': '1,1717495040', '11002': '1,1717495039', '21002': '1,1717495039', '11001': '1,1717495039'}",2.8,14.7,DEV_TO_OCC
1717495041.2189338,"{'21001': '1,1717495040', '11002': '1,1717495040', '21002': '1,1717495039', '11001': '1,1717495040'}",18.6,14.7,DEV_TO_OCC
1717495041.8324976,"{'21001': '1,1717495041', '11002': '1,1717495040', '21002': '1,1717495040', '11001': '1,1717495040'}",3.1,14.7,DEV_TO_OCC
1717495042.2416131,"{'21001': '1,1717495041', '11002': '1,1717495041', '21002': '1,1717495040', '11001': '1,1717495041'}",3.3,14.7,DEV_TO_OCC
1717495043.066026,"{'21001': '1,1717495042', '11002': '1,1717495041', '21002': '1,1717495041', '11001': '1,1717495041'}",2.3,14.7,DEV_TO_OCC
1717495043.2751474,"{'21001': '1,1717495042', '11002': '1,1717495042', '21002': '1,1717495041', '11001': '1,1717495042'}",3.7,14.7,DEV_TO_OCC
1717495043.8811638,"{'21001': '1,1717495043', '11002': '1,1717495042', '21002': '1,1717495042', '11001': '1,1717495042'}",2.2,14.7,DEV_TO_OCC
1717495044.1879952,"{'21001': '1,1717495043', '11002': '1,1717495043', '21002': '1,1717495042', '11001': '1,1717495043'}",3.8,14.7,DEV_TO_OCC
1717495044.9041228,"{'21001': '1,1717495044', '11002': '1,1717495043', '21002': '1,1717495043', '11001': '1,1717495043'}",2.4,14.7,DEV_TO_OCC
1717495045.2111845,"{'21001': '1,1717495044', '11002': '1,1717495044', '21002': '1,1717495043', '11001': '1,1717495044'}",3.5,14.7,DEV_TO_OCC
1717495045.322744,169,7.4,14.7,OCC_TO_CU
1717495045.3237655,170,0.0,14.7,OCC_TO_CU
1717495045.3249257,171,100.0,14.7,OCC_TO_CU
1717495045.3259175,172,0.0,14.7,OCC_TO_CU
1717495046.1379247,"{'21001': '1,1717495045', '11002': '1,1717495044', '21002': '1,1717495044', '11001': '1,1717495044'}",6.6,14.7,DEV_TO_OCC
1717495046.145631,"{'21001': '1,1717495045', '11002': '1,1717495045', '21002': '1,1717495044', '11001': '0,1717495045'}",30.0,14.7,DEV_TO_OCC
1717495047.0556595,"{'21001': '0,1717495046', '11002': '1,1717495045', '21002': '0,1717495045', '11001': '0,1717495045'}",2.7,14.8,DEV_TO_OCC
1717495047.1573858,"{'21001': '0,1717495046', '11002': '0,1717495046', '21002': '0,1717495045', '11001': '0,1717495046'}",7.3,14.8,DEV_TO_OCC
1717495047.9774106,"{'21001': '0,1717495047', '11002': '0,1717495046', '21002': '0,1717495046', '11001': '0,1717495046'}",1.6,14.8,DEV_TO_OCC
1717495048.1815534,"{'21001': '0,1717495047', '11002': '0,1717495047', '21002': '0,1717495046', '11001': '0,1717495047'}",4.5,14.8,DEV_TO_OCC
1717495048.8978343,"{'21001': '0,1717495048', '11002': '0,1717495047', '21002': '0,1717495047', '11001': '0,1717495047'}",1.6,14.8,DEV_TO_OCC
1717495049.2050653,"{'21001': '0,1717495048', '11002': '0,1717495048', '21002': '0,1717495047', '11001': '0,1717495048'}",3.8,14.7,DEV_TO_OCC
1717495050.1403894,"{'21001': '0,1717495049', '11002': '0,1717495048', '21002': '0,1717495048', '11001': '0,1717495048'}",4.4,14.7,DEV_TO_OCC
1717495050.1565366,"{'21001': '0,1717495049', '11002': '0,1717495049', '21002': '0,1717495048', '11001': '0,1717495049'}",28.6,14.7,DEV_TO_OCC
1717495051.0615659,"{'21001': '0,1717495050', '11002': '0,1717495049', '21002': '0,1717495049', '11001': '0,1717495049'}",4.1,14.7,DEV_TO_OCC
1717495051.150198,"{'21001': '0,1717495050', '11002': '0,1717495050', '21002': '0,1717495049', '11001': '0,1717495050'}",8.3,14.7,DEV_TO_OCC
1717495051.8678145,"{'21001': '0,1717495051', '11002': '0,1717495050', '21002': '0,1717495050', '11001': '0,1717495050'}",1.6,14.7,DEV_TO_OCC
1717495052.1746407,"{'21001': '0,1717495051', '11002': '0,1717495051', '21002': '0,1717495050', '11001': '0,1717495051'}",3.8,14.7,DEV_TO_OCC
1717495052.891676,"{'21001': '0,1717495052', '11002': '0,1717495051', '21002': '0,1717495051', '11001': '0,1717495051'}",2.7,14.7,DEV_TO_OCC
1717495053.20311,"{'21001': '0,1717495052', '11002': '0,1717495052', '21002': '0,1717495051', '11001': '0,1717495052'}",2.9,14.7,DEV_TO_OCC
1717495054.120858,"{'21001': '0,1717495053', '11002': '0,1717495052', '21002': '0,1717495052', '11001': '0,1717495052'}",8.6,14.6,DEV_TO_OCC
1717495054.1492457,"{'21001': '0,1717495053', '11002': '0,1717495053', '21002': '0,1717495052', '11001': '0,1717495053'}",17.6,14.6,DEV_TO_OCC
1717495054.8372915,"{'21001': '0,1717495054', '11002': '0,1717495053', '21002': '0,1717495053', '11001': '0,1717495053'}",1.6,14.6,DEV_TO_OCC
1717495055.2464569,"{'21001': '0,1717495054', '11002': '0,1717495054', '21002': '0,1717495053', '11001': '0,1717495054'}",7.9,14.6,DEV_TO_OCC
1717495055.3374052,173,5.5,14.6,OCC_TO_CU
1717495055.338409,174,0.0,14.6,OCC_TO_CU
1717495055.339347,175,0.0,14.6,OCC_TO_CU
1717495055.3403568,176,0.0,14.6,OCC_TO_CU
1717495055.963421,"{'21001': '0,1717495055', '11002': '0,1717495054', '21002': '0,1717495054', '11001': '0,1717495054'}",4.8,14.6,DEV_TO_OCC
1717495056.1696718,"{'21001': '0,1717495055', '11002': '0,1717495055', '21002': '0,1717495054', '11001': '1,1717495055'}",6.0,14.6,DEV_TO_OCC
1717495056.885048,"{'21001': '1,1717495056', '11002': '0,1717495055', '21002': '1,1717495055', '11001': '1,1717495055'}",2.1,14.6,DEV_TO_OCC
1717495057.1920898,"{'21001': '1,1717495056', '11002': '1,1717495056', '21002': '1,1717495055', '11001': '1,1717495056'}",3.5,14.6,DEV_TO_OCC
1717495058.1137984,"{'21001': '1,1717495057', '11002': '1,1717495056', '21002': '1,1717495056', '11001': '1,1717495056'}",2.1,14.6,DEV_TO_OCC
1717495058.1510167,"{'21001': '1,1717495057', '11002': '1,1717495057', '21002': '1,1717495056', '11001': '1,1717495057'}",4.9,14.6,DEV_TO_OCC
1717495059.0536091,"{'21001': '1,1717495058', '11002': '1,1717495057', '21002': '1,1717495057', '11001': '1,1717495057'}",1.3,14.6,DEV_TO_OCC
1717495059.1504707,"{'21001': '1,1717495058', '11002': '1,1717495058', '21002': '1,1717495057', '11001': '1,1717495058'}",8.5,14.6,DEV_TO_OCC
1717495059.854409,"{'21001': '1,1717495059', '11002': '1,1717495058', '21002': '1,1717495058', '11001': '1,1717495058'}",2.0,14.6,DEV_TO_OCC
1717495060.2639883,"{'21001': '1,1717495059', '11002': '1,1717495059', '21002': '1,1717495058', '11001': '1,1717495059'}",3.6,14.6,DEV_TO_OCC
1717495060.8792021,"{'21001': '1,1717495060', '11002': '1,1717495059', '21002': '1,1717495059', '11001': '1,1717495059'}",2.0,14.6,DEV_TO_OCC
1717495061.1865876,"{'21001': '1,1717495060', '11002': '1,1717495060', '21002': '1,1717495059', '11001': '1,1717495060'}",3.0,14.6,DEV_TO_OCC
1717495062.1078572,"{'21001': '1,1717495061', '11002': '1,1717495060', '21002': '1,1717495060', '11001': '1,1717495060'}",2.3,14.6,DEV_TO_OCC
1717495062.1559353,"{'21001': '1,1717495061', '11002': '1,1717495061', '21002': '1,1717495060', '11001': '1,1717495061'}",8.9,14.6,DEV_TO_OCC
1717495063.0289404,"{'21001': '1,1717495062', '11002': '1,1717495061', '21002': '1,1717495061', '11001': '1,1717495061'}",2.8,14.6,DEV_TO_OCC
1717495063.2342603,"{'21001': '1,1717495062', '11002': '1,1717495062', '21002': '1,1717495061', '11001': '1,1717495062'}",2.9,14.6,DEV_TO_OCC
1717495063.9507914,"{'21001': '1,1717495063', '11002': '1,1717495062', '21002': '1,1717495062', '11001': '1,1717495062'}",2.4,14.6,DEV_TO_OCC
1717495064.2578404,"{'21001': '1,1717495063', '11002': '1,1717495063', '21002': '1,1717495062', '11001': '1,1717495063'}",2.7,14.6,DEV_TO_OCC
1717495065.1809494,"{'21001': '1,1717495064', '11002': '1,1717495063', '21002': '1,1717495063', '11001': '1,1717495063'}",2.3,14.6,DEV_TO_OCC
1717495065.18188,"{'21001': '1,1717495064', '11002': '1,1717495064', '21002': '1,1717495063', '11001': '1,1717495064'}",0.0,14.6,DEV_TO_OCC
1717495065.349073,177,6.0,14.6,OCC_TO_CU
1717495065.3501036,178,0.0,14.6,OCC_TO_CU
1717495065.3511472,179,0.0,14.6,OCC_TO_CU
1717495065.3523858,180,0.0,14.6,OCC_TO_CU
1717495066.1016922,"{'21001': '1,1717495065', '11002': '1,1717495064', '21002': '1,1717495064', '11001': '1,1717495064'}",2.9,14.7,DEV_TO_OCC
1717495066.160898,"{'21001': '1,1717495065', '11002': '1,1717495065', '21002': '1,1717495064', '11001': '0,1717495065'}",9.7,14.7,DEV_TO_OCC
1717495067.0231948,"{'21001': '0,1717495066', '11002': '1,1717495065', '21002': '0,1717495065', '11001': '0,1717495065'}",8.2,14.6,DEV_TO_OCC
1717495067.2278419,"{'21001': '0,1717495066', '11002': '0,1717495066', '21002': '0,1717495065', '11001': '0,1717495066'}",3.3,14.6,DEV_TO_OCC
1717495067.9445527,"{'21001': '0,1717495067', '11002': '0,1717495066', '21002': '0,1717495066', '11001': '0,1717495066'}",2.9,14.6,DEV_TO_OCC
1717495068.2520945,"{'21001': '0,1717495067', '11002': '0,1717495067', '21002': '0,1717495066', '11001': '0,1717495067'}",2.2,14.6,DEV_TO_OCC
1717495068.9686785,"{'21001': '0,1717495068', '11002': '0,1717495067', '21002': '0,1717495067', '11001': '0,1717495067'}",2.0,14.6,DEV_TO_OCC
1717495069.2751808,"{'21001': '0,1717495068', '11002': '0,1717495068', '21002': '0,1717495067', '11001': '0,1717495068'}",3.8,14.6,DEV_TO_OCC
1717495070.0947597,"{'21001': '0,1717495069', '11002': '0,1717495068', '21002': '0,1717495068', '11001': '0,1717495068'}",2.5,14.6,DEV_TO_OCC
1717495070.1686897,"{'21001': '0,1717495069', '11002': '0,1717495069', '21002': '0,1717495068', '11001': '0,1717495069'}",6.7,14.6,DEV_TO_OCC
1717495071.0159256,"{'21001': '0,1717495070', '11002': '0,1717495069', '21002': '0,1717495069', '11001': '0,1717495069'}",2.3,14.7,DEV_TO_OCC
1717495071.221126,"{'21001': '0,1717495070', '11002': '0,1717495070', '21002': '0,1717495069', '11001': '0,1717495070'}",4.5,14.7,DEV_TO_OCC
1717495071.8354912,"{'21001': '0,1717495071', '11002': '0,1717495070', '21002': '0,1717495070', '11001': '0,1717495070'}",2.4,14.7,DEV_TO_OCC
1717495072.2452164,"{'21001': '0,1717495071', '11002': '0,1717495071', '21002': '0,1717495070', '11001': '0,1717495071'}",3.4,14.7,DEV_TO_OCC
1717495072.859481,"{'21001': '0,1717495072', '11002': '0,1717495071', '21002': '0,1717495071', '11001': '0,1717495071'}",1.2,14.7,DEV_TO_OCC
1717495073.2690072,"{'21001': '0,1717495072', '11002': '0,1717495072', '21002': '0,1717495071', '11001': '0,1717495072'}",3.5,14.7,DEV_TO_OCC
1717495074.0888221,"{'21001': '0,1717495073', '11002': '0,1717495072', '21002': '0,1717495072', '11001': '0,1717495072'}",2.2,14.7,DEV_TO_OCC
1717495074.1643276,"{'21001': '0,1717495073', '11002': '0,1717495073', '21002': '0,1717495072', '11001': '0,1717495073'}",3.4,14.7,DEV_TO_OCC
1717495074.9073453,"{'21001': '0,1717495074', '11002': '0,1717495073', '21002': '0,1717495073', '11001': '0,1717495073'}",12.0,14.7,DEV_TO_OCC
1717495075.215549,"{'21001': '0,1717495074', '11002': '0,1717495074', '21002': '0,1717495073', '11001': '0,1717495074'}",20.7,14.7,DEV_TO_OCC
1717495075.3610785,181,12.9,14.7,OCC_TO_CU
1717495075.3619258,182,0.0,14.7,OCC_TO_CU
1717495075.3630228,183,0.0,14.7,OCC_TO_CU
1717495075.3641055,184,0.0,14.7,OCC_TO_CU
1717495075.9312842,"{'21001': '0,1717495075', '11002': '0,1717495074', '21002': '0,1717495074', '11001': '0,1717495074'}",9.1,14.7,DEV_TO_OCC
1717495076.2385566,"{'21001': '0,1717495075', '11002': '0,1717495075', '21002': '0,1717495074', '11001': '1,1717495075'}",26.3,14.7,DEV_TO_OCC
1717495077.1601481,"{'21001': '1,1717495076', '11002': '0,1717495075', '21002': '1,1717495075', '11001': '1,1717495075'}",4.5,14.7,DEV_TO_OCC
1717495077.1665838,"{'21001': '1,1717495076', '11002': '1,1717495076', '21002': '1,1717495075', '11001': '1,1717495076'}",28.6,14.7,DEV_TO_OCC
1717495078.0817263,"{'21001': '1,1717495077', '11002': '1,1717495076', '21002': '1,1717495076', '11001': '1,1717495076'}",2.2,14.7,DEV_TO_OCC
1717495078.1675935,"{'21001': '1,1717495077', '11002': '1,1717495077', '21002': '1,1717495076', '11001': '1,1717495077'}",6.9,14.7,DEV_TO_OCC
1717495078.9431484,"{'21001': '1,1717495078', '11002': '1,1717495077', '21002': '1,1717495077', '11001': '1,1717495077'}",8.1,14.7,DEV_TO_OCC
1717495079.2086475,"{'21001': '1,1717495078', '11002': '1,1717495078', '21002': '1,1717495077', '11001': '1,1717495078'}",13.5,14.7,DEV_TO_OCC
1717495079.9250755,"{'21001': '1,1717495079', '11002': '1,1717495078', '21002': '1,1717495078', '11001': '1,1717495078'}",6.8,14.7,DEV_TO_OCC
1717495080.231946,"{'21001': '1,1717495079', '11002': '1,1717495079', '21002': '1,1717495078', '11001': '1,1717495079'}",4.1,14.7,DEV_TO_OCC
1717495080.9764092,"{'21001': '1,1717495080', '11002': '1,1717495079', '21002': '1,1717495080', '11001': '1,1717495079'}",2.3,14.7,DEV_TO_OCC
1717495081.2568038,"{'21001': '1,1717495080', '11002': '1,1717495080', '21002': '1,1717495080', '11001': '1,1717495080'}",4.4,14.7,DEV_TO_OCC
1717495082.1047106,"{'21001': '1,1717495081', '11002': '1,1717495080', '21002': '1,1717495081', '11001': '1,1717495080'}",2.7,14.7,DEV_TO_OCC
1717495082.2802794,"{'21001': '1,1717495081', '11002': '1,1717495081', '21002': '1,1717495081', '11001': '1,1717495081'}",5.2,14.7,DEV_TO_OCC
1717495083.0110247,"{'21001': '1,1717495082', '11002': '1,1717495081', '21002': '1,1717495082', '11001': '1,1717495081'}",1.7,14.7,DEV_TO_OCC
1717495083.2013786,"{'21001': '1,1717495082', '11002': '1,1717495082', '21002': '1,1717495082', '11001': '1,1717495082'}",5.3,14.7,DEV_TO_OCC
1717495083.929358,"{'21001': '1,1717495083', '11002': '1,1717495082', '21002': '1,1717495083', '11001': '1,1717495082'}",2.4,14.7,DEV_TO_OCC
1717495084.2268043,"{'21001': '1,1717495083', '11002': '1,1717495083', '21002': '1,1717495083', '11001': '1,1717495083'}",3.4,14.7,DEV_TO_OCC
1717495084.840436,"{'21001': '1,1717495084', '11002': '1,1717495083', '21002': '1,1717495084', '11001': '1,1717495083'}",3.0,14.7,DEV_TO_OCC
1717495085.2568638,"{'21001': '1,1717495084', '11002': '1,1717495084', '21002': '1,1717495084', '11001': '1,1717495084'}",3.4,14.7,DEV_TO_OCC
1717495085.3730605,185,2.2,14.7,OCC_TO_CU
1717495085.3740158,186,0.0,14.7,OCC_TO_CU
1717495085.3750021,187,0.0,14.7,OCC_TO_CU
1717495085.3760898,188,0.0,14.7,OCC_TO_CU
1717495085.86516,"{'21001': '1,1717495085', '11002': '1,1717495084', '21002': '1,1717495085', '11001': '1,1717495084'}",18.6,14.7,DEV_TO_OCC
1717495086.2742314,"{'21001': '1,1717495085', '11002': '1,1717495085', '21002': '1,1717495085', '11001': '0,1717495085'}",3.8,14.7,DEV_TO_OCC
1717495086.9912632,"{'21001': '0,1717495086', '11002': '1,1717495085', '21002': '0,1717495086', '11001': '0,1717495085'}",3.0,14.7,DEV_TO_OCC
1717495087.195175,"{'21001': '0,1717495086', '11002': '0,1717495086', '21002': '0,1717495086', '11001': '0,1717495086'}",4.1,14.7,DEV_TO_OCC
1717495087.9124875,"{'21001': '0,1717495087', '11002': '0,1717495086', '21002': '0,1717495087', '11001': '0,1717495086'}",2.2,14.7,DEV_TO_OCC
1717495088.2194693,"{'21001': '0,1717495087', '11002': '0,1717495087', '21002': '0,1717495087', '11001': '0,1717495087'}",4.1,14.7,DEV_TO_OCC
1717495089.1809206,"{'21001': '0,1717495088', '11002': '0,1717495087', '21002': '0,1717495088', '11001': '0,1717495087'}",1.8,14.7,DEV_TO_OCC
1717495089.1853554,"{'21001': '0,1717495088', '11002': '0,1717495088', '21002': '0,1717495088', '11001': '0,1717495088'}",40.0,14.7,DEV_TO_OCC
1717495089.8582873,"{'21001': '0,1717495089', '11002': '0,1717495088', '21002': '0,1717495089', '11001': '0,1717495088'}",2.4,14.7,DEV_TO_OCC
1717495090.2728732,"{'21001': '0,1717495089', '11002': '0,1717495089', '21002': '0,1717495089', '11001': '0,1717495089'}",3.0,14.7,DEV_TO_OCC
1717495090.881733,"{'21001': '0,1717495090', '11002': '0,1717495089', '21002': '0,1717495090', '11001': '0,1717495089'}",1.9,14.7,DEV_TO_OCC
1717495091.1896033,"{'21001': '0,1717495090', '11002': '0,1717495090', '21002': '0,1717495090', '11001': '0,1717495090'}",4.1,14.7,DEV_TO_OCC
1717495092.0329688,"{'21001': '0,1717495091', '11002': '0,1717495090', '21002': '0,1717495091', '11001': '0,1717495090'}",2.7,14.7,DEV_TO_OCC
1717495092.213358,"{'21001': '0,1717495091', '11002': '0,1717495091', '21002': '0,1717495091', '11001': '0,1717495091'}",6.0,14.7,DEV_TO_OCC
1717495093.1365824,"{'21001': '0,1717495092', '11002': '0,1717495091', '21002': '0,1717495092', '11001': '0,1717495091'}",1.7,14.7,DEV_TO_OCC
1717495093.194011,"{'21001': '0,1717495092', '11002': '0,1717495092', '21002': '0,1717495092', '11001': '0,1717495092'}",8.8,14.7,DEV_TO_OCC
1717495094.0565906,"{'21001': '0,1717495093', '11002': '0,1717495092', '21002': '0,1717495093', '11001': '0,1717495092'}",2.1,14.7,DEV_TO_OCC
1717495094.2609644,"{'21001': '0,1717495093', '11002': '0,1717495093', '21002': '0,1717495093', '11001': '0,1717495093'}",4.9,14.7,DEV_TO_OCC
1717495094.9780028,"{'21001': '0,1717495094', '11002': '0,1717495093', '21002': '0,1717495094', '11001': '0,1717495093'}",2.1,14.7,DEV_TO_OCC
1717495095.2983072,"{'21001': '0,1717495094', '11002': '0,1717495094', '21002': '0,1717495094', '11001': '0,1717495094'}",3.1,14.7,DEV_TO_OCC
1717495095.3851585,189,7.6,14.7,OCC_TO_CU
1717495095.3863313,190,0.0,14.7,OCC_TO_CU
1717495095.387397,191,0.0,14.7,OCC_TO_CU
1717495095.3884556,192,0.0,14.7,OCC_TO_CU
1717495095.900863,"{'21001': '0,1717495095', '11002': '0,1717495094', '21002': '0,1717495095', '11001': '0,1717495094'}",5.8,14.7,DEV_TO_OCC
1717495096.2066534,"{'21001': '0,1717495095', '11002': '0,1717495095', '21002': '0,1717495095', '11001': '1,1717495095'}",2.2,14.7,DEV_TO_OCC
1717495097.1289146,"{'21001': '1,1717495096', '11002': '0,1717495095', '21002': '1,1717495096', '11001': '1,1717495095'}",7.3,14.7,DEV_TO_OCC
1717495097.1792839,"{'21001': '1,1717495096', '11002': '1,1717495096', '21002': '1,1717495096', '11001': '1,1717495096'}",10.0,14.7,DEV_TO_OCC
1717495098.051377,"{'21001': '1,1717495097', '11002': '1,1717495096', '21002': '1,1717495097', '11001': '1,1717495096'}",1.5,14.7,DEV_TO_OCC
1717495098.2545853,"{'21001': '1,1717495097', '11002': '1,1717495097', '21002': '1,1717495097', '11001': '1,1717495097'}",3.3,14.7,DEV_TO_OCC
1717495098.972131,"{'21001': '1,1717495098', '11002': '1,1717495097', '21002': '1,1717495098', '11001': '1,1717495097'}",2.2,14.7,DEV_TO_OCC
1717495099.2786527,"{'21001': '1,1717495098', '11002': '1,1717495098', '21002': '1,1717495098', '11001': '1,1717495098'}",3.5,14.7,DEV_TO_OCC
1717495099.8933036,"{'21001': '1,1717495099', '11002': '1,1717495098', '21002': '1,1717495099', '11001': '1,1717495098'}",2.7,14.7,DEV_TO_OCC
1717495100.2003582,"{'21001': '1,1717495099', '11002': '1,1717495099', '21002': '1,1717495099', '11001': '1,1717495099'}",4.1,14.7,DEV_TO_OCC
1717495101.126557,"{'21001': '1,1717495100', '11002': '1,1717495099', '21002': '1,1717495100', '11001': '1,1717495099'}",1.9,14.7,DEV_TO_OCC
1717495101.1817772,"{'21001': '1,1717495100', '11002': '1,1717495100', '21002': '1,1717495100', '11001': '1,1717495100'}",9.0,14.7,DEV_TO_OCC
1717495102.044374,"{'21001': '1,1717495101', '11002': '1,1717495100', '21002': '1,1717495101', '11001': '1,1717495100'}",1.8,14.7,DEV_TO_OCC
1717495102.2485254,"{'21001': '1,1717495101', '11002': '1,1717495101', '21002': '1,1717495101', '11001': '1,1717495101'}",6.0,14.7,DEV_TO_OCC
1717495102.9656873,"{'21001': '1,1717495102', '11002': '1,1717495101', '21002': '1,1717495102', '11001': '1,1717495101'}",1.4,14.7,DEV_TO_OCC
1717495103.2724464,"{'21001': '1,1717495102', '11002': '1,1717495102', '21002': '1,1717495102', '11001': '1,1717495102'}",3.0,14.7,DEV_TO_OCC
1717495103.8873181,"{'21001': '1,1717495103', '11002': '1,1717495102', '21002': '1,1717495103', '11001': '1,1717495102'}",2.6,14.7,DEV_TO_OCC
1717495104.2962134,"{'21001': '1,1717495103', '11002': '1,1717495103', '21002': '1,1717495103', '11001': '1,1717495103'}",3.0,14.7,DEV_TO_OCC
1717495105.1179883,"{'21001': '1,1717495104', '11002': '1,1717495103', '21002': '1,1717495104', '11001': '1,1717495103'}",3.3,14.7,DEV_TO_OCC
1717495105.1911397,"{'21001': '1,1717495104', '11002': '1,1717495104', '21002': '1,1717495104', '11001': '1,1717495104'}",4.7,14.7,DEV_TO_OCC
1717495105.3970482,193,3.6,14.7,OCC_TO_CU
1717495105.3980157,194,0.0,14.7,OCC_TO_CU
1717495105.3989317,195,0.0,14.7,OCC_TO_CU
1717495105.3998926,196,0.0,14.7,OCC_TO_CU
1717495106.0399296,"{'21001': '1,1717495105', '11002': '1,1717495104', '21002': '1,1717495105', '11001': '1,1717495104'}",8.1,14.7,DEV_TO_OCC
1717495106.2610211,"{'21001': '1,1717495105', '11002': '1,1717495105', '21002': '1,1717495105', '11001': '1,1717495105'}",5.6,14.7,DEV_TO_OCC
1717495106.8588428,"{'21001': '0,1717495106', '11002': '1,1717495105', '21002': '0,1717495106', '11001': '1,1717495105'}",2.1,14.7,DEV_TO_OCC
1717495107.2708757,"{'21001': '0,1717495106', '11002': '0,1717495106', '21002': '0,1717495106', '11001': '0,1717495106'}",3.3,14.7,DEV_TO_OCC
1717495107.8845937,"{'21001': '0,1717495107', '11002': '0,1717495106', '21002': '0,1717495107', '11001': '0,1717495106'}",2.0,14.7,DEV_TO_OCC
1717495108.294007,"{'21001': '0,1717495107', '11002': '0,1717495107', '21002': '0,1717495107', '11001': '0,1717495107'}",14.6,14.7,DEV_TO_OCC
1717495108.9077582,"{'21001': '0,1717495108', '11002': '0,1717495107', '21002': '0,1717495108', '11001': '0,1717495107'}",1.6,14.7,DEV_TO_OCC
1717495109.2160535,"{'21001': '0,1717495108', '11002': '0,1717495108', '21002': '0,1717495108', '11001': '0,1717495108'}",3.3,14.7,DEV_TO_OCC
1717495109.9330225,"{'21001': '0,1717495109', '11002': '0,1717495108', '21002': '0,1717495109', '11001': '0,1717495108'}",2.9,14.7,DEV_TO_OCC
1717495110.2361999,"{'21001': '0,1717495109', '11002': '0,1717495109', '21002': '0,1717495109', '11001': '0,1717495109'}",3.3,14.7,DEV_TO_OCC
1717495110.8522394,"{'21001': '0,1717495110', '11002': '0,1717495109', '21002': '0,1717495110', '11001': '0,1717495109'}",2.6,14.7,DEV_TO_OCC
1717495111.2614963,"{'21001': '0,1717495110', '11002': '0,1717495110', '21002': '0,1717495110', '11001': '0,1717495110'}",2.7,14.7,DEV_TO_OCC
1717495111.8753128,"{'21001': '0,1717495111', '11002': '0,1717495110', '21002': '0,1717495111', '11001': '0,1717495110'}",2.0,14.7,DEV_TO_OCC
1717495112.2847784,"{'21001': '0,1717495111', '11002': '0,1717495111', '21002': '0,1717495111', '11001': '0,1717495111'}",3.9,14.7,DEV_TO_OCC
1717495112.8987076,"{'21001': '0,1717495112', '11002': '0,1717495111', '21002': '0,1717495112', '11001': '0,1717495111'}",1.9,14.7,DEV_TO_OCC
1717495113.3080952,"{'21001': '0,1717495112', '11002': '0,1717495112', '21002': '0,1717495112', '11001': '0,1717495112'}",3.3,14.7,DEV_TO_OCC
1717495114.1271503,"{'21001': '0,1717495113', '11002': '0,1717495112', '21002': '0,1717495113', '11001': '0,1717495112'}",1.6,14.7,DEV_TO_OCC
1717495114.1982937,"{'21001': '0,1717495113', '11002': '0,1717495113', '21002': '0,1717495113', '11001': '0,1717495113'}",5.9,14.7,DEV_TO_OCC
1717495114.9480927,"{'21001': '0,1717495114', '11002': '0,1717495113', '21002': '0,1717495114', '11001': '0,1717495113'}",1.7,14.7,DEV_TO_OCC
1717495115.2536488,"{'21001': '0,1717495114', '11002': '0,1717495114', '21002': '0,1717495114', '11001': '0,1717495114'}",2.5,14.7,DEV_TO_OCC
1717495115.4090898,197,3.8,14.7,OCC_TO_CU
1717495115.410149,198,0.0,14.7,OCC_TO_CU
1717495115.411209,199,0.0,14.7,OCC_TO_CU
1717495115.4126313,200,75.0,14.7,OCC_TO_CU
1717495116.0729997,"{'21001': '0,1717495115', '11002': '0,1717495114', '21002': '0,1717495115', '11001': '0,1717495114'}",2.9,14.7,DEV_TO_OCC
1717495116.277235,"{'21001': '0,1717495115', '11002': '0,1717495115', '21002': '0,1717495115', '11001': '0,1717495115'}",5.7,14.7,DEV_TO_OCC
1717495117.0967019,"{'21001': '1,1717495116', '11002': '0,1717495115', '21002': '1,1717495116', '11001': '0,1717495115'}",2.2,14.7,DEV_TO_OCC
1717495117.198117,"{'21001': '1,1717495116', '11002': '1,1717495116', '21002': '1,1717495116', '11001': '1,1717495116'}",6.6,14.7,DEV_TO_OCC
1717495118.027616,"{'21001': '1,1717495117', '11002': '1,1717495116', '21002': '1,1717495117', '11001': '1,1717495116'}",2.3,14.7,DEV_TO_OCC
1717495118.222353,"{'21001': '1,1717495117', '11002': '1,1717495117', '21002': '1,1717495117', '11001': '1,1717495117'}",30.5,14.7,DEV_TO_OCC
1717495118.9399495,"{'21001': '1,1717495118', '11002': '1,1717495117', '21002': '1,1717495118', '11001': '1,1717495117'}",2.0,14.7,DEV_TO_OCC
1717495119.2469175,"{'21001': '1,1717495118', '11002': '1,1717495118', '21002': '1,1717495118', '11001': '1,1717495118'}",3.8,14.7,DEV_TO_OCC
1717495119.86153,"{'21001': '1,1717495119', '11002': '1,1717495118', '21002': '1,1717495119', '11001': '1,1717495118'}",2.5,14.7,DEV_TO_OCC
1717495120.2706945,"{'21001': '1,1717495119', '11002': '1,1717495119', '21002': '1,1717495119', '11001': '1,1717495119'}",2.9,14.7,DEV_TO_OCC
1717495120.9906726,"{'21001': '1,1717495120', '11002': '1,1717495119', '21002': '1,1717495120', '11001': '1,1717495119'}",2.3,14.7,DEV_TO_OCC
1717495121.2950356,"{'21001': '1,1717495120', '11002': '1,1717495120', '21002': '1,1717495120', '11001': '1,1717495120'}",2.8,14.7,DEV_TO_OCC
1717495122.0119967,"{'21001': '1,1717495121', '11002': '1,1717495120', '21002': '1,1717495121', '11001': '1,1717495120'}",2.7,14.7,DEV_TO_OCC
1717495122.3189244,"{'21001': '1,1717495121', '11002': '1,1717495121', '21002': '1,1717495121', '11001': '1,1717495121'}",3.3,14.7,DEV_TO_OCC
1717495122.9336267,"{'21001': '1,1717495122', '11002': '1,1717495121', '21002': '1,1717495122', '11001': '1,1717495121'}",3.0,14.7,DEV_TO_OCC
1717495123.240883,"{'21001': '1,1717495122', '11002': '1,1717495122', '21002': '1,1717495122', '11001': '1,1717495122'}",3.5,14.7,DEV_TO_OCC
1717495123.9571445,"{'21001': '1,1717495123', '11002': '1,1717495122', '21002': '1,1717495123', '11001': '1,1717495122'}",2.3,14.7,DEV_TO_OCC
1717495124.4692674,"{'21001': '1,1717495123', '11002': '1,1717495123', '21002': '1,1717495123', '11001': '1,1717495123'}",2.5,14.7,DEV_TO_OCC
1717495124.8787088,"{'21001': '1,1717495124', '11002': '1,1717495123', '21002': '1,1717495124', '11001': '1,1717495123'}",2.7,14.7,DEV_TO_OCC
1717495125.2885392,"{'21001': '1,1717495124', '11002': '1,1717495124', '21002': '1,1717495124', '11001': '1,1717495124'}",9.1,14.7,DEV_TO_OCC
1717495125.415949,201,5.2,14.7,OCC_TO_CU
1717495125.4170246,202,100.0,14.7,OCC_TO_CU
1717495125.4180074,203,0.0,14.7,OCC_TO_CU
1717495125.4190838,204,0.0,14.7,OCC_TO_CU
1717495125.9172668,"{'21001': '1,1717495125', '11002': '1,1717495124', '21002': '1,1717495125', '11001': '1,1717495124'}",4.5,14.7,DEV_TO_OCC
1717495126.312407,"{'21001': '1,1717495125', '11002': '1,1717495125', '21002': '1,1717495125', '11001': '1,1717495125'}",2.1,14.7,DEV_TO_OCC
1717495126.9268363,"{'21001': '0,1717495126', '11002': '1,1717495125', '21002': '0,1717495126', '11001': '1,1717495125'}",2.0,14.7,DEV_TO_OCC
1717495127.2346144,"{'21001': '0,1717495126', '11002': '0,1717495126', '21002': '0,1717495126', '11001': '0,1717495126'}",10.6,14.7,DEV_TO_OCC
1717495128.1563141,"{'21001': '0,1717495127', '11002': '0,1717495126', '21002': '0,1717495127', '11001': '0,1717495126'}",7.3,14.6,DEV_TO_OCC
1717495128.199273,"{'21001': '0,1717495127', '11002': '0,1717495127', '21002': '0,1717495127', '11001': '0,1717495127'}",17.0,14.6,DEV_TO_OCC
1717495129.102273,"{'21001': '0,1717495128', '11002': '0,1717495127', '21002': '0,1717495128', '11001': '0,1717495127'}",1.9,14.6,DEV_TO_OCC
1717495129.1994174,"{'21001': '0,1717495128', '11002': '0,1717495128', '21002': '0,1717495128', '11001': '0,1717495128'}",9.2,14.6,DEV_TO_OCC
1717495129.9995928,"{'21001': '0,1717495129', '11002': '0,1717495128', '21002': '0,1717495129', '11001': '0,1717495128'}",2.0,14.6,DEV_TO_OCC
1717495130.3060367,"{'21001': '0,1717495129', '11002': '0,1717495129', '21002': '0,1717495129', '11001': '0,1717495129'}",2.7,14.6,DEV_TO_OCC
1717495130.9206264,"{'21001': '0,1717495130', '11002': '0,1717495129', '21002': '0,1717495130', '11001': '0,1717495129'}",3.0,14.7,DEV_TO_OCC
1717495131.227822,"{'21001': '0,1717495130', '11002': '0,1717495130', '21002': '0,1717495130', '11001': '0,1717495130'}",4.9,14.7,DEV_TO_OCC
1717495132.149711,"{'21001': '0,1717495131', '11002': '0,1717495130', '21002': '0,1717495131', '11001': '0,1717495130'}",2.0,14.7,DEV_TO_OCC
1717495132.2013419,"{'21001': '0,1717495131', '11002': '0,1717495131', '21002': '0,1717495131', '11001': '0,1717495131'}",8.2,14.7,DEV_TO_OCC
1717495133.071334,"{'21001': '0,1717495132', '11002': '0,1717495131', '21002': '0,1717495132', '11001': '0,1717495131'}",4.3,14.7,DEV_TO_OCC
1717495133.275901,"{'21001': '0,1717495132', '11002': '0,1717495132', '21002': '0,1717495132', '11001': '0,1717495132'}",4.9,14.7,DEV_TO_OCC
1717495133.9932952,"{'21001': '0,1717495133', '11002': '0,1717495132', '21002': '0,1717495133', '11001': '0,1717495132'}",2.3,14.7,DEV_TO_OCC
1717495134.3000803,"{'21001': '0,1717495133', '11002': '0,1717495133', '21002': '0,1717495133', '11001': '0,1717495133'}",3.8,14.7,DEV_TO_OCC
1717495134.9145043,"{'21001': '0,1717495134', '11002': '0,1717495133', '21002': '0,1717495134', '11001': '0,1717495133'}",3.4,14.7,DEV_TO_OCC
1717495135.2216108,"{'21001': '0,1717495134', '11002': '0,1717495134', '21002': '0,1717495134', '11001': '0,1717495134'}",3.8,14.6,DEV_TO_OCC
1717495135.430747,205,4.4,14.6,OCC_TO_CU
1717495135.4316924,206,0.0,14.6,OCC_TO_CU
1717495135.4325147,207,0.0,14.6,OCC_TO_CU
1717495135.4333413,208,100.0,14.6,OCC_TO_CU
1717495135.9386635,"{'21001': '0,1717495135', '11002': '0,1717495134', '21002': '0,1717495135', '11001': '0,1717495134'}",3.8,14.6,DEV_TO_OCC
1717495136.2459276,"{'21001': '0,1717495135', '11002': '0,1717495135', '21002': '0,1717495135', '11001': '0,1717495135'}",2.7,14.7,DEV_TO_OCC
1717495136.9622643,"{'21001': '1,1717495136', '11002': '0,1717495135', '21002': '1,1717495136', '11001': '0,1717495135'}",2.8,14.7,DEV_TO_OCC
1717495137.269387,"{'21001': '1,1717495136', '11002': '1,1717495136', '21002': '1,1717495136', '11001': '1,1717495136'}",4.1,14.7,DEV_TO_OCC
1717495137.8838964,"{'21001': '1,1717495137', '11002': '1,1717495136', '21002': '1,1717495137', '11001': '1,1717495136'}",12.2,14.6,DEV_TO_OCC
1717495138.2933958,"{'21001': '1,1717495137', '11002': '1,1717495137', '21002': '1,1717495137', '11001': '1,1717495137'}",2.9,14.6,DEV_TO_OCC
1717495138.9093428,"{'21001': '1,1717495138', '11002': '1,1717495137', '21002': '1,1717495138', '11001': '1,1717495137'}",2.6,14.6,DEV_TO_OCC
1717495139.3172255,"{'21001': '1,1717495138', '11002': '1,1717495138', '21002': '1,1717495138', '11001': '1,1717495138'}",3.3,14.6,DEV_TO_OCC
1717495139.9321947,"{'21001': '1,1717495139', '11002': '1,1717495138', '21002': '1,1717495139', '11001': '1,1717495138'}",3.1,14.6,DEV_TO_OCC
1717495140.239386,"{'21001': '1,1717495139', '11002': '1,1717495139', '21002': '1,1717495139', '11001': '1,1717495139'}",3.8,14.6,DEV_TO_OCC
1717495140.9559908,"{'21001': '1,1717495140', '11002': '1,1717495139', '21002': '1,1717495140', '11001': '1,1717495139'}",2.1,14.6,DEV_TO_OCC
1717495141.2635036,"{'21001': '1,1717495140', '11002': '1,1717495140', '21002': '1,1717495140', '11001': '1,1717495140'}",3.0,14.6,DEV_TO_OCC
1717495141.9798899,"{'21001': '1,1717495141', '11002': '1,1717495140', '21002': '1,1717495141', '11001': '1,1717495140'}",2.7,14.6,DEV_TO_OCC
1717495142.287393,"{'21001': '1,1717495141', '11002': '1,1717495141', '21002': '1,1717495141', '11001': '1,1717495141'}",3.5,14.6,DEV_TO_OCC
1717495142.9014292,"{'21001': '1,1717495142', '11002': '1,1717495141', '21002': '1,1717495142', '11001': '1,1717495141'}",3.0,14.6,DEV_TO_OCC
1717495143.3110008,"{'21001': '1,1717495142', '11002': '1,1717495142', '21002': '1,1717495142', '11001': '1,1717495142'}",2.3,14.6,DEV_TO_OCC
1717495144.1496372,"{'21001': '1,1717495143', '11002': '1,1717495142', '21002': '1,1717495143', '11001': '1,1717495142'}",2.3,14.6,DEV_TO_OCC
1717495144.2321928,"{'21001': '1,1717495143', '11002': '1,1717495143', '21002': '1,1717495143', '11001': '1,1717495143'}",7.0,14.6,DEV_TO_OCC
1717495145.052398,"{'21001': '1,1717495144', '11002': '1,1717495143', '21002': '1,1717495144', '11001': '1,1717495143'}",1.7,14.6,DEV_TO_OCC
1717495145.2568295,"{'21001': '1,1717495144', '11002': '1,1717495144', '21002': '1,1717495144', '11001': '1,1717495144'}",6.5,14.6,DEV_TO_OCC
1717495145.4443958,209,3.6,14.6,OCC_TO_CU
1717495145.445197,210,100.0,14.6,OCC_TO_CU
1717495145.4459214,211,0.0,14.6,OCC_TO_CU
1717495145.446693,212,0.0,14.6,OCC_TO_CU
1717495146.0968032,"{'21001': '1,1717495145', '11002': '1,1717495144', '21002': '1,1717495145', '11001': '1,1717495144'}",3.5,14.7,DEV_TO_OCC
1717495146.2809992,"{'21001': '1,1717495145', '11002': '1,1717495145', '21002': '1,1717495145', '11001': '1,1717495145'}",6.7,14.7,DEV_TO_OCC
1717495146.8955925,"{'21001': '0,1717495146', '11002': '1,1717495145', '21002': '0,1717495146', '11001': '1,1717495145'}",2.3,14.7,DEV_TO_OCC
1717495147.3044293,"{'21001': '0,1717495146', '11002': '0,1717495146', '21002': '0,1717495146', '11001': '0,1717495146'}",15.4,14.6,DEV_TO_OCC
1717495148.1243227,"{'21001': '0,1717495147', '11002': '0,1717495146', '21002': '0,1717495147', '11001': '0,1717495146'}",2.4,14.6,DEV_TO_OCC
1717495148.2128808,"{'21001': '0,1717495147', '11002': '0,1717495147', '21002': '0,1717495147', '11001': '0,1717495147'}",11.1,14.6,DEV_TO_OCC
1717495149.0894911,"{'21001': '0,1717495148', '11002': '0,1717495147', '21002': '0,1717495148', '11001': '0,1717495147'}",1.9,14.6,DEV_TO_OCC
1717495149.2555325,"{'21001': '0,1717495148', '11002': '0,1717495148', '21002': '0,1717495148', '11001': '0,1717495148'}",6.5,14.6,DEV_TO_OCC
1717495149.9670508,"{'21001': '0,1717495149', '11002': '0,1717495148', '21002': '0,1717495149', '11001': '0,1717495148'}",5.2,14.6,DEV_TO_OCC
1717495150.2742276,"{'21001': '0,1717495149', '11002': '0,1717495149', '21002': '0,1717495149', '11001': '0,1717495149'}",4.3,14.6,DEV_TO_OCC
1717495150.8889444,"{'21001': '0,1717495150', '11002': '0,1717495149', '21002': '0,1717495150', '11001': '0,1717495149'}",3.0,14.6,DEV_TO_OCC
1717495151.2982273,"{'21001': '0,1717495150', '11002': '0,1717495150', '21002': '0,1717495150', '11001': '0,1717495150'}",19.0,14.7,DEV_TO_OCC
1717495152.1171472,"{'21001': '0,1717495151', '11002': '0,1717495150', '21002': '0,1717495151', '11001': '0,1717495150'}",13.2,14.7,DEV_TO_OCC
1717495152.2196066,"{'21001': '0,1717495151', '11002': '0,1717495151', '21002': '0,1717495151', '11001': '0,1717495151'}",5.7,14.7,DEV_TO_OCC
1717495153.0518007,"{'21001': '0,1717495152', '11002': '0,1717495151', '21002': '0,1717495152', '11001': '0,1717495151'}",13.0,14.7,DEV_TO_OCC
1717495153.2433887,"{'21001': '0,1717495152', '11002': '0,1717495152', '21002': '0,1717495152', '11001': '0,1717495152'}",8.2,14.7,DEV_TO_OCC
1717495153.9608,"{'21001': '0,1717495153', '11002': '0,1717495152', '21002': '0,1717495153', '11001': '0,1717495152'}",18.3,14.7,DEV_TO_OCC
1717495154.269672,"{'21001': '0,1717495153', '11002': '0,1717495153', '21002': '0,1717495153', '11001': '0,1717495153'}",4.6,14.7,DEV_TO_OCC
1717495154.8824563,"{'21001': '0,1717495154', '11002': '0,1717495153', '21002': '0,1717495154', '11001': '0,1717495153'}",2.5,14.7,DEV_TO_OCC
1717495155.3381238,"{'21001': '0,1717495154', '11002': '0,1717495154', '21002': '0,1717495154', '11001': '0,1717495154'}",11.7,14.7,DEV_TO_OCC
1717495155.4570642,213,10.7,14.7,OCC_TO_CU
1717495155.4581213,214,0.0,14.7,OCC_TO_CU
1717495155.4590392,215,0.0,14.7,OCC_TO_CU
1717495155.4599688,216,0.0,14.7,OCC_TO_CU
1717495155.9064486,"{'21001': '0,1717495155', '11002': '0,1717495154', '21002': '0,1717495155', '11001': '0,1717495154'}",6.7,14.7,DEV_TO_OCC
1717495156.3159354,"{'21001': '0,1717495155', '11002': '0,1717495155', '21002': '0,1717495155', '11001': '0,1717495155'}",5.9,14.7,DEV_TO_OCC
1717495157.0329869,"{'21001': '1,1717495156', '11002': '0,1717495155', '21002': '1,1717495156', '11001': '0,1717495155'}",2.3,14.7,DEV_TO_OCC
1717495157.2375808,"{'21001': '1,1717495156', '11002': '1,1717495156', '21002': '1,1717495156', '11001': '1,1717495156'}",6.9,14.7,DEV_TO_OCC
1717495157.9549308,"{'21001': '1,1717495157', '11002': '1,1717495156', '21002': '1,1717495157', '11001': '1,1717495156'}",8.8,14.7,DEV_TO_OCC
1717495158.2629023,"{'21001': '1,1717495157', '11002': '1,1717495157', '21002': '1,1717495157', '11001': '1,1717495157'}",6.5,14.7,DEV_TO_OCC
1717495159.1832454,"{'21001': '1,1717495158', '11002': '1,1717495157', '21002': '1,1717495158', '11001': '1,1717495157'}",1.7,14.7,DEV_TO_OCC
1717495159.22393,"{'21001': '1,1717495158', '11002': '1,1717495158', '21002': '1,1717495158', '11001': '1,1717495158'}",12.2,14.7,DEV_TO_OCC
1717495160.1059306,"{'21001': '1,1717495159', '11002': '1,1717495158', '21002': '1,1717495159', '11001': '1,1717495158'}",1.8,14.7,DEV_TO_OCC
1717495160.309618,"{'21001': '1,1717495159', '11002': '1,1717495159', '21002': '1,1717495159', '11001': '1,1717495159'}",4.5,14.7,DEV_TO_OCC
1717495160.9242184,"{'21001': '1,1717495160', '11002': '1,1717495159', '21002': '1,1717495160', '11001': '1,1717495159'}",1.8,14.7,DEV_TO_OCC
1717495161.3376067,"{'21001': '1,1717495160', '11002': '1,1717495160', '21002': '1,1717495160', '11001': '1,1717495160'}",14.4,14.7,DEV_TO_OCC
1717495161.948445,"{'21001': '1,1717495161', '11002': '1,1717495160', '21002': '1,1717495161', '11001': '1,1717495160'}",2.6,14.7,DEV_TO_OCC
1717495162.2552633,"{'21001': '1,1717495161', '11002': '1,1717495161', '21002': '1,1717495161', '11001': '1,1717495161'}",3.0,14.7,DEV_TO_OCC
1717495162.9838214,"{'21001': '1,1717495162', '11002': '1,1717495161', '21002': '1,1717495162', '11001': '1,1717495161'}",3.4,14.7,DEV_TO_OCC
1717495163.2794018,"{'21001': '1,1717495162', '11002': '1,1717495162', '21002': '1,1717495162', '11001': '1,1717495162'}",3.7,14.7,DEV_TO_OCC
1717495164.1029155,"{'21001': '1,1717495163', '11002': '1,1717495162', '21002': '1,1717495163', '11001': '1,1717495162'}",2.4,14.7,DEV_TO_OCC
1717495164.303808,"{'21001': '1,1717495163', '11002': '1,1717495163', '21002': '1,1717495163', '11001': '1,1717495163'}",4.2,14.7,DEV_TO_OCC
1717495165.025547,"{'21001': '1,1717495164', '11002': '1,1717495163', '21002': '1,1717495164', '11001': '1,1717495163'}",2.5,14.7,DEV_TO_OCC
1717495165.3275414,"{'21001': '1,1717495164', '11002': '1,1717495164', '21002': '1,1717495164', '11001': '1,1717495164'}",2.5,14.7,DEV_TO_OCC
1717495165.4691339,217,7.0,14.7,OCC_TO_CU
1717495165.4701548,218,0.0,14.7,OCC_TO_CU
1717495165.4711344,219,0.0,14.7,OCC_TO_CU
1717495165.4719658,220,0.0,14.7,OCC_TO_CU
1717495165.9414053,"{'21001': '1,1717495165', '11002': '1,1717495164', '21002': '1,1717495165', '11001': '1,1717495164'}",7.3,14.7,DEV_TO_OCC
1717495166.2557318,"{'21001': '1,1717495165', '11002': '1,1717495165', '21002': '1,1717495165', '11001': '1,1717495165'}",4.0,14.7,DEV_TO_OCC
1717495167.1707003,"{'21001': '0,1717495166', '11002': '1,1717495165', '21002': '0,1717495166', '11001': '1,1717495165'}",2.1,14.7,DEV_TO_OCC
1717495167.2288094,"{'21001': '0,1717495166', '11002': '0,1717495166', '21002': '0,1717495166', '11001': '0,1717495166'}",11.3,14.7,DEV_TO_OCC
1717495168.0926237,"{'21001': '0,1717495167', '11002': '0,1717495166', '21002': '0,1717495167', '11001': '0,1717495166'}",1.9,14.7,DEV_TO_OCC
1717495168.2968657,"{'21001': '0,1717495167', '11002': '0,1717495167', '21002': '0,1717495167', '11001': '0,1717495167'}",5.7,14.7,DEV_TO_OCC
1717495169.0136986,"{'21001': '0,1717495168', '11002': '0,1717495167', '21002': '0,1717495168', '11001': '0,1717495167'}",2.6,14.7,DEV_TO_OCC
1717495169.320871,"{'21001': '0,1717495168', '11002': '0,1717495168', '21002': '0,1717495168', '11001': '0,1717495168'}",20.0,14.7,DEV_TO_OCC
1717495169.9354243,"{'21001': '0,1717495169', '11002': '0,1717495168', '21002': '0,1717495169', '11001': '0,1717495168'}",2.8,14.7,DEV_TO_OCC
1717495170.3449643,"{'21001': '0,1717495169', '11002': '0,1717495169', '21002': '0,1717495169', '11001': '0,1717495169'}",3.4,14.7,DEV_TO_OCC
1717495171.1647577,"{'21001': '0,1717495170', '11002': '0,1717495169', '21002': '0,1717495170', '11001': '0,1717495169'}",2.0,14.7,DEV_TO_OCC
1717495171.239879,"{'21001': '0,1717495170', '11002': '0,1717495170', '21002': '0,1717495170', '11001': '0,1717495170'}",7.6,14.7,DEV_TO_OCC
1717495171.8808622,"{'21001': '0,1717495171', '11002': '0,1717495170', '21002': '0,1717495171', '11001': '0,1717495170'}",2.7,14.7,DEV_TO_OCC
1717495173.0073202,"{'21001': '0,1717495171', '11002': '0,1717495172', '21002': '0,1717495171', '11001': '0,1717495171'}",1.9,14.7,DEV_TO_OCC
1717495173.007704,"{'21001': '0,1717495172', '11002': '0,1717495172', '21002': '0,1717495172', '11001': '0,1717495171'}",0.0,14.7,DEV_TO_OCC
1717495173.9292665,"{'21001': '0,1717495173', '11002': '0,1717495172', '21002': '0,1717495173', '11001': '0,1717495171'}",1.6,14.7,DEV_TO_OCC
1717495173.930196,"{'21001': '0,1717495173', '11002': '0,1717495173', '21002': '0,1717495173', '11001': '0,1717495172'}",0.0,14.7,DEV_TO_OCC
1717495175.1650155,"{'21001': '0,1717495174', '11002': '0,1717495173', '21002': '0,1717495174', '11001': '0,1717495172'}",2.0,14.7,DEV_TO_OCC
1717495175.1660085,"{'21001': '0,1717495174', '11002': '0,1717495174', '21002': '0,1717495174', '11001': '0,1717495173'}",0.0,14.7,DEV_TO_OCC
1717495175.483472,221,3.7,14.7,OCC_TO_CU
1717495175.484429,222,0.0,14.7,OCC_TO_CU
1717495175.4855602,223,75.0,14.7,OCC_TO_CU
1717495175.486543,224,0.0,14.7,OCC_TO_CU
1717495175.9770813,"{'21001': '0,1717495174', '11002': '0,1717495175', '21002': '0,1717495174', '11001': '0,1717495174'}",5.3,14.7,DEV_TO_OCC
1717495175.978038,"{'21001': '0,1717495175', '11002': '0,1717495175', '21002': '0,1717495175', '11001': '0,1717495174'}",0.0,14.7,DEV_TO_OCC
1717495177.0013473,"{'21001': '0,1717495175', '11002': '1,1717495176', '21002': '0,1717495175', '11001': '0,1717495175'}",1.6,14.7,DEV_TO_OCC
1717495177.0022829,"{'21001': '1,1717495176', '11002': '1,1717495176', '21002': '1,1717495176', '11001': '0,1717495175'}",0.0,14.7,DEV_TO_OCC
1717495177.9231787,"{'21001': '1,1717495177', '11002': '1,1717495176', '21002': '1,1717495177', '11001': '0,1717495175'}",1.5,14.7,DEV_TO_OCC
1717495177.9241319,"{'21001': '1,1717495177', '11002': '1,1717495177', '21002': '1,1717495177', '11001': '1,1717495176'}",0.0,14.7,DEV_TO_OCC
1717495179.152316,"{'21001': '1,1717495177', '11002': '1,1717495178', '21002': '1,1717495177', '11001': '1,1717495177'}",1.8,14.7,DEV_TO_OCC
1717495179.1535017,"{'21001': '1,1717495178', '11002': '1,1717495178', '21002': '1,1717495178', '11001': '1,1717495177'}",100.0,14.7,DEV_TO_OCC
1717495180.0734138,"{'21001': '1,1717495178', '11002': '1,1717495179', '21002': '1,1717495178', '11001': '1,1717495178'}",1.7,14.7,DEV_TO_OCC
1717495180.0744839,"{'21001': '1,1717495179', '11002': '1,1717495179', '21002': '1,1717495179', '11001': '1,1717495178'}",0.0,14.7,DEV_TO_OCC
1717495180.892119,"{'21001': '1,1717495180', '11002': '1,1717495179', '21002': '1,1717495180', '11001': '1,1717495178'}",2.4,14.7,DEV_TO_OCC
1717495180.9055812,"{'21001': '1,1717495180', '11002': '1,1717495180', '21002': '1,1717495180', '11001': '1,1717495179'}",26.7,14.7,DEV_TO_OCC
1717495181.9179785,"{'21001': '1,1717495181', '11002': '1,1717495180', '21002': '1,1717495181', '11001': '1,1717495179'}",1.6,14.7,DEV_TO_OCC
1717495181.9189696,"{'21001': '1,1717495181', '11002': '1,1717495181', '21002': '1,1717495181', '11001': '1,1717495180'}",0.0,14.7,DEV_TO_OCC
1717495183.1458013,"{'21001': '1,1717495182', '11002': '1,1717495181', '21002': '1,1717495182', '11001': '1,1717495180'}",2.1,14.7,DEV_TO_OCC
1717495183.1468668,"{'21001': '1,1717495182', '11002': '1,1717495182', '21002': '1,1717495182', '11001': '1,1717495181'}",0.0,14.7,DEV_TO_OCC
1717495184.0673313,"{'21001': '1,1717495183', '11002': '1,1717495182', '21002': '1,1717495183', '11001': '1,1717495181'}",2.2,14.7,DEV_TO_OCC
1717495184.0684953,"{'21001': '1,1717495183', '11002': '1,1717495183', '21002': '1,1717495183', '11001': '1,1717495182'}",0.0,14.7,DEV_TO_OCC
1717495184.9889085,"{'21001': '1,1717495183', '11002': '1,1717495184', '21002': '1,1717495183', '11001': '1,1717495183'}",7.9,14.7,DEV_TO_OCC
1717495184.9899023,"{'21001': '1,1717495184', '11002': '1,1717495184', '21002': '1,1717495184', '11001': '1,1717495183'}",0.0,14.7,DEV_TO_OCC
1717495185.498145,225,3.1,14.7,OCC_TO_CU
1717495185.499368,226,0.0,14.7,OCC_TO_CU
1717495185.5004647,227,0.0,14.7,OCC_TO_CU
1717495185.5015626,228,80.0,14.7,OCC_TO_CU
1717495185.9358037,"{'21001': '1,1717495185', '11002': '1,1717495184', '21002': '1,1717495185', '11001': '1,1717495183'}",3.5,14.7,DEV_TO_OCC
1717495185.950688,"{'21001': '1,1717495185', '11002': '1,1717495185', '21002': '1,1717495185', '11001': '1,1717495184'}",30.0,14.7,DEV_TO_OCC
1717495187.1393666,"{'21001': '0,1717495186', '11002': '1,1717495185', '21002': '0,1717495186', '11001': '1,1717495184'}",2.0,14.7,DEV_TO_OCC
1717495187.1404216,"{'21001': '0,1717495186', '11002': '0,1717495186', '21002': '0,1717495186', '11001': '1,1717495185'}",0.0,14.7,DEV_TO_OCC
1717495187.9582808,"{'21001': '0,1717495186', '11002': '0,1717495187', '21002': '0,1717495186', '11001': '0,1717495186'}",2.2,14.7,DEV_TO_OCC
1717495187.9592943,"{'21001': '0,1717495187', '11002': '0,1717495187', '21002': '0,1717495187', '11001': '0,1717495186'}",0.0,14.7,DEV_TO_OCC
1717495189.005395,"{'21001': '0,1717495188', '11002': '0,1717495187', '21002': '0,1717495188', '11001': '0,1717495186'}",1.8,14.7,DEV_TO_OCC
1717495189.0064428,"{'21001': '0,1717495188', '11002': '0,1717495188', '21002': '0,1717495188', '11001': '0,1717495187'}",0.0,14.7,DEV_TO_OCC
1717495189.9038446,"{'21001': '0,1717495189', '11002': '0,1717495188', '21002': '0,1717495189', '11001': '0,1717495187'}",1.5,14.7,DEV_TO_OCC
1717495189.9078758,"{'21001': '0,1717495189', '11002': '0,1717495189', '21002': '0,1717495189', '11001': '0,1717495188'}",40.0,14.7,DEV_TO_OCC
1717495191.1330028,"{'21001': '0,1717495190', '11002': '0,1717495189', '21002': '0,1717495190', '11001': '0,1717495188'}",2.1,14.7,DEV_TO_OCC
1717495191.133406,"{'21001': '0,1717495190', '11002': '0,1717495190', '21002': '0,1717495190', '11001': '0,1717495189'}",0.0,14.7,DEV_TO_OCC
1717495192.0544803,"{'21001': '0,1717495191', '11002': '0,1717495190', '21002': '0,1717495191', '11001': '0,1717495189'}",2.1,14.7,DEV_TO_OCC
1717495192.0562916,"{'21001': '0,1717495191', '11002': '0,1717495191', '21002': '0,1717495191', '11001': '0,1717495190'}",0.0,14.7,DEV_TO_OCC
1717495192.9754262,"{'21001': '0,1717495192', '11002': '0,1717495191', '21002': '0,1717495192', '11001': '0,1717495190'}",4.3,14.7,DEV_TO_OCC
1717495192.9762778,"{'21001': '0,1717495192', '11002': '0,1717495192', '21002': '0,1717495192', '11001': '0,1717495191'}",0.0,14.7,DEV_TO_OCC
1717495193.9197955,"{'21001': '0,1717495192', '11002': '0,1717495193', '21002': '0,1717495192', '11001': '0,1717495192'}",1.7,14.7,DEV_TO_OCC
1717495193.9207122,"{'21001': '0,1717495193', '11002': '0,1717495193', '21002': '0,1717495193', '11001': '0,1717495192'}",80.0,14.7,DEV_TO_OCC
1717495195.1264603,"{'21001': '0,1717495194', '11002': '0,1717495193', '21002': '0,1717495194', '11001': '0,1717495192'}",1.9,14.7,DEV_TO_OCC
1717495195.1274002,"{'21001': '0,1717495194', '11002': '0,1717495194', '21002': '0,1717495194', '11001': '0,1717495193'}",0.0,14.7,DEV_TO_OCC
1717495195.5130556,229,3.2,14.7,OCC_TO_CU
1717495195.514028,230,0.0,14.7,OCC_TO_CU
1717495195.5149975,231,0.0,14.7,OCC_TO_CU
1717495195.5160065,232,0.0,14.7,OCC_TO_CU
1717495195.9634743,"{'21001': '0,1717495195', '11002': '0,1717495194', '21002': '0,1717495195', '11001': '0,1717495193'}",4.6,14.7,DEV_TO_OCC
1717495195.964525,"{'21001': '0,1717495195', '11002': '0,1717495195', '21002': '0,1717495195', '11001': '0,1717495194'}",100.0,14.7,DEV_TO_OCC
1717495196.9693465,"{'21001': '0,1717495195', '11002': '1,1717495196', '21002': '0,1717495195', '11001': '0,1717495195'}",2.2,14.7,DEV_TO_OCC
1717495196.9702928,"{'21001': '1,1717495196', '11002': '1,1717495196', '21002': '1,1717495196', '11001': '0,1717495195'}",0.0,14.7,DEV_TO_OCC
1717495197.8910978,"{'21001': '1,1717495197', '11002': '1,1717495196', '21002': '1,1717495197', '11001': '0,1717495195'}",1.6,14.7,DEV_TO_OCC
1717495197.9082177,"{'21001': '1,1717495197', '11002': '1,1717495197', '21002': '1,1717495197', '11001': '1,1717495196'}",30.4,14.7,DEV_TO_OCC
1717495198.8975961,"{'21001': '1,1717495198', '11002': '1,1717495197', '21002': '1,1717495198', '11001': '1,1717495196'}",1.3,14.7,DEV_TO_OCC
1717495198.914309,"{'21001': '1,1717495198', '11002': '1,1717495198', '21002': '1,1717495198', '11001': '1,1717495197'}",5.9,14.7,DEV_TO_OCC
1717495200.0533433,"{'21001': '1,1717495198', '11002': '1,1717495199', '21002': '1,1717495198', '11001': '1,1717495198'}",5.7,14.7,DEV_TO_OCC
1717495200.0541854,"{'21001': '1,1717495199', '11002': '1,1717495199', '21002': '1,1717495199', '11001': '1,1717495198'}",0.0,14.7,DEV_TO_OCC
1717495200.9634478,"{'21001': '1,1717495199', '11002': '1,1717495200', '21002': '1,1717495199', '11001': '1,1717495199'}",4.4,14.6,DEV_TO_OCC
1717495200.964364,"{'21001': '1,1717495200', '11002': '1,1717495200', '21002': '1,1717495200', '11001': '1,1717495199'}",0.0,14.6,DEV_TO_OCC
1717495202.1926692,"{'21001': '1,1717495200', '11002': '1,1717495201', '21002': '1,1717495200', '11001': '1,1717495200'}",1.6,14.7,DEV_TO_OCC
1717495202.193666,"{'21001': '1,1717495201', '11002': '1,1717495201', '21002': '1,1717495201', '11001': '1,1717495200'}",0.0,14.7,DEV_TO_OCC
1717495203.1135411,"{'21001': '1,1717495201', '11002': '1,1717495202', '21002': '1,1717495201', '11001': '1,1717495201'}",1.1,14.7,DEV_TO_OCC
1717495203.1145248,"{'21001': '1,1717495202', '11002': '1,1717495202', '21002': '1,1717495202', '11001': '1,1717495201'}",0.0,14.7,DEV_TO_OCC
1717495203.936866,"{'21001': '1,1717495202', '11002': '1,1717495203', '21002': '1,1717495202', '11001': '1,1717495202'}",2.5,14.7,DEV_TO_OCC
1717495203.9379044,"{'21001': '1,1717495203', '11002': '1,1717495203', '21002': '1,1717495203', '11001': '1,1717495202'}",0.0,14.7,DEV_TO_OCC
1717495204.9563255,"{'21001': '1,1717495203', '11002': '1,1717495204', '21002': '1,1717495203', '11001': '1,1717495203'}",1.6,14.7,DEV_TO_OCC
1717495204.9573998,"{'21001': '1,1717495204', '11002': '1,1717495204', '21002': '1,1717495204', '11001': '1,1717495203'}",50.0,14.7,DEV_TO_OCC
1717495205.5277145,233,2.8,14.7,OCC_TO_CU
1717495205.5288007,234,66.7,14.7,OCC_TO_CU
1717495205.5298102,235,0.0,14.7,OCC_TO_CU
1717495205.530821,236,0.0,14.7,OCC_TO_CU
1717495205.9806736,"{'21001': '1,1717495204', '11002': '1,1717495205', '21002': '1,1717495204', '11001': '1,1717495204'}",4.6,14.7,DEV_TO_OCC
1717495205.9815772,"{'21001': '1,1717495205', '11002': '1,1717495205', '21002': '1,1717495205', '11001': '1,1717495204'}",0.0,14.7,DEV_TO_OCC
1717495207.1140673,"{'21001': '1,1717495205', '11002': '0,1717495206', '21002': '1,1717495205', '11001': '1,1717495205'}",1.7,14.7,DEV_TO_OCC
1717495207.115021,"{'21001': '0,1717495206', '11002': '0,1717495206', '21002': '0,1717495206', '11001': '1,1717495205'}",0.0,14.7,DEV_TO_OCC
1717495208.0289233,"{'21001': '0,1717495206', '11002': '0,1717495207', '21002': '0,1717495206', '11001': '0,1717495206'}",2.7,14.7,DEV_TO_OCC
1717495208.0298908,"{'21001': '0,1717495207', '11002': '0,1717495207', '21002': '0,1717495207', '11001': '0,1717495206'}",0.0,14.7,DEV_TO_OCC
1717495208.9503324,"{'21001': '0,1717495207', '11002': '0,1717495208', '21002': '0,1717495207', '11001': '0,1717495207'}",1.6,14.7,DEV_TO_OCC
1717495208.9513595,"{'21001': '0,1717495208', '11002': '0,1717495208', '21002': '0,1717495208', '11001': '0,1717495207'}",0.0,14.7,DEV_TO_OCC
1717495210.1917515,"{'21001': '0,1717495208', '11002': '0,1717495209', '21002': '0,1717495208', '11001': '0,1717495208'}",2.8,14.6,DEV_TO_OCC
1717495210.1927924,"{'21001': '0,1717495209', '11002': '0,1717495209', '21002': '0,1717495209', '11001': '0,1717495208'}",75.0,14.6,DEV_TO_OCC
1717495210.8958664,"{'21001': '0,1717495210', '11002': '0,1717495209', '21002': '0,1717495210', '11001': '0,1717495208'}",1.5,14.6,DEV_TO_OCC
1717495210.9143221,"{'21001': '0,1717495210', '11002': '0,1717495210', '21002': '0,1717495210', '11001': '0,1717495209'}",30.4,14.6,DEV_TO_OCC
1717495212.042889,"{'21001': '0,1717495210', '11002': '0,1717495211', '21002': '0,1717495210', '11001': '0,1717495210'}",1.7,14.7,DEV_TO_OCC
1717495212.044825,"{'21001': '0,1717495211', '11002': '0,1717495211', '21002': '0,1717495211', '11001': '0,1717495210'}",50.0,14.7,DEV_TO_OCC
1717495212.948157,"{'21001': '0,1717495211', '11002': '0,1717495212', '21002': '0,1717495211', '11001': '0,1717495211'}",1.9,14.7,DEV_TO_OCC
1717495212.949148,"{'21001': '0,1717495212', '11002': '0,1717495212', '21002': '0,1717495212', '11001': '0,1717495211'}",66.7,14.7,DEV_TO_OCC
1717495214.1743872,"{'21001': '0,1717495212', '11002': '0,1717495213', '21002': '0,1717495212', '11001': '0,1717495212'}",1.6,14.7,DEV_TO_OCC
1717495214.1753402,"{'21001': '0,1717495213', '11002': '0,1717495213', '21002': '0,1717495213', '11001': '0,1717495212'}",0.0,14.7,DEV_TO_OCC
1717495215.0009766,"{'21001': '0,1717495213', '11002': '0,1717495214', '21002': '0,1717495213', '11001': '0,1717495213'}",2.5,14.7,DEV_TO_OCC
1717495215.0020044,"{'21001': '0,1717495214', '11002': '0,1717495214', '21002': '0,1717495214', '11001': '0,1717495213'}",0.0,14.7,DEV_TO_OCC
1717495215.5420723,237,11.6,14.6,OCC_TO_CU
1717495215.5433228,238,0.0,14.6,OCC_TO_CU
1717495215.5446649,239,100.0,14.6,OCC_TO_CU
1717495215.5461135,240,0.0,14.6,OCC_TO_CU
1717495215.913318,"{'21001': '0,1717495215', '11002': '0,1717495214', '21002': '0,1717495215', '11001': '0,1717495213'}",15.9,14.6,DEV_TO_OCC
1717495215.9176514,"{'21001': '0,1717495215', '11002': '0,1717495215', '21002': '0,1717495215', '11001': '0,1717495214'}",40.0,14.6,DEV_TO_OCC
1717495216.9423943,"{'21001': '1,1717495216', '11002': '0,1717495215', '21002': '1,1717495216', '11001': '0,1717495214'}",2.4,14.6,DEV_TO_OCC
1717495216.9490817,"{'21001': '1,1717495216', '11002': '1,1717495216', '21002': '1,1717495216', '11001': '0,1717495215'}",33.3,14.6,DEV_TO_OCC
1717495218.1855385,"{'21001': '1,1717495217', '11002': '1,1717495216', '21002': '1,1717495217', '11001': '0,1717495215'}",1.3,14.6,DEV_TO_OCC
1717495218.1864061,"{'21001': '1,1717495217', '11002': '1,1717495217', '21002': '1,1717495217', '11001': '1,1717495216'}",0.0,14.6,DEV_TO_OCC
1717495218.9857726,"{'21001': '1,1717495218', '11002': '1,1717495217', '21002': '1,1717495218', '11001': '1,1717495216'}",2.5,14.6,DEV_TO_OCC
1717495218.986689,"{'21001': '1,1717495218', '11002': '1,1717495218', '21002': '1,1717495218', '11001': '1,1717495217'}",0.0,14.6,DEV_TO_OCC
1717495219.906807,"{'21001': '1,1717495219', '11002': '1,1717495218', '21002': '1,1717495219', '11001': '1,1717495217'}",1.9,14.6,DEV_TO_OCC
1717495219.9176521,"{'21001': '1,1717495219', '11002': '1,1717495219', '21002': '1,1717495219', '11001': '1,1717495218'}",25.0,14.6,DEV_TO_OCC
1717495220.9314015,"{'21001': '1,1717495220', '11002': '1,1717495219', '21002': '1,1717495220', '11001': '1,1717495218'}",1.9,14.6,DEV_TO_OCC
1717495220.9323697,"{'21001': '1,1717495220', '11002': '1,1717495220', '21002': '1,1717495220', '11001': '1,1717495219'}",0.0,14.6,DEV_TO_OCC
1717495222.1601605,"{'21001': '1,1717495221', '11002': '1,1717495220', '21002': '1,1717495221', '11001': '1,1717495219'}",1.8,14.6,DEV_TO_OCC
1717495222.1615129,"{'21001': '1,1717495221', '11002': '1,1717495221', '21002': '1,1717495221', '11001': '1,1717495220'}",66.7,14.6,DEV_TO_OCC
1717495223.0818293,"{'21001': '1,1717495222', '11002': '1,1717495221', '21002': '1,1717495222', '11001': '1,1717495220'}",1.8,14.6,DEV_TO_OCC
1717495223.083141,"{'21001': '1,1717495222', '11002': '1,1717495222', '21002': '1,1717495222', '11001': '1,1717495221'}",0.0,14.6,DEV_TO_OCC
1717495223.900127,"{'21001': '1,1717495223', '11002': '1,1717495222', '21002': '1,1717495223', '11001': '1,1717495221'}",1.8,14.6,DEV_TO_OCC
1717495223.920098,"{'21001': '1,1717495223', '11002': '1,1717495223', '21002': '1,1717495223', '11001': '1,1717495222'}",20.8,14.6,DEV_TO_OCC
1717495224.925472,"{'21001': '1,1717495224', '11002': '1,1717495223', '21002': '1,1717495224', '11001': '1,1717495222'}",1.5,14.7,DEV_TO_OCC
1717495224.9264743,"{'21001': '1,1717495224', '11002': '1,1717495224', '21002': '1,1717495224', '11001': '1,1717495223'}",0.0,14.7,DEV_TO_OCC
1717495225.5578327,241,3.8,14.6,OCC_TO_CU
1717495225.5588264,242,0.0,14.6,OCC_TO_CU
1717495225.5598822,243,0.0,14.6,OCC_TO_CU
1717495225.560894,244,100.0,14.6,OCC_TO_CU
1717495225.948314,"{'21001': '1,1717495225', '11002': '1,1717495224', '21002': '1,1717495225', '11001': '1,1717495223'}",4.1,14.6,DEV_TO_OCC
1717495225.9492946,"{'21001': '1,1717495225', '11002': '1,1717495225', '21002': '1,1717495225', '11001': '1,1717495224'}",50.0,14.6,DEV_TO_OCC
1717495226.9737275,"{'21001': '0,1717495226', '11002': '1,1717495225', '21002': '0,1717495226', '11001': '1,1717495224'}",2.4,14.6,DEV_TO_OCC
1717495226.9746954,"{'21001': '0,1717495226', '11002': '0,1717495226', '21002': '0,1717495226', '11001': '1,1717495225'}",0.0,14.6,DEV_TO_OCC
1717495228.002108,"{'21001': '0,1717495227', '11002': '0,1717495226', '21002': '0,1717495227', '11001': '1,1717495225'}",2.1,14.6,DEV_TO_OCC
1717495228.003094,"{'21001': '0,1717495227', '11002': '0,1717495227', '21002': '0,1717495227', '11001': '0,1717495226'}",0.0,14.6,DEV_TO_OCC
1717495228.9192553,"{'21001': '0,1717495228', '11002': '0,1717495227', '21002': '0,1717495228', '11001': '0,1717495226'}",2.1,14.7,DEV_TO_OCC
1717495228.9227018,"{'21001': '0,1717495228', '11002': '0,1717495228', '21002': '0,1717495228', '11001': '0,1717495227'}",57.1,14.7,DEV_TO_OCC
1717495229.9422553,"{'21001': '0,1717495229', '11002': '0,1717495228', '21002': '0,1717495229', '11001': '0,1717495227'}",8.6,14.6,DEV_TO_OCC
1717495229.9431922,"{'21001': '0,1717495229', '11002': '0,1717495229', '21002': '0,1717495229', '11001': '0,1717495228'}",0.0,14.6,DEV_TO_OCC
1717495231.068844,"{'21001': '0,1717495230', '11002': '0,1717495229', '21002': '0,1717495230', '11001': '0,1717495228'}",1.8,14.6,DEV_TO_OCC
1717495231.0697575,"{'21001': '0,1717495230', '11002': '0,1717495230', '21002': '0,1717495230', '11001': '0,1717495229'}",0.0,14.6,DEV_TO_OCC
1717495231.9902477,"{'21001': '0,1717495231', '11002': '0,1717495230', '21002': '0,1717495231', '11001': '0,1717495229'}",1.9,14.6,DEV_TO_OCC
1717495231.9911714,"{'21001': '0,1717495231', '11002': '0,1717495231', '21002': '0,1717495231', '11001': '0,1717495230'}",0.0,14.6,DEV_TO_OCC
1717495232.9121284,"{'21001': '0,1717495232', '11002': '0,1717495231', '21002': '0,1717495232', '11001': '0,1717495230'}",2.1,14.6,DEV_TO_OCC
1717495232.9219933,"{'21001': '0,1717495232', '11002': '0,1717495232', '21002': '0,1717495232', '11001': '0,1717495231'}",30.0,14.6,DEV_TO_OCC
1717495233.93598,"{'21001': '0,1717495233', '11002': '0,1717495232', '21002': '0,1717495233', '11001': '0,1717495231'}",2.0,14.6,DEV_TO_OCC
1717495233.9370456,"{'21001': '0,1717495233', '11002': '0,1717495233', '21002': '0,1717495233', '11001': '0,1717495232'}",0.0,14.6,DEV_TO_OCC
1717495235.062281,"{'21001': '0,1717495234', '11002': '0,1717495233', '21002': '0,1717495234', '11001': '0,1717495232'}",1.4,14.6,DEV_TO_OCC
1717495235.0627084,"{'21001': '0,1717495234', '11002': '0,1717495234', '21002': '0,1717495234', '11001': '0,1717495233'}",0.0,14.6,DEV_TO_OCC
1717495235.5724137,245,5.9,14.6,OCC_TO_CU
1717495235.573567,246,0.0,14.6,OCC_TO_CU
1717495235.5744965,247,0.0,14.6,OCC_TO_CU
1717495235.5754108,248,0.0,14.6,OCC_TO_CU
1717495236.003205,"{'21001': '0,1717495234', '11002': '0,1717495235', '21002': '0,1717495234', '11001': '0,1717495234'}",4.5,14.6,DEV_TO_OCC
1717495236.0047605,"{'21001': '0,1717495235', '11002': '0,1717495235', '21002': '0,1717495235', '11001': '0,1717495234'}",75.0,14.6,DEV_TO_OCC
1717495236.9054868,"{'21001': '1,1717495236', '11002': '0,1717495235', '21002': '1,1717495236', '11001': '0,1717495234'}",2.2,14.7,DEV_TO_OCC
1717495236.9571068,"{'21001': '1,1717495236', '11002': '1,1717495236', '21002': '1,1717495236', '11001': '0,1717495235'}",10.0,14.6,DEV_TO_OCC
1717495238.135089,"{'21001': '1,1717495236', '11002': '1,1717495237', '21002': '1,1717495236', '11001': '1,1717495236'}",2.1,14.7,DEV_TO_OCC
1717495238.1362526,"{'21001': '1,1717495237', '11002': '1,1717495237', '21002': '1,1717495237', '11001': '1,1717495236'}",0.0,14.7,DEV_TO_OCC
1717495239.0564444,"{'21001': '1,1717495238', '11002': '1,1717495237', '21002': '1,1717495238', '11001': '1,1717495236'}",1.5,14.7,DEV_TO_OCC
1717495239.0577044,"{'21001': '1,1717495238', '11002': '1,1717495238', '21002': '1,1717495238', '11001': '1,1717495237'}",75.0,14.7,DEV_TO_OCC
1717495239.9792724,"{'21001': '1,1717495239', '11002': '1,1717495238', '21002': '1,1717495239', '11001': '1,1717495237'}",1.5,14.7,DEV_TO_OCC
1717495239.9805143,"{'21001': '1,1717495239', '11002': '1,1717495239', '21002': '1,1717495239', '11001': '1,1717495238'}",75.0,14.7,DEV_TO_OCC
1717495240.8886814,"{'21001': '1,1717495240', '11002': '1,1717495239', '21002': '1,1717495240', '11001': '1,1717495238'}",1.7,14.7,DEV_TO_OCC
1717495240.924781,"{'21001': '1,1717495240', '11002': '1,1717495240', '21002': '1,1717495240', '11001': '1,1717495239'}",11.9,14.7,DEV_TO_OCC
1717495242.128476,"{'21001': '1,1717495241', '11002': '1,1717495240', '21002': '1,1717495241', '11001': '1,1717495239'}",1.6,14.7,DEV_TO_OCC
1717495242.1294541,"{'21001': '1,1717495241', '11002': '1,1717495241', '21002': '1,1717495241', '11001': '1,1717495240'}",50.0,14.7,DEV_TO_OCC
1717495243.049904,"{'21001': '1,1717495242', '11002': '1,1717495241', '21002': '1,1717495242', '11001': '1,1717495240'}",1.5,14.7,DEV_TO_OCC
1717495243.0507882,"{'21001': '1,1717495242', '11002': '1,1717495242', '21002': '1,1717495242', '11001': '1,1717495241'}",0.0,14.7,DEV_TO_OCC
1717495243.9711647,"{'21001': '1,1717495243', '11002': '1,1717495242', '21002': '1,1717495243', '11001': '1,1717495241'}",2.3,14.7,DEV_TO_OCC
1717495243.9721062,"{'21001': '1,1717495243', '11002': '1,1717495243', '21002': '1,1717495243', '11001': '1,1717495242'}",0.0,14.7,DEV_TO_OCC
1717495245.2002296,"{'21001': '1,1717495243', '11002': '1,1717495244', '21002': '1,1717495243', '11001': '1,1717495243'}",1.8,14.7,DEV_TO_OCC
1717495245.2011657,"{'21001': '1,1717495244', '11002': '1,1717495244', '21002': '1,1717495244', '11001': '1,1717495243'}",50.0,14.7,DEV_TO_OCC
1717495245.5864422,249,15.4,14.6,OCC_TO_CU
1717495245.5874388,250,0.0,14.6,OCC_TO_CU
1717495245.5884411,251,0.0,14.6,OCC_TO_CU
1717495245.5897436,252,66.7,14.6,OCC_TO_CU
1717495246.0192912,"{'21001': '1,1717495245', '11002': '1,1717495244', '21002': '1,1717495245', '11001': '1,1717495243'}",5.5,14.6,DEV_TO_OCC
1717495246.020269,"{'21001': '1,1717495245', '11002': '1,1717495245', '21002': '1,1717495245', '11001': '1,1717495244'}",0.0,14.6,DEV_TO_OCC
1717495247.085677,"{'21001': '0,1717495246', '11002': '1,1717495245', '21002': '0,1717495246', '11001': '1,1717495244'}",2.1,14.6,DEV_TO_OCC
1717495247.0866435,"{'21001': '0,1717495246', '11002': '0,1717495246', '21002': '0,1717495246', '11001': '1,1717495245'}",0.0,14.6,DEV_TO_OCC
1717495247.9650483,"{'21001': '0,1717495247', '11002': '0,1717495246', '21002': '0,1717495247', '11001': '1,1717495245'}",2.6,14.6,DEV_TO_OCC
1717495247.9659917,"{'21001': '0,1717495247', '11002': '0,1717495247', '21002': '0,1717495247', '11001': '0,1717495246'}",0.0,14.6,DEV_TO_OCC
1717495249.1968858,"{'21001': '0,1717495247', '11002': '0,1717495248', '21002': '0,1717495247', '11001': '0,1717495247'}",1.2,14.6,DEV_TO_OCC
1717495249.1978867,"{'21001': '0,1717495248', '11002': '0,1717495248', '21002': '0,1717495248', '11001': '0,1717495247'}",0.0,14.6,DEV_TO_OCC
1717495250.1174643,"{'21001': '0,1717495248', '11002': '0,1717495249', '21002': '0,1717495248', '11001': '0,1717495248'}",1.9,14.7,DEV_TO_OCC
1717495250.118286,"{'21001': '0,1717495249', '11002': '0,1717495249', '21002': '0,1717495249', '11001': '0,1717495248'}",0.0,14.7,DEV_TO_OCC
1717495251.042726,"{'21001': '0,1717495250', '11002': '0,1717495249', '21002': '0,1717495250', '11001': '0,1717495248'}",1.6,14.7,DEV_TO_OCC
1717495251.0436175,"{'21001': '0,1717495250', '11002': '0,1717495250', '21002': '0,1717495250', '11001': '0,1717495249'}",0.0,14.7,DEV_TO_OCC
1717495251.9583492,"{'21001': '0,1717495251', '11002': '0,1717495250', '21002': '0,1717495251', '11001': '0,1717495249'}",2.1,14.7,DEV_TO_OCC
1717495251.9592938,"{'21001': '0,1717495251', '11002': '0,1717495251', '21002': '0,1717495251', '11001': '0,1717495250'}",0.0,14.7,DEV_TO_OCC
1717495253.1876233,"{'21001': '0,1717495252', '11002': '0,1717495251', '21002': '0,1717495252', '11001': '0,1717495250'}",1.7,14.7,DEV_TO_OCC
1717495253.188488,"{'21001': '0,1717495252', '11002': '0,1717495252', '21002': '0,1717495252', '11001': '0,1717495251'}",0.0,14.7,DEV_TO_OCC
1717495254.1090157,"{'21001': '0,1717495253', '11002': '0,1717495252', '21002': '0,1717495253', '11001': '0,1717495251'}",1.5,14.7,DEV_TO_OCC
1717495254.1099813,"{'21001': '0,1717495253', '11002': '0,1717495253', '21002': '0,1717495253', '11001': '0,1717495252'}",0.0,14.7,DEV_TO_OCC
1717495255.0314546,"{'21001': '0,1717495254', '11002': '0,1717495253', '21002': '0,1717495254', '11001': '0,1717495252'}",1.5,14.7,DEV_TO_OCC
1717495255.032441,"{'21001': '0,1717495254', '11002': '0,1717495254', '21002': '0,1717495254', '11001': '0,1717495253'}",0.0,14.7,DEV_TO_OCC
1717495255.6011248,253,2.1,14.7,OCC_TO_CU
1717495255.602186,254,0.0,14.7,OCC_TO_CU
1717495255.6031175,255,0.0,14.7,OCC_TO_CU
1717495255.6040072,256,0.0,14.7,OCC_TO_CU
1717495255.951786,"{'21001': '0,1717495255', '11002': '0,1717495254', '21002': '0,1717495255', '11001': '0,1717495253'}",5.7,14.7,DEV_TO_OCC
1717495255.9527683,"{'21001': '0,1717495255', '11002': '0,1717495255', '21002': '0,1717495255', '11001': '0,1717495254'}",100.0,14.7,DEV_TO_OCC
1717495257.1809492,"{'21001': '1,1717495256', '11002': '0,1717495255', '21002': '1,1717495256', '11001': '0,1717495254'}",2.4,14.7,DEV_TO_OCC
1717495257.1819518,"{'21001': '1,1717495256', '11002': '1,1717495256', '21002': '1,1717495256', '11001': '0,1717495255'}",0.0,14.7,DEV_TO_OCC
1717495258.1049976,"{'21001': '1,1717495257', '11002': '1,1717495256', '21002': '1,1717495257', '11001': '0,1717495255'}",2.2,14.7,DEV_TO_OCC
1717495258.105951,"{'21001': '1,1717495257', '11002': '1,1717495257', '21002': '1,1717495257', '11001': '1,1717495256'}",0.0,14.7,DEV_TO_OCC
1717495258.9219155,"{'21001': '1,1717495258', '11002': '1,1717495257', '21002': '1,1717495258', '11001': '1,1717495256'}",2.1,14.7,DEV_TO_OCC
1717495258.9326694,"{'21001': '1,1717495258', '11002': '1,1717495258', '21002': '1,1717495258', '11001': '1,1717495257'}",42.9,14.7,DEV_TO_OCC
1717495259.9457734,"{'21001': '1,1717495258', '11002': '1,1717495259', '21002': '1,1717495258', '11001': '1,1717495258'}",7.1,14.6,DEV_TO_OCC
1717495259.94688,"{'21001': '1,1717495259', '11002': '1,1717495259', '21002': '1,1717495259', '11001': '1,1717495258'}",0.0,14.6,DEV_TO_OCC
1717495261.1773105,"{'21001': '1,1717495259', '11002': '1,1717495260', '21002': '1,1717495259', '11001': '1,1717495259'}",1.6,14.7,DEV_TO_OCC
1717495261.1784039,"{'21001': '1,1717495260', '11002': '1,1717495260', '21002': '1,1717495260', '11001': '1,1717495259'}",0.0,14.7,DEV_TO_OCC
1717495262.0989506,"{'21001': '1,1717495261', '11002': '1,1717495260', '21002': '1,1717495261', '11001': '1,1717495259'}",1.8,14.7,DEV_TO_OCC
1717495262.1006434,"{'21001': '1,1717495261', '11002': '1,1717495261', '21002': '1,1717495261', '11001': '1,1717495260'}",80.0,14.7,DEV_TO_OCC
1717495263.0218298,"{'21001': '1,1717495262', '11002': '1,1717495261', '21002': '1,1717495262', '11001': '1,1717495260'}",1.9,14.7,DEV_TO_OCC
1717495263.0228546,"{'21001': '1,1717495262', '11002': '1,1717495262', '21002': '1,1717495262', '11001': '1,1717495261'}",0.0,14.7,DEV_TO_OCC
1717495263.9432201,"{'21001': '1,1717495263', '11002': '1,1717495262', '21002': '1,1717495263', '11001': '1,1717495261'}",2.4,14.7,DEV_TO_OCC
1717495263.9441483,"{'21001': '1,1717495263', '11002': '1,1717495263', '21002': '1,1717495263', '11001': '1,1717495262'}",0.0,14.7,DEV_TO_OCC
1717495264.9673142,"{'21001': '1,1717495264', '11002': '1,1717495263', '21002': '1,1717495264', '11001': '1,1717495262'}",1.6,14.7,DEV_TO_OCC
1717495265.3757663,"{'21001': '1,1717495264', '11002': '1,1717495263', '21002': '1,1717495264', '11001': '1,1717495263'}",3.5,14.7,DEV_TO_OCC
1717495265.6133635,257,3.8,14.7,OCC_TO_CU
1717495265.6144085,258,0.0,14.7,OCC_TO_CU
1717495265.6154895,259,0.0,14.7,OCC_TO_CU
1717495265.616548,260,100.0,14.7,OCC_TO_CU
1717495265.9899437,"{'21001': '1,1717495265', '11002': '1,1717495263', '21002': '1,1717495265', '11001': '1,1717495263'}",3.8,14.7,DEV_TO_OCC
1717495267.0139751,"{'21001': '1,1717495265', '11002': '1,1717495266', '21002': '1,1717495265', '11001': '1,1717495265'}",2.3,14.7,DEV_TO_OCC
1717495267.0151143,"{'21001': '0,1717495266', '11002': '1,1717495266', '21002': '0,1717495266', '11001': '1,1717495265'}",0.0,14.7,DEV_TO_OCC
1717495267.9350107,"{'21001': '0,1717495266', '11002': '1,1717495267', '21002': '0,1717495266', '11001': '0,1717495266'}",1.6,14.7,DEV_TO_OCC
1717495267.9360583,"{'21001': '0,1717495267', '11002': '1,1717495267', '21002': '0,1717495267', '11001': '0,1717495266'}",0.0,14.7,DEV_TO_OCC
1717495269.270344,"{'21001': '0,1717495268', '11002': '1,1717495267', '21002': '0,1717495268', '11001': '0,1717495266'}",1.6,14.7,DEV_TO_OCC
1717495269.4690201,"{'21001': '0,1717495268', '11002': '1,1717495267', '21002': '0,1717495268', '11001': '0,1717495267'}",6.2,14.7,DEV_TO_OCC
1717495270.0834148,"{'21001': '0,1717495269', '11002': '1,1717495267', '21002': '0,1717495269', '11001': '0,1717495267'}",2.6,14.7,DEV_TO_OCC
1717495271.0251145,"{'21001': '0,1717495270', '11002': '1,1717495267', '21002': '0,1717495270', '11001': '0,1717495267'}",2.5,14.7,DEV_TO_OCC
1717495271.0507805,"{'21001': '0,1717495270', '11002': '1,1717495270', '21002': '0,1717495270', '11001': '0,1717495269'}",16.7,14.7,DEV_TO_OCC
1717495271.926861,"{'21001': '0,1717495271', '11002': '1,1717495270', '21002': '0,1717495271', '11001': '0,1717495269'}",9.4,14.7,DEV_TO_OCC
1717495272.3357558,"{'21001': '0,1717495271', '11002': '1,1717495270', '21002': '0,1717495271', '11001': '0,1717495270'}",3.5,14.7,DEV_TO_OCC
1717495272.9509406,"{'21001': '0,1717495272', '11002': '1,1717495270', '21002': '0,1717495272', '11001': '0,1717495270'}",2.0,14.7,DEV_TO_OCC
1717495274.0769253,"{'21001': '0,1717495273', '11002': '1,1717495270', '21002': '0,1717495273', '11001': '0,1717495270'}",2.1,14.7,DEV_TO_OCC
1717495274.0772803,"{'21001': '0,1717495273', '11002': '1,1717495271', '21002': '0,1717495273', '11001': '0,1717495272'}",0.0,14.7,DEV_TO_OCC
1717495275.0114884,"{'21001': '0,1717495274', '11002': '1,1717495271', '21002': '0,1717495274', '11001': '0,1717495272'}",2.0,14.7,DEV_TO_OCC
1717495275.4079115,"{'21001': '0,1717495274', '11002': '1,1717495271', '21002': '0,1717495274', '11001': '0,1717495273'}",3.6,14.7,DEV_TO_OCC
1717495275.6279044,261,4.2,14.7,OCC_TO_CU
1717495275.6288948,262,66.7,14.7,OCC_TO_CU
1717495275.6297503,263,0.0,14.7,OCC_TO_CU
1717495275.630712,264,0.0,14.7,OCC_TO_CU
1717495275.919895,"{'21001': '0,1717495275', '11002': '1,1717495271', '21002': '0,1717495275', '11001': '0,1717495273'}",3.8,14.7,DEV_TO_OCC
1717495276.329066,"{'21001': '0,1717495275', '11002': '1,1717495274', '21002': '0,1717495275', '11001': '0,1717495275'}",4.1,14.7,DEV_TO_OCC
1717495277.1493726,"{'21001': '1,1717495276', '11002': '1,1717495274', '21002': '1,1717495276', '11001': '0,1717495275'}",2.1,14.7,DEV_TO_OCC
1717495277.970612,"{'21001': '1,1717495277', '11002': '1,1717495274', '21002': '1,1717495277', '11001': '0,1717495275'}",1.9,14.7,DEV_TO_OCC
1717495278.4964108,"{'21001': '1,1717495277', '11002': '1,1717495274', '21002': '1,1717495277', '11001': '1,1717495276'}",2.5,14.7,DEV_TO_OCC
1717495278.9921732,"{'21001': '1,1717495278', '11002': '1,1717495274', '21002': '1,1717495278', '11001': '1,1717495276'}",2.7,14.7,DEV_TO_OCC
1717495280.221041,"{'21001': '1,1717495279', '11002': '1,1717495274', '21002': '1,1717495279', '11001': '1,1717495276'}",3.5,14.7,DEV_TO_OCC
1717495280.313268,"{'21001': '1,1717495279', '11002': '1,1717495274', '21002': '1,1717495279', '11001': '1,1717495278'}",5.5,14.7,DEV_TO_OCC
1717495280.9424915,"{'21001': '1,1717495280', '11002': '1,1717495274', '21002': '1,1717495280', '11001': '1,1717495278'}",13.5,14.7,DEV_TO_OCC
1717495282.0643873,"{'21001': '1,1717495281', '11002': '1,1717495274', '21002': '1,1717495281', '11001': '1,1717495278'}",2.3,14.7,DEV_TO_OCC
1717495282.370942,"{'21001': '1,1717495281', '11002': '1,1717495274', '21002': '1,1717495281', '11001': '1,1717495280'}",3.8,14.7,DEV_TO_OCC
1717495283.0251865,"{'21001': '1,1717495282', '11002': '1,1717495274', '21002': '1,1717495282', '11001': '1,1717495280'}",4.2,14.6,DEV_TO_OCC
1717495284.0110774,"{'21001': '1,1717495283', '11002': '1,1717495274', '21002': '1,1717495283', '11001': '1,1717495280'}",1.7,14.6,DEV_TO_OCC
1717495284.4216626,"{'21001': '1,1717495283', '11002': '1,1717495274', '21002': '1,1717495283', '11001': '1,1717495282'}",3.6,14.6,DEV_TO_OCC
1717495284.9312704,"{'21001': '1,1717495284', '11002': '1,1717495274', '21002': '1,1717495284', '11001': '1,1717495282'}",3.0,14.6,DEV_TO_OCC
1717495285.6420424,265,2.9,14.6,OCC_TO_CU
1717495285.6430657,266,0.0,14.6,OCC_TO_CU
1717495285.6440666,267,0.0,14.6,OCC_TO_CU
1717495285.6451745,268,100.0,14.6,OCC_TO_CU
1717495285.9555643,"{'21001': '1,1717495285', '11002': '1,1717495274', '21002': '1,1717495285', '11001': '1,1717495282'}",3.3,14.6,DEV_TO_OCC
1717495286.3648243,"{'21001': '1,1717495285', '11002': '1,1717495274', '21002': '1,1717495285', '11001': '1,1717495284'}",4.3,14.7,DEV_TO_OCC
1717495286.9795477,"{'21001': '0,1717495286', '11002': '1,1717495274', '21002': '0,1717495286', '11001': '1,1717495284'}",2.6,14.7,DEV_TO_OCC
1717495288.005445,"{'21001': '0,1717495287', '11002': '1,1717495274', '21002': '0,1717495287', '11001': '1,1717495284'}",2.0,14.7,DEV_TO_OCC
1717495288.3150895,"{'21001': '0,1717495287', '11002': '1,1717495279', '21002': '0,1717495287', '11001': '0,1717495286'}",3.0,14.7,DEV_TO_OCC
1717495288.3625004,"{'21001': '0,1717495287', '11002': '1,1717495280', '21002': '0,1717495287', '11001': '0,1717495287'}",12.1,14.7,DEV_TO_OCC
1717495289.1297562,"{'21001': '0,1717495288', '11002': '1,1717495280', '21002': '0,1717495288', '11001': '0,1717495287'}",2.5,14.7,DEV_TO_OCC
1717495289.437,"{'21001': '0,1717495288', '11002': '1,1717495281', '21002': '0,1717495288', '11001': '0,1717495288'}",3.0,14.7,DEV_TO_OCC
1717495289.9487987,"{'21001': '0,1717495289', '11002': '1,1717495281', '21002': '0,1717495289', '11001': '0,1717495288'}",3.3,14.7,DEV_TO_OCC
1717495290.9754412,"{'21001': '0,1717495290', '11002': '1,1717495281', '21002': '0,1717495290', '11001': '0,1717495288'}",2.0,14.7,DEV_TO_OCC
1717495291.3825266,"{'21001': '0,1717495290', '11002': '1,1717495281', '21002': '0,1717495290', '11001': '0,1717495289'}",16.0,14.7,DEV_TO_OCC
1717495291.997227,"{'21001': '0,1717495291', '11002': '1,1717495281', '21002': '0,1717495291', '11001': '0,1717495289'}",3.4,14.7,DEV_TO_OCC
1717495293.123064,"{'21001': '0,1717495292', '11002': '1,1717495281', '21002': '0,1717495292', '11001': '0,1717495289'}",1.7,14.7,DEV_TO_OCC
1717495293.430726,"{'21001': '0,1717495292', '11002': '1,1717495281', '21002': '0,1717495292', '11001': '0,1717495291'}",1.6,14.7,DEV_TO_OCC
1717495293.9422777,"{'21001': '0,1717495293', '11002': '1,1717495281', '21002': '0,1717495293', '11001': '0,1717495291'}",2.9,14.7,DEV_TO_OCC
1717495294.9676468,"{'21001': '0,1717495294', '11002': '1,1717495281', '21002': '0,1717495294', '11001': '0,1717495291'}",1.6,14.7,DEV_TO_OCC
1717495295.3759809,"{'21001': '0,1717495294', '11002': '1,1717495281', '21002': '0,1717495294', '11001': '0,1717495293'}",3.3,14.7,DEV_TO_OCC
1717495295.6565745,269,3.0,14.7,OCC_TO_CU
1717495295.657599,270,0.0,14.7,OCC_TO_CU
1717495295.6584244,271,0.0,14.7,OCC_TO_CU
1717495295.6593075,272,0.0,14.7,OCC_TO_CU
1717495295.9907136,"{'21001': '0,1717495295', '11002': '1,1717495281', '21002': '0,1717495295', '11001': '0,1717495293'}",7.0,14.7,DEV_TO_OCC
1717495297.1456625,"{'21001': '1,1717495296', '11002': '1,1717495281', '21002': '1,1717495296', '11001': '0,1717495293'}",2.2,14.7,DEV_TO_OCC
1717495297.4243429,"{'21001': '1,1717495296', '11002': '1,1717495281', '21002': '1,1717495296', '11001': '0,1717495295'}",2.4,14.7,DEV_TO_OCC
1717495297.9362452,"{'21001': '1,1717495297', '11002': '1,1717495281', '21002': '1,1717495297', '11001': '0,1717495295'}",3.3,14.7,DEV_TO_OCC
1717495298.9605565,"{'21001': '1,1717495298', '11002': '1,1717495281', '21002': '1,1717495298', '11001': '0,1717495295'}",1.6,14.7,DEV_TO_OCC
1717495299.369618,"{'21001': '1,1717495298', '11002': '1,1717495281', '21002': '1,1717495298', '11001': '1,1717495297'}",3.1,14.7,DEV_TO_OCC
1717495299.9841683,"{'21001': '1,1717495299', '11002': '1,1717495281', '21002': '1,1717495299', '11001': '1,1717495297'}",5.7,14.7,DEV_TO_OCC
1717495301.1102257,"{'21001': '1,1717495300', '11002': '1,1717495281', '21002': '1,1717495300', '11001': '1,1717495297'}",7.2,14.6,DEV_TO_OCC
1717495301.417752,"{'21001': '1,1717495300', '11002': '1,1717495281', '21002': '1,1717495300', '11001': '1,1717495299'}",4.0,14.6,DEV_TO_OCC
1717495301.9297512,"{'21001': '1,1717495301', '11002': '1,1717495281', '21002': '1,1717495301', '11001': '1,1717495299'}",3.9,14.6,DEV_TO_OCC
1717495302.4418206,"{'21001': '1,1717495301', '11002': '0,1717495290', '21002': '1,1717495301', '11001': '1,1717495301'}",2.5,14.7,DEV_TO_OCC
1717495302.953784,"{'21001': '1,1717495302', '11002': '0,1717495290', '21002': '1,1717495302', '11001': '1,1717495301'}",2.5,14.7,DEV_TO_OCC
1717495303.3632443,"{'21001': '1,1717495302', '11002': '0,1717495295', '21002': '1,1717495302', '11001': '1,1717495302'}",2.7,14.7,DEV_TO_OCC
1717495304.18294,"{'21001': '1,1717495303', '11002': '0,1717495295', '21002': '1,1717495303', '11001': '1,1717495302'}",1.8,14.7,DEV_TO_OCC
1717495305.0035877,"{'21001': '1,1717495304', '11002': '0,1717495295', '21002': '1,1717495304', '11001': '1,1717495302'}",2.3,14.7,DEV_TO_OCC
1717495305.4127946,"{'21001': '1,1717495304', '11002': '0,1717495295', '21002': '1,1717495304', '11001': '1,1717495303'}",3.4,14.7,DEV_TO_OCC
1717495305.6709845,273,3.9,14.7,OCC_TO_CU
1717495305.6720614,274,0.0,14.7,OCC_TO_CU
1717495305.6731746,275,66.7,14.7,OCC_TO_CU
1717495305.674219,276,0.0,14.7,OCC_TO_CU
1717495306.0311854,"{'21001': '1,1717495305', '11002': '0,1717495295', '21002': '1,1717495305', '11001': '1,1717495303'}",4.0,14.7,DEV_TO_OCC
1717495306.9562862,"{'21001': '0,1717495306', '11002': '0,1717495295', '21002': '0,1717495306', '11001': '1,1717495303'}",2.4,14.7,DEV_TO_OCC
1717495307.3567235,"{'21001': '0,1717495306', '11002': '0,1717495295', '21002': '0,1717495306', '11001': '1,1717495305'}",3.3,14.7,DEV_TO_OCC
1717495308.1827533,"{'21001': '0,1717495307', '11002': '0,1717495295', '21002': '0,1717495307', '11001': '1,1717495305'}",1.9,14.7,DEV_TO_OCC
1717495309.1213696,"{'21001': '0,1717495308', '11002': '0,1717495295', '21002': '0,1717495308', '11001': '1,1717495305'}",7.2,14.6,DEV_TO_OCC
1717495309.4050393,"{'21001': '0,1717495308', '11002': '0,1717495295', '21002': '0,1717495308', '11001': '0,1717495307'}",4.4,14.6,DEV_TO_OCC
1717495310.0200045,"{'21001': '0,1717495309', '11002': '0,1717495295', '21002': '0,1717495309', '11001': '0,1717495307'}",2.6,14.7,DEV_TO_OCC
1717495310.9414475,"{'21001': '0,1717495310', '11002': '0,1717495295', '21002': '0,1717495310', '11001': '0,1717495307'}",1.7,14.7,DEV_TO_OCC
1717495311.3504934,"{'21001': '0,1717495310', '11002': '0,1717495295', '21002': '0,1717495310', '11001': '0,1717495309'}",4.3,14.7,DEV_TO_OCC
1717495312.1699882,"{'21001': '0,1717495311', '11002': '0,1717495295', '21002': '0,1717495311', '11001': '0,1717495309'}",2.2,14.7,DEV_TO_OCC
1717495312.9887784,"{'21001': '0,1717495312', '11002': '0,1717495295', '21002': '0,1717495312', '11001': '0,1717495309'}",3.0,14.7,DEV_TO_OCC
1717495313.3985474,"{'21001': '0,1717495312', '11002': '0,1717495295', '21002': '0,1717495312', '11001': '0,1717495311'}",2.5,14.7,DEV_TO_OCC
1717495314.0235856,"{'21001': '0,1717495313', '11002': '0,1717495295', '21002': '0,1717495313', '11001': '0,1717495311'}",2.4,14.7,DEV_TO_OCC
1717495314.937419,"{'21001': '0,1717495314', '11002': '0,1717495295', '21002': '0,1717495314', '11001': '0,1717495311'}",2.4,14.7,DEV_TO_OCC
1717495315.3791502,"{'21001': '0,1717495314', '11002': '0,1717495295', '21002': '0,1717495314', '11001': '0,1717495313'}",2.8,14.7,DEV_TO_OCC
1717495315.6858232,277,3.8,14.7,OCC_TO_CU
1717495315.6868436,278,0.0,14.7,OCC_TO_CU
1717495315.6877856,279,0.0,14.7,OCC_TO_CU
1717495315.688819,280,100.0,14.7,OCC_TO_CU
1717495315.9591942,"{'21001': '0,1717495315', '11002': '0,1717495295', '21002': '0,1717495315', '11001': '0,1717495313'}",17.9,14.7,DEV_TO_OCC
1717495317.090808,"{'21001': '1,1717495316', '11002': '0,1717495295', '21002': '1,1717495316', '11001': '0,1717495313'}",2.3,14.7,DEV_TO_OCC
1717495317.3923786,"{'21001': '1,1717495316', '11002': '0,1717495295', '21002': '1,1717495316', '11001': '0,1717495315'}",3.6,14.7,DEV_TO_OCC
1717495318.012654,"{'21001': '1,1717495317', '11002': '0,1717495295', '21002': '1,1717495317', '11001': '0,1717495315'}",10.7,14.6,DEV_TO_OCC
1717495318.9184422,"{'21001': '1,1717495318', '11002': '0,1717495295', '21002': '1,1717495318', '11001': '0,1717495315'}",2.1,14.6,DEV_TO_OCC
1717495319.439972,"{'21001': '1,1717495318', '11002': '0,1717495295', '21002': '1,1717495318', '11001': '1,1717495317'}",2.9,14.6,DEV_TO_OCC
1717495320.157345,"{'21001': '1,1717495319', '11002': '0,1717495295', '21002': '1,1717495319', '11001': '1,1717495317'}",2.1,14.6,DEV_TO_OCC
1717495320.929111,"{'21001': '1,1717495320', '11002': '0,1717495295', '21002': '1,1717495320', '11001': '1,1717495317'}",2.3,14.6,DEV_TO_OCC
1717495321.3861766,"{'21001': '1,1717495320', '11002': '0,1717495295', '21002': '1,1717495320', '11001': '1,1717495319'}",2.6,14.6,DEV_TO_OCC
1717495322.0043995,"{'21001': '1,1717495321', '11002': '0,1717495295', '21002': '1,1717495321', '11001': '1,1717495319'}",2.0,14.7,DEV_TO_OCC
1717495323.0248406,"{'21001': '1,1717495322', '11002': '0,1717495295', '21002': '1,1717495322', '11001': '1,1717495319'}",1.4,14.7,DEV_TO_OCC
1717495323.4466226,"{'21001': '1,1717495322', '11002': '0,1717495295', '21002': '1,1717495322', '11001': '1,1717495321'}",3.0,14.7,DEV_TO_OCC
1717495324.0664485,"{'21001': '1,1717495323', '11002': '0,1717495295', '21002': '1,1717495323', '11001': '1,1717495321'}",1.6,14.7,DEV_TO_OCC
1717495325.0728512,"{'21001': '1,1717495324', '11002': '0,1717495295', '21002': '1,1717495324', '11001': '1,1717495321'}",2.1,14.7,DEV_TO_OCC
1717495325.3793917,"{'21001': '1,1717495324', '11002': '0,1717495295', '21002': '1,1717495324', '11001': '1,1717495323'}",2.7,14.7,DEV_TO_OCC
1717495325.6971154,281,5.2,14.7,OCC_TO_CU
1717495325.6981478,282,0.0,14.7,OCC_TO_CU
1717495325.69913,283,0.0,14.7,OCC_TO_CU
1717495325.7001867,284,0.0,14.7,OCC_TO_CU
1717495326.0057878,"{'21001': '1,1717495325', '11002': '0,1717495295', '21002': '1,1717495325', '11001': '1,1717495323'}",7.1,14.7,DEV_TO_OCC
1717495327.2225971,"{'21001': '0,1717495326', '11002': '0,1717495295', '21002': '0,1717495326', '11001': '1,1717495323'}",1.9,14.7,DEV_TO_OCC
1717495327.4268634,"{'21001': '0,1717495326', '11002': '0,1717495295', '21002': '0,1717495326', '11001': '1,1717495325'}",30.6,14.6,DEV_TO_OCC
1717495327.9409451,"{'21001': '0,1717495327', '11002': '0,1717495295', '21002': '0,1717495327', '11001': '1,1717495325'}",1.8,14.6,DEV_TO_OCC
1717495328.9657736,"{'21001': '0,1717495328', '11002': '0,1717495295', '21002': '0,1717495328', '11001': '1,1717495325'}",1.9,14.6,DEV_TO_OCC
1717495329.4920282,"{'21001': '0,1717495328', '11002': '0,1717495295', '21002': '0,1717495328', '11001': '0,1717495327'}",2.9,14.6,DEV_TO_OCC
1717495329.9876359,"{'21001': '0,1717495329', '11002': '0,1717495295', '21002': '0,1717495329', '11001': '0,1717495327'}",2.4,14.6,DEV_TO_OCC
1717495331.2210102,"{'21001': '0,1717495330', '11002': '0,1717495295', '21002': '0,1717495330', '11001': '0,1717495327'}",2.0,14.7,DEV_TO_OCC
1717495331.4021497,"{'21001': '0,1717495330', '11002': '0,1717495295', '21002': '0,1717495330', '11001': '0,1717495329'}",4.6,14.7,DEV_TO_OCC
1717495332.0531852,"{'21001': '0,1717495331', '11002': '0,1717495295', '21002': '0,1717495331', '11001': '0,1717495329'}",2.6,14.7,DEV_TO_OCC
1717495332.957693,"{'21001': '0,1717495332', '11002': '0,1717495295', '21002': '0,1717495332', '11001': '0,1717495329'}",4.5,14.7,DEV_TO_OCC
1717495333.3665702,"{'21001': '0,1717495332', '11002': '0,1717495295', '21002': '0,1717495332', '11001': '0,1717495331'}",3.1,14.6,DEV_TO_OCC
1717495333.9813614,"{'21001': '0,1717495333', '11002': '0,1717495295', '21002': '0,1717495333', '11001': '0,1717495331'}",3.0,14.7,DEV_TO_OCC
1717495335.2121975,"{'21001': '0,1717495334', '11002': '0,1717495295', '21002': '0,1717495334', '11001': '0,1717495331'}",1.6,14.7,DEV_TO_OCC
1717495335.414921,"{'21001': '0,1717495334', '11002': '0,1717495295', '21002': '0,1717495334', '11001': '0,1717495333'}",3.7,14.7,DEV_TO_OCC
1717495335.7119,285,2.5,14.7,OCC_TO_CU
1717495335.7129405,286,0.0,14.7,OCC_TO_CU
1717495335.7139063,287,0.0,14.7,OCC_TO_CU
1717495335.7149825,288,0.0,14.7,OCC_TO_CU
1717495336.0294876,"{'21001': '0,1717495335', '11002': '0,1717495295', '21002': '0,1717495335', '11001': '0,1717495333'}",7.2,14.7,DEV_TO_OCC
1717495337.05346,"{'21001': '1,1717495336', '11002': '0,1717495295', '21002': '1,1717495336', '11001': '0,1717495333'}",6.7,14.6,DEV_TO_OCC
1717495337.4729264,"{'21001': '1,1717495336', '11002': '0,1717495295', '21002': '1,1717495336', '11001': '0,1717495335'}",3.4,14.6,DEV_TO_OCC
1717495337.9773035,"{'21001': '1,1717495337', '11002': '0,1717495295', '21002': '1,1717495337', '11001': '0,1717495335'}",2.3,14.6,DEV_TO_OCC
1717495339.2037008,"{'21001': '1,1717495338', '11002': '0,1717495295', '21002': '1,1717495338', '11001': '0,1717495335'}",1.8,14.6,DEV_TO_OCC
1717495339.4097333,"{'21001': '1,1717495338', '11002': '0,1717495295', '21002': '1,1717495338', '11001': '1,1717495337'}",5.2,14.6,DEV_TO_OCC
1717495340.137078,"{'21001': '1,1717495339', '11002': '0,1717495295', '21002': '1,1717495339', '11001': '1,1717495337'}",4.5,14.6,DEV_TO_OCC
1717495341.0484734,"{'21001': '1,1717495340', '11002': '0,1717495295', '21002': '1,1717495340', '11001': '1,1717495337'}",12.4,14.7,DEV_TO_OCC
1717495341.45615,"{'21001': '1,1717495340', '11002': '0,1717495295', '21002': '1,1717495340', '11001': '1,1717495339'}",13.5,14.7,DEV_TO_OCC
1717495341.968337,"{'21001': '1,1717495341', '11002': '0,1717495295', '21002': '1,1717495341', '11001': '1,1717495339'}",4.8,14.7,DEV_TO_OCC
1717495343.19736,"{'21001': '1,1717495341', '11002': '1,1717495342', '21002': '1,1717495341', '11001': '1,1717495341'}",12.0,14.8,DEV_TO_OCC
1717495343.1981325,"{'21001': '1,1717495342', '11002': '1,1717495342', '21002': '1,1717495342', '11001': '1,1717495341'}",0.0,14.8,DEV_TO_OCC
1717495344.130822,"{'21001': '1,1717495343', '11002': '1,1717495342', '21002': '1,1717495343', '11001': '1,1717495341'}",10.1,14.8,DEV_TO_OCC
1717495344.1321936,"{'21001': '1,1717495343', '11002': '1,1717495343', '21002': '1,1717495343', '11001': '1,1717495342'}",0.0,14.8,DEV_TO_OCC
1717495345.0406725,"{'21001': '1,1717495343', '11002': '1,1717495344', '21002': '1,1717495343', '11001': '1,1717495343'}",9.7,14.8,DEV_TO_OCC
1717495345.0415819,"{'21001': '1,1717495344', '11002': '1,1717495344', '21002': '1,1717495344', '11001': '1,1717495343'}",0.0,14.8,DEV_TO_OCC
1717495345.72507,289,42.2,14.9,OCC_TO_CU
1717495345.726764,290,0.0,14.9,OCC_TO_CU
1717495345.7280467,291,0.0,14.9,OCC_TO_CU
1717495345.729565,292,100.0,14.9,OCC_TO_CU
1717495345.9617782,"{'21001': '1,1717495344', '11002': '1,1717495345', '21002': '1,1717495344', '11001': '1,1717495344'}",48.2,15.0,DEV_TO_OCC
1717495345.962601,"{'21001': '1,1717495345', '11002': '1,1717495345', '21002': '1,1717495345', '11001': '1,1717495344'}",0.0,15.0,DEV_TO_OCC
1717495346.9858832,"{'21001': '0,1717495346', '11002': '1,1717495345', '21002': '0,1717495346', '11001': '1,1717495344'}",18.6,15.0,DEV_TO_OCC
1717495346.9864094,"{'21001': '0,1717495346', '11002': '0,1717495346', '21002': '0,1717495346', '11001': '1,1717495345'}",0.0,15.0,DEV_TO_OCC
1717495348.0103004,"{'21001': '0,1717495347', '11002': '0,1717495346', '21002': '0,1717495347', '11001': '1,1717495345'}",2.0,15.0,DEV_TO_OCC
1717495348.0111876,"{'21001': '0,1717495347', '11002': '0,1717495347', '21002': '0,1717495347', '11001': '0,1717495346'}",0.0,15.0,DEV_TO_OCC
1717495349.0411077,"{'21001': '0,1717495347', '11002': '0,1717495348', '21002': '0,1717495347', '11001': '0,1717495347'}",7.0,14.9,DEV_TO_OCC
1717495349.0420709,"{'21001': '0,1717495348', '11002': '0,1717495348', '21002': '0,1717495348', '11001': '0,1717495347'}",0.0,14.9,DEV_TO_OCC
1717495349.9303443,"{'21001': '0,1717495349', '11002': '0,1717495348', '21002': '0,1717495349', '11001': '0,1717495347'}",6.2,14.8,DEV_TO_OCC
1717495349.9602902,"{'21001': '0,1717495349', '11002': '0,1717495349', '21002': '0,1717495349', '11001': '0,1717495348'}",26.3,14.8,DEV_TO_OCC
1717495350.9746647,"{'21001': '0,1717495350', '11002': '0,1717495349', '21002': '0,1717495350', '11001': '0,1717495348'}",11.5,14.8,DEV_TO_OCC
1717495350.990657,"{'21001': '0,1717495350', '11002': '0,1717495350', '21002': '0,1717495350', '11001': '0,1717495349'}",21.1,14.8,DEV_TO_OCC
1717495352.0240343,"{'21001': '0,1717495351', '11002': '0,1717495350', '21002': '0,1717495351', '11001': '0,1717495349'}",6.3,14.8,DEV_TO_OCC
1717495352.0882058,"{'21001': '0,1717495351', '11002': '0,1717495351', '21002': '0,1717495351', '11001': '0,1717495350'}",33.3,14.9,DEV_TO_OCC
