Timestamp,Data Size (bytes),CPU Usage (%),Memory Usage (%),Steps
1717438510.742125,154,4.4,29.1,OCC_TO_CU
1717438510.9044461,241,19.4,29.2,CU_TO_DEV
1717438510.9069464,241,0.0,29.2,CU_TO_DEV
1717438513.6848207,322,3.2,29.0,OCC_TO_CU
1717438513.686069,322,0.0,29.0,OCC_TO_CU
1717438513.7068257,273,42.9,29.0,CU_TO_DEV
1717438513.7085524,273,100.0,29.1,CU_TO_DEV
1717438523.681184,322,3.5,29.0,OCC_TO_CU
1717438523.6819432,322,0.0,29.0,OCC_TO_CU
1717438523.7129083,273,50.0,29.1,CU_TO_DEV
1717438523.714359,273,0.0,29.1,CU_TO_DEV
1717438533.6895118,322,3.9,29.1,OCC_TO_CU
1717438533.6905015,322,0.0,29.1,OCC_TO_CU
1717438533.720045,273,75.0,29.1,CU_TO_DEV
1717438533.7232046,273,100.0,29.1,CU_TO_DEV
1717438543.6895022,322,6.2,28.9,OCC_TO_CU
1717438543.6901748,322,0.0,28.9,OCC_TO_CU
1717438543.728764,273,35.3,28.9,CU_TO_DEV
1717438543.7315047,273,0.0,28.9,CU_TO_DEV
1717438553.7293286,322,3.6,28.9,OCC_TO_CU
1717438553.7299345,322,0.0,28.9,OCC_TO_CU
1717438553.735294,273,50.0,28.9,CU_TO_DEV
1717438553.7366943,273,0.0,28.9,CU_TO_DEV
1717438560.6088436,154,4.5,29.0,OCC_TO_CU
1717438560.7401614,241,19.2,29.2,CU_TO_DEV
1717438560.7406914,241,0.0,29.2,CU_TO_DEV
1717438563.7278454,322,3.2,29.0,OCC_TO_CU
1717438563.7284918,322,0.0,29.0,OCC_TO_CU
1717438563.7425451,273,40.0,29.0,CU_TO_DEV
1717438563.743465,273,100.0,29.0,CU_TO_DEV
1717438573.7477405,322,4.0,29.0,OCC_TO_CU
1717438573.7484,322,0.0,29.0,OCC_TO_CU
1717438573.7503073,273,0.0,29.0,CU_TO_DEV
1717438573.7506702,273,0.0,29.0,CU_TO_DEV
1717438583.7609234,322,3.7,29.1,OCC_TO_CU
1717438583.7615607,322,0.0,29.1,OCC_TO_CU
1717438583.9557025,273,56.4,29.1,CU_TO_DEV
1717438583.9557366,273,56.4,29.1,CU_TO_DEV
1717438593.7647703,322,4.6,28.9,OCC_TO_CU
1717438593.7653806,322,0.0,28.9,OCC_TO_CU
1717438593.9636364,273,6.4,29.0,CU_TO_DEV
1717438593.9636784,273,6.4,29.0,CU_TO_DEV
1717438603.7773793,322,3.8,28.9,OCC_TO_CU
1717438603.778002,322,0.0,28.9,OCC_TO_CU
1717438603.9703906,273,7.9,29.1,CU_TO_DEV
1717438603.9703307,273,7.9,29.1,CU_TO_DEV
1717438610.889427,154,5.1,28.9,OCC_TO_CU
1717438610.9764676,241,17.1,29.0,CU_TO_DEV
1717438610.9769561,241,0.0,29.0,CU_TO_DEV
1717438613.7962112,322,3.0,28.9,OCC_TO_CU
1717438613.7968462,322,0.0,28.9,OCC_TO_CU
1717438613.9786773,273,8.3,29.0,CU_TO_DEV
1717438613.9787207,273,8.3,29.0,CU_TO_DEV
1717438623.8253946,322,3.8,28.9,OCC_TO_CU
1717438623.8260293,322,0.0,28.9,OCC_TO_CU
1717438623.9848945,273,11.1,29.0,CU_TO_DEV
1717438623.98483,273,11.1,29.0,CU_TO_DEV
1717438633.809185,322,4.7,28.9,OCC_TO_CU
1717438633.8097181,322,0.0,28.9,OCC_TO_CU
1717438633.9929914,273,9.3,29.0,CU_TO_DEV
1717438633.9931376,273,9.3,29.0,CU_TO_DEV
1717438643.8144796,322,3.7,29.0,OCC_TO_CU
1717438643.8151097,322,0.0,29.0,OCC_TO_CU
1717438643.9995596,273,8.2,29.1,CU_TO_DEV
1717438643.9997075,273,8.2,29.1,CU_TO_DEV
1717438653.8249104,322,3.8,29.0,OCC_TO_CU
1717438653.8255548,322,0.0,29.0,OCC_TO_CU
1717438654.0076876,273,7.0,29.1,CU_TO_DEV
1717438654.0078661,273,7.0,29.1,CU_TO_DEV
1717438660.6539047,154,4.1,29.1,OCC_TO_CU
1717438660.8132598,241,18.5,29.2,CU_TO_DEV
1717438660.8137374,241,0.0,29.2,CU_TO_DEV
1717438663.8309066,322,2.8,29.1,OCC_TO_CU
1717438663.8319292,322,0.0,29.1,OCC_TO_CU
1717438664.015329,273,55.6,29.1,CU_TO_DEV
1717438664.015712,273,0.0,29.1,CU_TO_DEV
1717438673.870047,322,4.6,29.0,OCC_TO_CU
1717438673.8708692,322,0.0,29.0,OCC_TO_CU
1717438674.0224366,273,9.8,29.1,CU_TO_DEV
1717438674.0247762,273,0.0,29.1,CU_TO_DEV
1717438683.8694167,322,4.2,28.9,OCC_TO_CU
1717438683.8700714,322,0.0,28.9,OCC_TO_CU
1717438684.0293777,273,75.0,29.0,CU_TO_DEV
1717438684.0298789,273,0.0,29.0,CU_TO_DEV
1717438693.8685982,322,3.2,28.6,OCC_TO_CU
1717438693.869523,322,0.0,28.6,OCC_TO_CU
1717438694.0347655,273,22.4,28.8,CU_TO_DEV
1717438694.0349193,273,22.4,28.8,CU_TO_DEV
1717438703.8933103,322,3.6,28.7,OCC_TO_CU
1717438703.8940597,322,0.0,28.7,OCC_TO_CU
1717438704.0428336,273,13.3,28.8,CU_TO_DEV
1717438704.042665,273,13.3,28.8,CU_TO_DEV
1717438710.7275093,154,4.3,28.8,OCC_TO_CU
1717438710.8476572,241,21.3,28.9,CU_TO_DEV
1717438710.8478086,241,21.3,28.9,CU_TO_DEV
1717438713.8938038,322,3.0,28.8,OCC_TO_CU
1717438713.8945355,322,0.0,28.8,OCC_TO_CU
1717438714.0504022,273,9.7,28.9,CU_TO_DEV
1717438714.050853,273,0.0,28.9,CU_TO_DEV
1717438723.9424183,322,4.8,28.7,OCC_TO_CU
1717438723.942966,322,0.0,28.7,OCC_TO_CU
1717438724.0577593,273,11.1,28.9,CU_TO_DEV
1717438724.0585876,273,0.0,28.9,CU_TO_DEV
1717438733.9371965,322,3.7,28.8,OCC_TO_CU
1717438733.9378548,322,0.0,28.8,OCC_TO_CU
1717438734.066757,273,13.7,28.9,CU_TO_DEV
1717438734.0672297,273,50.0,28.9,CU_TO_DEV
1717438743.93504,322,4.3,28.8,OCC_TO_CU
1717438743.9356875,322,100.0,28.8,OCC_TO_CU
1717438744.0768263,273,10.7,28.9,CU_TO_DEV
1717438744.0795474,273,0.0,28.9,CU_TO_DEV
1717438753.9475179,322,4.0,28.8,OCC_TO_CU
1717438753.948156,322,0.0,28.8,OCC_TO_CU
1717438754.0845737,273,11.3,28.9,CU_TO_DEV
1717438754.0853505,273,0.0,28.9,CU_TO_DEV
1717438760.8058214,154,4.5,28.9,OCC_TO_CU
1717438760.8883617,241,21.2,29.0,CU_TO_DEV
1717438760.8884084,241,21.2,29.0,CU_TO_DEV
1717438763.9605932,322,5.5,29.2,OCC_TO_CU
1717438763.9611235,322,0.0,29.2,OCC_TO_CU
1717438764.092788,273,7.7,29.3,CU_TO_DEV
1717438764.0933304,273,0.0,29.3,CU_TO_DEV
1717438773.9747689,322,4.6,28.8,OCC_TO_CU
1717438773.975447,322,100.0,28.8,OCC_TO_CU
1717438774.099326,273,12.2,29.0,CU_TO_DEV
1717438774.099382,273,12.2,29.0,CU_TO_DEV
1717438783.9735868,322,4.8,28.8,OCC_TO_CU
1717438783.9741404,322,0.0,28.8,OCC_TO_CU
1717438784.105248,273,66.7,28.8,CU_TO_DEV
1717438784.1051967,273,66.7,28.8,CU_TO_DEV
1717438794.0028057,322,3.7,28.7,OCC_TO_CU
1717438794.0034633,322,100.0,28.7,OCC_TO_CU
1717438794.110246,273,16.3,28.8,CU_TO_DEV
1717438794.110203,273,16.3,28.8,CU_TO_DEV
1717438804.0285747,322,5.0,28.7,OCC_TO_CU
1717438804.0291047,322,0.0,28.7,OCC_TO_CU
1717438804.1153872,273,14.7,28.8,CU_TO_DEV
1717438804.115463,273,14.7,28.8,CU_TO_DEV
1717438810.88357,154,4.1,28.8,OCC_TO_CU
1717438810.9201138,241,35.7,28.9,CU_TO_DEV
1717438810.9198818,241,35.7,28.9,CU_TO_DEV
1717438814.0274985,322,6.3,28.6,OCC_TO_CU
1717438814.0280125,322,0.0,28.6,OCC_TO_CU
1717438814.122472,273,13.5,28.7,CU_TO_DEV
1717438814.1224313,273,13.5,28.7,CU_TO_DEV
1717438824.027608,322,3.6,28.6,OCC_TO_CU
1717438824.0284584,322,0.0,28.6,OCC_TO_CU
1717438824.1274664,273,13.2,28.7,CU_TO_DEV
1717438824.1280582,273,0.0,28.7,CU_TO_DEV
1717438834.0351586,322,3.9,28.7,OCC_TO_CU
1717438834.0358396,322,100.0,28.7,OCC_TO_CU
1717438834.1325026,273,18.4,28.8,CU_TO_DEV
1717438834.1350985,273,0.0,28.8,CU_TO_DEV
1717438844.0690637,322,3.8,28.7,OCC_TO_CU
1717438844.0697203,322,0.0,28.7,OCC_TO_CU
1717438844.1397164,273,22.2,28.8,CU_TO_DEV
1717438844.1397617,273,22.2,28.8,CU_TO_DEV
1717438854.0713427,322,4.1,29.0,OCC_TO_CU
1717438854.072125,322,0.0,29.0,OCC_TO_CU
1717438854.1449687,273,25.0,29.1,CU_TO_DEV
1717438854.1462686,273,0.0,29.1,CU_TO_DEV
1717438860.958561,154,5.5,28.9,OCC_TO_CU
1717438861.1489751,241,8.0,29.0,CU_TO_DEV
1717438861.1501648,241,0.0,29.0,CU_TO_DEV
1717438864.0741835,322,2.8,28.8,OCC_TO_CU
1717438864.0751832,322,0.0,28.8,OCC_TO_CU
1717438864.1509845,273,17.9,28.9,CU_TO_DEV
1717438864.151741,273,0.0,28.9,CU_TO_DEV
1717438874.076352,322,4.6,28.8,OCC_TO_CU
1717438874.0770295,322,0.0,28.8,OCC_TO_CU
1717438874.1570132,273,13.3,28.9,CU_TO_DEV
1717438874.1571095,273,13.3,28.9,CU_TO_DEV
1717438884.0987597,322,4.9,28.8,OCC_TO_CU
1717438884.1000345,322,0.0,28.8,OCC_TO_CU
1717438884.1625018,273,20.8,28.8,CU_TO_DEV
1717438884.1625402,273,20.8,28.8,CU_TO_DEV
1717438894.1338887,322,3.3,28.8,OCC_TO_CU
1717438894.1345718,322,0.0,28.8,OCC_TO_CU
1717438894.1678987,273,46.2,28.9,CU_TO_DEV
1717438894.1678398,273,46.2,28.9,CU_TO_DEV
1717438904.1249943,322,5.1,28.7,OCC_TO_CU
1717438904.1255403,322,0.0,28.7,OCC_TO_CU
1717438904.1737692,273,22.2,28.8,CU_TO_DEV
1717438904.1738102,273,22.2,28.8,CU_TO_DEV
1717438910.815782,154,4.0,28.9,OCC_TO_CU
1717438910.9775167,241,66.7,28.9,CU_TO_DEV
1717438910.97789,241,0.0,28.9,CU_TO_DEV
1717438914.1224773,322,2.8,28.8,OCC_TO_CU
1717438914.1235185,322,0.0,28.8,OCC_TO_CU
1717438914.1796558,273,19.0,28.8,CU_TO_DEV
1717438914.1800213,273,0.0,28.8,CU_TO_DEV
1717438924.1316638,322,3.6,28.7,OCC_TO_CU
1717438924.132323,322,0.0,28.7,OCC_TO_CU
1717438924.185338,273,28.6,28.9,CU_TO_DEV
1717438924.1852946,273,28.6,28.9,CU_TO_DEV
1717438934.146498,322,3.4,28.8,OCC_TO_CU
1717438934.1472507,322,0.0,28.8,OCC_TO_CU
1717438934.1911433,273,33.3,28.9,CU_TO_DEV
1717438934.191774,273,0.0,28.9,CU_TO_DEV
1717438944.17986,322,4.3,28.8,OCC_TO_CU
1717438944.1804886,322,0.0,28.8,OCC_TO_CU
1717438944.1970966,273,55.6,28.8,CU_TO_DEV
1717438944.1977742,273,0.0,28.8,CU_TO_DEV
1717438954.1775763,322,4.5,28.7,OCC_TO_CU
1717438954.1782386,322,0.0,28.7,OCC_TO_CU
1717438954.2036843,273,100.0,28.8,CU_TO_DEV
1717438954.2031126,273,44.4,28.8,CU_TO_DEV
1717438960.8935575,154,4.7,28.9,OCC_TO_CU
1717438961.0074937,241,20.8,29.0,CU_TO_DEV
1717438961.0074468,241,20.8,29.0,CU_TO_DEV
1717438964.181491,322,3.2,28.8,OCC_TO_CU
1717438964.1821082,322,0.0,28.8,OCC_TO_CU
1717438964.2100816,273,53.8,28.9,CU_TO_DEV
1717438964.210029,273,53.8,28.9,CU_TO_DEV
1717438974.2128422,322,3.7,28.8,OCC_TO_CU
1717438974.213855,322,0.0,28.8,OCC_TO_CU
1717438974.2171597,273,0.0,28.8,CU_TO_DEV
1717438974.2171953,273,0.0,28.8,CU_TO_DEV
1717438984.205038,322,3.7,28.9,OCC_TO_CU
1717438984.2056162,322,0.0,28.9,OCC_TO_CU
1717438984.2220845,273,40.0,28.9,CU_TO_DEV
1717438984.2221675,273,40.0,28.9,CU_TO_DEV
1717438994.2364433,322,5.3,28.8,OCC_TO_CU
1717438994.2373009,322,0.0,28.8,OCC_TO_CU
1717438994.4275157,273,14.3,28.9,CU_TO_DEV
1717438994.4274075,273,14.3,28.9,CU_TO_DEV
1717439004.2581594,322,4.2,28.7,OCC_TO_CU
1717439004.2594838,322,0.0,28.7,OCC_TO_CU
1717439004.4328763,273,18.1,28.8,CU_TO_DEV
1717439004.433229,273,0.0,28.8,CU_TO_DEV
1717439011.1769476,154,4.6,28.8,OCC_TO_CU
1717439011.236732,241,29.2,28.9,CU_TO_DEV
1717439011.236813,241,29.2,28.9,CU_TO_DEV
1717439014.2540119,322,3.4,28.8,OCC_TO_CU
1717439014.2547019,322,0.0,28.8,OCC_TO_CU
1717439014.438941,273,13.9,28.9,CU_TO_DEV
1717439014.4390304,273,13.9,28.9,CU_TO_DEV
1717439024.262809,322,3.7,28.8,OCC_TO_CU
1717439024.2634797,322,100.0,28.8,OCC_TO_CU
1717439024.444348,273,16.4,28.9,CU_TO_DEV
1717439024.4446135,273,0.0,28.9,CU_TO_DEV
1717439034.2797394,322,3.9,28.8,OCC_TO_CU
1717439034.2803903,322,0.0,28.8,OCC_TO_CU
1717439034.4499028,273,68.6,28.9,CU_TO_DEV
1717439034.4500344,273,68.6,28.9,CU_TO_DEV
1717439044.2889047,322,4.3,28.7,OCC_TO_CU
1717439044.2895706,322,0.0,28.7,OCC_TO_CU
1717439044.4549336,273,15.2,28.8,CU_TO_DEV
1717439044.4553869,273,0.0,28.8,CU_TO_DEV
1717439054.294911,322,3.8,28.7,OCC_TO_CU
1717439054.2984738,322,50.0,28.7,OCC_TO_CU
1717439054.4600296,273,18.5,28.9,CU_TO_DEV
1717439054.460388,273,0.0,28.9,CU_TO_DEV
1717439061.253677,154,4.8,28.9,OCC_TO_CU
1717439061.266317,241,40.0,28.9,CU_TO_DEV
1717439061.2660644,241,40.0,28.9,CU_TO_DEV
1717439064.3052979,322,3.7,28.8,OCC_TO_CU
1717439064.31635,322,40.0,28.8,OCC_TO_CU
1717439064.4697907,273,29.0,28.9,CU_TO_DEV
1717439064.4701834,273,0.0,28.9,CU_TO_DEV
1717439074.3180997,322,4.5,28.8,OCC_TO_CU
1717439074.3189437,322,0.0,28.8,OCC_TO_CU
1717439074.4766648,273,21.9,28.9,CU_TO_DEV
1717439074.4771862,273,0.0,28.9,CU_TO_DEV
1717439084.318652,322,4.0,28.8,OCC_TO_CU
1717439084.3194702,322,100.0,28.8,OCC_TO_CU
1717439084.4827359,273,77.3,28.9,CU_TO_DEV
1717439084.483431,273,100.0,28.9,CU_TO_DEV
1717439094.3244243,322,4.5,28.7,OCC_TO_CU
1717439094.3253791,322,0.0,28.7,OCC_TO_CU
1717439094.489661,273,24.6,28.8,CU_TO_DEV
1717439094.4901779,273,0.0,28.8,CU_TO_DEV
1717439104.3507707,322,3.8,28.7,OCC_TO_CU
1717439104.351593,322,100.0,28.7,OCC_TO_CU
1717439104.495408,273,19.6,28.9,CU_TO_DEV
1717439104.498059,273,0.0,28.9,CU_TO_DEV
1717439111.019858,154,4.5,28.8,OCC_TO_CU
1717439111.099145,241,21.9,29.0,CU_TO_DEV
1717439111.1014795,241,0.0,29.0,CU_TO_DEV
1717439114.3536258,322,2.6,28.8,OCC_TO_CU
1717439114.354412,322,0.0,28.8,OCC_TO_CU
1717439114.5012803,273,25.0,28.9,CU_TO_DEV
1717439114.5034618,273,0.0,28.9,CU_TO_DEV
1717439124.365229,322,4.1,28.9,OCC_TO_CU
1717439124.3660283,322,0.0,28.9,OCC_TO_CU
1717439124.5066817,273,21.8,29.0,CU_TO_DEV
1717439124.5086105,273,0.0,29.0,CU_TO_DEV
1717439134.3685315,322,5.6,28.8,OCC_TO_CU
1717439134.369249,322,0.0,28.8,OCC_TO_CU
1717439134.5120392,273,20.7,28.9,CU_TO_DEV
1717439134.5136344,273,0.0,28.9,CU_TO_DEV
1717439144.3740804,322,3.7,28.9,OCC_TO_CU
1717439144.3748658,322,0.0,28.9,OCC_TO_CU
1717439144.5199442,273,27.1,29.0,CU_TO_DEV
1717439144.5198824,273,27.1,29.0,CU_TO_DEV
1717439154.3877478,322,3.8,28.9,OCC_TO_CU
1717439154.4146667,322,80.0,28.9,OCC_TO_CU
1717439154.5315313,273,94.0,29.0,CU_TO_DEV
1717439154.5326903,273,0.0,29.0,CU_TO_DEV
1717439161.0935192,154,4.2,28.9,OCC_TO_CU
1717439161.1378868,241,35.3,29.0,CU_TO_DEV
1717439161.137975,241,35.3,29.0,CU_TO_DEV
1717439164.399745,322,2.9,28.9,OCC_TO_CU
1717439164.4004009,322,0.0,28.9,OCC_TO_CU
1717439164.5402865,273,19.6,29.0,CU_TO_DEV
1717439164.5404572,273,19.6,29.0,CU_TO_DEV
1717439174.4029517,322,3.9,28.9,OCC_TO_CU
1717439174.4061103,322,50.0,28.9,OCC_TO_CU
1717439174.5459685,273,18.2,29.0,CU_TO_DEV
1717439174.5458722,273,18.2,29.0,CU_TO_DEV
1717439184.4549417,322,4.4,29.0,OCC_TO_CU
1717439184.4613822,322,33.3,29.0,OCC_TO_CU
1717439184.551805,273,91.4,29.1,CU_TO_DEV
1717439184.5523896,273,0.0,29.1,CU_TO_DEV
1717439194.4327924,322,4.1,29.0,OCC_TO_CU
1717439194.4334984,322,0.0,29.0,OCC_TO_CU
1717439194.5585911,273,12.5,29.1,CU_TO_DEV
1717439194.5592146,273,100.0,29.1,CU_TO_DEV
1717439204.46114,322,4.2,28.9,OCC_TO_CU
1717439204.4618752,322,0.0,28.9,OCC_TO_CU
1717439204.5637047,273,21.4,29.0,CU_TO_DEV
1717439204.5667756,273,0.0,29.0,CU_TO_DEV
1717439211.1642392,154,4.7,29.0,OCC_TO_CU
1717439211.1676407,241,0.0,29.0,CU_TO_DEV
1717439211.1699195,241,0.0,29.0,CU_TO_DEV
1717439214.4745913,322,3.6,29.0,OCC_TO_CU
1717439214.47527,322,100.0,29.0,OCC_TO_CU
1717439214.5696366,273,15.8,29.1,CU_TO_DEV
1717439214.5715253,273,0.0,29.1,CU_TO_DEV
1717439224.4757705,322,4.9,28.9,OCC_TO_CU
1717439224.476356,322,0.0,28.9,OCC_TO_CU
1717439224.575536,273,17.9,29.0,CU_TO_DEV
1717439224.5763273,273,0.0,29.0,CU_TO_DEV
1717439234.5029483,322,3.9,28.9,OCC_TO_CU
1717439234.5060616,322,0.0,28.9,OCC_TO_CU
1717439234.5816877,273,25.8,29.0,CU_TO_DEV
1717439234.5814297,273,25.8,29.0,CU_TO_DEV
1717439244.5059586,322,4.1,29.0,OCC_TO_CU
1717439244.507141,322,0.0,29.0,OCC_TO_CU
1717439244.5879247,273,25.0,29.1,CU_TO_DEV
1717439244.5878644,273,25.0,29.1,CU_TO_DEV
1717439254.5264513,322,3.8,29.1,OCC_TO_CU
1717439254.527061,322,0.0,29.1,OCC_TO_CU
1717439254.5946777,273,28.6,29.2,CU_TO_DEV
1717439254.5949478,273,0.0,29.2,CU_TO_DEV
1717439261.2386622,154,5.7,29.1,OCC_TO_CU
1717439261.399792,241,9.2,29.2,CU_TO_DEV
1717439261.400214,241,0.0,29.2,CU_TO_DEV
1717439264.5096116,322,2.7,29.0,OCC_TO_CU
1717439264.5131378,322,0.0,29.0,OCC_TO_CU
1717439264.6022437,273,19.4,29.1,CU_TO_DEV
1717439264.6021836,273,19.4,29.1,CU_TO_DEV
1717439274.5215726,322,4.5,29.0,OCC_TO_CU
1717439274.5221932,322,0.0,29.0,OCC_TO_CU
1717439274.6107633,273,21.6,29.1,CU_TO_DEV
1717439274.6113505,273,0.0,29.1,CU_TO_DEV
1717439284.526497,322,4.2,29.0,OCC_TO_CU
1717439284.5271277,322,0.0,29.0,OCC_TO_CU
1717439284.6182523,273,91.7,29.1,CU_TO_DEV
1717439284.6183867,273,91.7,29.1,CU_TO_DEV
1717439294.5357468,322,4.8,28.9,OCC_TO_CU
1717439294.5378153,322,0.0,28.9,OCC_TO_CU
1717439294.6231751,273,20.6,28.9,CU_TO_DEV
1717439294.6249585,273,0.0,28.9,CU_TO_DEV
1717439304.5698528,322,3.8,28.9,OCC_TO_CU
1717439304.5705173,322,0.0,28.9,OCC_TO_CU
1717439304.6321523,273,33.3,29.0,CU_TO_DEV
1717439304.6323047,273,33.3,29.0,CU_TO_DEV
1717439311.3141205,154,4.3,29.0,OCC_TO_CU
1717439311.4363654,241,14.3,29.1,CU_TO_DEV
1717439311.4365523,241,14.0,29.1,CU_TO_DEV
1717439314.5743008,322,6.9,28.9,OCC_TO_CU
1717439314.5749311,322,0.0,28.9,OCC_TO_CU
1717439314.6401381,273,19.2,29.0,CU_TO_DEV
1717439314.6404488,273,0.0,29.0,CU_TO_DEV
1717439324.598613,322,3.6,28.9,OCC_TO_CU
1717439324.5992715,322,0.0,28.9,OCC_TO_CU
1717439324.6466324,273,35.3,29.0,CU_TO_DEV
1717439324.6464298,273,35.3,29.0,CU_TO_DEV
1717439334.6058438,322,4.5,28.9,OCC_TO_CU
1717439334.6064925,322,0.0,28.9,OCC_TO_CU
1717439334.6528404,273,42.1,29.0,CU_TO_DEV
1717439334.6533892,273,0.0,29.0,CU_TO_DEV
1717439344.606566,322,4.1,28.9,OCC_TO_CU
1717439344.6072183,322,100.0,28.9,OCC_TO_CU
1717439344.6601284,273,36.4,29.0,CU_TO_DEV
1717439344.6604207,273,0.0,29.0,CU_TO_DEV
1717439354.6308572,322,4.0,29.0,OCC_TO_CU
1717439354.631402,322,100.0,29.0,OCC_TO_CU
1717439354.6668491,273,30.8,29.1,CU_TO_DEV
1717439354.666904,273,30.8,29.1,CU_TO_DEV
1717439361.3897843,154,5.9,29.1,OCC_TO_CU
1717439361.4761856,241,8.8,29.1,CU_TO_DEV
1717439361.476045,241,8.8,29.1,CU_TO_DEV
1717439364.6468592,322,2.9,29.0,OCC_TO_CU
1717439364.6474025,322,50.0,29.0,OCC_TO_CU
1717439364.6782346,273,54.5,29.1,CU_TO_DEV
1717439364.678947,273,0.0,29.1,CU_TO_DEV
1717439374.6418612,322,3.8,29.0,OCC_TO_CU
1717439374.6425216,322,0.0,29.0,OCC_TO_CU
1717439374.6840997,273,44.4,29.1,CU_TO_DEV
1717439374.684583,273,0.0,29.1,CU_TO_DEV
1717439384.644185,322,3.6,29.1,OCC_TO_CU
1717439384.6446972,322,0.0,29.1,OCC_TO_CU
1717439384.6914608,273,78.9,29.2,CU_TO_DEV
1717439384.692928,273,0.0,29.2,CU_TO_DEV
1717439394.6601598,322,5.3,29.0,OCC_TO_CU
1717439394.6606913,322,0.0,29.0,OCC_TO_CU
1717439394.7003574,273,52.9,29.1,CU_TO_DEV
1717439394.700549,273,52.9,29.1,CU_TO_DEV
1717439404.7064672,322,3.2,29.0,OCC_TO_CU
1717439404.7071137,322,0.0,29.0,OCC_TO_CU
1717439404.9071903,273,10.1,29.1,CU_TO_DEV
1717439404.9071517,273,10.1,29.1,CU_TO_DEV
1717439411.4615905,154,5.3,29.0,OCC_TO_CU
1717439411.5148153,241,85.7,29.1,CU_TO_DEV
1717439411.5155375,241,100.0,29.1,CU_TO_DEV
1717439414.6791918,322,4.6,28.9,OCC_TO_CU
1717439414.6802351,322,0.0,28.9,OCC_TO_CU
1717439414.718325,273,56.2,29.0,CU_TO_DEV
1717439414.718917,273,0.0,29.0,CU_TO_DEV
1717439424.6940572,322,3.5,28.9,OCC_TO_CU
1717439424.6947017,322,0.0,28.9,OCC_TO_CU
1717439424.724492,273,60.0,29.0,CU_TO_DEV
1717439424.7246597,273,60.0,29.0,CU_TO_DEV
1717439434.7096713,322,3.6,28.9,OCC_TO_CU
1717439434.7103057,322,0.0,28.9,OCC_TO_CU
1717439434.732096,273,70.0,29.0,CU_TO_DEV
1717439434.7321506,273,70.0,29.0,CU_TO_DEV
1717439444.716776,322,4.2,29.0,OCC_TO_CU
1717439444.7180429,322,0.0,29.0,OCC_TO_CU
1717439444.7453458,273,60.0,29.1,CU_TO_DEV
1717439444.7452183,273,60.0,29.1,CU_TO_DEV
1717439454.7604914,322,4.8,29.0,OCC_TO_CU
1717439454.7609844,322,0.0,29.0,OCC_TO_CU
1717439454.9540365,273,9.3,29.1,CU_TO_DEV
1717439454.9538763,273,9.3,29.1,CU_TO_DEV
1717439461.5345793,154,5.0,29.0,OCC_TO_CU
1717439461.5583787,241,33.3,29.1,CU_TO_DEV
1717439461.5588863,241,0.0,29.1,CU_TO_DEV
1717439464.748502,322,3.3,29.0,OCC_TO_CU
1717439464.7491753,322,0.0,29.0,OCC_TO_CU
1717439464.760717,273,60.0,29.0,CU_TO_DEV
1717439464.7614193,273,0.0,29.0,CU_TO_DEV
1717439474.7826426,322,3.8,29.0,OCC_TO_CU
1717439474.7837222,322,100.0,29.0,OCC_TO_CU
1717439474.9679017,273,10.8,29.1,CU_TO_DEV
1717439474.9681861,273,0.0,29.1,CU_TO_DEV
1717439484.7708237,322,3.6,29.1,OCC_TO_CU
1717439484.7730567,273,0.0,29.1,CU_TO_DEV
1717439484.7732313,273,0.0,29.1,CU_TO_DEV
1717439484.7740374,322,0.0,29.1,OCC_TO_CU
1717439484.974192,273,15.7,29.2,CU_TO_DEV
1717439484.975271,273,100.0,29.2,CU_TO_DEV
1717439494.8046763,322,3.9,29.1,OCC_TO_CU
1717439494.8053317,322,0.0,29.1,OCC_TO_CU
1717439494.9794421,273,65.2,29.2,CU_TO_DEV
1717439494.9804215,273,0.0,29.2,CU_TO_DEV
1717439504.792531,322,4.4,29.0,OCC_TO_CU
1717439504.7956254,322,50.0,29.0,OCC_TO_CU
1717439504.9852033,273,12.2,29.1,CU_TO_DEV
1717439504.985645,273,0.0,29.1,CU_TO_DEV
1717439511.2971425,154,3.9,29.1,OCC_TO_CU
1717439511.3888092,241,22.2,29.2,CU_TO_DEV
1717439511.3886497,241,22.2,29.2,CU_TO_DEV
1717439514.7990327,322,3.6,29.1,OCC_TO_CU
1717439514.802082,322,50.0,29.1,OCC_TO_CU
1717439514.9915757,273,11.7,29.1,CU_TO_DEV
1717439514.99165,273,11.7,29.1,CU_TO_DEV
1717439524.8316038,322,4.6,29.0,OCC_TO_CU
1717439524.8321657,322,0.0,29.0,OCC_TO_CU
1717439524.998096,273,9.2,29.1,CU_TO_DEV
1717439524.9980335,273,9.2,29.1,CU_TO_DEV
1717439534.8443089,322,3.6,29.0,OCC_TO_CU
1717439534.84497,322,0.0,29.0,OCC_TO_CU
1717439535.0035992,273,8.1,29.1,CU_TO_DEV
1717439535.0036473,273,8.1,29.1,CU_TO_DEV
1717439544.8514721,322,4.8,29.0,OCC_TO_CU
1717439544.8520079,322,0.0,29.0,OCC_TO_CU
1717439545.0123382,273,9.4,29.1,CU_TO_DEV
1717439545.0122187,273,9.4,29.1,CU_TO_DEV
1717439554.867807,322,4.4,29.0,OCC_TO_CU
1717439554.8685095,322,0.0,29.0,OCC_TO_CU
1717439555.0178313,273,11.9,29.0,CU_TO_DEV
1717439555.0183542,273,0.0,29.0,CU_TO_DEV
1717439561.3739173,154,4.4,29.0,OCC_TO_CU
1717439561.4216976,241,31.6,29.1,CU_TO_DEV
1717439561.4221585,241,0.0,29.1,CU_TO_DEV
1717439564.8888543,322,3.0,29.0,OCC_TO_CU
1717439564.8898654,322,0.0,29.0,OCC_TO_CU
1717439565.0238123,273,11.3,29.1,CU_TO_DEV
1717439565.024179,273,0.0,29.1,CU_TO_DEV
1717439574.9743845,322,3.8,29.0,OCC_TO_CU
1717439574.9750135,322,0.0,29.0,OCC_TO_CU
1717439575.0296748,273,27.3,29.1,CU_TO_DEV
1717439575.0298576,273,27.3,29.1,CU_TO_DEV
1717439584.8897777,322,3.8,29.1,OCC_TO_CU
1717439584.890456,322,0.0,29.1,OCC_TO_CU
1717439585.0353682,273,15.5,29.2,CU_TO_DEV
1717439585.0354488,273,15.5,29.2,CU_TO_DEV
1717439594.9188209,322,5.1,29.0,OCC_TO_CU
1717439594.9194744,322,100.0,29.0,OCC_TO_CU
1717439595.0420468,273,14.3,29.1,CU_TO_DEV
1717439595.0424263,273,0.0,29.1,CU_TO_DEV
1717439604.9332528,322,4.5,28.9,OCC_TO_CU
1717439604.934515,322,0.0,28.9,OCC_TO_CU
1717439605.0474236,273,15.6,29.0,CU_TO_DEV
1717439605.0475109,273,15.6,29.0,CU_TO_DEV
1717439611.4494605,154,4.4,29.0,OCC_TO_CU
1717439611.451965,241,0.0,29.0,CU_TO_DEV
1717439611.4521523,241,0.0,29.0,CU_TO_DEV
1717439614.9350698,322,3.7,28.9,OCC_TO_CU
1717439614.935718,322,0.0,28.9,OCC_TO_CU
1717439615.0541506,273,12.8,29.0,CU_TO_DEV
1717439615.054618,273,0.0,29.0,CU_TO_DEV
1717439624.9389176,322,4.0,29.0,OCC_TO_CU
1717439624.9395847,322,100.0,29.0,OCC_TO_CU
1717439625.0595825,273,18.4,29.1,CU_TO_DEV
1717439625.059956,273,0.0,29.1,CU_TO_DEV
1717439634.9918597,322,4.9,29.0,OCC_TO_CU
1717439634.9925442,322,0.0,29.0,OCC_TO_CU
1717439635.0676804,273,17.2,29.1,CU_TO_DEV
1717439635.0683122,273,0.0,29.1,CU_TO_DEV
1717439644.9761767,322,3.4,29.0,OCC_TO_CU
1717439644.976801,322,0.0,29.0,OCC_TO_CU
1717439645.0734618,273,16.2,29.1,CU_TO_DEV
1717439645.0732775,273,16.2,29.1,CU_TO_DEV
1717439654.9829662,322,4.8,29.1,OCC_TO_CU
1717439654.9835136,322,100.0,29.1,OCC_TO_CU
1717439655.0793433,273,15.8,29.2,CU_TO_DEV
1717439655.079232,273,15.8,29.2,CU_TO_DEV
1717439661.5234892,154,3.5,29.1,OCC_TO_CU
1717439661.6832898,241,10.9,29.2,CU_TO_DEV
1717439661.6830885,241,9.7,29.2,CU_TO_DEV
1717439665.0156314,322,3.6,29.1,OCC_TO_CU
1717439665.0164137,322,0.0,29.1,OCC_TO_CU
1717439665.0858579,273,15.4,29.2,CU_TO_DEV
1717439665.086335,273,0.0,29.2,CU_TO_DEV
1717439675.011589,322,4.4,29.0,OCC_TO_CU
1717439675.012436,322,0.0,29.0,OCC_TO_CU
1717439675.0923274,273,21.9,29.1,CU_TO_DEV
1717439675.092885,273,0.0,29.1,CU_TO_DEV
1717439685.0175812,322,4.6,28.9,OCC_TO_CU
1717439685.0184078,322,0.0,28.9,OCC_TO_CU
1717439685.0980005,273,19.4,29.0,CU_TO_DEV
1717439685.0985186,273,0.0,29.0,CU_TO_DEV
1717439695.0391097,322,4.1,29.0,OCC_TO_CU
1717439695.0399866,322,100.0,29.0,OCC_TO_CU
1717439695.107469,273,88.5,29.1,CU_TO_DEV
1717439695.1080759,273,0.0,29.1,CU_TO_DEV
1717439705.0500753,322,4.1,29.0,OCC_TO_CU
1717439705.050933,322,0.0,29.0,OCC_TO_CU
1717439705.1130445,273,28.0,29.0,CU_TO_DEV
1717439705.1129901,273,28.0,29.0,CU_TO_DEV
1717439711.597461,154,4.3,29.0,OCC_TO_CU
1717439711.716838,241,14.6,29.1,CU_TO_DEV
1717439711.7173004,241,0.0,29.1,CU_TO_DEV
1717439715.0683336,322,3.4,29.0,OCC_TO_CU
1717439715.0689793,322,0.0,29.0,OCC_TO_CU
1717439715.1193516,273,28.6,29.1,CU_TO_DEV
1717439715.1196067,273,0.0,29.1,CU_TO_DEV
1717439725.0716977,322,4.5,28.9,OCC_TO_CU
1717439725.0723307,322,0.0,28.9,OCC_TO_CU
1717439725.1271067,273,30.4,29.0,CU_TO_DEV
1717439725.135457,273,33.3,29.0,CU_TO_DEV
1717439735.0756733,322,4.4,28.9,OCC_TO_CU
1717439735.0768,322,0.0,28.9,OCC_TO_CU
1717439735.132786,273,27.3,29.0,CU_TO_DEV
1717439735.143441,273,40.0,29.0,CU_TO_DEV
1717439745.084214,322,3.7,29.0,OCC_TO_CU
1717439745.085158,322,0.0,29.0,OCC_TO_CU
1717439745.139101,273,28.6,29.1,CU_TO_DEV
1717439745.1486824,273,40.0,29.1,CU_TO_DEV
1717439755.0939565,322,3.9,29.0,OCC_TO_CU
1717439755.0947146,322,0.0,29.0,OCC_TO_CU
1717439755.1450486,273,30.0,29.1,CU_TO_DEV
1717439755.1562984,273,33.3,29.1,CU_TO_DEV
1717439761.7992253,154,4.0,29.2,OCC_TO_CU
1717439761.9503942,241,13.3,29.2,CU_TO_DEV
1717439761.9615142,241,50.0,29.2,CU_TO_DEV
1717439765.1093047,322,3.3,29.1,OCC_TO_CU
1717439765.1099963,322,0.0,29.1,OCC_TO_CU
1717439765.153881,273,33.3,29.2,CU_TO_DEV
1717439765.1639705,273,33.3,29.2,CU_TO_DEV
1717439775.1416273,322,4.6,29.0,OCC_TO_CU
1717439775.1421425,322,0.0,29.0,OCC_TO_CU
1717439775.1614852,273,37.5,29.1,CU_TO_DEV
1717439775.1714885,273,60.0,29.1,CU_TO_DEV
1717439785.1442635,322,4.8,29.1,OCC_TO_CU
1717439785.1447878,322,0.0,29.1,OCC_TO_CU
1717439785.1709425,273,30.0,29.2,CU_TO_DEV
1717439785.1798227,273,60.0,29.2,CU_TO_DEV
1717439795.1533413,322,3.1,29.1,OCC_TO_CU
1717439795.1539476,322,0.0,29.1,OCC_TO_CU
1717439795.178208,273,66.7,29.1,CU_TO_DEV
1717439795.1890328,273,100.0,29.1,CU_TO_DEV
1717439805.1728995,322,4.9,29.0,OCC_TO_CU
1717439805.173523,322,0.0,29.0,OCC_TO_CU
1717439805.187127,273,50.0,28.9,CU_TO_DEV
1717439805.195077,273,66.7,28.9,CU_TO_DEV
1717439811.7648134,154,4.5,29.0,OCC_TO_CU
1717439811.7928524,241,54.5,29.0,CU_TO_DEV
1717439811.800705,241,50.0,29.1,CU_TO_DEV
1717439815.170634,322,3.5,29.0,OCC_TO_CU
1717439815.1712964,322,0.0,29.0,OCC_TO_CU
1717439815.1953776,273,40.0,29.0,CU_TO_DEV
1717439815.2050471,273,66.7,29.1,CU_TO_DEV
1717439825.1824305,322,4.5,28.9,OCC_TO_CU
1717439825.1830413,322,0.0,28.9,OCC_TO_CU
1717439825.2037723,273,44.4,29.0,CU_TO_DEV
1717439825.215147,273,80.0,29.0,CU_TO_DEV
1717439835.1997898,322,3.9,28.9,OCC_TO_CU
1717439835.200442,322,0.0,28.9,OCC_TO_CU
1717439835.2114584,273,40.0,28.9,CU_TO_DEV
1717439835.2238057,273,75.0,29.0,CU_TO_DEV
1717439845.2345157,322,3.5,29.0,OCC_TO_CU
1717439845.235161,322,0.0,29.0,OCC_TO_CU
1717439845.419927,273,9.5,29.1,CU_TO_DEV
1717439845.429687,273,0.0,29.1,CU_TO_DEV
1717439855.2252648,322,4.5,29.0,OCC_TO_CU
1717439855.2258966,322,0.0,29.0,OCC_TO_CU
1717439855.229885,273,0.0,29.0,CU_TO_DEV
1717439855.2372468,273,66.7,29.0,CU_TO_DEV
1717439861.815043,154,3.9,29.1,OCC_TO_CU
1717439861.8368871,241,50.0,29.1,CU_TO_DEV
1717439861.842011,241,66.7,29.1,CU_TO_DEV
1717439865.2195835,322,6.6,29.0,OCC_TO_CU
1717439865.2200928,322,0.0,29.0,OCC_TO_CU
1717439865.2394798,273,28.6,29.0,CU_TO_DEV
1717439865.2482517,273,0.0,29.0,CU_TO_DEV
1717439875.249187,322,3.3,29.0,OCC_TO_CU
1717439875.2498016,322,0.0,29.0,OCC_TO_CU
1717439875.2534575,273,0.0,29.0,CU_TO_DEV
1717439875.4449995,273,15.2,29.1,CU_TO_DEV
1717439885.2625854,322,3.7,29.1,OCC_TO_CU
1717439885.263328,322,100.0,29.1,OCC_TO_CU
1717439885.4512336,273,10.7,29.2,CU_TO_DEV
1717439885.4590287,273,0.0,29.2,CU_TO_DEV
1717439895.2858484,322,3.9,29.1,OCC_TO_CU
1717439895.2864907,322,0.0,29.1,OCC_TO_CU
1717439895.4572082,273,14.3,29.2,CU_TO_DEV
1717439895.4642358,273,25.0,29.2,CU_TO_DEV
1717439905.2894766,322,4.8,29.1,OCC_TO_CU
1717439905.2900665,322,0.0,29.1,OCC_TO_CU
1717439905.4663088,273,8.5,29.2,CU_TO_DEV
1717439905.4698896,273,0.0,29.2,CU_TO_DEV
1717439911.8945363,154,5.5,29.1,OCC_TO_CU
1717439912.0700042,241,12.5,29.2,CU_TO_DEV
1717439912.0755048,241,33.3,29.2,CU_TO_DEV
1717439915.294996,322,5.9,29.0,OCC_TO_CU
1717439915.295517,322,0.0,29.0,OCC_TO_CU
1717439915.4757638,273,45.7,29.0,CU_TO_DEV
1717439915.4785945,273,0.0,29.0,CU_TO_DEV
1717439925.3018503,322,3.2,28.9,OCC_TO_CU
1717439925.3026474,322,0.0,28.9,OCC_TO_CU
1717439925.4809086,273,11.1,29.0,CU_TO_DEV
1717439925.484327,273,0.0,29.0,CU_TO_DEV
1717439935.3336143,322,3.6,28.9,OCC_TO_CU
1717439935.3341372,322,0.0,28.9,OCC_TO_CU
1717439935.486888,273,9.8,29.0,CU_TO_DEV
1717439935.488392,273,0.0,29.0,CU_TO_DEV
1717439945.3512352,322,3.8,29.0,OCC_TO_CU
1717439945.3570013,322,0.0,29.0,OCC_TO_CU
1717439945.4925008,273,25.9,29.1,CU_TO_DEV
1717439945.4926355,273,25.5,29.1,CU_TO_DEV
1717439955.3502393,322,5.0,29.0,OCC_TO_CU
1717439955.350809,322,0.0,29.0,OCC_TO_CU
1717439955.4979894,273,10.3,29.1,CU_TO_DEV
1717439955.498274,273,0.0,29.1,CU_TO_DEV
1717439961.963621,154,3.7,29.0,OCC_TO_CU
1717439962.1019714,241,11.5,29.1,CU_TO_DEV
1717439962.1017816,241,11.5,29.1,CU_TO_DEV
1717439965.3530736,322,3.9,29.0,OCC_TO_CU
1717439965.353711,322,0.0,29.0,OCC_TO_CU
1717439965.504239,273,11.7,29.1,CU_TO_DEV
1717439965.5047128,273,0.0,29.1,CU_TO_DEV
1717439975.3706818,322,4.0,29.1,OCC_TO_CU
1717439975.3719,322,0.0,29.1,OCC_TO_CU
1717439975.510497,273,19.0,29.1,CU_TO_DEV
1717439975.5105476,273,19.0,29.1,CU_TO_DEV
1717439985.3858106,322,4.6,29.0,OCC_TO_CU
1717439985.3863971,322,0.0,29.0,OCC_TO_CU
1717439985.5158916,273,14.8,29.2,CU_TO_DEV
1717439985.5168703,273,0.0,29.2,CU_TO_DEV
1717439995.4140935,322,3.6,29.1,OCC_TO_CU
1717439995.4181318,322,0.0,29.1,OCC_TO_CU
1717439995.5214372,273,23.3,29.2,CU_TO_DEV
1717439995.5219574,273,0.0,29.2,CU_TO_DEV
1717440005.4352305,322,5.4,29.0,OCC_TO_CU
1717440005.4358845,322,0.0,29.0,OCC_TO_CU
1717440005.5272956,273,22.2,29.1,CU_TO_DEV
1717440005.5279572,273,0.0,29.1,CU_TO_DEV
1717440011.9374802,154,4.2,29.0,OCC_TO_CU
1717440012.1317432,241,10.4,29.2,CU_TO_DEV
1717440012.131823,241,10.4,29.2,CU_TO_DEV
1717440015.4240654,322,3.3,29.0,OCC_TO_CU
1717440015.424589,322,0.0,29.0,OCC_TO_CU
1717440015.534279,273,11.9,29.1,CU_TO_DEV
1717440015.5343444,273,11.9,29.1,CU_TO_DEV
1717440025.4491417,322,3.4,29.0,OCC_TO_CU
1717440025.450017,322,0.0,29.0,OCC_TO_CU
1717440025.5425773,273,21.1,29.1,CU_TO_DEV
1717440025.5426564,273,21.1,29.1,CU_TO_DEV
1717440035.4636176,322,4.0,29.1,OCC_TO_CU
1717440035.4647665,322,0.0,29.1,OCC_TO_CU
1717440035.5515225,273,91.4,29.2,CU_TO_DEV
1717440035.5522308,273,0.0,29.2,CU_TO_DEV
1717440045.4572883,322,3.6,29.1,OCC_TO_CU
1717440045.4592528,322,66.7,29.1,OCC_TO_CU
1717440045.557474,273,17.9,29.2,CU_TO_DEV
1717440045.5579398,273,0.0,29.2,CU_TO_DEV
1717440055.4769802,322,5.3,28.9,OCC_TO_CU
1717440055.4777825,322,0.0,28.9,OCC_TO_CU
1717440055.5695584,273,19.4,29.0,CU_TO_DEV
1717440055.5700445,273,0.0,29.0,CU_TO_DEV
1717440062.0132482,154,4.4,29.0,OCC_TO_CU
1717440062.1738803,241,15.2,29.1,CU_TO_DEV
1717440062.1740265,241,15.2,29.1,CU_TO_DEV
1717440065.5369961,322,3.5,29.0,OCC_TO_CU
1717440065.538966,322,0.0,29.0,OCC_TO_CU
1717440065.5762763,273,44.4,29.1,CU_TO_DEV
1717440065.576924,273,0.0,29.1,CU_TO_DEV
1717440075.5120573,322,3.8,29.0,OCC_TO_CU
1717440075.5127175,322,0.0,29.0,OCC_TO_CU
1717440075.5828476,273,25.0,29.1,CU_TO_DEV
1717440075.5833533,273,0.0,29.1,CU_TO_DEV
1717440085.529598,322,4.0,29.1,OCC_TO_CU
1717440085.5304282,322,0.0,29.1,OCC_TO_CU
1717440085.5881298,273,26.1,29.2,CU_TO_DEV
1717440085.588313,273,26.1,29.2,CU_TO_DEV
1717440095.522751,322,4.5,29.1,OCC_TO_CU
1717440095.5233886,322,66.7,29.1,OCC_TO_CU
1717440095.5954587,273,86.7,29.2,CU_TO_DEV
1717440095.599503,273,100.0,29.2,CU_TO_DEV
1717440105.537316,322,4.2,29.0,OCC_TO_CU
1717440105.5379806,322,0.0,29.0,OCC_TO_CU
1717440105.6019118,273,32.1,29.1,CU_TO_DEV
1717440105.6037984,273,0.0,29.1,CU_TO_DEV
1717440111.968435,154,5.6,29.0,OCC_TO_CU
1717440112.0065956,241,28.6,29.1,CU_TO_DEV
1717440112.0155997,241,25.0,29.1,CU_TO_DEV
1717440115.548609,322,2.8,28.9,OCC_TO_CU
1717440115.5491202,322,0.0,28.9,OCC_TO_CU
1717440115.6089485,273,13.6,29.0,CU_TO_DEV
1717440115.617637,273,33.3,29.1,CU_TO_DEV
1717440125.5619247,322,3.5,29.0,OCC_TO_CU
1717440125.5624485,322,0.0,29.0,OCC_TO_CU
1717440125.6140447,273,31.8,29.1,CU_TO_DEV
1717440125.6229339,273,25.0,29.1,CU_TO_DEV
1717440135.5770166,322,3.7,29.0,OCC_TO_CU
1717440135.5791197,322,0.0,29.0,OCC_TO_CU
1717440135.6197395,273,37.5,29.1,CU_TO_DEV
1717440135.6288621,273,0.0,29.1,CU_TO_DEV
1717440145.600142,322,4.4,29.0,OCC_TO_CU
1717440145.6009467,322,0.0,29.0,OCC_TO_CU
1717440145.6270485,273,45.5,29.1,CU_TO_DEV
1717440145.6370876,273,50.0,29.1,CU_TO_DEV
1717440155.613074,322,3.5,29.1,OCC_TO_CU
1717440155.613697,322,0.0,29.1,OCC_TO_CU
1717440155.634849,273,50.0,29.1,CU_TO_DEV
1717440155.642804,273,33.3,29.1,CU_TO_DEV
1717440162.0047688,154,4.8,29.2,OCC_TO_CU
1717440162.043515,241,81.2,29.2,CU_TO_DEV
1717440162.0479977,241,100.0,29.3,CU_TO_DEV
1717440165.6672652,322,4.0,29.1,OCC_TO_CU
1717440165.6678908,322,0.0,29.1,OCC_TO_CU
1717440165.846004,273,23.3,29.2,CU_TO_DEV
1717440165.850212,273,0.0,29.2,CU_TO_DEV
1717440175.6414745,322,3.5,29.0,OCC_TO_CU
1717440175.6422107,322,0.0,29.0,OCC_TO_CU
1717440175.6519353,273,50.0,29.0,CU_TO_DEV
1717440175.6568131,273,50.0,29.0,CU_TO_DEV
1717440185.6307864,322,5.5,29.0,OCC_TO_CU
1717440185.6328578,322,100.0,29.0,OCC_TO_CU
1717440185.6667178,273,25.0,29.1,CU_TO_DEV
1717440185.666655,273,25.0,29.1,CU_TO_DEV
1717440195.656231,322,3.8,29.0,OCC_TO_CU
1717440195.6569152,322,0.0,29.0,OCC_TO_CU
1717440195.6720645,273,40.0,29.0,CU_TO_DEV
1717440195.6726558,273,0.0,29.0,CU_TO_DEV
1717440205.6741471,322,4.6,28.9,OCC_TO_CU
1717440205.6748874,322,0.0,28.9,OCC_TO_CU
1717440205.6813924,273,33.3,28.9,CU_TO_DEV
1717440205.6824152,273,0.0,28.9,CU_TO_DEV
1717440212.0365028,154,4.8,29.0,OCC_TO_CU
1717440212.0851934,241,27.8,29.1,CU_TO_DEV
1717440212.0854447,241,27.8,29.1,CU_TO_DEV
1717440215.6994214,322,3.4,29.0,OCC_TO_CU
1717440215.7169278,322,33.3,29.0,OCC_TO_CU
1717440215.8880672,273,28.4,29.1,CU_TO_DEV
1717440215.8881793,273,28.4,29.1,CU_TO_DEV
1717440225.679202,322,3.5,29.1,OCC_TO_CU
1717440225.6798964,322,0.0,29.1,OCC_TO_CU
1717440225.6948588,273,50.0,29.1,CU_TO_DEV
1717440225.6955333,273,100.0,29.1,CU_TO_DEV
1717440235.7087348,322,4.8,29.0,OCC_TO_CU
1717440235.7093806,322,0.0,29.0,OCC_TO_CU
1717440235.9062352,273,19.5,29.2,CU_TO_DEV
1717440235.9061992,273,19.5,29.2,CU_TO_DEV
1717440245.7197466,322,4.3,29.0,OCC_TO_CU
1717440245.7202506,322,0.0,29.0,OCC_TO_CU
1717440245.915666,273,16.7,29.1,CU_TO_DEV
1717440245.9160578,273,0.0,29.1,CU_TO_DEV
1717440255.7248614,322,3.4,29.0,OCC_TO_CU
1717440255.7254934,322,0.0,29.0,OCC_TO_CU
1717440255.9207351,273,19.7,29.2,CU_TO_DEV
1717440255.920817,273,19.7,29.2,CU_TO_DEV
1717440262.105604,154,4.2,29.1,OCC_TO_CU
1717440262.1247,241,42.9,29.2,CU_TO_DEV
1717440262.12434,241,42.9,29.2,CU_TO_DEV
1717440265.745077,322,3.7,29.1,OCC_TO_CU
1717440265.7457106,322,0.0,29.1,OCC_TO_CU
1717440265.9271326,273,25.7,29.2,CU_TO_DEV
1717440265.9272141,273,25.7,29.2,CU_TO_DEV
1717440275.7533152,322,3.5,29.1,OCC_TO_CU
1717440275.7539523,322,0.0,29.1,OCC_TO_CU
1717440275.934721,273,68.6,29.2,CU_TO_DEV
1717440275.9353304,273,50.0,29.2,CU_TO_DEV
1717440285.7601116,322,3.6,29.1,OCC_TO_CU
1717440285.7607477,322,0.0,29.1,OCC_TO_CU
1717440285.9406383,273,25.7,29.2,CU_TO_DEV
1717440285.9408734,273,0.0,29.2,CU_TO_DEV
1717440295.7798169,322,3.7,29.2,OCC_TO_CU
1717440295.7807739,322,0.0,29.2,OCC_TO_CU
1717440295.9458394,273,78.8,29.2,CU_TO_DEV
1717440295.9457235,273,78.8,29.2,CU_TO_DEV
1717440305.7990375,322,3.4,29.1,OCC_TO_CU
1717440305.8001983,322,100.0,29.1,OCC_TO_CU
1717440305.9507322,273,84.7,29.1,CU_TO_DEV
1717440305.9512832,273,100.0,29.1,CU_TO_DEV
1717440312.1797807,154,4.9,29.0,OCC_TO_CU
1717440312.3574984,241,12.5,29.1,CU_TO_DEV
1717440312.3575947,241,12.5,29.1,CU_TO_DEV
1717440315.8030367,322,3.5,28.9,OCC_TO_CU
1717440315.8039505,322,100.0,28.9,OCC_TO_CU
1717440315.959922,273,20.6,29.1,CU_TO_DEV
1717440315.9604034,273,0.0,29.1,CU_TO_DEV
1717440325.8108757,322,4.8,28.9,OCC_TO_CU
1717440325.8115284,322,0.0,28.9,OCC_TO_CU
1717440325.9667244,273,15.0,29.0,CU_TO_DEV
1717440325.9694319,273,0.0,29.0,CU_TO_DEV
1717440335.8237174,322,3.6,28.9,OCC_TO_CU
1717440335.8304722,322,0.0,28.9,OCC_TO_CU
1717440335.9717577,273,33.9,29.1,CU_TO_DEV
1717440335.9763012,273,0.0,29.1,CU_TO_DEV
1717440345.8436413,322,3.4,28.9,OCC_TO_CU
1717440345.8446424,322,0.0,28.9,OCC_TO_CU
1717440345.9787147,273,23.1,29.1,CU_TO_DEV
1717440345.981093,273,0.0,29.1,CU_TO_DEV
1717440355.8646026,322,3.7,29.0,OCC_TO_CU
1717440355.8654509,322,0.0,29.0,OCC_TO_CU
1717440355.9852185,273,31.3,29.2,CU_TO_DEV
1717440355.987427,273,0.0,29.2,CU_TO_DEV
1717440362.2508075,154,4.2,29.1,OCC_TO_CU
1717440362.3900213,241,14.5,29.2,CU_TO_DEV
1717440362.3904476,241,0.0,29.2,CU_TO_DEV
1717440365.849218,322,3.4,29.1,OCC_TO_CU
1717440365.8500023,322,0.0,29.1,OCC_TO_CU
1717440365.9929767,273,22.4,29.2,CU_TO_DEV
1717440365.9932604,273,0.0,29.2,CU_TO_DEV
1717440375.8555543,322,5.2,29.0,OCC_TO_CU
1717440375.8565536,322,0.0,29.0,OCC_TO_CU
1717440375.9985874,273,17.5,29.1,CU_TO_DEV
1717440375.999063,273,0.0,29.1,CU_TO_DEV
1717440385.8972228,322,3.4,29.0,OCC_TO_CU
1717440385.8978903,322,0.0,29.0,OCC_TO_CU
1717440386.0051808,273,34.1,29.1,CU_TO_DEV
1717440386.0052674,273,34.1,29.1,CU_TO_DEV
1717440395.9049828,322,3.7,29.1,OCC_TO_CU
1717440395.9086418,322,0.0,29.1,OCC_TO_CU
1717440396.0117953,273,37.2,29.2,CU_TO_DEV
1717440396.0122266,273,0.0,29.2,CU_TO_DEV
1717440405.8946478,322,3.8,29.1,OCC_TO_CU
1717440405.8952985,322,0.0,29.1,OCC_TO_CU
1717440406.0174894,273,92.0,29.2,CU_TO_DEV
1717440406.0174103,273,92.0,29.2,CU_TO_DEV
1717440412.2187183,154,4.1,29.1,OCC_TO_CU
1717440412.2217302,241,66.7,29.1,CU_TO_DEV
1717440412.2221007,241,0.0,29.1,CU_TO_DEV
1717440415.902636,322,6.2,29.0,OCC_TO_CU
1717440415.903153,322,0.0,29.0,OCC_TO_CU
1717440416.0287771,273,23.5,29.1,CU_TO_DEV
1717440416.0288174,273,23.5,29.1,CU_TO_DEV
1717440425.9264507,322,4.0,29.0,OCC_TO_CU
1717440425.9271116,322,0.0,29.0,OCC_TO_CU
1717440426.0382752,273,88.4,29.1,CU_TO_DEV
1717440426.0378098,273,88.4,29.1,CU_TO_DEV
1717440435.9427252,322,3.6,29.0,OCC_TO_CU
1717440435.9557672,322,50.0,29.0,OCC_TO_CU
1717440436.0443077,273,58.3,29.1,CU_TO_DEV
1717440436.0443726,273,58.3,29.1,CU_TO_DEV
1717440445.9520895,322,4.4,28.9,OCC_TO_CU
1717440445.9529734,322,0.0,28.9,OCC_TO_CU
1717440446.051471,273,30.8,29.0,CU_TO_DEV
1717440446.0519557,273,0.0,29.0,CU_TO_DEV
1717440455.9899042,322,3.7,29.0,OCC_TO_CU
1717440455.99067,322,0.0,29.0,OCC_TO_CU
1717440456.0578651,273,60.7,29.1,CU_TO_DEV
1717440456.057664,273,60.7,29.1,CU_TO_DEV
1717440462.2948725,154,5.2,29.0,OCC_TO_CU
1717440462.4645228,241,13.2,29.1,CU_TO_DEV
1717440462.46492,241,0.0,29.1,CU_TO_DEV
1717440465.9798925,322,4.0,29.0,OCC_TO_CU
1717440465.981154,322,0.0,29.0,OCC_TO_CU
1717440466.066762,273,28.1,29.1,CU_TO_DEV
1717440466.066637,273,28.1,29.1,CU_TO_DEV
1717440475.9822772,322,3.8,29.0,OCC_TO_CU
1717440475.9835107,322,100.0,29.0,OCC_TO_CU
1717440476.0722523,273,38.2,29.1,CU_TO_DEV
1717440476.07309,273,0.0,29.1,CU_TO_DEV
1717440485.9921806,322,3.8,29.1,OCC_TO_CU
1717440485.9953754,322,50.0,29.1,OCC_TO_CU
1717440486.0780022,273,33.3,29.2,CU_TO_DEV
1717440486.078372,273,0.0,29.2,CU_TO_DEV
1717440496.0064197,322,3.9,29.2,OCC_TO_CU
1717440496.0083702,322,50.0,29.2,OCC_TO_CU
1717440496.0851626,273,31.0,29.3,CU_TO_DEV
1717440496.0850048,273,31.0,29.3,CU_TO_DEV
1717440506.043838,322,5.6,29.1,OCC_TO_CU
1717440506.0443895,322,0.0,29.1,OCC_TO_CU
1717440506.0950863,273,75.0,29.2,CU_TO_DEV
1717440506.095684,273,100.0,29.2,CU_TO_DEV
1717440512.2429228,154,5.2,29.0,OCC_TO_CU
1717440512.2997687,241,23.8,29.1,CU_TO_DEV
1717440512.2998457,241,23.8,29.1,CU_TO_DEV
1717440516.0531566,322,3.4,29.0,OCC_TO_CU
1717440516.053789,322,0.0,29.0,OCC_TO_CU
1717440516.1022243,273,36.8,29.1,CU_TO_DEV
1717440516.1023002,273,36.8,29.1,CU_TO_DEV
1717440526.0538332,322,3.8,29.0,OCC_TO_CU
1717440526.0549588,322,0.0,29.0,OCC_TO_CU
1717440526.1078298,273,38.1,29.1,CU_TO_DEV
1717440526.108013,273,38.1,29.1,CU_TO_DEV
1717440536.0664132,322,4.0,29.1,OCC_TO_CU
1717440536.0670862,322,0.0,29.1,OCC_TO_CU
1717440536.114459,273,45.0,29.2,CU_TO_DEV
1717440536.1147282,273,0.0,29.2,CU_TO_DEV
1717440546.0836275,322,3.8,29.1,OCC_TO_CU
1717440546.0844562,322,0.0,29.1,OCC_TO_CU
1717440546.1206937,273,50.0,29.2,CU_TO_DEV
1717440546.120426,273,50.0,29.2,CU_TO_DEV
1717440556.1027899,322,4.8,29.1,OCC_TO_CU
1717440556.1032922,322,100.0,29.1,OCC_TO_CU
1717440556.1298447,273,33.3,29.2,CU_TO_DEV
1717440556.1299033,273,33.3,29.2,CU_TO_DEV
1717440562.268646,154,5.1,29.1,OCC_TO_CU
1717440562.3354368,241,19.2,29.2,CU_TO_DEV
1717440562.3359373,241,0.0,29.2,CU_TO_DEV
1717440566.1216228,322,3.8,29.1,OCC_TO_CU
1717440566.1222434,322,0.0,29.1,OCC_TO_CU
1717440566.138568,273,50.0,29.1,CU_TO_DEV
1717440566.1393082,273,100.0,29.1,CU_TO_DEV
1717440576.131966,322,4.5,29.0,OCC_TO_CU
1717440576.1326027,322,0.0,29.0,OCC_TO_CU
1717440576.1447773,273,40.0,29.0,CU_TO_DEV
1717440576.1489134,273,100.0,29.0,CU_TO_DEV
1717440586.1620915,322,3.8,29.1,OCC_TO_CU
1717440586.162699,322,0.0,29.1,OCC_TO_CU
1717440586.3499541,273,8.1,29.2,CU_TO_DEV
1717440586.3536136,273,0.0,29.2,CU_TO_DEV
1717440596.1462853,322,4.0,29.1,OCC_TO_CU
1717440596.1469128,322,0.0,29.1,OCC_TO_CU
1717440596.1550298,273,33.3,29.1,CU_TO_DEV
1717440596.1586235,273,100.0,29.1,CU_TO_DEV
1717440606.1813781,322,4.2,29.1,OCC_TO_CU
1717440606.1819742,322,0.0,29.1,OCC_TO_CU
1717440606.3637416,273,8.3,29.2,CU_TO_DEV
1717440606.3691523,273,0.0,29.2,CU_TO_DEV
1717440613.2396224,154,4.6,29.1,OCC_TO_CU
1717440613.3677483,241,12.0,29.1,CU_TO_DEV
1717440613.3728013,241,0.0,29.1,CU_TO_DEV
1717440616.184618,322,4.5,29.1,OCC_TO_CU
1717440616.1852617,322,0.0,29.1,OCC_TO_CU
1717440616.3700268,273,6.8,29.2,CU_TO_DEV
1717440616.3751526,273,0.0,29.2,CU_TO_DEV
1717440626.1896193,322,3.9,29.1,OCC_TO_CU
1717440626.1901922,322,0.0,29.1,OCC_TO_CU
1717440626.375163,273,9.5,29.2,CU_TO_DEV
1717440626.3812265,273,25.0,29.2,CU_TO_DEV
1717440636.2166777,322,4.6,29.1,OCC_TO_CU
1717440636.2172678,322,0.0,29.1,OCC_TO_CU
1717440636.3813531,273,9.2,29.1,CU_TO_DEV
1717440636.390435,273,33.3,29.1,CU_TO_DEV
1717440646.2314413,322,4.5,28.9,OCC_TO_CU
1717440646.2321181,322,0.0,28.9,OCC_TO_CU
1717440646.3888087,273,9.4,29.0,CU_TO_DEV
1717440646.4006498,273,25.0,29.1,CU_TO_DEV
1717440656.2936163,322,3.8,29.0,OCC_TO_CU
1717440656.2942436,322,0.0,29.0,OCC_TO_CU
1717440656.3944275,273,15.4,29.1,CU_TO_DEV
1717440656.4061296,273,25.0,29.1,CU_TO_DEV
1717440663.2099054,154,4.1,29.1,OCC_TO_CU
1717440663.4018748,241,12.7,29.2,CU_TO_DEV
1717440663.410408,241,25.0,29.2,CU_TO_DEV
1717440666.2563307,322,3.8,29.1,OCC_TO_CU
1717440666.256946,322,0.0,29.1,OCC_TO_CU
1717440666.4039438,273,10.3,29.2,CU_TO_DEV
1717440666.4121904,273,25.0,29.2,CU_TO_DEV
1717440676.2373292,322,3.9,29.2,OCC_TO_CU
1717440676.2379792,322,0.0,29.2,OCC_TO_CU
1717440676.4094694,273,59.2,29.2,CU_TO_DEV
1717440676.4180927,273,25.0,29.2,CU_TO_DEV
1717440686.2710514,322,3.3,29.1,OCC_TO_CU
1717440686.2721107,322,50.0,29.1,OCC_TO_CU
1717440686.4153013,273,12.3,29.2,CU_TO_DEV
1717440686.4241362,273,25.0,29.2,CU_TO_DEV
1717440696.2761357,322,4.6,29.0,OCC_TO_CU
1717440696.2767644,322,0.0,29.0,OCC_TO_CU
1717440696.4238122,273,11.9,29.2,CU_TO_DEV
1717440696.4322703,273,33.3,29.2,CU_TO_DEV
1717440706.2935233,322,5.5,28.9,OCC_TO_CU
1717440706.2940934,322,0.0,28.9,OCC_TO_CU
1717440706.4341195,273,10.7,29.0,CU_TO_DEV
1717440706.4383943,273,0.0,29.0,CU_TO_DEV
1717440713.1596088,154,3.5,29.0,OCC_TO_CU
1717440713.2377584,241,31.0,29.1,CU_TO_DEV
1717440713.2438667,241,33.3,29.1,CU_TO_DEV
1717440716.3049219,322,3.5,29.0,OCC_TO_CU
1717440716.3056386,322,0.0,29.0,OCC_TO_CU
1717440716.439791,273,11.3,29.1,CU_TO_DEV
1717440716.4457667,273,0.0,29.1,CU_TO_DEV
1717440726.308292,322,4.1,29.0,OCC_TO_CU
1717440726.3089314,322,0.0,29.0,OCC_TO_CU
1717440726.445906,273,9.3,29.1,CU_TO_DEV
1717440726.450389,273,0.0,29.1,CU_TO_DEV
1717440736.3264527,322,4.9,29.0,OCC_TO_CU
1717440736.3269904,322,0.0,29.0,OCC_TO_CU
1717440736.4605584,273,9.4,29.1,CU_TO_DEV
1717440736.4607759,273,0.0,29.1,CU_TO_DEV
1717440746.3340895,322,3.3,29.0,OCC_TO_CU
1717440746.335464,322,0.0,29.0,OCC_TO_CU
1717440746.4683042,273,13.2,29.1,CU_TO_DEV
1717440746.4687872,273,0.0,29.1,CU_TO_DEV
1717440756.3514578,322,3.9,29.1,OCC_TO_CU
1717440756.3520637,322,0.0,29.1,OCC_TO_CU
1717440756.4747953,273,12.5,29.2,CU_TO_DEV
1717440756.4749348,273,12.5,29.2,CU_TO_DEV
1717440763.460539,154,4.0,29.2,OCC_TO_CU
1717440763.4796684,241,57.1,29.2,CU_TO_DEV
1717440763.4795573,241,57.1,29.2,CU_TO_DEV
1717440766.3522732,322,6.7,29.1,OCC_TO_CU
1717440766.3528066,322,0.0,29.1,OCC_TO_CU
1717440766.483755,273,9.6,29.2,CU_TO_DEV
1717440766.4869308,273,0.0,29.2,CU_TO_DEV
1717440776.3757145,322,3.5,29.1,OCC_TO_CU
1717440776.3763936,322,0.0,29.1,OCC_TO_CU
1717440776.4922814,273,15.2,29.2,CU_TO_DEV
1717440776.4930553,273,0.0,29.2,CU_TO_DEV
1717440786.458397,322,4.4,29.1,OCC_TO_CU
1717440786.4592323,322,0.0,29.1,OCC_TO_CU
1717440786.498446,273,41.2,29.1,CU_TO_DEV
1717440786.500652,273,0.0,29.1,CU_TO_DEV
1717440796.4026647,322,3.3,29.1,OCC_TO_CU
1717440796.4033015,322,0.0,29.1,OCC_TO_CU
1717440796.5042462,273,17.1,29.2,CU_TO_DEV
1717440796.5053396,273,0.0,29.2,CU_TO_DEV
1717440806.4208,322,3.8,29.2,OCC_TO_CU
1717440806.4214306,322,0.0,29.2,OCC_TO_CU
1717440806.51434,273,91.7,29.3,CU_TO_DEV
1717440806.5194855,273,100.0,29.3,CU_TO_DEV
1717440813.5346866,154,4.6,29.1,OCC_TO_CU
1717440813.720605,241,17.6,29.1,CU_TO_DEV
1717440813.7229857,241,0.0,29.1,CU_TO_DEV
1717440816.420126,322,4.3,29.0,OCC_TO_CU
1717440816.432198,322,40.0,29.0,OCC_TO_CU
1717440816.522576,273,25.7,29.1,CU_TO_DEV
1717440816.524532,273,0.0,29.1,CU_TO_DEV
1717440826.4364052,322,4.9,29.0,OCC_TO_CU
1717440826.4371457,322,0.0,29.0,OCC_TO_CU
1717440826.531554,273,11.1,29.1,CU_TO_DEV
1717440826.5316482,273,11.1,29.1,CU_TO_DEV
1717440836.4494567,322,4.4,28.9,OCC_TO_CU
1717440836.4501162,322,0.0,28.9,OCC_TO_CU
1717440836.5367835,273,20.0,29.0,CU_TO_DEV
1717440836.5372615,273,0.0,29.0,CU_TO_DEV
1717440846.4642186,322,3.8,29.0,OCC_TO_CU
1717440846.464845,322,0.0,29.0,OCC_TO_CU
1717440846.5438814,273,19.4,29.1,CU_TO_DEV
1717440846.5438385,273,19.4,29.1,CU_TO_DEV
1717440856.4780347,322,3.7,29.0,OCC_TO_CU
1717440856.4801471,322,0.0,29.0,OCC_TO_CU
1717440856.5492702,273,19.2,29.1,CU_TO_DEV
1717440856.549219,273,19.2,29.1,CU_TO_DEV
1717440863.298639,154,4.4,29.1,OCC_TO_CU
1717440863.3532822,241,37.5,29.2,CU_TO_DEV
1717440863.3536558,241,0.0,29.2,CU_TO_DEV
1717440866.5008676,322,3.5,29.1,OCC_TO_CU
1717440866.5036583,322,0.0,29.1,OCC_TO_CU
1717440866.5558388,273,31.8,29.2,CU_TO_DEV
1717440866.5560906,273,0.0,29.2,CU_TO_DEV
1717440876.5178645,322,4.6,29.1,OCC_TO_CU
1717440876.5198889,322,0.0,29.1,OCC_TO_CU
1717440876.5619488,273,25.0,29.1,CU_TO_DEV
1717440876.562023,273,25.0,29.1,CU_TO_DEV
1717440886.5102396,322,3.9,29.1,OCC_TO_CU
1717440886.5112796,322,0.0,29.1,OCC_TO_CU
1717440886.5676532,273,22.7,29.2,CU_TO_DEV
1717440886.5679479,273,0.0,29.2,CU_TO_DEV
1717440896.5157785,322,4.6,29.1,OCC_TO_CU
1717440896.5188081,322,0.0,29.1,OCC_TO_CU
1717440896.5738375,273,15.0,29.2,CU_TO_DEV
1717440896.5743284,273,0.0,29.2,CU_TO_DEV
1717440906.542086,322,3.5,29.1,OCC_TO_CU
1717440906.5427814,322,0.0,29.1,OCC_TO_CU
1717440906.5798616,273,35.7,29.2,CU_TO_DEV
1717440906.5797637,273,35.7,29.2,CU_TO_DEV
1717440913.37556,154,4.9,29.1,OCC_TO_CU
1717440913.3840525,241,33.3,29.1,CU_TO_DEV
1717440913.3843398,241,33.3,29.1,CU_TO_DEV
1717440916.5394676,322,4.7,29.1,OCC_TO_CU
1717440916.5406883,322,0.0,29.1,OCC_TO_CU
1717440916.5866146,273,45.0,29.2,CU_TO_DEV
1717440916.586396,273,45.0,29.2,CU_TO_DEV
1717440926.5686662,322,4.4,29.0,OCC_TO_CU
1717440926.569372,322,0.0,29.0,OCC_TO_CU
1717440926.5955102,273,72.7,29.1,CU_TO_DEV
1717440926.5963073,273,0.0,29.1,CU_TO_DEV
1717440936.6458209,322,4.4,29.0,OCC_TO_CU
1717440936.6463466,322,0.0,29.0,OCC_TO_CU
1717440936.8009582,273,11.5,29.1,CU_TO_DEV
1717440936.8017492,273,0.0,29.1,CU_TO_DEV
1717440946.570734,322,3.7,29.0,OCC_TO_CU
1717440946.5714111,322,50.0,29.0,OCC_TO_CU
1717440946.6098375,273,35.7,29.1,CU_TO_DEV
1717440946.610049,273,35.7,29.1,CU_TO_DEV
1717440956.5909252,322,3.7,29.1,OCC_TO_CU
1717440956.5916364,322,0.0,29.1,OCC_TO_CU
1717440956.6156402,273,44.4,29.1,CU_TO_DEV
1717440956.6157913,273,44.4,29.1,CU_TO_DEV
1717440963.651172,154,6.6,29.1,OCC_TO_CU
1717440963.8276715,241,12.9,29.2,CU_TO_DEV
1717440963.8281925,241,0.0,29.2,CU_TO_DEV
1717440966.602865,322,2.9,29.0,OCC_TO_CU
1717440966.6033986,322,100.0,29.0,OCC_TO_CU
1717440966.6299355,273,40.0,29.1,CU_TO_DEV
1717440966.6297793,273,40.0,29.1,CU_TO_DEV
1717440976.6058495,322,3.7,29.0,OCC_TO_CU
1717440976.6065903,322,0.0,29.0,OCC_TO_CU
1717440976.6363595,273,41.7,29.1,CU_TO_DEV
1717440976.637147,273,0.0,29.1,CU_TO_DEV
1717440986.623811,322,3.9,29.1,OCC_TO_CU
1717440986.624544,322,0.0,29.1,OCC_TO_CU
1717440986.6422987,273,42.9,29.1,CU_TO_DEV
1717440986.6424315,273,42.9,29.1,CU_TO_DEV
1717440996.6474109,322,3.6,29.1,OCC_TO_CU
1717440996.6481843,322,0.0,29.1,OCC_TO_CU
1717440996.6491063,273,0.0,29.1,CU_TO_DEV
1717440996.6493142,273,0.0,29.1,CU_TO_DEV
1717441006.645382,322,3.9,29.2,OCC_TO_CU
1717441006.6461842,322,0.0,29.2,OCC_TO_CU
1717441006.654308,273,33.3,29.2,CU_TO_DEV
1717441006.6554294,273,0.0,29.2,CU_TO_DEV
1717441013.5910518,154,5.6,29.2,OCC_TO_CU
1717441013.667479,241,90.0,29.3,CU_TO_DEV
1717441013.6679816,241,0.0,29.3,CU_TO_DEV
1717441016.680872,322,4.7,29.0,OCC_TO_CU
1717441016.6814919,322,0.0,29.0,OCC_TO_CU
1717441016.869872,273,14.3,29.1,CU_TO_DEV
1717441016.869633,273,14.3,29.1,CU_TO_DEV
1717441026.6639152,322,3.7,29.1,OCC_TO_CU
1717441026.6646726,322,0.0,29.1,OCC_TO_CU
1717441026.6768937,273,40.0,29.1,CU_TO_DEV
1717441026.6793294,273,100.0,29.1,CU_TO_DEV
1717441036.685329,322,4.5,29.0,OCC_TO_CU
1717441036.68614,322,0.0,29.0,OCC_TO_CU
1717441036.8829436,273,13.8,29.1,CU_TO_DEV
1717441036.883493,273,100.0,29.1,CU_TO_DEV
1717441046.8021343,322,3.8,29.0,OCC_TO_CU
1717441046.8027658,322,0.0,29.0,OCC_TO_CU
1717441046.8881967,273,31.4,29.2,CU_TO_DEV
1717441046.8882504,273,31.4,29.2,CU_TO_DEV
1717441056.71475,322,4.8,29.1,OCC_TO_CU
1717441056.7152905,322,100.0,29.1,OCC_TO_CU
1717441056.893985,273,8.6,29.2,CU_TO_DEV
1717441056.8947704,273,0.0,29.2,CU_TO_DEV
1717441064.396641,154,4.5,29.0,OCC_TO_CU
1717441064.4988961,241,40.0,29.1,CU_TO_DEV
1717441064.5003514,241,0.0,29.1,CU_TO_DEV
1717441066.7026846,322,3.3,29.0,OCC_TO_CU
1717441066.7034802,322,0.0,29.0,OCC_TO_CU
1717441066.9004185,273,10.1,29.1,CU_TO_DEV
1717441066.901726,273,0.0,29.1,CU_TO_DEV
1717441076.7384045,322,4.0,29.0,OCC_TO_CU
1717441076.7392316,322,0.0,29.0,OCC_TO_CU
1717441076.906824,273,10.6,29.1,CU_TO_DEV
1717441076.9074507,273,100.0,29.1,CU_TO_DEV
1717441086.722208,322,3.8,29.1,OCC_TO_CU
1717441086.7230136,322,0.0,29.1,OCC_TO_CU
1717441086.9140332,273,13.0,29.2,CU_TO_DEV
1717441086.9137673,273,13.0,29.2,CU_TO_DEV
1717441096.764679,322,4.4,29.0,OCC_TO_CU
1717441096.7678275,322,0.0,29.0,OCC_TO_CU
1717441096.9209628,273,11.3,29.2,CU_TO_DEV
1717441096.9212258,273,0.0,29.2,CU_TO_DEV
1717441106.7804112,322,4.5,29.0,OCC_TO_CU
1717441106.7812212,322,0.0,29.0,OCC_TO_CU
1717441106.929946,273,13.6,29.1,CU_TO_DEV
1717441106.9300537,273,13.6,29.1,CU_TO_DEV
1717441114.5921166,154,4.6,29.1,OCC_TO_CU
1717441114.7379441,241,76.3,29.1,CU_TO_DEV
1717441114.737639,241,76.3,29.1,CU_TO_DEV
1717441116.7675884,322,3.0,29.0,OCC_TO_CU
1717441116.768287,322,0.0,29.0,OCC_TO_CU
1717441116.9393618,273,10.1,29.1,CU_TO_DEV
1717441116.9394033,273,10.1,29.1,CU_TO_DEV
1717441126.7737973,322,3.8,29.0,OCC_TO_CU
1717441126.7745552,322,0.0,29.0,OCC_TO_CU
1717441126.9464233,273,11.8,29.1,CU_TO_DEV
1717441126.9469113,273,0.0,29.1,CU_TO_DEV
1717441136.7975338,322,4.0,29.1,OCC_TO_CU
1717441136.8011167,322,0.0,29.1,OCC_TO_CU
1717441136.9521003,273,16.7,29.1,CU_TO_DEV
1717441136.9526455,273,0.0,29.1,CU_TO_DEV
1717441146.8229675,322,4.3,29.1,OCC_TO_CU
1717441146.8236248,322,100.0,29.1,OCC_TO_CU
1717441146.9575484,273,15.4,29.2,CU_TO_DEV
1717441146.9597692,273,50.0,29.2,CU_TO_DEV
1717441156.8316755,322,5.0,29.1,OCC_TO_CU
1717441156.8323185,322,0.0,29.1,OCC_TO_CU
1717441156.9673903,273,15.1,29.2,CU_TO_DEV
1717441156.967441,273,15.1,29.2,CU_TO_DEV
1717441164.6671667,154,5.1,29.0,OCC_TO_CU
1717441164.7742891,241,18.2,29.1,CU_TO_DEV
1717441164.7744408,241,18.2,29.1,CU_TO_DEV
1717441166.83227,322,3.4,29.0,OCC_TO_CU
1717441166.8329074,322,0.0,29.0,OCC_TO_CU
1717441166.9762313,273,15.5,29.1,CU_TO_DEV
1717441166.9761744,273,15.5,29.1,CU_TO_DEV
1717441176.835904,322,4.1,29.1,OCC_TO_CU
1717441176.8371882,322,0.0,29.1,OCC_TO_CU
1717441176.9831603,273,12.5,29.2,CU_TO_DEV
1717441176.9835622,273,100.0,29.2,CU_TO_DEV
1717441186.8422208,322,4.2,29.1,OCC_TO_CU
1717441186.8442438,322,0.0,29.1,OCC_TO_CU
1717441186.9888644,273,71.2,29.1,CU_TO_DEV
1717441186.9889314,273,71.2,29.1,CU_TO_DEV
1717441196.8596032,322,4.6,29.0,OCC_TO_CU
1717441196.860595,322,0.0,29.0,OCC_TO_CU
1717441197.001149,273,10.9,29.1,CU_TO_DEV
1717441197.0010562,273,10.9,29.1,CU_TO_DEV
1717441206.8636434,322,3.7,29.0,OCC_TO_CU
1717441206.8648145,322,0.0,29.0,OCC_TO_CU
1717441207.006882,273,14.3,29.1,CU_TO_DEV
1717441207.0069408,273,14.3,29.1,CU_TO_DEV
1717441214.7434263,154,4.4,29.1,OCC_TO_CU
1717441214.8115423,241,19.2,29.1,CU_TO_DEV
1717441214.811849,241,0.0,29.1,CU_TO_DEV
1717441216.9037926,322,6.5,29.0,OCC_TO_CU
1717441216.9043338,322,0.0,29.0,OCC_TO_CU
1717441217.014117,273,14.0,29.1,CU_TO_DEV
1717441217.014649,273,0.0,29.1,CU_TO_DEV
1717441226.9054348,322,4.5,29.0,OCC_TO_CU
1717441226.9059834,322,0.0,29.0,OCC_TO_CU
1717441227.019725,273,15.6,29.0,CU_TO_DEV
1717441227.020183,273,0.0,29.0,CU_TO_DEV
1717441236.907266,322,3.7,29.0,OCC_TO_CU
1717441236.907938,322,0.0,29.0,OCC_TO_CU
1717441237.0250127,273,22.0,29.1,CU_TO_DEV
1717441237.0248613,273,22.0,29.1,CU_TO_DEV
1717441246.9234576,322,4.7,28.9,OCC_TO_CU
1717441246.9241207,322,0.0,28.9,OCC_TO_CU
1717441247.030723,273,17.1,29.1,CU_TO_DEV
1717441247.0306678,273,17.1,29.1,CU_TO_DEV
1717441256.9361236,322,3.6,29.0,OCC_TO_CU
1717441256.936924,322,0.0,29.0,OCC_TO_CU
1717441257.0362234,273,20.5,29.1,CU_TO_DEV
1717441257.0363307,273,20.5,29.1,CU_TO_DEV
1717441264.814508,154,4.3,29.1,OCC_TO_CU
1717441264.8407042,241,50.0,29.1,CU_TO_DEV
1717441264.8416095,241,0.0,29.1,CU_TO_DEV
1717441266.9444246,322,3.7,29.1,OCC_TO_CU
1717441266.9464526,322,0.0,29.1,OCC_TO_CU
1717441267.0439117,273,26.2,29.2,CU_TO_DEV
1717441267.0435762,273,26.2,29.2,CU_TO_DEV
1717441277.0009415,322,3.9,29.1,OCC_TO_CU
1717441277.0016272,322,0.0,29.1,OCC_TO_CU
1717441277.0497372,273,42.9,29.2,CU_TO_DEV
1717441277.049786,273,42.9,29.2,CU_TO_DEV
1717441286.9722254,322,5.0,29.1,OCC_TO_CU
1717441286.972776,322,0.0,29.1,OCC_TO_CU
1717441287.0575695,273,21.2,29.2,CU_TO_DEV
1717441287.0576768,273,21.2,29.2,CU_TO_DEV
1717441296.9984066,322,4.5,29.1,OCC_TO_CU
1717441296.9990673,322,0.0,29.1,OCC_TO_CU
1717441297.0636802,273,30.8,29.2,CU_TO_DEV
1717441297.063774,273,30.8,29.2,CU_TO_DEV
1717441306.9933753,322,4.1,29.1,OCC_TO_CU
1717441306.994018,322,0.0,29.1,OCC_TO_CU
1717441307.0719376,273,20.7,29.2,CU_TO_DEV
1717441307.0725837,273,0.0,29.2,CU_TO_DEV
1717441314.8875792,154,4.0,29.1,OCC_TO_CU
1717441315.0796316,241,93.4,29.1,CU_TO_DEV
1717441315.0803769,241,0.0,29.1,CU_TO_DEV
1717441316.9928207,322,3.9,29.0,OCC_TO_CU
1717441316.9935124,322,0.0,29.0,OCC_TO_CU
1717441317.0812254,273,22.9,29.0,CU_TO_DEV
1717441317.0817626,273,0.0,29.0,CU_TO_DEV
1717441327.0054812,322,3.6,29.0,OCC_TO_CU
1717441327.006152,322,0.0,29.0,OCC_TO_CU
1717441327.0868976,273,25.0,29.1,CU_TO_DEV
1717441327.0872514,273,100.0,29.1,CU_TO_DEV
1717441337.0173638,322,4.6,28.9,OCC_TO_CU
1717441337.018063,322,0.0,28.9,OCC_TO_CU
1717441337.0933928,273,29.0,29.0,CU_TO_DEV
1717441337.094599,273,0.0,29.0,CU_TO_DEV
1717441347.0416615,322,3.9,29.0,OCC_TO_CU
1717441347.042339,322,0.0,29.0,OCC_TO_CU
1717441347.1006765,273,22.7,29.0,CU_TO_DEV
1717441347.100607,273,21.7,29.0,CU_TO_DEV
1717441357.0573163,322,4.6,28.9,OCC_TO_CU
1717441357.0579019,322,0.0,28.9,OCC_TO_CU
1717441357.107435,273,38.1,29.0,CU_TO_DEV
1717441357.1073918,273,38.1,29.0,CU_TO_DEV
1717441364.8589783,154,3.9,29.0,OCC_TO_CU
1717441364.9118533,241,23.8,29.1,CU_TO_DEV
1717441364.9118052,241,23.8,29.1,CU_TO_DEV
1717441367.0418704,322,2.6,29.0,OCC_TO_CU
1717441367.0423915,322,0.0,29.0,OCC_TO_CU
1717441367.1137705,273,0.0,29.1,CU_TO_DEV
1717441367.1133828,273,18.5,29.1,CU_TO_DEV
1717441377.0648906,322,4.8,29.0,OCC_TO_CU
1717441377.0661685,322,0.0,29.0,OCC_TO_CU
1717441377.1193275,273,28.6,29.1,CU_TO_DEV
1717441377.1199908,273,0.0,29.1,CU_TO_DEV
1717441387.059238,322,3.3,29.0,OCC_TO_CU
1717441387.0597847,322,0.0,29.0,OCC_TO_CU
1717441387.1259706,273,20.0,29.1,CU_TO_DEV
1717441387.1264744,273,0.0,29.1,CU_TO_DEV
1717441397.0829494,322,3.8,29.1,OCC_TO_CU
1717441397.0888216,322,0.0,29.1,OCC_TO_CU
1717441397.1323807,273,66.7,29.2,CU_TO_DEV
1717441397.134172,273,0.0,29.2,CU_TO_DEV
1717441407.1010377,322,3.5,29.2,OCC_TO_CU
1717441407.1016705,322,0.0,29.2,OCC_TO_CU
1717441407.1399584,273,50.0,29.2,CU_TO_DEV
1717441407.1414835,273,0.0,29.2,CU_TO_DEV
1717441414.9350107,154,4.6,29.1,OCC_TO_CU
1717441414.9475262,241,40.0,29.1,CU_TO_DEV
1717441414.9479046,241,0.0,29.1,CU_TO_DEV
1717441417.1103344,322,7.6,29.1,OCC_TO_CU
1717441417.1108606,322,0.0,29.1,OCC_TO_CU
1717441417.1496851,273,42.9,29.2,CU_TO_DEV
1717441417.1504395,273,0.0,29.2,CU_TO_DEV
1717441427.1064901,322,5.2,28.9,OCC_TO_CU
1717441427.1071215,322,0.0,28.9,OCC_TO_CU
1717441427.156931,273,42.1,29.0,CU_TO_DEV
1717441427.157722,273,0.0,29.0,CU_TO_DEV
1717441437.1219091,322,3.7,29.0,OCC_TO_CU
1717441437.1275213,322,33.3,29.0,OCC_TO_CU
1717441437.1668081,273,0.0,29.1,CU_TO_DEV
1717441437.1663158,273,78.6,29.1,CU_TO_DEV
1717441447.1408744,322,4.5,29.0,OCC_TO_CU
1717441447.1414893,322,0.0,29.0,OCC_TO_CU
1717441447.1723268,273,38.5,29.1,CU_TO_DEV
1717441447.1748443,273,0.0,29.1,CU_TO_DEV
1717441457.1406796,322,3.9,29.0,OCC_TO_CU
1717441457.14131,322,0.0,29.0,OCC_TO_CU
1717441457.179058,273,50.0,29.1,CU_TO_DEV
1717441457.1807468,273,0.0,29.1,CU_TO_DEV
1717441464.906323,154,4.0,29.0,OCC_TO_CU
1717441464.9847686,241,25.0,29.1,CU_TO_DEV
1717441464.9848583,241,25.0,29.1,CU_TO_DEV
1717441467.1451495,322,3.2,29.0,OCC_TO_CU
1717441467.148818,322,0.0,29.0,OCC_TO_CU
1717441467.1872942,273,100.0,29.1,CU_TO_DEV
1717441467.186782,273,46.7,29.1,CU_TO_DEV
1717441477.1767433,322,4.5,29.0,OCC_TO_CU
1717441477.17726,322,0.0,29.0,OCC_TO_CU
1717441477.1923528,273,57.1,29.0,CU_TO_DEV
1717441477.1929386,273,0.0,29.0,CU_TO_DEV
1717441487.1793962,322,4.5,29.0,OCC_TO_CU
1717441487.1799436,322,0.0,29.0,OCC_TO_CU
1717441487.198814,273,33.3,29.0,CU_TO_DEV
1717441487.1996632,273,100.0,29.0,CU_TO_DEV
1717441497.189915,322,4.2,29.0,OCC_TO_CU
1717441497.1905463,322,0.0,29.0,OCC_TO_CU
1717441497.2074056,273,50.0,29.0,CU_TO_DEV
1717441497.207191,273,50.0,29.0,CU_TO_DEV
1717441507.2123802,322,3.8,29.0,OCC_TO_CU
1717441507.2130125,273,0.0,29.0,CU_TO_DEV
1717441507.2132525,273,0.0,29.0,CU_TO_DEV
1717441507.2130935,322,0.0,29.0,OCC_TO_CU
1717441507.4137533,273,13.6,29.1,CU_TO_DEV
1717441507.4137933,273,13.6,29.1,CU_TO_DEV
1717441514.9452488,154,5.8,29.0,OCC_TO_CU
1717441515.0205514,241,14.3,29.1,CU_TO_DEV
1717441515.0203962,241,14.3,29.1,CU_TO_DEV
1717441517.2167337,322,6.7,29.0,OCC_TO_CU
1717441517.217233,322,0.0,29.0,OCC_TO_CU
1717441517.2297199,273,40.0,29.0,CU_TO_DEV
1717441517.2301342,273,0.0,29.0,CU_TO_DEV
1717441527.2146153,322,3.9,29.0,OCC_TO_CU
1717441527.2151227,322,0.0,29.0,OCC_TO_CU
1717441527.2372413,273,66.7,29.0,CU_TO_DEV
1717441527.2393332,273,100.0,29.0,CU_TO_DEV
1717441537.2318897,322,3.8,29.0,OCC_TO_CU
1717441537.232598,322,0.0,29.0,OCC_TO_CU
1717441537.2451246,273,40.0,29.0,CU_TO_DEV
1717441537.244872,273,40.0,29.0,CU_TO_DEV
1717441547.2417073,322,4.0,29.1,OCC_TO_CU
1717441547.2429461,322,0.0,29.1,OCC_TO_CU
1717441547.2546742,273,60.0,29.1,CU_TO_DEV
1717441547.2548633,273,60.0,29.1,CU_TO_DEV
1717441557.261906,322,4.9,29.0,OCC_TO_CU
1717441557.2627013,322,0.0,29.0,OCC_TO_CU
1717441557.2682412,273,0.0,29.0,CU_TO_DEV
1717441557.2695081,273,0.0,29.0,CU_TO_DEV
1717441565.1616707,154,6.3,28.9,OCC_TO_CU
1717441565.2786744,241,22.9,29.0,CU_TO_DEV
1717441565.2790055,241,0.0,29.0,CU_TO_DEV
1717441567.250147,322,4.2,28.9,OCC_TO_CU
1717441567.2508469,322,0.0,28.9,OCC_TO_CU
1717441567.2805822,273,58.3,29.0,CU_TO_DEV
1717441567.281179,273,0.0,29.0,CU_TO_DEV
1717441577.2733219,322,3.9,28.9,OCC_TO_CU
1717441577.2740557,322,0.0,28.9,OCC_TO_CU
1717441577.2881477,273,50.0,28.9,CU_TO_DEV
1717441577.2901282,273,0.0,28.9,CU_TO_DEV
1717441587.2819083,322,4.0,29.0,OCC_TO_CU
1717441587.2849207,322,0.0,29.0,OCC_TO_CU
1717441587.2953744,273,80.0,29.0,CU_TO_DEV
1717441587.2962432,273,0.0,29.0,CU_TO_DEV
1717441597.297272,322,4.6,29.0,OCC_TO_CU
1717441597.300285,322,0.0,29.0,OCC_TO_CU
1717441597.3013651,273,0.0,29.0,CU_TO_DEV
1717441597.3014212,273,0.0,29.0,CU_TO_DEV
1717441607.304342,322,5.2,29.0,OCC_TO_CU
1717441607.3073795,322,50.0,29.0,OCC_TO_CU
1717441607.3124444,273,0.0,29.0,CU_TO_DEV
1717441607.3130307,273,0.0,29.0,CU_TO_DEV
1717441615.029816,154,4.3,29.1,OCC_TO_CU
1717441615.1163564,241,12.5,29.2,CU_TO_DEV
1717441615.11669,241,0.0,29.2,CU_TO_DEV
1717441617.3235328,322,6.7,29.1,OCC_TO_CU
1717441617.3240528,322,0.0,29.1,OCC_TO_CU
1717441617.5181417,273,6.5,29.2,CU_TO_DEV
1717441617.5186808,273,0.0,29.2,CU_TO_DEV
1717441627.3257613,322,3.7,29.0,OCC_TO_CU
1717441627.328934,322,0.0,29.0,OCC_TO_CU
1717441627.5229902,273,49.4,29.1,CU_TO_DEV
1717441627.5230248,273,49.4,29.1,CU_TO_DEV
1717441637.3541772,322,3.8,29.0,OCC_TO_CU
1717441637.3555152,322,0.0,29.0,OCC_TO_CU
1717441637.5281897,273,11.6,29.1,CU_TO_DEV
1717441637.528146,273,11.6,29.1,CU_TO_DEV
1717441647.3627565,322,4.0,29.0,OCC_TO_CU
1717441647.3634799,322,100.0,29.0,OCC_TO_CU
1717441647.5334284,273,10.3,29.1,CU_TO_DEV
1717441647.5338829,273,0.0,29.1,CU_TO_DEV
1717441657.376847,322,4.5,29.0,OCC_TO_CU
1717441657.377528,322,0.0,29.0,OCC_TO_CU
1717441657.5401344,273,10.9,29.1,CU_TO_DEV
1717441657.543151,273,0.0,29.1,CU_TO_DEV
1717441665.0988336,154,4.1,29.1,OCC_TO_CU
1717441665.14435,241,40.0,29.1,CU_TO_DEV
1717441665.1464527,241,0.0,29.1,CU_TO_DEV
1717441667.3621423,322,3.4,29.0,OCC_TO_CU
1717441667.3642647,322,0.0,29.0,OCC_TO_CU
1717441667.5464191,273,7.1,29.1,CU_TO_DEV
1717441667.547683,273,0.0,29.1,CU_TO_DEV
1717441677.3856847,322,3.9,29.1,OCC_TO_CU
1717441677.3867037,322,0.0,29.1,OCC_TO_CU
1717441677.5522275,273,11.9,29.2,CU_TO_DEV
1717441677.5535989,273,0.0,29.2,CU_TO_DEV
1717441687.3889232,322,4.5,29.1,OCC_TO_CU
1717441687.3895106,322,0.0,29.1,OCC_TO_CU
1717441687.5576348,273,10.3,29.2,CU_TO_DEV
1717441687.5593028,273,50.0,29.2,CU_TO_DEV
1717441697.4206302,322,5.4,28.9,OCC_TO_CU
1717441697.4211586,322,0.0,28.9,OCC_TO_CU
1717441697.5681505,273,11.9,29.0,CU_TO_DEV
1717441697.5685413,273,0.0,29.0,CU_TO_DEV
1717441707.4259763,322,3.6,28.9,OCC_TO_CU
1717441707.426633,322,0.0,28.9,OCC_TO_CU
1717441707.573427,273,13.3,29.1,CU_TO_DEV
1717441707.573477,273,13.3,29.1,CU_TO_DEV
1717441715.1791735,154,4.2,29.0,OCC_TO_CU
1717441715.3784752,241,11.4,29.1,CU_TO_DEV
1717441715.3784251,241,11.4,29.1,CU_TO_DEV
1717441717.4412215,322,4.0,29.0,OCC_TO_CU
1717441717.441867,322,0.0,29.0,OCC_TO_CU
1717441717.5803874,273,12.5,29.1,CU_TO_DEV
1717441717.5803258,273,12.5,29.1,CU_TO_DEV
1717441727.445075,322,5.1,29.0,OCC_TO_CU
1717441727.4457448,322,0.0,29.0,OCC_TO_CU
1717441727.586645,273,10.7,29.0,CU_TO_DEV
1717441727.586977,273,0.0,29.0,CU_TO_DEV
1717441737.475579,322,3.4,29.0,OCC_TO_CU
1717441737.4763598,322,0.0,29.0,OCC_TO_CU
1717441737.591763,273,13.3,29.1,CU_TO_DEV
1717441737.592188,273,0.0,29.1,CU_TO_DEV
1717441747.4803433,322,4.6,29.0,OCC_TO_CU
1717441747.4811049,322,0.0,29.0,OCC_TO_CU
1717441747.5981252,273,13.0,29.1,CU_TO_DEV
1717441747.598183,273,13.0,29.1,CU_TO_DEV
1717441757.4954598,322,4.4,28.9,OCC_TO_CU
1717441757.496255,322,0.0,28.9,OCC_TO_CU
1717441757.6045353,273,14.3,29.0,CU_TO_DEV
1717441757.6052139,273,0.0,29.0,CU_TO_DEV
1717441765.1078308,154,4.1,29.0,OCC_TO_CU
1717441765.2092073,241,13.2,29.1,CU_TO_DEV
1717441765.2093961,241,13.2,29.1,CU_TO_DEV
1717441767.4954145,322,3.8,29.0,OCC_TO_CU
1717441767.496222,322,0.0,29.0,OCC_TO_CU
1717441767.611141,273,13.3,29.1,CU_TO_DEV
1717441767.611472,273,100.0,29.1,CU_TO_DEV
1717441777.5115752,322,3.8,29.1,OCC_TO_CU
1717441777.5126135,322,0.0,29.1,OCC_TO_CU
1717441777.6176856,273,16.7,29.2,CU_TO_DEV
1717441777.6178627,273,16.7,29.2,CU_TO_DEV
1717441787.5352333,322,5.0,29.1,OCC_TO_CU
1717441787.5397675,322,100.0,29.1,OCC_TO_CU
1717441787.623823,273,15.6,29.2,CU_TO_DEV
1717441787.624832,273,0.0,29.2,CU_TO_DEV
1717441797.5466313,322,3.2,29.1,OCC_TO_CU
1717441797.547295,322,100.0,29.1,OCC_TO_CU
1717441797.6291916,273,21.2,29.2,CU_TO_DEV
1717441797.6296723,273,0.0,29.2,CU_TO_DEV
1717441807.5635133,322,3.8,29.1,OCC_TO_CU
1717441807.5641673,322,0.0,29.1,OCC_TO_CU
1717441807.6353586,273,23.3,29.2,CU_TO_DEV
1717441807.635427,273,23.3,29.2,CU_TO_DEV
1717441815.1393466,154,5.2,29.1,OCC_TO_CU
1717441815.2401128,241,84.2,29.1,CU_TO_DEV
1717441815.240423,241,0.0,29.1,CU_TO_DEV
1717441817.5646603,322,2.8,29.0,OCC_TO_CU
1717441817.5653243,322,0.0,29.0,OCC_TO_CU
1717441817.6420927,273,13.3,29.1,CU_TO_DEV
1717441817.6420522,273,13.3,29.1,CU_TO_DEV
1717441827.5866861,322,4.7,29.0,OCC_TO_CU
1717441827.587353,322,100.0,29.0,OCC_TO_CU
1717441827.6515248,273,23.1,29.0,CU_TO_DEV
1717441827.6564667,273,0.0,29.0,CU_TO_DEV
1717441837.569343,322,4.3,28.9,OCC_TO_CU
1717441837.569864,322,0.0,28.9,OCC_TO_CU
1717441837.663142,273,15.8,29.0,CU_TO_DEV
1717441837.663414,273,100.0,29.0,CU_TO_DEV
1717441847.5785885,322,3.6,28.9,OCC_TO_CU
1717441847.5792358,322,100.0,28.9,OCC_TO_CU
1717441847.669355,273,14.3,29.0,CU_TO_DEV
1717441847.6692865,273,14.3,29.0,CU_TO_DEV
1717441857.59558,322,3.9,29.0,OCC_TO_CU
1717441857.5962365,322,0.0,29.0,OCC_TO_CU
1717441857.674956,273,21.9,29.1,CU_TO_DEV
1717441857.6754923,273,0.0,29.1,CU_TO_DEV
1717441865.2135913,154,4.1,29.0,OCC_TO_CU
1717441865.2798967,241,25.0,29.1,CU_TO_DEV
1717441865.2799559,241,25.0,29.1,CU_TO_DEV
1717441867.6247964,322,4.4,29.0,OCC_TO_CU
1717441867.62543,322,0.0,29.0,OCC_TO_CU
1717441867.6820915,273,26.1,29.1,CU_TO_DEV
1717441867.6830842,273,0.0,29.1,CU_TO_DEV
1717441877.6471233,322,3.9,29.1,OCC_TO_CU
1717441877.6477675,322,100.0,29.1,OCC_TO_CU
1717441877.6884246,273,35.3,29.2,CU_TO_DEV
1717441877.6915736,273,0.0,29.2,CU_TO_DEV
1717441887.6345606,322,5.5,29.0,OCC_TO_CU
1717441887.6356006,322,100.0,29.0,OCC_TO_CU
1717441887.6955547,273,26.1,29.1,CU_TO_DEV
1717441887.6979961,273,0.0,29.1,CU_TO_DEV
1717441897.6464782,322,3.8,29.0,OCC_TO_CU
1717441897.6472337,322,100.0,29.0,OCC_TO_CU
1717441897.7011478,273,27.3,29.1,CU_TO_DEV
1717441897.7041523,273,0.0,29.1,CU_TO_DEV
1717441907.6681933,322,4.1,29.0,OCC_TO_CU
1717441907.6690218,322,0.0,29.0,OCC_TO_CU
1717441907.7071767,273,35.7,29.1,CU_TO_DEV
1717441907.7101314,273,0.0,29.1,CU_TO_DEV
1717441915.2138414,154,4.2,29.1,OCC_TO_CU
1717441915.3123987,241,20.0,29.2,CU_TO_DEV
1717441915.3143442,241,0.0,29.2,CU_TO_DEV
1717441917.7010417,322,3.6,29.1,OCC_TO_CU
1717441917.7017074,322,0.0,29.1,OCC_TO_CU
1717441917.7145786,273,60.0,29.1,CU_TO_DEV
1717441917.7162786,273,100.0,29.1,CU_TO_DEV
1717441927.7171886,322,5.5,29.1,OCC_TO_CU
1717441927.7177432,322,0.0,29.1,OCC_TO_CU
1717441927.7237267,273,0.0,29.1,CU_TO_DEV
1717441927.7244258,273,0.0,29.1,CU_TO_DEV
1717441937.713837,322,4.0,29.0,OCC_TO_CU
1717441937.7145107,322,0.0,29.0,OCC_TO_CU
1717441937.7314506,273,57.1,29.0,CU_TO_DEV
1717441937.732148,273,0.0,29.0,CU_TO_DEV
1717441947.7182312,322,5.3,28.9,OCC_TO_CU
1717441947.718765,322,0.0,28.9,OCC_TO_CU
1717441947.7388954,273,16.7,29.0,CU_TO_DEV
1717441947.7448208,273,75.0,29.0,CU_TO_DEV
1717441957.7216659,322,3.7,28.9,OCC_TO_CU
1717441957.7223103,322,0.0,28.9,OCC_TO_CU
1717441957.74466,273,44.4,29.0,CU_TO_DEV
1717441957.7515059,273,75.0,29.0,CU_TO_DEV
1717441965.3346312,154,4.6,29.0,OCC_TO_CU
1717441965.3508096,241,42.9,29.0,CU_TO_DEV
1717441965.3563802,241,66.7,29.1,CU_TO_DEV
1717441967.729523,322,4.9,29.0,OCC_TO_CU
1717441967.730242,322,0.0,29.0,OCC_TO_CU
1717441967.7534263,273,44.4,29.1,CU_TO_DEV
1717441967.758199,273,66.7,29.1,CU_TO_DEV
1717441977.7603571,322,4.6,28.9,OCC_TO_CU
1717441977.7610264,322,0.0,28.9,OCC_TO_CU
1717441977.7617366,273,0.0,28.9,CU_TO_DEV
1717441977.7644334,273,0.0,28.9,CU_TO_DEV
1717441977.9623468,273,13.6,29.1,CU_TO_DEV
1717441987.7724142,322,3.9,29.0,OCC_TO_CU
1717441987.7730346,322,0.0,29.0,OCC_TO_CU
1717441987.9678428,273,7.8,29.1,CU_TO_DEV
1717441987.969694,273,0.0,29.1,CU_TO_DEV
1717441997.7866547,322,3.8,29.0,OCC_TO_CU
1717441997.787312,322,100.0,29.0,OCC_TO_CU
1717441997.9735239,273,10.5,29.1,CU_TO_DEV
1717441997.974028,273,0.0,29.1,CU_TO_DEV
1717442007.803308,322,3.7,29.1,OCC_TO_CU
1717442007.8040779,322,0.0,29.1,OCC_TO_CU
1717442007.9792497,273,13.7,29.2,CU_TO_DEV
1717442007.9793353,273,13.7,29.2,CU_TO_DEV
1717442015.3158255,154,4.8,29.1,OCC_TO_CU
1717442015.3842187,241,20.0,29.2,CU_TO_DEV
1717442015.3847156,241,0.0,29.2,CU_TO_DEV
1717442017.8111951,322,8.3,29.1,OCC_TO_CU
1717442017.8117561,322,0.0,29.1,OCC_TO_CU
1717442017.9864125,273,8.5,29.1,CU_TO_DEV
1717442017.9871147,273,0.0,29.1,CU_TO_DEV
1717442027.8107176,322,3.4,29.0,OCC_TO_CU
1717442027.8113813,322,100.0,29.0,OCC_TO_CU
1717442027.9921014,273,57.7,29.1,CU_TO_DEV
1717442027.9923327,273,0.0,29.1,CU_TO_DEV
1717442037.8400402,322,3.6,29.0,OCC_TO_CU
1717442037.8408215,322,0.0,29.0,OCC_TO_CU
1717442037.9977694,273,12.5,29.1,CU_TO_DEV
1717442037.9983401,273,0.0,29.1,CU_TO_DEV
1717442047.8599622,322,3.8,29.0,OCC_TO_CU
1717442047.8606296,322,0.0,29.0,OCC_TO_CU
1717442048.0037212,273,10.7,29.1,CU_TO_DEV
1717442048.0038023,273,10.7,29.1,CU_TO_DEV
1717442057.859743,322,4.0,29.1,OCC_TO_CU
1717442057.8605108,322,0.0,29.1,OCC_TO_CU
1717442058.0093324,273,10.2,29.2,CU_TO_DEV
1717442058.0094142,273,10.2,29.2,CU_TO_DEV
1717442065.387883,154,5.1,29.1,OCC_TO_CU
1717442065.414045,241,72.7,29.1,CU_TO_DEV
1717442065.415037,241,0.0,29.1,CU_TO_DEV
1717442067.8778784,322,6.6,29.0,OCC_TO_CU
1717442067.878388,322,0.0,29.0,OCC_TO_CU
1717442068.0160208,273,10.9,29.1,CU_TO_DEV
1717442068.0174236,273,0.0,29.1,CU_TO_DEV
1717442077.8888638,322,4.4,28.9,OCC_TO_CU
1717442077.8894262,322,0.0,28.9,OCC_TO_CU
1717442078.0228016,273,9.4,29.0,CU_TO_DEV
1717442078.0268419,273,0.0,29.0,CU_TO_DEV
1717442087.906317,322,3.7,28.9,OCC_TO_CU
1717442087.908375,322,0.0,28.9,OCC_TO_CU
1717442088.0301337,273,14.3,29.1,CU_TO_DEV
1717442088.032378,273,0.0,29.1,CU_TO_DEV
1717442097.9305685,322,3.9,29.0,OCC_TO_CU
1717442097.9312186,322,100.0,29.0,OCC_TO_CU
1717442098.0378702,273,16.3,29.1,CU_TO_DEV
1717442098.037945,273,16.3,29.1,CU_TO_DEV
1717442107.9465926,322,4.1,29.0,OCC_TO_CU
1717442107.947245,322,0.0,29.0,OCC_TO_CU
1717442108.045083,273,17.9,29.1,CU_TO_DEV
1717442108.0450304,273,17.9,29.1,CU_TO_DEV
1717442115.3606946,154,5.3,29.1,OCC_TO_CU
1717442115.4500465,241,20.0,29.2,CU_TO_DEV
1717442115.4534926,241,0.0,29.2,CU_TO_DEV
1717442117.9400299,322,3.1,29.1,OCC_TO_CU
1717442117.941086,322,0.0,29.1,OCC_TO_CU
1717442118.0529656,273,13.6,29.1,CU_TO_DEV
1717442118.0549188,273,0.0,29.1,CU_TO_DEV
1717442127.9612346,322,4.6,29.0,OCC_TO_CU
1717442127.961817,322,0.0,29.0,OCC_TO_CU
1717442128.0602176,273,17.5,29.1,CU_TO_DEV
1717442128.062683,273,0.0,29.1,CU_TO_DEV
1717442137.969585,322,3.7,29.1,OCC_TO_CU
1717442137.9703517,322,0.0,29.1,OCC_TO_CU
1717442138.067924,273,22.0,29.2,CU_TO_DEV
1717442138.0678658,273,22.0,29.2,CU_TO_DEV
1717442147.9811676,322,4.4,29.0,OCC_TO_CU
1717442147.9818342,322,0.0,29.0,OCC_TO_CU
1717442148.0756254,273,18.4,29.1,CU_TO_DEV
1717442148.0789104,273,0.0,29.1,CU_TO_DEV
1717442157.984292,322,4.9,29.0,OCC_TO_CU
1717442157.9848216,322,0.0,29.0,OCC_TO_CU
1717442158.0849357,273,14.6,29.1,CU_TO_DEV
1717442158.0853598,273,0.0,29.1,CU_TO_DEV
1717442165.5330575,154,3.8,29.0,OCC_TO_CU
1717442165.6898353,241,9.8,29.1,CU_TO_DEV
1717442165.6897564,241,9.8,29.1,CU_TO_DEV
1717442167.9955778,322,3.1,29.1,OCC_TO_CU
1717442167.9960957,322,0.0,29.1,OCC_TO_CU
1717442168.091663,273,10.8,29.2,CU_TO_DEV
1717442168.0917175,273,10.8,29.2,CU_TO_DEV
1717442178.013558,322,3.7,29.1,OCC_TO_CU
1717442178.0156062,322,0.0,29.1,OCC_TO_CU
1717442178.0995731,273,23.5,29.2,CU_TO_DEV
1717442178.0996852,273,23.5,29.2,CU_TO_DEV
1717442188.0398085,322,4.0,29.1,OCC_TO_CU
1717442188.0404472,322,0.0,29.1,OCC_TO_CU
1717442188.1074934,273,88.9,29.2,CU_TO_DEV
1717442188.1081636,273,0.0,29.2,CU_TO_DEV
1717442198.07509,322,4.0,29.1,OCC_TO_CU
1717442198.0757718,322,100.0,29.1,OCC_TO_CU
1717442198.115608,273,37.5,29.2,CU_TO_DEV
1717442198.1155488,273,37.5,29.2,CU_TO_DEV
1717442208.0528333,322,5.2,29.0,OCC_TO_CU
1717442208.0534725,322,0.0,29.0,OCC_TO_CU
1717442208.1265898,273,17.2,29.1,CU_TO_DEV
1717442208.1265376,273,17.2,29.1,CU_TO_DEV
1717442216.5290387,154,3.7,29.0,OCC_TO_CU
1717442216.5314214,241,0.0,29.0,CU_TO_DEV
1717442216.5314891,241,0.0,29.0,CU_TO_DEV
1717442218.0762846,322,5.0,29.0,OCC_TO_CU
1717442218.0769093,322,0.0,29.0,OCC_TO_CU
1717442218.1330314,273,23.8,29.1,CU_TO_DEV
1717442218.1335027,273,0.0,29.1,CU_TO_DEV
1717442228.0957966,322,3.9,29.1,OCC_TO_CU
1717442228.0964334,322,0.0,29.1,OCC_TO_CU
1717442228.1399102,273,77.8,29.2,CU_TO_DEV
1717442228.140544,273,0.0,29.2,CU_TO_DEV
1717442238.1084802,322,4.2,29.0,OCC_TO_CU
1717442238.1093135,322,0.0,29.0,OCC_TO_CU
1717442238.1468081,273,35.7,29.1,CU_TO_DEV
1717442238.1468883,273,35.7,29.1,CU_TO_DEV
1717442248.1045039,322,5.1,29.0,OCC_TO_CU
1717442248.105142,322,0.0,29.0,OCC_TO_CU
1717442248.1527739,273,22.2,29.1,CU_TO_DEV
1717442248.1538203,273,0.0,29.1,CU_TO_DEV
1717442258.1072233,322,3.4,29.0,OCC_TO_CU
1717442258.1080415,322,0.0,29.0,OCC_TO_CU
1717442258.1591334,273,30.0,29.1,CU_TO_DEV
1717442258.1592202,273,30.0,29.1,CU_TO_DEV
1717442266.6027176,154,4.1,29.1,OCC_TO_CU
1717442266.764366,241,14.3,29.2,CU_TO_DEV
1717442266.7650292,241,0.0,29.2,CU_TO_DEV
1717442268.1375067,322,4.7,29.1,OCC_TO_CU
1717442268.1381638,322,0.0,29.1,OCC_TO_CU
1717442268.167092,273,0.0,29.2,CU_TO_DEV
1717442268.166378,273,45.5,29.2,CU_TO_DEV
1717442278.1218946,322,4.3,29.1,OCC_TO_CU
1717442278.1225705,322,0.0,29.1,OCC_TO_CU
1717442278.1735623,273,33.3,29.2,CU_TO_DEV
1717442278.1751525,273,0.0,29.2,CU_TO_DEV
1717442288.13383,322,3.8,29.1,OCC_TO_CU
1717442288.134513,322,0.0,29.1,OCC_TO_CU
1717442288.179326,273,33.3,29.2,CU_TO_DEV
1717442288.1804264,273,0.0,29.2,CU_TO_DEV
1717442298.144691,322,4.5,29.1,OCC_TO_CU
1717442298.146726,322,0.0,29.1,OCC_TO_CU
1717442298.1870697,273,31.3,29.2,CU_TO_DEV
1717442298.188085,273,0.0,29.2,CU_TO_DEV
1717442308.1693444,322,3.5,29.1,OCC_TO_CU
1717442308.1703696,322,0.0,29.1,OCC_TO_CU
1717442308.193112,273,44.4,29.2,CU_TO_DEV
1717442308.1936214,273,0.0,29.2,CU_TO_DEV
1717442317.6008215,154,3.8,29.2,OCC_TO_CU
1717442317.60183,241,0.0,29.2,CU_TO_DEV
1717442317.8012,241,55.1,29.2,CU_TO_DEV
1717442318.193399,322,4.5,29.2,OCC_TO_CU
1717442318.1939182,322,0.0,29.2,OCC_TO_CU
1717442318.2019198,273,0.0,29.2,CU_TO_DEV
1717442318.2027836,273,0.0,29.2,CU_TO_DEV
1717442328.1987739,322,3.7,29.1,OCC_TO_CU
1717442328.1994274,322,100.0,29.1,OCC_TO_CU
1717442328.2098818,273,0.0,29.1,CU_TO_DEV
1717442328.2105231,273,0.0,29.1,CU_TO_DEV
1717442338.1996422,322,5.2,29.0,OCC_TO_CU
1717442338.2002807,322,0.0,29.0,OCC_TO_CU
1717442338.2180083,273,33.3,29.1,CU_TO_DEV
1717442338.2191048,273,0.0,29.1,CU_TO_DEV
1717442348.2221155,322,4.8,28.9,OCC_TO_CU
1717442348.2285566,322,33.3,28.9,OCC_TO_CU
1717442348.2286732,273,33.3,28.9,CU_TO_DEV
1717442348.2290275,273,0.0,28.9,CU_TO_DEV
1717442348.4304194,273,22.8,29.0,CU_TO_DEV
1717442348.4309072,273,0.0,29.0,CU_TO_DEV
1717442358.2359285,322,3.6,29.0,OCC_TO_CU
1717442358.2367344,322,0.0,29.0,OCC_TO_CU
1717442358.2371197,273,0.0,29.0,CU_TO_DEV
1717442358.237066,273,0.0,29.0,CU_TO_DEV
1717442358.438166,273,13.9,29.0,CU_TO_DEV
1717442358.43822,273,13.9,29.0,CU_TO_DEV
1717442367.9782932,154,4.8,29.1,OCC_TO_CU
1717442368.0437572,241,16.0,29.2,CU_TO_DEV
1717442368.0437002,241,16.0,29.2,CU_TO_DEV
1717442368.2441118,322,6.2,29.3,OCC_TO_CU
1717442368.2446437,322,0.0,29.3,OCC_TO_CU
1717442368.4444714,273,8.8,29.3,CU_TO_DEV
1717442368.444509,273,8.8,29.3,CU_TO_DEV
1717442378.262757,322,3.9,29.2,OCC_TO_CU
1717442378.2641017,322,100.0,29.2,OCC_TO_CU
1717442378.4503944,273,13.5,29.3,CU_TO_DEV
1717442378.450478,273,13.5,29.3,CU_TO_DEV
1717442388.2655563,322,4.7,29.1,OCC_TO_CU
1717442388.2662833,322,0.0,29.1,OCC_TO_CU
1717442388.4570205,273,11.7,29.2,CU_TO_DEV
1717442388.4576316,273,0.0,29.2,CU_TO_DEV
1717442398.2778206,322,4.8,29.1,OCC_TO_CU
1717442398.2783952,322,0.0,29.1,OCC_TO_CU
1717442398.4644048,273,13.0,29.2,CU_TO_DEV
1717442398.464561,273,13.0,29.2,CU_TO_DEV
1717442408.304012,322,3.7,29.1,OCC_TO_CU
1717442408.3046525,322,0.0,29.1,OCC_TO_CU
1717442408.470206,273,13.6,29.2,CU_TO_DEV
1717442408.4702647,273,13.6,29.2,CU_TO_DEV
1717442417.7475932,154,4.2,29.2,OCC_TO_CU
1717442417.875601,241,20.0,29.3,CU_TO_DEV
1717442417.8757162,241,20.0,29.3,CU_TO_DEV
1717442418.3181968,322,2.9,29.3,OCC_TO_CU
1717442418.3188014,322,0.0,29.3,OCC_TO_CU
1717442418.4767513,273,12.9,29.3,CU_TO_DEV
1717442418.4769142,273,12.9,29.3,CU_TO_DEV
1717442428.3148623,322,4.0,29.2,OCC_TO_CU
1717442428.3155603,322,0.0,29.2,OCC_TO_CU
1717442428.4837098,273,69.1,29.3,CU_TO_DEV
1717442428.4840305,273,0.0,29.3,CU_TO_DEV
1717442438.3388457,322,5.0,29.0,OCC_TO_CU
1717442438.3393955,322,100.0,29.0,OCC_TO_CU
1717442438.491751,273,13.1,29.1,CU_TO_DEV
1717442438.4917872,273,13.1,29.1,CU_TO_DEV
1717442448.3652287,322,3.8,29.0,OCC_TO_CU
1717442448.3658864,322,0.0,29.0,OCC_TO_CU
1717442448.4974124,273,15.1,29.1,CU_TO_DEV
1717442448.4974551,273,15.1,29.1,CU_TO_DEV
1717442458.362033,322,4.0,29.1,OCC_TO_CU
1717442458.3650565,322,50.0,29.1,OCC_TO_CU
1717442458.5039213,273,19.3,29.2,CU_TO_DEV
1717442458.5038006,273,19.3,29.2,CU_TO_DEV
1717442467.822983,154,4.3,29.0,OCC_TO_CU
1717442467.9132726,241,33.3,29.1,CU_TO_DEV
1717442467.913321,241,33.3,29.1,CU_TO_DEV
1717442468.3866777,322,3.7,29.1,OCC_TO_CU
1717442468.3873158,322,100.0,29.1,OCC_TO_CU
1717442468.5147738,273,14.3,29.1,CU_TO_DEV
1717442468.5146232,273,14.3,29.1,CU_TO_DEV
1717442478.3862565,322,5.0,28.9,OCC_TO_CU
1717442478.3868961,322,0.0,28.9,OCC_TO_CU
1717442478.5203998,273,11.8,29.1,CU_TO_DEV
1717442478.5205317,273,11.8,29.1,CU_TO_DEV
1717442488.4103673,322,3.5,29.0,OCC_TO_CU
1717442488.4111693,322,0.0,29.0,OCC_TO_CU
1717442488.5259306,273,21.7,29.1,CU_TO_DEV
1717442488.5261927,273,0.0,29.1,CU_TO_DEV
1717442498.4342017,322,3.9,29.1,OCC_TO_CU
1717442498.4348693,322,0.0,29.1,OCC_TO_CU
1717442498.5317469,273,25.6,29.2,CU_TO_DEV
1717442498.5314786,273,25.6,29.2,CU_TO_DEV
1717442508.4322584,322,4.0,29.2,OCC_TO_CU
1717442508.4329948,322,0.0,29.2,OCC_TO_CU
1717442508.5377681,273,25.0,29.2,CU_TO_DEV
1717442508.5376883,273,25.0,29.2,CU_TO_DEV
1717442517.8971968,154,3.6,29.2,OCC_TO_CU
1717442517.9433231,241,68.4,29.3,CU_TO_DEV
1717442517.9433916,241,68.4,29.3,CU_TO_DEV
1717442518.4427414,322,5.5,29.3,OCC_TO_CU
1717442518.44328,322,0.0,29.3,OCC_TO_CU
1717442518.544598,273,15.0,29.3,CU_TO_DEV
1717442518.545284,273,0.0,29.3,CU_TO_DEV
1717442528.4597287,322,5.3,29.0,OCC_TO_CU
1717442528.4603593,322,0.0,29.0,OCC_TO_CU
1717442528.5522492,273,88.9,29.1,CU_TO_DEV
1717442528.556984,273,100.0,29.1,CU_TO_DEV
1717442538.4678326,322,3.7,29.0,OCC_TO_CU
1717442538.4683812,322,0.0,29.0,OCC_TO_CU
1717442538.5575597,273,17.6,29.1,CU_TO_DEV
1717442538.5617688,273,0.0,29.1,CU_TO_DEV
1717442548.4931924,322,3.6,29.1,OCC_TO_CU
1717442548.4939823,322,0.0,29.1,OCC_TO_CU
1717442548.5636847,273,35.7,29.1,CU_TO_DEV
1717442548.5674393,273,50.0,29.1,CU_TO_DEV
1717442558.5074525,322,3.5,29.1,OCC_TO_CU
1717442558.5104973,322,0.0,29.1,OCC_TO_CU
1717442558.5723999,273,88.9,29.2,CU_TO_DEV
1717442558.5755947,273,100.0,29.2,CU_TO_DEV
1717442567.9727397,154,4.5,29.1,OCC_TO_CU
1717442567.9807367,241,100.0,29.1,CU_TO_DEV
1717442567.9835062,241,100.0,29.1,CU_TO_DEV
1717442568.5110898,322,28.9,29.2,OCC_TO_CU
1717442568.511624,322,100.0,29.2,OCC_TO_CU
1717442568.5835054,273,21.4,29.2,CU_TO_DEV
1717442568.5843906,273,0.0,29.2,CU_TO_DEV
1717442578.512176,322,3.6,29.0,OCC_TO_CU
1717442578.5126839,322,0.0,29.0,OCC_TO_CU
1717442578.588869,273,21.4,29.1,CU_TO_DEV
1717442578.5888076,273,21.4,29.1,CU_TO_DEV
1717442588.5418766,322,3.5,29.1,OCC_TO_CU
1717442588.5431273,322,0.0,29.1,OCC_TO_CU
1717442588.594449,273,31.6,29.2,CU_TO_DEV
1717442588.594798,273,0.0,29.2,CU_TO_DEV
1717442598.5501533,322,4.7,29.0,OCC_TO_CU
1717442598.5507982,322,0.0,29.0,OCC_TO_CU
1717442598.602145,273,47.4,29.1,CU_TO_DEV
1717442598.6026711,273,0.0,29.1,CU_TO_DEV
1717442608.572434,322,3.6,29.1,OCC_TO_CU
1717442608.57308,322,0.0,29.1,OCC_TO_CU
1717442608.60819,273,61.5,29.2,CU_TO_DEV
1717442608.608602,273,0.0,29.2,CU_TO_DEV
1717442618.0430133,154,4.7,29.0,OCC_TO_CU
1717442618.2151804,241,10.0,29.2,CU_TO_DEV
1717442618.2159357,241,100.0,29.2,CU_TO_DEV
1717442618.579563,322,2.1,29.2,OCC_TO_CU
1717442618.5801277,322,0.0,29.2,OCC_TO_CU
1717442618.6159117,273,42.9,29.2,CU_TO_DEV
1717442618.6164825,273,0.0,29.2,CU_TO_DEV
1717442628.5860965,322,3.5,29.1,OCC_TO_CU
1717442628.5868707,322,0.0,29.1,OCC_TO_CU
1717442628.6220725,273,64.3,29.2,CU_TO_DEV
1717442628.6220047,273,64.3,29.2,CU_TO_DEV
1717442638.6028438,322,4.3,29.1,OCC_TO_CU
1717442638.6034913,322,0.0,29.1,OCC_TO_CU
1717442638.6291656,273,60.0,29.1,CU_TO_DEV
1717442638.6293306,273,60.0,29.1,CU_TO_DEV
1717442648.6162097,322,4.2,29.1,OCC_TO_CU
1717442648.616954,322,0.0,29.1,OCC_TO_CU
1717442648.6360853,273,71.4,29.1,CU_TO_DEV
1717442648.6366348,273,0.0,29.1,CU_TO_DEV
1717442658.6384952,322,4.5,29.1,OCC_TO_CU
1717442658.6392338,322,0.0,29.1,OCC_TO_CU
1717442658.643201,273,50.0,29.1,CU_TO_DEV
1717442658.6429756,273,50.0,29.1,CU_TO_DEV
1717442667.9154274,154,4.8,29.1,OCC_TO_CU
1717442668.0506094,241,19.2,29.2,CU_TO_DEV
1717442668.0510993,241,0.0,29.2,CU_TO_DEV
1717442668.6439586,322,3.0,29.2,OCC_TO_CU
1717442668.6470594,322,0.0,29.2,OCC_TO_CU
1717442668.6518984,273,66.7,29.2,CU_TO_DEV
1717442668.6533806,273,0.0,29.2,CU_TO_DEV
1717442678.660539,322,4.3,29.1,OCC_TO_CU
1717442678.663781,322,0.0,29.1,OCC_TO_CU
1717442678.8579638,273,57.0,29.1,CU_TO_DEV
1717442678.8586652,273,0.0,29.1,CU_TO_DEV
1717442688.6617408,322,3.4,29.1,OCC_TO_CU
1717442688.6638641,273,100.0,29.1,CU_TO_DEV
1717442688.6647432,273,0.0,29.1,CU_TO_DEV
1717442688.66609,322,0.0,29.1,OCC_TO_CU
1717442688.8650715,273,19.8,29.2,CU_TO_DEV
1717442688.8664007,273,0.0,29.2,CU_TO_DEV
1717442698.6869802,322,4.3,29.1,OCC_TO_CU
1717442698.6878774,322,0.0,29.1,OCC_TO_CU
1717442698.8726804,273,13.2,29.2,CU_TO_DEV
1717442698.8726134,273,13.2,29.2,CU_TO_DEV
1717442708.6953733,322,4.8,29.1,OCC_TO_CU
1717442708.6960151,322,0.0,29.1,OCC_TO_CU
1717442708.8795233,273,10.7,29.2,CU_TO_DEV
1717442708.8794692,273,10.7,29.2,CU_TO_DEV
1717442718.0876462,154,4.8,29.0,OCC_TO_CU
1717442718.285513,241,6.5,29.1,CU_TO_DEV
1717442718.2856014,241,6.5,29.1,CU_TO_DEV
1717442718.7034855,322,6.4,29.1,OCC_TO_CU
1717442718.7040293,322,0.0,29.1,OCC_TO_CU
1717442718.8862479,273,6.9,29.1,CU_TO_DEV
1717442718.886483,273,0.0,29.1,CU_TO_DEV
1717442728.7298028,322,3.7,29.0,OCC_TO_CU
1717442728.7305548,322,0.0,29.0,OCC_TO_CU
1717442728.8923316,273,12.3,29.1,CU_TO_DEV
1717442728.8922863,273,12.3,29.1,CU_TO_DEV
1717442738.7401109,322,3.9,29.1,OCC_TO_CU
1717442738.7408864,322,0.0,29.1,OCC_TO_CU
1717442738.8983867,273,68.8,29.1,CU_TO_DEV
1717442738.8987803,273,0.0,29.1,CU_TO_DEV
1717442748.7517216,322,3.3,29.0,OCC_TO_CU
1717442748.7527988,322,0.0,29.0,OCC_TO_CU
1717442748.9043705,273,11.5,29.1,CU_TO_DEV
1717442748.9043067,273,11.5,29.1,CU_TO_DEV
1717442758.7629364,322,4.6,29.0,OCC_TO_CU
1717442758.7637944,322,0.0,29.0,OCC_TO_CU
1717442758.912056,273,16.1,29.1,CU_TO_DEV
1717442758.9118884,273,16.1,29.1,CU_TO_DEV
1717442768.7702315,322,3.9,29.0,OCC_TO_CU
1717442768.7709782,322,0.0,29.0,OCC_TO_CU
1717442768.7716007,154,100.0,29.0,OCC_TO_CU
1717442768.9211872,241,11.9,29.2,CU_TO_DEV
1717442768.9216425,241,0.0,29.2,CU_TO_DEV
1717442778.7793858,322,3.8,29.1,OCC_TO_CU
1717442778.7800722,322,0.0,29.1,OCC_TO_CU
1717442778.928722,273,10.3,29.2,CU_TO_DEV
1717442778.9285388,273,10.3,29.2,CU_TO_DEV
1717442788.8055315,322,4.4,29.1,OCC_TO_CU
1717442788.806209,322,0.0,29.1,OCC_TO_CU
1717442788.936072,273,12.0,29.2,CU_TO_DEV
1717442788.9389648,273,0.0,29.2,CU_TO_DEV
1717442798.842291,322,4.7,29.1,OCC_TO_CU
1717442798.8428488,322,0.0,29.1,OCC_TO_CU
1717442798.9457974,273,14.3,29.1,CU_TO_DEV
1717442798.9494767,273,0.0,29.1,CU_TO_DEV
1717442808.8262465,322,3.7,29.1,OCC_TO_CU
1717442808.8269138,322,0.0,29.1,OCC_TO_CU
1717442808.951083,273,78.4,29.1,CU_TO_DEV
1717442808.9541712,273,50.0,29.1,CU_TO_DEV
1717442818.8549702,322,3.4,29.0,OCC_TO_CU
1717442818.856038,322,0.0,29.0,OCC_TO_CU
1717442818.8661869,154,33.3,29.0,OCC_TO_CU
1717442818.956254,241,34.2,29.1,CU_TO_DEV
1717442818.9595952,241,0.0,29.1,CU_TO_DEV
1717442828.842491,322,3.9,29.0,OCC_TO_CU
1717442828.8432076,322,0.0,29.0,OCC_TO_CU
1717442828.963226,273,16.7,29.1,CU_TO_DEV
1717442828.9640334,273,0.0,29.1,CU_TO_DEV
1717442838.8444831,322,3.8,29.1,OCC_TO_CU
1717442838.8451166,322,0.0,29.1,OCC_TO_CU
1717442838.969034,273,10.6,29.2,CU_TO_DEV
1717442838.969641,273,0.0,29.2,CU_TO_DEV
1717442848.8583605,322,5.2,29.0,OCC_TO_CU
1717442848.8589323,322,0.0,29.0,OCC_TO_CU
1717442848.974272,273,88.9,29.0,CU_TO_DEV
1717442848.9762456,273,100.0,29.0,CU_TO_DEV
1717442858.8875346,322,3.4,28.9,OCC_TO_CU
1717442858.8886042,322,0.0,28.9,OCC_TO_CU
1717442858.9798005,273,19.4,29.0,CU_TO_DEV
1717442858.9810762,273,0.0,29.0,CU_TO_DEV
1717442868.8948708,322,3.7,28.9,OCC_TO_CU
1717442868.8955705,322,0.0,28.9,OCC_TO_CU
1717442868.904843,154,50.0,28.9,OCC_TO_CU
1717442868.985205,241,32.3,29.0,CU_TO_DEV
1717442868.9861448,241,0.0,29.0,CU_TO_DEV
1717442878.8909302,322,3.8,29.0,OCC_TO_CU
1717442878.8917475,322,50.0,29.0,OCC_TO_CU
1717442878.9907684,273,15.8,29.1,CU_TO_DEV
1717442878.991119,273,0.0,29.1,CU_TO_DEV
1717442888.901963,322,3.9,29.1,OCC_TO_CU
1717442888.902955,322,0.0,29.1,OCC_TO_CU
1717442888.9974194,273,21.1,29.1,CU_TO_DEV
1717442888.9976838,273,0.0,29.1,CU_TO_DEV
1717442898.936659,322,4.7,29.0,OCC_TO_CU
1717442898.9373317,322,0.0,29.0,OCC_TO_CU
1717442899.002865,273,24.0,29.1,CU_TO_DEV
1717442899.0033753,273,100.0,29.1,CU_TO_DEV
1717442908.9809537,322,3.4,29.1,OCC_TO_CU
1717442908.9819443,322,0.0,29.1,OCC_TO_CU
1717442909.009202,273,63.6,29.2,CU_TO_DEV
1717442909.0092478,273,63.6,29.2,CU_TO_DEV
1717442918.9589043,322,4.3,29.0,OCC_TO_CU
1717442918.9598398,322,100.0,29.0,OCC_TO_CU
1717442918.9603434,154,0.0,29.0,OCC_TO_CU
1717442919.0196657,241,23.8,29.1,CU_TO_DEV
1717442919.0197444,241,23.8,29.1,CU_TO_DEV
1717442928.9553196,322,3.9,29.1,OCC_TO_CU
1717442928.9561028,322,0.0,29.1,OCC_TO_CU
1717442929.025224,273,19.2,29.1,CU_TO_DEV
1717442929.0254784,273,19.2,29.1,CU_TO_DEV
1717442938.9849238,322,5.4,29.0,OCC_TO_CU
1717442938.9856896,322,0.0,29.0,OCC_TO_CU
1717442939.0308118,273,36.8,29.0,CU_TO_DEV
1717442939.0312378,273,100.0,29.0,CU_TO_DEV
1717442949.0174491,322,3.5,29.0,OCC_TO_CU
1717442949.0182781,322,0.0,29.0,OCC_TO_CU
1717442949.0190177,322,0.0,29.0,OCC_TO_CU
1717442949.0384052,273,62.5,29.0,CU_TO_DEV
1717442949.0381453,273,62.5,29.0,CU_TO_DEV
1717442959.0202112,322,4.2,29.0,OCC_TO_CU
1717442959.020954,322,0.0,29.0,OCC_TO_CU
1717442959.0480149,273,66.7,29.1,CU_TO_DEV
1717442959.0516047,273,100.0,29.1,CU_TO_DEV
1717442969.0383887,322,4.4,29.0,OCC_TO_CU
1717442969.0390158,322,0.0,29.0,OCC_TO_CU
1717442969.0610585,273,50.0,29.1,CU_TO_DEV
1717442969.060963,273,50.0,29.1,CU_TO_DEV
1717442969.067078,154,50.0,29.1,OCC_TO_CU
1717442969.2619722,241,17.3,29.1,CU_TO_DEV
1717442969.262856,241,0.0,29.1,CU_TO_DEV
1717442979.027651,322,4.8,29.0,OCC_TO_CU
1717442979.028606,322,0.0,29.0,OCC_TO_CU
1717442979.0708213,273,41.2,29.1,CU_TO_DEV
1717442979.071067,273,0.0,29.1,CU_TO_DEV
1717442989.0419652,322,4.4,28.9,OCC_TO_CU
1717442989.042646,322,0.0,28.9,OCC_TO_CU
1717442989.0768845,273,38.5,28.9,CU_TO_DEV
1717442989.0768108,273,38.5,28.9,CU_TO_DEV
1717442999.0719404,322,3.5,28.9,OCC_TO_CU
1717442999.072597,322,0.0,28.9,OCC_TO_CU
1717442999.083225,273,40.0,28.9,CU_TO_DEV
1717442999.0829308,273,0.0,28.9,CU_TO_DEV
1717443009.1373281,322,4.0,29.0,OCC_TO_CU
1717443009.1380994,322,0.0,29.0,OCC_TO_CU
1717443009.2901778,273,10.2,29.1,CU_TO_DEV
1717443009.2906456,273,0.0,29.1,CU_TO_DEV
1717443019.075956,322,3.9,29.0,OCC_TO_CU
1717443019.0765667,322,0.0,29.0,OCC_TO_CU
1717443019.0955176,273,55.6,29.1,CU_TO_DEV
1717443019.0962522,273,0.0,29.1,CU_TO_DEV
1717443020.1836312,154,5.8,29.1,OCC_TO_CU
1717443020.2980378,241,13.3,29.2,CU_TO_DEV
1717443020.2995193,241,0.0,29.2,CU_TO_DEV
1717443029.0813794,322,4.9,29.0,OCC_TO_CU
1717443029.0819147,322,0.0,29.0,OCC_TO_CU
1717443029.1028328,273,33.3,29.1,CU_TO_DEV
1717443029.1063547,273,66.7,29.1,CU_TO_DEV
1717443039.1178317,322,3.0,29.1,OCC_TO_CU
1717443039.1185312,322,0.0,29.1,OCC_TO_CU
1717443039.3087316,273,8.0,29.2,CU_TO_DEV
1717443039.3107038,273,0.0,29.2,CU_TO_DEV
1717443049.1294897,322,4.5,29.1,OCC_TO_CU
1717443049.1300106,322,0.0,29.1,OCC_TO_CU
1717443049.3134382,273,8.1,29.2,CU_TO_DEV
1717443049.3146698,273,0.0,29.2,CU_TO_DEV
1717443059.1429305,322,4.9,29.0,OCC_TO_CU
1717443059.143483,322,100.0,29.0,OCC_TO_CU
1717443059.3194041,273,8.5,29.2,CU_TO_DEV
1717443059.3196297,273,0.0,29.2,CU_TO_DEV
1717443069.14999,322,4.6,29.0,OCC_TO_CU
1717443069.1505299,322,0.0,29.0,OCC_TO_CU
1717443069.324885,273,7.2,29.1,CU_TO_DEV
1717443069.3251133,273,0.0,29.1,CU_TO_DEV
1717443070.2460423,154,5.4,29.1,OCC_TO_CU
1717443070.3259265,241,15.6,29.1,CU_TO_DEV
1717443070.327708,241,0.0,29.1,CU_TO_DEV
1717443079.1555946,322,4.6,28.9,OCC_TO_CU
1717443079.156197,322,0.0,28.9,OCC_TO_CU
1717443079.3303812,273,10.0,29.0,CU_TO_DEV
1717443079.3316517,273,0.0,29.0,CU_TO_DEV
1717443089.175115,322,3.7,29.0,OCC_TO_CU
1717443089.1757312,322,0.0,29.0,OCC_TO_CU
1717443089.3354535,273,9.5,29.1,CU_TO_DEV
1717443089.3360357,273,0.0,29.1,CU_TO_DEV
1717443099.1917207,322,3.7,29.1,OCC_TO_CU
1717443099.192333,322,0.0,29.1,OCC_TO_CU
1717443099.3409317,273,11.7,29.1,CU_TO_DEV
1717443099.3412993,273,0.0,29.1,CU_TO_DEV
1717443109.1982741,322,3.7,29.1,OCC_TO_CU
1717443109.1988816,322,0.0,29.1,OCC_TO_CU
1717443109.346372,273,10.3,29.1,CU_TO_DEV
1717443109.3464413,273,10.3,29.1,CU_TO_DEV
1717443119.215581,322,4.5,29.1,OCC_TO_CU
1717443119.216574,322,0.0,29.1,OCC_TO_CU
1717443119.3511841,273,17.5,29.2,CU_TO_DEV
1717443119.3514745,273,0.0,29.2,CU_TO_DEV
1717443120.3242402,154,17.9,29.2,OCC_TO_CU
1717443120.352493,241,41.7,29.2,CU_TO_DEV
1717443120.3530762,241,0.0,29.2,CU_TO_DEV
1717443129.2270532,322,3.6,29.0,OCC_TO_CU
1717443129.227715,322,100.0,29.0,OCC_TO_CU
1717443129.3568544,273,11.8,29.1,CU_TO_DEV
1717443129.357181,273,0.0,29.1,CU_TO_DEV
1717443139.2309587,322,4.0,29.1,OCC_TO_CU
1717443139.231591,322,100.0,29.1,OCC_TO_CU
1717443139.3618467,273,11.5,29.1,CU_TO_DEV
1717443139.3619437,273,11.5,29.1,CU_TO_DEV
1717443149.241534,322,3.7,29.1,OCC_TO_CU
1717443149.2450142,322,0.0,29.1,OCC_TO_CU
1717443149.3669422,273,13.7,29.2,CU_TO_DEV
1717443149.367157,273,0.0,29.2,CU_TO_DEV
1717443159.2609353,322,3.4,29.2,OCC_TO_CU
1717443159.261585,322,0.0,29.2,OCC_TO_CU
1717443159.3757014,273,86.7,29.3,CU_TO_DEV
1717443159.3756428,273,86.7,29.2,CU_TO_DEV
1717443169.3079402,322,4.2,29.0,OCC_TO_CU
1717443169.3084986,322,0.0,29.0,OCC_TO_CU
1717443169.3805332,273,13.3,29.1,CU_TO_DEV
1717443169.3807724,273,0.0,29.1,CU_TO_DEV
1717443170.3943331,154,6.9,29.2,OCC_TO_CU
1717443170.5817273,241,18.9,29.2,CU_TO_DEV
1717443170.5820928,241,0.0,29.2,CU_TO_DEV
1717443179.2732964,322,4.4,29.0,OCC_TO_CU
1717443179.2738228,322,0.0,29.0,OCC_TO_CU
1717443179.3905165,273,12.8,29.1,CU_TO_DEV
1717443179.3905706,273,12.8,29.1,CU_TO_DEV
1717443189.3064103,322,4.2,28.9,OCC_TO_CU
1717443189.3070996,322,0.0,28.9,OCC_TO_CU
1717443189.3954437,273,20.0,29.1,CU_TO_DEV
1717443189.3953803,273,20.0,29.1,CU_TO_DEV
1717443199.3270614,322,4.0,29.0,OCC_TO_CU
1717443199.3378468,322,40.0,29.0,OCC_TO_CU
1717443199.400629,273,51.9,29.1,CU_TO_DEV
1717443199.4006944,273,51.9,29.1,CU_TO_DEV
1717443209.322791,322,3.8,29.0,OCC_TO_CU
1717443209.3234925,322,50.0,29.0,OCC_TO_CU
1717443209.4061882,273,21.9,29.1,CU_TO_DEV
1717443209.4075327,273,0.0,29.1,CU_TO_DEV
1717443219.3408635,322,4.6,29.0,OCC_TO_CU
1717443219.341553,322,0.0,29.0,OCC_TO_CU
1717443219.410817,273,25.0,29.1,CU_TO_DEV
1717443219.4116132,273,100.0,29.1,CU_TO_DEV
1717443220.1596043,154,5.1,29.1,OCC_TO_CU
1717443220.2118337,241,27.3,29.1,CU_TO_DEV
1717443220.212355,241,0.0,29.1,CU_TO_DEV
1717443229.3423016,322,3.8,29.0,OCC_TO_CU
1717443229.3430254,322,0.0,29.0,OCC_TO_CU
1717443229.416346,273,25.8,29.1,CU_TO_DEV
1717443229.4168713,273,0.0,29.1,CU_TO_DEV
1717443239.355325,322,3.9,29.1,OCC_TO_CU
1717443239.359139,322,0.0,29.1,OCC_TO_CU
1717443239.421223,273,33.3,29.2,CU_TO_DEV
1717443239.4213223,273,33.3,29.2,CU_TO_DEV
1717443249.387433,322,4.6,29.1,OCC_TO_CU
1717443249.388098,322,0.0,29.1,OCC_TO_CU
1717443249.4277365,273,37.5,29.1,CU_TO_DEV
1717443249.427639,273,37.5,29.1,CU_TO_DEV
1717443259.3760521,322,4.4,29.0,OCC_TO_CU
1717443259.3765862,322,0.0,29.0,OCC_TO_CU
1717443259.4395533,273,84.6,29.1,CU_TO_DEV
1717443259.4402728,273,0.0,29.1,CU_TO_DEV
1717443269.390284,322,4.1,29.0,OCC_TO_CU
1717443269.3910224,322,0.0,29.0,OCC_TO_CU
1717443269.4452682,273,25.0,29.1,CU_TO_DEV
1717443269.4451096,273,25.0,29.1,CU_TO_DEV
1717443270.2630727,154,7.3,29.1,OCC_TO_CU
1717443270.446423,241,16.7,29.2,CU_TO_DEV
1717443270.4472375,241,100.0,29.2,CU_TO_DEV
1717443279.4175787,322,3.3,29.1,OCC_TO_CU
1717443279.4180994,322,0.0,29.1,OCC_TO_CU
1717443279.4507127,273,38.5,29.1,CU_TO_DEV
1717443279.4510574,273,0.0,29.1,CU_TO_DEV
1717443289.4118607,322,3.8,29.1,OCC_TO_CU
1717443289.4124856,322,0.0,29.1,OCC_TO_CU
1717443289.4561543,273,35.3,29.2,CU_TO_DEV
1717443289.4560966,273,35.3,29.2,CU_TO_DEV
1717443299.4184043,322,4.0,29.2,OCC_TO_CU
1717443299.4190476,322,0.0,29.2,OCC_TO_CU
1717443299.4615166,273,37.5,29.2,CU_TO_DEV
1717443299.4617608,273,37.5,29.2,CU_TO_DEV
1717443309.4450998,322,5.3,29.0,OCC_TO_CU
1717443309.4459107,322,0.0,29.0,OCC_TO_CU
1717443309.4734828,273,70.0,29.1,CU_TO_DEV
1717443309.4765015,273,100.0,29.1,CU_TO_DEV
1717443319.4707134,322,4.2,29.0,OCC_TO_CU
1717443319.471356,322,100.0,29.0,OCC_TO_CU
1717443319.4812255,273,0.0,29.0,CU_TO_DEV
1717443319.4823678,273,0.0,29.0,CU_TO_DEV
1717443320.312274,154,7.3,29.1,OCC_TO_CU
1717443320.4824417,241,10.3,29.1,CU_TO_DEV
1717443320.4833536,241,100.0,29.1,CU_TO_DEV
1717443329.453005,322,4.0,29.0,OCC_TO_CU
1717443329.4560862,322,0.0,29.0,OCC_TO_CU
1717443329.487634,273,50.0,29.1,CU_TO_DEV
1717443329.4878502,273,50.0,29.1,CU_TO_DEV
1717443339.4800346,322,3.6,29.0,OCC_TO_CU
1717443339.4806764,322,0.0,29.0,OCC_TO_CU
1717443339.4937334,273,40.0,29.0,CU_TO_DEV
1717443339.4948614,273,0.0,29.0,CU_TO_DEV
1717443349.4862676,322,3.6,29.1,OCC_TO_CU
1717443349.4869096,322,0.0,29.1,OCC_TO_CU
1717443349.499016,273,25.0,29.1,CU_TO_DEV
1717443349.501106,273,100.0,29.1,CU_TO_DEV
1717443359.479827,322,4.7,29.1,OCC_TO_CU
1717443359.481897,322,0.0,29.1,OCC_TO_CU
1717443359.5043857,273,55.6,29.1,CU_TO_DEV
1717443359.5057886,273,0.0,29.1,CU_TO_DEV
1717443369.4869812,322,4.3,29.0,OCC_TO_CU
1717443369.4876406,322,100.0,29.0,OCC_TO_CU
1717443369.5118344,273,40.0,29.1,CU_TO_DEV
1717443369.511735,273,40.0,29.1,CU_TO_DEV
1717443370.2785478,154,5.9,29.2,OCC_TO_CU
1717443370.3132112,241,40.0,29.2,CU_TO_DEV
1717443370.3131397,241,40.0,29.2,CU_TO_DEV
1717443379.5410695,322,4.5,29.0,OCC_TO_CU
1717443379.5420272,322,0.0,29.0,OCC_TO_CU
1717443379.719075,273,19.7,29.1,CU_TO_DEV
1717443379.7193756,273,100.0,29.1,CU_TO_DEV
1717443389.5157413,322,3.8,29.0,OCC_TO_CU
1717443389.5166128,322,0.0,29.0,OCC_TO_CU
1717443389.5244436,273,33.3,29.0,CU_TO_DEV
1717443389.523955,273,33.3,29.0,CU_TO_DEV
1717443399.535189,322,4.7,29.0,OCC_TO_CU
1717443399.5360444,322,0.0,29.0,OCC_TO_CU
1717443399.7332897,273,13.9,29.1,CU_TO_DEV
1717443399.733537,273,0.0,29.1,CU_TO_DEV
1717443409.5509336,322,3.9,29.0,OCC_TO_CU
1717443409.55385,322,0.0,29.0,OCC_TO_CU
1717443409.7382886,273,17.8,29.2,CU_TO_DEV
1717443409.738462,273,17.8,29.2,CU_TO_DEV
1717443419.5532906,322,3.9,29.1,OCC_TO_CU
1717443419.5565107,322,100.0,29.1,OCC_TO_CU
1717443419.7435913,273,11.1,29.2,CU_TO_DEV
1717443419.7436984,273,11.1,29.2,CU_TO_DEV
1717443420.4622347,154,3.5,29.2,OCC_TO_CU
1717443420.5448213,241,18.2,29.2,CU_TO_DEV
1717443420.5448694,241,18.2,29.2,CU_TO_DEV
1717443429.5554817,322,4.0,29.1,OCC_TO_CU
1717443429.5579188,322,0.0,29.1,OCC_TO_CU
1717443429.749674,273,14.3,29.2,CU_TO_DEV
1717443429.7499542,273,0.0,29.2,CU_TO_DEV
1717443439.562248,322,4.6,29.1,OCC_TO_CU
1717443439.5629334,322,0.0,29.1,OCC_TO_CU
1717443439.7599826,273,9.0,29.2,CU_TO_DEV
1717443439.7603693,273,0.0,29.2,CU_TO_DEV
1717443449.5940995,322,4.5,29.1,OCC_TO_CU
1717443449.594743,322,0.0,29.1,OCC_TO_CU
1717443449.767841,273,62.9,29.1,CU_TO_DEV
1717443449.7678754,273,62.9,29.1,CU_TO_DEV
1717443459.590442,322,3.4,29.0,OCC_TO_CU
1717443459.5910974,322,0.0,29.0,OCC_TO_CU
1717443459.7730782,273,16.0,29.1,CU_TO_DEV
1717443459.7735622,273,0.0,29.1,CU_TO_DEV
1717443469.630144,322,4.4,28.9,OCC_TO_CU
1717443469.6311269,322,0.0,28.9,OCC_TO_CU
1717443469.7781155,273,18.3,29.1,CU_TO_DEV
1717443469.7785692,273,0.0,29.1,CU_TO_DEV
1717443470.53337,154,3.0,29.1,OCC_TO_CU
1717443470.5792348,241,36.8,29.1,CU_TO_DEV
1717443470.5797713,241,0.0,29.1,CU_TO_DEV
1717443479.6091404,322,4.0,29.0,OCC_TO_CU
1717443479.6101162,322,0.0,29.0,OCC_TO_CU
1717443479.784339,273,10.4,29.1,CU_TO_DEV
1717443479.7841618,273,10.4,29.1,CU_TO_DEV
1717443489.6746466,322,4.6,29.0,OCC_TO_CU
1717443489.6752295,322,100.0,29.0,OCC_TO_CU
1717443489.792557,273,19.1,29.0,CU_TO_DEV
1717443489.7925088,273,19.1,29.0,CU_TO_DEV
1717443499.649261,322,3.7,29.0,OCC_TO_CU
1717443499.6527183,322,0.0,29.0,OCC_TO_CU
1717443499.7978702,273,16.1,29.1,CU_TO_DEV
1717443499.7983663,273,0.0,29.1,CU_TO_DEV
1717443509.6538146,322,4.3,29.0,OCC_TO_CU
1717443509.6544912,322,0.0,29.0,OCC_TO_CU
1717443509.8044236,273,18.3,29.1,CU_TO_DEV
1717443509.8044753,273,18.3,29.1,CU_TO_DEV
1717443519.6859274,322,3.8,29.0,OCC_TO_CU
1717443519.6866028,322,0.0,29.0,OCC_TO_CU
1717443519.8095472,273,16.7,29.1,CU_TO_DEV
1717443519.8100107,273,0.0,29.1,CU_TO_DEV
1717443520.607653,154,3.8,29.1,OCC_TO_CU
1717443520.61061,241,0.0,29.1,CU_TO_DEV
1717443520.6109076,241,0.0,29.1,CU_TO_DEV
1717443529.6760287,322,4.2,29.1,OCC_TO_CU
1717443529.6766531,322,0.0,29.1,OCC_TO_CU
1717443529.8151495,273,16.7,29.1,CU_TO_DEV
1717443529.8151968,273,15.1,29.1,CU_TO_DEV
1717443539.6987982,322,4.5,29.0,OCC_TO_CU
1717443539.701429,322,50.0,29.0,OCC_TO_CU
1717443539.82013,273,20.0,29.2,CU_TO_DEV
1717443539.820737,273,0.0,29.2,CU_TO_DEV
1717443549.7139688,322,3.8,29.1,OCC_TO_CU
1717443549.7160351,322,0.0,29.1,OCC_TO_CU
1717443549.826132,273,26.7,29.2,CU_TO_DEV
1717443549.8266926,273,0.0,29.2,CU_TO_DEV
1717443559.7132905,322,3.8,29.2,OCC_TO_CU
1717443559.7139683,322,0.0,29.2,OCC_TO_CU
1717443559.8315637,273,23.9,29.2,CU_TO_DEV
1717443559.8315074,273,23.9,29.2,CU_TO_DEV
1717443569.722666,322,5.0,29.1,OCC_TO_CU
1717443569.7232225,322,50.0,29.1,OCC_TO_CU
1717443569.8388793,273,15.9,29.2,CU_TO_DEV
1717443569.8399408,273,100.0,29.2,CU_TO_DEV
1717443570.6837397,154,10.4,29.1,OCC_TO_CU
1717443570.8428626,241,20.0,29.1,CU_TO_DEV
1717443570.8427768,241,20.0,29.1,CU_TO_DEV
1717443579.7257037,322,5.0,28.9,OCC_TO_CU
1717443579.7263687,322,0.0,28.9,OCC_TO_CU
1717443579.851303,273,21.2,29.0,CU_TO_DEV
1717443579.8512015,273,21.2,29.0,CU_TO_DEV
1717443589.7334778,322,3.3,28.9,OCC_TO_CU
1717443589.7341456,322,0.0,28.9,OCC_TO_CU
1717443589.8560607,273,24.0,29.0,CU_TO_DEV
1717443589.856122,273,24.0,29.0,CU_TO_DEV
1717443599.760324,322,3.9,29.0,OCC_TO_CU
1717443599.7609904,322,0.0,29.0,OCC_TO_CU
1717443599.8612769,273,29.3,29.1,CU_TO_DEV
1717443599.8617487,273,0.0,29.1,CU_TO_DEV
1717443609.782523,322,3.8,29.0,OCC_TO_CU
1717443609.7841358,322,0.0,29.0,OCC_TO_CU
1717443609.867363,273,30.3,29.1,CU_TO_DEV
1717443609.867405,273,30.3,29.1,CU_TO_DEV
1717443619.775637,322,4.0,29.0,OCC_TO_CU
1717443619.7762883,322,0.0,29.0,OCC_TO_CU
1717443619.8727143,273,26.3,29.1,CU_TO_DEV
1717443619.8727565,273,26.3,29.1,CU_TO_DEV
1717443620.756191,154,3.9,29.2,OCC_TO_CU
1717443620.8739731,241,50.0,29.2,CU_TO_DEV
1717443620.873801,241,50.0,29.2,CU_TO_DEV
1717443629.7870188,322,4.7,29.1,OCC_TO_CU
1717443629.7877443,322,100.0,29.1,OCC_TO_CU
1717443629.8783767,273,23.5,29.2,CU_TO_DEV
1717443629.8786995,273,0.0,29.2,CU_TO_DEV
1717443639.7823718,322,4.3,29.0,OCC_TO_CU
1717443639.7830067,322,0.0,29.0,OCC_TO_CU
1717443639.8855388,273,28.6,29.1,CU_TO_DEV
1717443639.8853688,273,28.6,29.1,CU_TO_DEV
1717443649.7920218,322,3.8,29.0,OCC_TO_CU
1717443649.7926946,322,0.0,29.0,OCC_TO_CU
1717443649.8908064,273,21.6,29.1,CU_TO_DEV
1717443649.8911157,273,0.0,29.1,CU_TO_DEV
1717443659.8322182,322,3.9,29.1,OCC_TO_CU
1717443659.834638,322,0.0,29.1,OCC_TO_CU
1717443659.8998055,273,92.3,29.2,CU_TO_DEV
1717443659.9023705,273,0.0,29.2,CU_TO_DEV
1717443669.8257535,322,5.0,29.1,OCC_TO_CU
1717443669.8287997,322,100.0,29.1,OCC_TO_CU
1717443669.908093,273,26.7,29.1,CU_TO_DEV
1717443669.9080563,273,26.7,29.1,CU_TO_DEV
1717443670.5226839,154,4.4,29.1,OCC_TO_CU
1717443670.7090855,241,6.8,29.1,CU_TO_DEV
1717443670.7091331,241,6.8,29.1,CU_TO_DEV
1717443679.831553,322,4.0,29.0,OCC_TO_CU
1717443679.83229,322,0.0,29.0,OCC_TO_CU
1717443679.9142113,273,33.3,29.1,CU_TO_DEV
1717443679.9141064,273,33.3,29.1,CU_TO_DEV
1717443689.8381786,322,3.5,29.1,OCC_TO_CU
1717443689.841473,322,0.0,29.1,OCC_TO_CU
1717443689.919473,273,31.3,29.2,CU_TO_DEV
1717443689.9195755,273,31.3,29.2,CU_TO_DEV
1717443699.8476238,322,3.7,29.1,OCC_TO_CU
1717443699.8497076,322,0.0,29.1,OCC_TO_CU
1717443699.9248781,273,27.6,29.2,CU_TO_DEV
1717443699.9249194,273,27.6,29.2,CU_TO_DEV
1717443709.860373,322,5.4,29.0,OCC_TO_CU
1717443709.8612337,322,0.0,29.0,OCC_TO_CU
1717443709.9357936,273,25.8,29.1,CU_TO_DEV
1717443709.9359102,273,25.8,29.1,CU_TO_DEV
1717443719.8814292,322,4.4,28.9,OCC_TO_CU
1717443719.8832302,322,100.0,28.9,OCC_TO_CU
1717443719.9411242,273,36.4,29.0,CU_TO_DEV
1717443719.9414208,273,0.0,29.0,CU_TO_DEV
1717443720.5956845,154,3.8,29.0,OCC_TO_CU
1717443720.7423453,241,12.1,29.1,CU_TO_DEV
1717443720.7424412,241,12.1,29.1,CU_TO_DEV
1717443729.898615,322,4.0,29.0,OCC_TO_CU
1717443729.8992925,322,100.0,29.0,OCC_TO_CU
1717443729.9477255,273,27.8,29.1,CU_TO_DEV
1717443729.9479241,273,0.0,29.1,CU_TO_DEV
1717443739.9039404,322,3.6,29.0,OCC_TO_CU
1717443739.9046457,322,0.0,29.0,OCC_TO_CU
1717443739.953512,273,31.6,29.1,CU_TO_DEV
1717443739.9536579,273,31.6,29.1,CU_TO_DEV
1717443749.9322543,322,4.0,29.2,OCC_TO_CU
1717443749.9332242,322,0.0,29.2,OCC_TO_CU
1717443749.9603255,273,63.6,29.2,CU_TO_DEV
1717443749.9603813,273,63.6,29.2,CU_TO_DEV
1717443759.938052,322,3.7,29.1,OCC_TO_CU
1717443759.93921,322,100.0,29.1,OCC_TO_CU
1717443759.9703982,273,58.3,29.2,CU_TO_DEV
1717443759.9702587,273,58.3,29.2,CU_TO_DEV
1717443769.9530559,322,6.0,28.9,OCC_TO_CU
1717443769.9536526,322,0.0,28.9,OCC_TO_CU
1717443769.9766695,273,50.0,29.0,CU_TO_DEV
1717443769.9812806,273,0.0,29.0,CU_TO_DEV
1717443770.6710951,154,4.4,29.1,OCC_TO_CU
1717443770.7777963,241,12.2,29.1,CU_TO_DEV
1717443770.7823367,241,0.0,29.1,CU_TO_DEV
1717443779.9436162,322,4.2,29.0,OCC_TO_CU
1717443779.9443996,322,0.0,29.0,OCC_TO_CU
1717443779.9842985,273,40.0,29.1,CU_TO_DEV
1717443779.9878142,273,0.0,29.1,CU_TO_DEV
1717443789.961954,322,3.5,29.0,OCC_TO_CU
1717443789.9626791,322,0.0,29.0,OCC_TO_CU
1717443789.9896898,273,50.0,29.1,CU_TO_DEV
1717443789.9923127,273,0.0,29.1,CU_TO_DEV
1717443799.9866624,322,3.8,29.1,OCC_TO_CU
1717443799.9873245,322,100.0,29.1,OCC_TO_CU
1717443799.9967463,273,0.0,29.1,CU_TO_DEV
1717443799.9972758,273,0.0,29.1,CU_TO_DEV
1717443810.0022674,322,5.2,29.0,OCC_TO_CU
1717443810.002809,322,0.0,29.0,OCC_TO_CU
1717443810.0042472,273,0.0,29.0,CU_TO_DEV
1717443810.0082607,273,0.0,29.0,CU_TO_DEV
1717443820.0014586,322,3.8,29.1,OCC_TO_CU
1717443820.002086,322,0.0,29.1,OCC_TO_CU
1717443820.0092843,273,33.3,29.1,CU_TO_DEV
1717443820.0159042,273,66.7,29.1,CU_TO_DEV
1717443820.7423356,154,6.5,29.2,OCC_TO_CU
1717443820.8118086,241,21.4,29.2,CU_TO_DEV
1717443820.8173764,241,0.0,29.2,CU_TO_DEV
1717443830.0085433,322,4.0,29.2,OCC_TO_CU
1717443830.0093396,322,0.0,29.2,OCC_TO_CU
1717443830.018117,273,33.3,29.2,CU_TO_DEV
1717443830.0225585,273,50.0,29.2,CU_TO_DEV
1717443840.0351262,322,4.7,29.1,OCC_TO_CU
1717443840.0357807,322,100.0,29.1,OCC_TO_CU
1717443840.229904,273,53.3,29.2,CU_TO_DEV
1717443840.231775,273,0.0,29.2,CU_TO_DEV
1717443850.0615618,322,3.4,29.1,OCC_TO_CU
1717443850.0621755,322,0.0,29.1,OCC_TO_CU
1717443850.2352366,273,8.8,29.1,CU_TO_DEV
1717443850.2363446,273,0.0,29.1,CU_TO_DEV
1717443860.0668232,322,4.7,29.0,OCC_TO_CU
1717443860.067491,322,100.0,29.0,OCC_TO_CU
1717443860.242457,273,8.7,29.1,CU_TO_DEV
1717443860.2431068,273,0.0,29.1,CU_TO_DEV
1717443870.0708475,322,4.0,29.0,OCC_TO_CU
1717443870.0767403,322,0.0,29.0,OCC_TO_CU
1717443870.2488377,273,78.3,29.1,CU_TO_DEV
1717443870.2492132,273,0.0,29.1,CU_TO_DEV
1717443870.8196855,154,4.0,29.1,OCC_TO_CU
1717443870.8500013,241,20.0,29.1,CU_TO_DEV
1717443870.8500638,241,20.0,29.1,CU_TO_DEV
1717443880.0823915,322,3.6,29.0,OCC_TO_CU
1717443880.0834575,322,100.0,29.0,OCC_TO_CU
1717443880.2550883,273,8.8,29.1,CU_TO_DEV
1717443880.2551951,273,8.8,29.1,CU_TO_DEV
1717443890.0987742,322,4.0,29.1,OCC_TO_CU
1717443890.0994024,322,0.0,29.1,OCC_TO_CU
1717443890.2614415,273,12.1,29.2,CU_TO_DEV
1717443890.2619114,273,0.0,29.2,CU_TO_DEV
1717443900.11142,322,5.6,28.9,OCC_TO_CU
1717443900.114666,322,0.0,28.9,OCC_TO_CU
1717443900.267987,273,8.2,29.1,CU_TO_DEV
1717443900.268176,273,8.2,29.1,CU_TO_DEV
1717443910.129817,322,3.8,29.0,OCC_TO_CU
1717443910.1305885,322,0.0,29.0,OCC_TO_CU
1717443910.274188,273,13.8,29.1,CU_TO_DEV
1717443910.2746418,273,0.0,29.1,CU_TO_DEV
1717443920.1291885,322,3.8,29.0,OCC_TO_CU
1717443920.130002,322,0.0,29.0,OCC_TO_CU
1717443920.2825239,273,9.8,29.2,CU_TO_DEV
1717443920.2827747,273,0.0,29.2,CU_TO_DEV
1717443920.8896077,154,6.2,29.2,OCC_TO_CU
1717443921.0837505,241,21.0,29.2,CU_TO_DEV
1717443921.0840156,241,0.0,29.2,CU_TO_DEV
1717443930.142333,322,3.8,29.1,OCC_TO_CU
1717443930.1429543,322,0.0,29.1,OCC_TO_CU
1717443930.2897165,273,14.8,29.2,CU_TO_DEV
1717443930.289547,273,14.8,29.2,CU_TO_DEV
1717443940.1594596,322,3.8,29.2,OCC_TO_CU
1717443940.1600733,322,0.0,29.2,OCC_TO_CU
1717443940.2966118,273,14.3,29.3,CU_TO_DEV
1717443940.2971025,273,0.0,29.3,CU_TO_DEV
1717443950.1772125,322,4.5,29.1,OCC_TO_CU
1717443950.1813827,322,0.0,29.1,OCC_TO_CU
1717443950.303449,273,15.7,29.2,CU_TO_DEV
1717443950.3033674,273,15.7,29.2,CU_TO_DEV
1717443960.1919825,322,3.9,29.1,OCC_TO_CU
1717443960.1926382,322,0.0,29.1,OCC_TO_CU
1717443960.3105814,273,83.3,29.2,CU_TO_DEV
1717443960.3109124,273,0.0,29.2,CU_TO_DEV
1717443970.196692,322,4.2,29.0,OCC_TO_CU
1717443970.1997619,322,0.0,29.0,OCC_TO_CU
1717443970.3220234,273,91.5,29.1,CU_TO_DEV
1717443970.3222432,273,91.5,29.1,CU_TO_DEV
1717443970.9650571,154,5.8,29.1,OCC_TO_CU
1717443971.1234176,241,9.5,29.1,CU_TO_DEV
1717443971.1233323,241,9.5,29.1,CU_TO_DEV
1717443980.2079933,322,3.5,29.0,OCC_TO_CU
1717443980.208634,322,0.0,29.0,OCC_TO_CU
1717443980.3286169,273,14.6,29.1,CU_TO_DEV
1717443980.3289907,273,0.0,29.1,CU_TO_DEV
1717443990.2368007,322,3.9,29.0,OCC_TO_CU
1717443990.2374318,322,0.0,29.0,OCC_TO_CU
1717443990.3343961,273,17.9,29.2,CU_TO_DEV
1717443990.3344748,273,17.9,29.2,CU_TO_DEV
1717444000.2473152,322,4.4,29.0,OCC_TO_CU
1717444000.247982,322,0.0,29.0,OCC_TO_CU
1717444000.3407612,273,17.1,29.1,CU_TO_DEV
1717444000.3436737,273,0.0,29.1,CU_TO_DEV
1717444010.243712,322,4.0,29.0,OCC_TO_CU
1717444010.244464,322,0.0,29.0,OCC_TO_CU
1717444010.347737,273,16.7,29.1,CU_TO_DEV
1717444010.349192,273,0.0,29.1,CU_TO_DEV
1717444020.2609549,322,3.8,29.1,OCC_TO_CU
1717444020.2627003,322,0.0,29.1,OCC_TO_CU
1717444020.3567815,273,18.4,29.2,CU_TO_DEV
1717444020.3569682,273,18.4,29.2,CU_TO_DEV
1717444021.0392766,154,6.5,29.2,OCC_TO_CU
1717444021.1579025,241,18.7,29.2,CU_TO_DEV
1717444021.1581514,241,0.0,29.2,CU_TO_DEV
1717444030.2883823,322,4.5,29.1,OCC_TO_CU
1717444030.288926,322,0.0,29.1,OCC_TO_CU
1717444030.364062,273,14.3,29.2,CU_TO_DEV
1717444030.3638053,273,14.3,29.2,CU_TO_DEV
1717444040.2924392,322,4.3,29.1,OCC_TO_CU
1717444040.2930253,322,0.0,29.1,OCC_TO_CU
1717444040.3716955,273,13.8,29.2,CU_TO_DEV
1717444040.3740022,273,0.0,29.2,CU_TO_DEV
1717444050.3061202,322,3.6,29.0,OCC_TO_CU
1717444050.3067455,322,0.0,29.0,OCC_TO_CU
1717444050.3802779,273,21.4,29.2,CU_TO_DEV
1717444050.3803241,273,21.4,29.2,CU_TO_DEV
1717444060.3155115,322,4.1,29.1,OCC_TO_CU
1717444060.3161576,322,0.0,29.1,OCC_TO_CU
1717444060.3864279,273,24.1,29.2,CU_TO_DEV
1717444060.3879187,273,0.0,29.2,CU_TO_DEV
1717444070.3228364,322,3.7,29.2,OCC_TO_CU
1717444070.3234951,322,100.0,29.2,OCC_TO_CU
1717444070.3994946,273,87.1,29.2,CU_TO_DEV
1717444070.40016,273,0.0,29.2,CU_TO_DEV
1717444070.8053384,154,16.9,29.2,OCC_TO_CU
1717444071.000423,241,12.8,29.2,CU_TO_DEV
1717444071.0008433,241,0.0,29.2,CU_TO_DEV
1717444080.3253844,322,3.5,29.2,OCC_TO_CU
1717444080.326043,322,0.0,29.2,OCC_TO_CU
1717444080.4075117,273,90.9,29.2,CU_TO_DEV
1717444080.4082046,273,0.0,29.2,CU_TO_DEV
1717444090.3622196,322,4.8,29.0,OCC_TO_CU
1717444090.3652976,322,0.0,29.0,OCC_TO_CU
1717444090.4133961,273,31.6,29.1,CU_TO_DEV
1717444090.414141,273,0.0,29.1,CU_TO_DEV
1717444100.3603246,322,4.3,28.9,OCC_TO_CU
1717444100.361069,322,0.0,28.9,OCC_TO_CU
1717444100.4195051,273,38.5,29.0,CU_TO_DEV
1717444100.4195623,273,38.5,29.0,CU_TO_DEV
1717444110.3856626,322,3.6,29.0,OCC_TO_CU
1717444110.3864784,322,0.0,29.0,OCC_TO_CU
1717444110.4260354,273,41.2,29.0,CU_TO_DEV
1717444110.426408,273,0.0,29.0,CU_TO_DEV
1717444120.3913612,322,3.5,29.1,OCC_TO_CU
1717444120.392014,322,0.0,29.1,OCC_TO_CU
1717444120.4337645,273,37.5,29.2,CU_TO_DEV
1717444120.4338276,273,37.5,29.2,CU_TO_DEV
1717444120.8418505,154,4.9,29.2,OCC_TO_CU
1717444121.0351415,241,19.2,29.2,CU_TO_DEV
1717444121.0356402,241,0.0,29.2,CU_TO_DEV
1717444130.395944,322,4.0,29.0,OCC_TO_CU
1717444130.396599,322,0.0,29.0,OCC_TO_CU
1717444130.4450493,273,36.4,29.1,CU_TO_DEV
1717444130.445222,273,36.4,29.1,CU_TO_DEV
1717444140.4229863,322,3.9,29.0,OCC_TO_CU
1717444140.4237535,322,50.0,29.0,OCC_TO_CU
1717444140.4559157,273,45.5,29.1,CU_TO_DEV
1717444140.4557412,273,45.5,29.1,CU_TO_DEV
1717444150.4304845,322,3.3,29.1,OCC_TO_CU
1717444150.4311323,322,0.0,29.1,OCC_TO_CU
1717444150.4637477,273,61.5,29.2,CU_TO_DEV
1717444150.4639323,273,61.5,29.2,CU_TO_DEV
1717444160.4475276,322,4.4,29.1,OCC_TO_CU
1717444160.4514244,322,33.3,29.1,OCC_TO_CU
1717444160.4713166,273,55.6,29.2,CU_TO_DEV
1717444160.471479,273,55.6,29.2,CU_TO_DEV
1717444170.4518259,322,3.5,29.1,OCC_TO_CU
1717444170.4524693,322,0.0,29.1,OCC_TO_CU
1717444170.4778361,273,50.0,29.2,CU_TO_DEV
1717444170.4782572,273,50.0,29.2,CU_TO_DEV
1717444170.9545674,154,20.7,29.2,OCC_TO_CU
1717444171.080093,241,8.2,29.2,CU_TO_DEV
1717444171.0825093,241,0.0,29.2,CU_TO_DEV
1717444180.464665,322,4.4,29.1,OCC_TO_CU
1717444180.4653378,322,0.0,29.1,OCC_TO_CU
1717444180.4865577,273,37.5,29.1,CU_TO_DEV
1717444180.4873185,273,100.0,29.1,CU_TO_DEV
1717444190.475137,322,3.6,29.0,OCC_TO_CU
1717444190.4758167,322,100.0,29.0,OCC_TO_CU
1717444190.4955585,273,37.5,29.1,CU_TO_DEV
1717444190.4962368,273,0.0,29.1,CU_TO_DEV
1717444200.5026526,322,4.1,29.1,OCC_TO_CU
1717444200.503362,322,100.0,29.1,OCC_TO_CU
1717444200.703212,273,50.6,29.1,CU_TO_DEV
1717444200.7033582,273,50.6,29.1,CU_TO_DEV
1717444210.5120234,322,3.3,29.0,OCC_TO_CU
1717444210.5127192,322,0.0,29.0,OCC_TO_CU
1717444210.7085962,273,10.3,29.1,CU_TO_DEV
1717444210.7086806,273,10.3,29.1,CU_TO_DEV
1717444220.5050347,322,5.1,29.0,OCC_TO_CU
1717444220.5080624,322,0.0,29.0,OCC_TO_CU
1717444220.5156088,273,60.0,29.0,CU_TO_DEV
1717444220.5155401,273,60.0,29.0,CU_TO_DEV
1717444220.9308472,154,9.3,29.2,OCC_TO_CU
1717444221.116484,241,10.7,29.2,CU_TO_DEV
1717444221.116972,241,0.0,29.2,CU_TO_DEV
1717444230.5083249,322,4.4,29.0,OCC_TO_CU
1717444230.5090916,322,0.0,29.0,OCC_TO_CU
1717444230.5238714,273,50.0,29.0,CU_TO_DEV
1717444230.5243847,273,50.0,29.0,CU_TO_DEV
1717444240.5373092,322,3.8,29.0,OCC_TO_CU
1717444240.5380712,322,0.0,29.0,OCC_TO_CU
1717444240.7307765,273,11.5,29.2,CU_TO_DEV
1717444240.7316244,273,0.0,29.2,CU_TO_DEV
1717444250.5510383,322,3.9,29.1,OCC_TO_CU
1717444250.551827,322,0.0,29.1,OCC_TO_CU
1717444250.7364888,273,9.6,29.2,CU_TO_DEV
1717444250.7372406,273,0.0,29.2,CU_TO_DEV
1717444260.553804,322,3.7,29.1,OCC_TO_CU
1717444260.554621,322,0.0,29.1,OCC_TO_CU
1717444260.743169,273,10.7,29.2,CU_TO_DEV
1717444260.743253,273,13.0,29.2,CU_TO_DEV
1717444270.5708153,322,4.8,29.1,OCC_TO_CU
1717444270.571504,322,100.0,29.1,OCC_TO_CU
1717444270.75006,273,11.1,29.2,CU_TO_DEV
1717444270.7502577,273,11.1,29.2,CU_TO_DEV
1717444271.04828,154,43.2,29.2,OCC_TO_CU
1717444271.1514125,241,10.0,29.2,CU_TO_DEV
1717444271.1537712,241,0.0,29.2,CU_TO_DEV
1717444280.5912135,322,3.4,29.1,OCC_TO_CU
1717444280.5919871,322,0.0,29.1,OCC_TO_CU
1717444280.7581928,273,11.9,29.2,CU_TO_DEV
1717444280.7579937,273,11.9,29.2,CU_TO_DEV
1717444290.5926588,322,4.8,29.0,OCC_TO_CU
1717444290.5932386,322,0.0,29.0,OCC_TO_CU
1717444290.764475,273,8.7,29.1,CU_TO_DEV
1717444290.7647138,273,0.0,29.1,CU_TO_DEV
1717444300.6130185,322,3.3,29.0,OCC_TO_CU
1717444300.6137195,322,0.0,29.0,OCC_TO_CU
1717444300.770387,273,11.3,29.1,CU_TO_DEV
1717444300.7706487,273,0.0,29.1,CU_TO_DEV
1717444310.6300423,322,4.1,29.1,OCC_TO_CU
1717444310.630779,322,0.0,29.1,OCC_TO_CU
1717444310.7763677,273,88.1,29.1,CU_TO_DEV
1717444310.7767673,273,0.0,29.1,CU_TO_DEV
1717444320.6332228,322,3.5,29.1,OCC_TO_CU
1717444320.6339288,322,0.0,29.1,OCC_TO_CU
1717444320.7833872,273,11.7,29.2,CU_TO_DEV
1717444320.7832313,273,11.7,29.2,CU_TO_DEV
1717444321.083616,154,10.2,29.2,OCC_TO_CU
1717444321.1875968,241,85.4,29.1,CU_TO_DEV
1717444321.1876695,241,85.4,29.1,CU_TO_DEV
1717444330.65978,322,3.3,29.0,OCC_TO_CU
1717444330.6607552,322,0.0,29.0,OCC_TO_CU
1717444330.7933552,273,14.8,29.1,CU_TO_DEV
1717444330.7934153,273,14.8,29.1,CU_TO_DEV
1717444340.661883,322,4.0,29.0,OCC_TO_CU
1717444340.662708,322,0.0,29.0,OCC_TO_CU
1717444340.7991931,273,12.7,29.1,CU_TO_DEV
1717444340.799126,273,11.1,29.1,CU_TO_DEV
1717444350.6832356,322,3.9,29.1,OCC_TO_CU
1717444350.6839125,322,0.0,29.1,OCC_TO_CU
1717444350.8051274,273,16.3,29.2,CU_TO_DEV
1717444350.8051708,273,16.3,29.2,CU_TO_DEV
1717444360.687305,322,5.2,29.0,OCC_TO_CU
1717444360.6879766,322,0.0,29.0,OCC_TO_CU
1717444360.8141696,273,10.2,29.1,CU_TO_DEV
1717444360.8143191,273,10.2,29.1,CU_TO_DEV
1717444370.699892,322,3.9,29.0,OCC_TO_CU
1717444370.7005653,322,0.0,29.0,OCC_TO_CU
1717444370.8202555,273,10.9,29.1,CU_TO_DEV
1717444370.820093,273,10.9,29.1,CU_TO_DEV
1717444371.115484,154,41.2,29.1,OCC_TO_CU
1717444371.221146,241,7.3,29.1,CU_TO_DEV
1717444371.2211962,241,7.3,29.1,CU_TO_DEV
1717444380.7041924,322,3.6,29.0,OCC_TO_CU
1717444380.7052047,322,0.0,29.0,OCC_TO_CU
1717444380.8262706,273,14.6,29.1,CU_TO_DEV
1717444380.826792,273,0.0,29.1,CU_TO_DEV
1717444390.7329304,322,3.7,29.0,OCC_TO_CU
1717444390.733598,322,0.0,29.0,OCC_TO_CU
1717444390.8323483,273,20.0,29.1,CU_TO_DEV
1717444390.8326178,273,0.0,29.1,CU_TO_DEV
1717444400.7451074,322,3.9,29.1,OCC_TO_CU
1717444400.7457626,322,0.0,29.1,OCC_TO_CU
1717444400.8389323,273,21.1,29.2,CU_TO_DEV
1717444400.8392105,273,100.0,29.2,CU_TO_DEV
1717444410.763485,322,4.4,29.1,OCC_TO_CU
1717444410.7645798,322,0.0,29.1,OCC_TO_CU
1717444410.8453999,273,16.1,29.2,CU_TO_DEV
1717444410.8470588,273,0.0,29.2,CU_TO_DEV
1717444420.7742734,322,3.6,29.1,OCC_TO_CU
1717444420.7750814,322,0.0,29.1,OCC_TO_CU
1717444420.8531566,273,25.0,29.2,CU_TO_DEV
1717444420.853619,273,0.0,29.2,CU_TO_DEV
1717444422.2458847,154,12.1,29.2,OCC_TO_CU
1717444422.2554321,241,60.0,29.2,CU_TO_DEV
1717444422.25548,241,60.0,29.2,CU_TO_DEV
1717444430.78044,322,3.5,29.1,OCC_TO_CU
1717444430.7812083,322,0.0,29.1,OCC_TO_CU
1717444430.8605745,273,22.6,29.2,CU_TO_DEV
1717444430.8606343,273,22.6,29.2,CU_TO_DEV
1717444440.7938693,322,4.0,29.1,OCC_TO_CU
1717444440.7954307,322,0.0,29.1,OCC_TO_CU
1717444440.866264,273,24.1,29.2,CU_TO_DEV
1717444440.8663578,273,24.1,29.2,CU_TO_DEV
1717444450.8104756,322,4.8,29.1,OCC_TO_CU
1717444450.811807,322,0.0,29.1,OCC_TO_CU
1717444450.8723094,273,17.4,29.2,CU_TO_DEV
1717444450.8723693,273,17.4,29.2,CU_TO_DEV
1717444460.8219783,322,3.6,29.2,OCC_TO_CU
1717444460.8226333,322,0.0,29.2,OCC_TO_CU
1717444460.8794363,273,91.3,29.2,CU_TO_DEV
1717444460.8796084,273,91.3,29.2,CU_TO_DEV
1717444470.833993,322,4.0,29.1,OCC_TO_CU
1717444470.8346233,322,0.0,29.1,OCC_TO_CU
1717444470.8935513,273,29.2,29.2,CU_TO_DEV
1717444470.8940787,273,0.0,29.2,CU_TO_DEV
1717444472.3233736,154,12.6,29.1,OCC_TO_CU
1717444472.4949343,241,10.3,29.2,CU_TO_DEV
1717444472.4947882,241,10.3,29.2,CU_TO_DEV
1717444480.8437383,322,3.2,29.1,OCC_TO_CU
1717444480.8444123,322,0.0,29.1,OCC_TO_CU
1717444480.8994439,273,31.8,29.1,CU_TO_DEV
1717444480.8999417,273,0.0,29.1,CU_TO_DEV
1717444490.8531318,322,4.4,29.0,OCC_TO_CU
1717444490.8543468,322,0.0,29.0,OCC_TO_CU
1717444490.9066525,273,27.3,29.1,CU_TO_DEV
1717444490.906951,273,0.0,29.1,CU_TO_DEV
1717444500.8772328,322,4.5,28.9,OCC_TO_CU
1717444500.8778908,322,0.0,28.9,OCC_TO_CU
1717444500.9135103,273,46.7,29.0,CU_TO_DEV
1717444500.9134085,273,46.7,29.0,CU_TO_DEV
1717444510.884891,322,3.8,29.0,OCC_TO_CU
1717444510.8861506,322,0.0,29.0,OCC_TO_CU
1717444510.9197278,273,50.0,29.1,CU_TO_DEV
1717444510.919637,273,50.0,29.1,CU_TO_DEV
1717444520.898818,322,3.9,29.1,OCC_TO_CU
1717444520.9027398,322,50.0,29.1,OCC_TO_CU
1717444520.9267466,273,0.0,29.1,CU_TO_DEV
1717444520.926232,273,50.0,29.1,CU_TO_DEV
1717444522.4000604,154,8.0,29.2,OCC_TO_CU
1717444522.528179,241,14.3,29.3,CU_TO_DEV
1717444522.5304437,241,0.0,29.3,CU_TO_DEV
1717444530.9095683,322,3.5,29.1,OCC_TO_CU
1717444530.9102218,322,0.0,29.1,OCC_TO_CU
1717444530.9344256,273,60.0,29.2,CU_TO_DEV
1717444530.9365153,273,100.0,29.2,CU_TO_DEV
1717444540.9229124,322,4.6,29.1,OCC_TO_CU
1717444540.9287918,322,33.3,29.1,OCC_TO_CU
1717444540.9430013,273,75.0,29.1,CU_TO_DEV
1717444540.9487906,273,66.7,29.2,CU_TO_DEV
1717444550.9346302,322,3.9,29.2,OCC_TO_CU
1717444550.941885,322,0.0,29.2,OCC_TO_CU
1717444550.949616,273,100.0,29.2,CU_TO_DEV
1717444550.9566782,273,100.0,29.2,CU_TO_DEV
1717444560.9588487,322,4.6,29.1,OCC_TO_CU
1717444560.9596956,322,50.0,29.1,OCC_TO_CU
1717444560.9613242,273,0.0,29.1,CU_TO_DEV
1717444561.1557722,273,9.0,29.2,CU_TO_DEV
1717444570.9519072,322,3.9,29.2,OCC_TO_CU
1717444570.9527566,322,0.0,29.2,OCC_TO_CU
1717444570.9630272,273,33.3,29.2,CU_TO_DEV
1717444570.9667022,273,100.0,29.2,CU_TO_DEV
1717444572.4691834,154,12.8,29.2,OCC_TO_CU
1717444572.5646837,241,16.2,29.2,CU_TO_DEV
1717444572.5683246,241,0.0,29.2,CU_TO_DEV
1717444580.9589257,322,3.6,29.1,OCC_TO_CU
1717444580.9599342,322,100.0,29.1,OCC_TO_CU
1717444580.969898,273,0.0,29.1,CU_TO_DEV
1717444580.9786463,273,66.7,29.1,CU_TO_DEV
1717444590.9876814,322,5.5,28.9,OCC_TO_CU
1717444590.9886892,322,0.0,28.9,OCC_TO_CU
1717444591.1775122,273,14.7,29.0,CU_TO_DEV
1717444591.1873522,273,50.0,29.0,CU_TO_DEV
1717444600.9983687,322,4.0,29.0,OCC_TO_CU
1717444600.9996572,322,100.0,29.0,OCC_TO_CU
1717444601.1840775,273,13.7,29.1,CU_TO_DEV
1717444601.1940248,273,50.0,29.1,CU_TO_DEV
1717444611.0122201,322,4.1,29.0,OCC_TO_CU
1717444611.0182617,322,0.0,29.0,OCC_TO_CU
1717444611.1902955,273,22.4,29.2,CU_TO_DEV
1717444611.199167,273,60.0,29.2,CU_TO_DEV
1717444621.0213494,322,4.5,29.0,OCC_TO_CU
1717444621.0220494,322,0.0,29.0,OCC_TO_CU
1717444621.1970012,273,7.4,29.2,CU_TO_DEV
1717444621.2061388,273,25.0,29.2,CU_TO_DEV
1717444622.2428596,154,8.3,29.2,OCC_TO_CU
1717444622.3983455,241,16.7,29.2,CU_TO_DEV
1717444622.4072034,241,0.0,29.2,CU_TO_DEV
1717444631.047184,322,4.2,29.0,OCC_TO_CU
1717444631.0477722,322,0.0,29.0,OCC_TO_CU
1717444631.2054613,273,13.1,29.1,CU_TO_DEV
1717444631.2123678,273,33.3,29.1,CU_TO_DEV
1717444641.0312433,322,3.6,29.1,OCC_TO_CU
1717444641.03226,322,0.0,29.1,OCC_TO_CU
1717444641.2121568,273,12.7,29.2,CU_TO_DEV
1717444641.217434,273,50.0,29.2,CU_TO_DEV
1717444651.0615115,322,4.0,29.1,OCC_TO_CU
1717444651.0621922,322,0.0,29.1,OCC_TO_CU
1717444651.2182262,273,16.4,29.3,CU_TO_DEV
1717444651.2247608,273,33.3,29.3,CU_TO_DEV
1717444661.0672276,322,3.9,29.2,OCC_TO_CU
1717444661.0678139,322,0.0,29.2,OCC_TO_CU
1717444661.2244012,273,14.5,29.3,CU_TO_DEV
1717444661.2318769,273,33.3,29.3,CU_TO_DEV
1717444671.071862,322,3.6,29.4,OCC_TO_CU
1717444671.0724883,322,0.0,29.4,OCC_TO_CU
1717444671.2308416,273,73.0,29.5,CU_TO_DEV
1717444671.2381551,273,75.0,29.5,CU_TO_DEV
1717444672.3097606,154,6.6,29.3,OCC_TO_CU
1717444672.4321864,241,14.0,29.3,CU_TO_DEV
1717444672.4402726,241,0.0,29.3,CU_TO_DEV
1717444681.0692177,322,4.7,29.0,OCC_TO_CU
1717444681.069968,322,0.0,29.0,OCC_TO_CU
1717444681.2382975,273,19.4,29.1,CU_TO_DEV
1717444681.2473986,273,100.0,29.1,CU_TO_DEV
1717444691.1040223,322,3.9,29.0,OCC_TO_CU
1717444691.1045465,322,0.0,29.0,OCC_TO_CU
1717444691.2439034,273,13.2,29.1,CU_TO_DEV
1717444691.2531457,273,50.0,29.1,CU_TO_DEV
1717444701.123819,322,3.8,29.1,OCC_TO_CU
1717444701.1244738,322,0.0,29.1,OCC_TO_CU
1717444701.250089,273,84.0,29.1,CU_TO_DEV
1717444701.2587917,273,66.7,29.1,CU_TO_DEV
1717444711.1443853,322,3.6,29.0,OCC_TO_CU
1717444711.1450477,322,0.0,29.0,OCC_TO_CU
1717444711.25637,273,20.9,29.1,CU_TO_DEV
1717444711.264773,273,60.0,29.1,CU_TO_DEV
1717444721.1487405,322,3.9,29.1,OCC_TO_CU
1717444721.1493957,322,0.0,29.1,OCC_TO_CU
1717444721.262263,273,20.9,29.2,CU_TO_DEV
1717444721.274315,273,100.0,29.2,CU_TO_DEV
1717444722.38759,154,17.7,29.1,OCC_TO_CU
1717444722.463756,241,16.1,29.2,CU_TO_DEV
1717444722.475747,241,25.0,29.2,CU_TO_DEV
1717444731.1385293,322,3.4,29.0,OCC_TO_CU
1717444731.1391823,322,0.0,29.0,OCC_TO_CU
1717444731.2695634,273,17.3,29.1,CU_TO_DEV
1717444731.2798247,273,75.0,29.1,CU_TO_DEV
1717444741.1910188,322,3.9,29.1,OCC_TO_CU
1717444741.1916833,322,100.0,29.1,OCC_TO_CU
1717444741.2756073,273,28.1,29.2,CU_TO_DEV
1717444741.2855718,273,50.0,29.2,CU_TO_DEV
1717444751.1736,322,4.4,29.1,OCC_TO_CU
1717444751.1742234,322,0.0,29.1,OCC_TO_CU
1717444751.281577,273,20.5,29.2,CU_TO_DEV
1717444751.290713,273,50.0,29.2,CU_TO_DEV
1717444761.1952763,322,4.1,29.1,OCC_TO_CU
1717444761.1959724,322,0.0,29.1,OCC_TO_CU
1717444761.2886107,273,21.6,29.2,CU_TO_DEV
1717444761.2972195,273,100.0,29.2,CU_TO_DEV
1717444771.2056665,322,4.6,29.1,OCC_TO_CU
1717444771.206269,322,0.0,29.1,OCC_TO_CU
1717444771.2995164,273,91.7,29.2,CU_TO_DEV
1717444771.3038898,273,100.0,29.2,CU_TO_DEV
1717444772.5012293,154,10.2,29.1,OCC_TO_CU
1717444772.5055952,241,0.0,29.1,CU_TO_DEV
1717444772.700696,241,13.9,29.2,CU_TO_DEV
1717444781.2029893,322,3.6,29.0,OCC_TO_CU
1717444781.204746,322,50.0,29.0,OCC_TO_CU
1717444781.3067138,273,29.3,29.1,CU_TO_DEV
1717444781.3107526,273,50.0,29.1,CU_TO_DEV
1717444791.2125254,322,3.9,29.1,OCC_TO_CU
1717444791.2131636,322,0.0,29.1,OCC_TO_CU
1717444791.3163946,273,23.1,29.2,CU_TO_DEV
1717444791.3183262,273,0.0,29.2,CU_TO_DEV
1717444801.2267847,322,3.7,29.1,OCC_TO_CU
1717444801.2287238,322,0.0,29.1,OCC_TO_CU
1717444801.323662,273,0.0,29.2,CU_TO_DEV
1717444801.3231833,273,32.4,29.2,CU_TO_DEV
1717444811.2492018,322,4.0,29.2,OCC_TO_CU
1717444811.251252,322,0.0,29.2,OCC_TO_CU
1717444811.331554,273,39.4,29.3,CU_TO_DEV
1717444811.331622,273,39.4,29.3,CU_TO_DEV
1717444821.2664917,322,5.1,29.1,OCC_TO_CU
1717444821.2670512,322,0.0,29.1,OCC_TO_CU
1717444821.3423157,273,93.1,29.2,CU_TO_DEV
1717444821.3430502,273,0.0,29.2,CU_TO_DEV
1717444822.5448668,154,11.4,29.1,OCC_TO_CU
1717444822.5485542,241,0.0,29.1,CU_TO_DEV
1717444822.7447479,241,11.5,29.2,CU_TO_DEV
1717444831.2692106,322,3.7,29.0,OCC_TO_CU
1717444831.2698739,322,0.0,29.0,OCC_TO_CU
1717444831.3495483,273,37.5,29.1,CU_TO_DEV
1717444831.3522723,273,100.0,29.1,CU_TO_DEV
1717444841.2923615,322,3.7,29.1,OCC_TO_CU
1717444841.2930145,322,0.0,29.1,OCC_TO_CU
1717444841.3562415,273,41.7,29.2,CU_TO_DEV
1717444841.3575397,273,0.0,29.2,CU_TO_DEV
1717444851.3023036,322,3.5,29.1,OCC_TO_CU
1717444851.3035562,322,0.0,29.1,OCC_TO_CU
1717444851.3626308,273,50.0,29.2,CU_TO_DEV
1717444851.3636758,273,0.0,29.2,CU_TO_DEV
1717444861.3142195,322,4.5,29.1,OCC_TO_CU
1717444861.3148098,322,0.0,29.1,OCC_TO_CU
1717444861.369891,273,47.4,29.2,CU_TO_DEV
1717444861.3705306,273,0.0,29.2,CU_TO_DEV
1717444871.325015,322,3.5,29.1,OCC_TO_CU
1717444871.32565,322,0.0,29.1,OCC_TO_CU
1717444871.3770335,273,80.0,29.2,CU_TO_DEV
1717444871.378425,273,0.0,29.2,CU_TO_DEV
1717444872.6073182,154,14.9,29.1,OCC_TO_CU
1717444872.7843163,241,16.9,29.2,CU_TO_DEV
1717444872.7848995,241,0.0,29.2,CU_TO_DEV
1717444881.34009,322,4.2,29.0,OCC_TO_CU
1717444881.3405924,322,0.0,29.0,OCC_TO_CU
1717444881.3899612,273,55.0,29.1,CU_TO_DEV
1717444881.3908672,273,0.0,29.1,CU_TO_DEV
1717444891.3533018,322,3.8,29.0,OCC_TO_CU
1717444891.3541348,322,0.0,29.0,OCC_TO_CU
1717444891.3968818,273,0.0,29.1,CU_TO_DEV
1717444891.3965156,273,78.9,29.1,CU_TO_DEV
1717444901.3745189,322,3.9,29.1,OCC_TO_CU
1717444901.3752117,322,0.0,29.1,OCC_TO_CU
1717444901.404015,273,75.0,29.1,CU_TO_DEV
1717444901.4037778,273,75.0,29.1,CU_TO_DEV
1717444911.3702419,322,4.9,29.0,OCC_TO_CU
1717444911.37088,322,0.0,29.0,OCC_TO_CU
1717444911.411636,273,73.3,29.1,CU_TO_DEV
1717444911.4146788,273,0.0,29.1,CU_TO_DEV
1717444921.3970618,322,3.3,29.1,OCC_TO_CU
1717444921.398674,322,0.0,29.1,OCC_TO_CU
1717444921.4179542,273,75.0,29.1,CU_TO_DEV
1717444921.420212,273,0.0,29.1,CU_TO_DEV
1717444922.6844726,154,8.0,29.2,OCC_TO_CU
1717444922.8201306,241,18.2,29.3,CU_TO_DEV
1717444922.8219821,241,0.0,29.3,CU_TO_DEV
1717444931.398091,322,3.2,29.2,OCC_TO_CU
1717444931.4004595,322,0.0,29.2,OCC_TO_CU
1717444931.4260828,273,81.8,29.2,CU_TO_DEV
1717444931.4293287,273,0.0,29.2,CU_TO_DEV
1717444941.4113858,322,3.8,29.2,OCC_TO_CU
1717444941.4160225,322,50.0,29.2,OCC_TO_CU
1717444941.434359,273,0.0,29.2,CU_TO_DEV
1717444941.4337559,273,85.7,29.2,CU_TO_DEV
1717444951.4429424,322,5.5,29.1,OCC_TO_CU
1717444951.4440465,322,0.0,29.1,OCC_TO_CU
1717444951.6400366,273,11.3,29.2,CU_TO_DEV
1717444951.6408544,273,0.0,29.2,CU_TO_DEV
1717444961.4745705,322,4.0,29.1,OCC_TO_CU
1717444961.475381,322,0.0,29.1,OCC_TO_CU
1717444961.6452582,273,57.4,29.2,CU_TO_DEV
1717444961.6460254,273,0.0,29.2,CU_TO_DEV
1717444971.4783516,322,3.4,29.1,OCC_TO_CU
1717444971.4796422,322,100.0,29.1,OCC_TO_CU
1717444971.6507874,273,9.0,29.1,CU_TO_DEV
1717444971.6512678,273,100.0,29.1,CU_TO_DEV
1717444972.571969,154,17.1,29.1,OCC_TO_CU
1717444972.6580243,241,20.6,29.1,CU_TO_DEV
1717444972.6583924,241,0.0,29.1,CU_TO_DEV
1717444981.501283,322,3.4,29.0,OCC_TO_CU
1717444981.5026057,322,0.0,29.0,OCC_TO_CU
1717444981.662944,273,20.3,29.1,CU_TO_DEV
1717444981.6632197,273,0.0,29.1,CU_TO_DEV
1717444991.497965,322,4.0,29.1,OCC_TO_CU
1717444991.4987571,322,0.0,29.1,OCC_TO_CU
1717444991.6685228,273,9.0,29.1,CU_TO_DEV
1717444991.6685796,273,9.0,29.1,CU_TO_DEV
1717445001.511677,322,4.5,29.1,OCC_TO_CU
1717445001.5127556,322,0.0,29.1,OCC_TO_CU
1717445001.678236,273,10.8,29.1,CU_TO_DEV
1717445001.6779675,273,10.8,29.1,CU_TO_DEV
1717445011.5138543,322,4.6,29.0,OCC_TO_CU
1717445011.514635,322,0.0,29.0,OCC_TO_CU
1717445011.6841867,273,7.5,29.1,CU_TO_DEV
1717445011.6846967,273,0.0,29.1,CU_TO_DEV
1717445021.5389345,322,4.1,29.0,OCC_TO_CU
1717445021.5396364,322,0.0,29.0,OCC_TO_CU
1717445021.68955,273,8.6,29.1,CU_TO_DEV
1717445021.6896446,273,8.6,29.1,CU_TO_DEV
1717445022.5668168,154,6.5,29.1,OCC_TO_CU
1717445022.69084,241,20.4,29.2,CU_TO_DEV
1717445022.6916044,241,100.0,29.2,CU_TO_DEV
1717445031.532345,322,3.8,29.1,OCC_TO_CU
1717445031.5333695,322,0.0,29.1,OCC_TO_CU
1717445031.695721,273,7.9,29.2,CU_TO_DEV
1717445031.6961937,273,0.0,29.2,CU_TO_DEV
1717445041.5996156,322,4.7,29.1,OCC_TO_CU
1717445041.600628,322,0.0,29.1,OCC_TO_CU
1717445041.703216,273,42.9,29.2,CU_TO_DEV
1717445041.7032654,273,42.9,29.2,CU_TO_DEV
1717445051.574935,322,3.4,29.1,OCC_TO_CU
1717445051.5759509,322,0.0,29.1,OCC_TO_CU
1717445051.7092988,273,13.2,29.2,CU_TO_DEV
1717445051.7092266,273,13.2,29.2,CU_TO_DEV
1717445061.5694797,322,3.8,29.1,OCC_TO_CU
1717445061.5704384,322,0.0,29.1,OCC_TO_CU
1717445061.7151606,273,15.0,29.2,CU_TO_DEV
1717445061.715452,273,100.0,29.2,CU_TO_DEV
1717445071.5855749,322,3.6,29.2,OCC_TO_CU
1717445071.5862048,322,0.0,29.2,OCC_TO_CU
1717445071.7206557,273,11.3,29.3,CU_TO_DEV
1717445071.720596,273,11.3,29.3,CU_TO_DEV
1717445072.6296084,154,14.7,29.3,OCC_TO_CU
1717445072.7215323,241,13.9,29.3,CU_TO_DEV
1717445072.7229583,241,0.0,29.3,CU_TO_DEV
1717445081.6018345,322,4.6,29.1,OCC_TO_CU
1717445081.6027799,322,0.0,29.1,OCC_TO_CU
1717445081.7285757,273,78.4,29.1,CU_TO_DEV
1717445081.731556,273,0.0,29.1,CU_TO_DEV
1717445091.6140196,322,4.3,28.9,OCC_TO_CU
1717445091.6146293,322,0.0,28.9,OCC_TO_CU
1717445091.737856,273,14.3,29.0,CU_TO_DEV
1717445091.7397032,273,0.0,29.0,CU_TO_DEV
1717445101.6311128,322,3.9,28.9,OCC_TO_CU
1717445101.6317832,322,0.0,28.9,OCC_TO_CU
1717445101.7440712,273,17.4,29.1,CU_TO_DEV
1717445101.7447348,273,0.0,29.1,CU_TO_DEV
1717445111.6330137,322,3.9,29.0,OCC_TO_CU
1717445111.6336658,322,0.0,29.0,OCC_TO_CU
1717445111.7512035,273,13.0,29.1,CU_TO_DEV
1717445111.7517362,273,0.0,29.1,CU_TO_DEV
1717445121.6573353,322,3.9,29.1,OCC_TO_CU
1717445121.65807,322,0.0,29.1,OCC_TO_CU
1717445121.7580116,273,23.8,29.2,CU_TO_DEV
1717445121.757968,273,23.8,29.2,CU_TO_DEV
1717445122.6697145,154,4.1,29.2,OCC_TO_CU
1717445122.7594204,241,47.4,29.2,CU_TO_DEV
1717445122.7594707,241,47.4,29.2,CU_TO_DEV
1717445131.6577575,322,3.7,29.1,OCC_TO_CU
1717445131.6586113,322,0.0,29.1,OCC_TO_CU
1717445131.7651012,273,16.3,29.2,CU_TO_DEV
1717445131.7655659,273,0.0,29.2,CU_TO_DEV
1717445141.6776292,322,5.2,29.1,OCC_TO_CU
1717445141.6786363,322,0.0,29.1,OCC_TO_CU
1717445141.7710986,273,18.4,29.2,CU_TO_DEV
1717445141.7711391,273,18.4,29.2,CU_TO_DEV
1717445151.677695,322,3.7,29.1,OCC_TO_CU
1717445151.6785207,322,0.0,29.1,OCC_TO_CU
1717445151.7772405,273,13.2,29.2,CU_TO_DEV
1717445151.777097,273,13.2,29.2,CU_TO_DEV
1717445161.6851532,322,3.8,29.1,OCC_TO_CU
1717445161.685999,322,0.0,29.1,OCC_TO_CU
1717445161.783464,273,16.2,29.2,CU_TO_DEV
1717445161.7837212,273,0.0,29.2,CU_TO_DEV
1717445171.685942,322,3.8,29.1,OCC_TO_CU
1717445171.6867247,322,0.0,29.1,OCC_TO_CU
1717445171.7935026,273,85.7,29.2,CU_TO_DEV
1717445171.799367,273,100.0,29.2,CU_TO_DEV
1717445172.7395828,154,6.2,29.2,OCC_TO_CU
1717445172.7954144,241,18.2,29.2,CU_TO_DEV
1717445172.8008063,241,50.0,29.2,CU_TO_DEV
1717445181.6976254,322,4.7,29.0,OCC_TO_CU
1717445181.6986167,322,0.0,29.0,OCC_TO_CU
1717445181.8039389,273,10.0,29.1,CU_TO_DEV
1717445181.8059459,273,0.0,29.1,CU_TO_DEV
1717445191.7160835,322,3.8,29.1,OCC_TO_CU
1717445191.7167501,322,0.0,29.1,OCC_TO_CU
1717445191.8103385,273,18.4,29.2,CU_TO_DEV
1717445191.810653,273,0.0,29.2,CU_TO_DEV
1717445201.7355926,322,3.9,29.1,OCC_TO_CU
1717445201.7366202,322,0.0,29.1,OCC_TO_CU
1717445201.8176813,273,19.4,29.2,CU_TO_DEV
1717445201.8179832,273,0.0,29.2,CU_TO_DEV
1717445211.759008,322,5.0,29.0,OCC_TO_CU
1717445211.7596643,322,100.0,29.0,OCC_TO_CU
1717445211.825492,273,20.0,29.1,CU_TO_DEV
1717445211.8253121,273,20.0,29.1,CU_TO_DEV
1717445221.7810724,322,4.0,29.0,OCC_TO_CU
1717445221.7822015,322,0.0,29.0,OCC_TO_CU
1717445221.8322845,273,35.0,29.1,CU_TO_DEV
1717445221.8325567,273,0.0,29.1,CU_TO_DEV
1717445222.8184068,154,6.1,29.1,OCC_TO_CU
1717445222.833818,241,60.0,29.1,CU_TO_DEV
1717445222.8342361,241,0.0,29.2,CU_TO_DEV
1717445231.7743285,322,5.0,29.0,OCC_TO_CU
1717445231.7750854,322,0.0,29.0,OCC_TO_CU
1717445231.8387501,273,29.6,29.1,CU_TO_DEV
1717445231.840145,273,50.0,29.1,CU_TO_DEV
1717445241.798647,322,3.8,29.1,OCC_TO_CU
1717445241.7992942,322,0.0,29.1,OCC_TO_CU
1717445241.8446589,273,25.0,29.2,CU_TO_DEV
1717445241.8451471,273,0.0,29.2,CU_TO_DEV
1717445251.8045125,322,4.0,29.1,OCC_TO_CU
1717445251.8051896,322,0.0,29.1,OCC_TO_CU
1717445251.8507357,273,31.6,29.2,CU_TO_DEV
1717445251.8535752,273,50.0,29.2,CU_TO_DEV
1717445261.804456,322,4.0,29.1,OCC_TO_CU
1717445261.8052046,322,0.0,29.1,OCC_TO_CU
1717445261.856988,273,28.6,29.2,CU_TO_DEV
1717445261.8603866,273,0.0,29.2,CU_TO_DEV
1717445271.8219616,322,5.4,29.1,OCC_TO_CU
1717445271.8228118,322,0.0,29.1,OCC_TO_CU
1717445271.8649864,273,25.0,29.2,CU_TO_DEV
1717445271.8689587,273,0.0,29.2,CU_TO_DEV
1717445272.8912241,154,13.7,29.2,OCC_TO_CU
1717445273.0662103,241,15.5,29.2,CU_TO_DEV
1717445273.0698142,241,0.0,29.2,CU_TO_DEV
1717445281.850492,322,3.4,29.0,OCC_TO_CU
1717445281.85145,322,100.0,29.0,OCC_TO_CU
1717445281.8714268,273,42.9,29.1,CU_TO_DEV
1717445281.8741179,273,0.0,29.1,CU_TO_DEV
1717445291.872624,322,3.3,29.0,OCC_TO_CU
1717445291.8733113,322,0.0,29.0,OCC_TO_CU
1717445291.880456,273,33.3,29.0,CU_TO_DEV
1717445291.8815286,273,0.0,29.0,CU_TO_DEV
1717445301.8682547,322,4.1,29.1,OCC_TO_CU
1717445301.868913,322,0.0,29.1,OCC_TO_CU
1717445301.8898776,273,50.0,29.2,CU_TO_DEV
1717445301.8899486,273,50.0,29.2,CU_TO_DEV
1717445311.874635,322,3.9,29.1,OCC_TO_CU
1717445311.8752978,322,100.0,29.1,OCC_TO_CU
1717445311.8977063,273,37.5,29.2,CU_TO_DEV
1717445311.8994105,273,100.0,29.2,CU_TO_DEV
1717445321.8967175,322,4.7,29.1,OCC_TO_CU
1717445321.89725,322,0.0,29.1,OCC_TO_CU
1717445321.906527,273,25.0,29.1,CU_TO_DEV
1717445321.9073484,273,100.0,29.1,CU_TO_DEV
1717445322.96959,154,7.4,29.2,OCC_TO_CU
1717445323.108012,241,16.1,29.3,CU_TO_DEV
1717445323.1104174,241,0.0,29.3,CU_TO_DEV
1717445331.8921554,322,3.2,29.2,OCC_TO_CU
1717445331.8929207,322,0.0,29.2,OCC_TO_CU
1717445331.913468,273,44.4,29.2,CU_TO_DEV
1717445331.916102,273,100.0,29.2,CU_TO_DEV
1717445341.9511693,322,4.4,29.1,OCC_TO_CU
1717445341.95186,322,0.0,29.1,OCC_TO_CU
1717445342.1226974,273,60.9,29.2,CU_TO_DEV
1717445342.1232262,273,0.0,29.2,CU_TO_DEV
1717445351.922196,322,3.5,29.1,OCC_TO_CU
1717445351.922863,322,0.0,29.1,OCC_TO_CU
1717445351.9287498,273,0.0,29.1,CU_TO_DEV
1717445351.928571,273,0.0,29.1,CU_TO_DEV
1717445361.945176,322,3.6,29.1,OCC_TO_CU
1717445361.9458206,322,0.0,29.1,OCC_TO_CU
1717445362.1352801,273,13.3,29.2,CU_TO_DEV
1717445362.1353405,273,13.3,29.2,CU_TO_DEV
1717445371.9487956,322,4.6,29.1,OCC_TO_CU
1717445371.9495797,322,0.0,29.1,OCC_TO_CU
1717445372.1410458,273,15.6,29.2,CU_TO_DEV
1717445372.141394,273,0.0,29.2,CU_TO_DEV
1717445373.0414698,154,5.8,29.2,OCC_TO_CU
1717445373.1422832,241,17.5,29.2,CU_TO_DEV
1717445373.1428905,241,0.0,29.2,CU_TO_DEV
1717445381.9595945,322,4.3,29.1,OCC_TO_CU
1717445381.960594,322,0.0,29.1,OCC_TO_CU
1717445382.147661,273,16.0,29.1,CU_TO_DEV
1717445382.1481862,273,0.0,29.1,CU_TO_DEV
1717445391.9650297,322,4.0,29.1,OCC_TO_CU
1717445391.9656594,322,0.0,29.1,OCC_TO_CU
1717445392.154958,273,14.7,29.2,CU_TO_DEV
1717445392.1550124,273,14.7,29.2,CU_TO_DEV
1717445401.974484,322,4.7,29.0,OCC_TO_CU
1717445401.9757555,322,50.0,29.0,OCC_TO_CU
1717445402.1625926,273,8.2,29.1,CU_TO_DEV
1717445402.1632714,273,100.0,29.1,CU_TO_DEV
1717445412.007561,322,4.5,29.0,OCC_TO_CU
1717445412.0085378,322,0.0,29.0,OCC_TO_CU
1717445412.168565,273,11.1,29.1,CU_TO_DEV
1717445412.1723697,273,0.0,29.1,CU_TO_DEV
1717445422.017473,322,3.5,29.0,OCC_TO_CU
1717445422.0181348,322,0.0,29.0,OCC_TO_CU
1717445422.1742058,273,13.1,29.1,CU_TO_DEV
1717445422.1784813,273,0.0,29.1,CU_TO_DEV
1717445422.8473268,154,4.1,29.2,OCC_TO_CU
1717445422.9751475,241,11.5,29.2,CU_TO_DEV
1717445422.979226,241,50.0,29.2,CU_TO_DEV
1717445432.0288303,322,4.0,29.1,OCC_TO_CU
1717445432.0294855,322,0.0,29.1,OCC_TO_CU
1717445432.1820138,273,16.1,29.2,CU_TO_DEV
1717445432.1836286,273,0.0,29.2,CU_TO_DEV
1717445442.0163183,322,3.5,29.2,OCC_TO_CU
1717445442.0170217,322,0.0,29.2,OCC_TO_CU
1717445442.1885703,273,11.9,29.2,CU_TO_DEV
1717445442.190499,273,0.0,29.2,CU_TO_DEV
1717445452.0330718,322,3.6,29.2,OCC_TO_CU
1717445452.0337322,322,0.0,29.2,OCC_TO_CU
1717445452.194941,273,14.1,29.3,CU_TO_DEV
1717445452.195331,273,100.0,29.3,CU_TO_DEV
1717445462.0531216,322,4.4,29.2,OCC_TO_CU
1717445462.0537767,322,0.0,29.2,OCC_TO_CU
1717445462.2012162,273,16.7,29.2,CU_TO_DEV
1717445462.2027235,273,0.0,29.2,CU_TO_DEV
1717445472.0695672,322,4.4,29.1,OCC_TO_CU
1717445472.0702171,322,0.0,29.1,OCC_TO_CU
1717445472.2112868,273,75.0,29.2,CU_TO_DEV
1717445472.2124856,273,0.0,29.2,CU_TO_DEV
1717445472.8843036,154,16.5,29.1,OCC_TO_CU
1717445473.012205,241,6.1,29.1,CU_TO_DEV
1717445473.013344,241,0.0,29.1,CU_TO_DEV
1717445482.0632849,322,3.8,29.0,OCC_TO_CU
1717445482.0639687,322,0.0,29.0,OCC_TO_CU
1717445482.2171443,273,14.8,29.1,CU_TO_DEV
1717445482.2206635,273,50.0,29.1,CU_TO_DEV
1717445492.0715556,322,3.7,29.0,OCC_TO_CU
1717445492.0722005,322,0.0,29.0,OCC_TO_CU
1717445492.2225819,273,15.3,29.1,CU_TO_DEV
1717445492.2258277,273,0.0,29.1,CU_TO_DEV
1717445502.0972667,322,4.8,29.0,OCC_TO_CU
1717445502.0978174,322,0.0,29.0,OCC_TO_CU
1717445502.2318416,273,13.2,29.1,CU_TO_DEV
1717445502.2322035,273,0.0,29.1,CU_TO_DEV
1717445512.0974302,322,3.3,29.0,OCC_TO_CU
1717445512.098445,322,0.0,29.0,OCC_TO_CU
1717445512.2376368,273,22.0,29.1,CU_TO_DEV
1717445512.2374763,273,22.0,29.1,CU_TO_DEV
1717445522.1134336,322,3.8,29.1,OCC_TO_CU
1717445522.1141176,322,0.0,29.1,OCC_TO_CU
1717445522.244108,273,17.3,29.2,CU_TO_DEV
1717445522.2445757,273,0.0,29.2,CU_TO_DEV
1717445522.9213972,154,3.7,29.2,OCC_TO_CU
1717445523.044995,241,14.0,29.2,CU_TO_DEV
1717445523.0455136,241,0.0,29.2,CU_TO_DEV
1717445532.152522,322,3.9,29.2,OCC_TO_CU
1717445532.1531866,322,0.0,29.2,OCC_TO_CU
1717445532.2504818,273,21.6,29.3,CU_TO_DEV
1717445532.2505443,273,21.6,29.3,CU_TO_DEV
1717445542.131481,322,4.1,29.1,OCC_TO_CU
1717445542.134537,322,0.0,29.1,OCC_TO_CU
1717445542.2579463,273,18.4,29.2,CU_TO_DEV
1717445542.2577288,273,18.4,29.2,CU_TO_DEV
1717445552.1503515,322,4.6,29.0,OCC_TO_CU
1717445552.1510334,322,0.0,29.0,OCC_TO_CU
1717445552.266138,273,15.9,29.1,CU_TO_DEV
1717445552.2666178,273,0.0,29.1,CU_TO_DEV
1717445562.1747022,322,3.9,29.1,OCC_TO_CU
1717445562.1753256,322,100.0,29.1,OCC_TO_CU
1717445562.2730212,273,23.1,29.2,CU_TO_DEV
1717445562.273501,273,0.0,29.2,CU_TO_DEV
1717445572.1792898,322,3.9,29.2,OCC_TO_CU
1717445572.1845906,322,0.0,29.2,OCC_TO_CU
1717445572.2795086,273,89.5,29.3,CU_TO_DEV
1717445572.2808,273,0.0,29.3,CU_TO_DEV
1717445573.0336156,154,12.6,29.2,OCC_TO_CU
1717445573.083791,241,25.0,29.2,CU_TO_DEV
1717445573.085092,241,0.0,29.2,CU_TO_DEV
1717445582.176122,322,3.6,29.1,OCC_TO_CU
1717445582.1767771,322,0.0,29.1,OCC_TO_CU
1717445582.2888725,273,22.2,29.2,CU_TO_DEV
1717445582.2886786,273,22.2,29.2,CU_TO_DEV
1717445592.185938,322,5.4,29.1,OCC_TO_CU
1717445592.1864944,322,0.0,29.1,OCC_TO_CU
1717445592.2959802,273,14.0,29.2,CU_TO_DEV
1717445592.296378,273,0.0,29.2,CU_TO_DEV
1717445602.2212691,322,4.1,28.9,OCC_TO_CU
1717445602.2219586,322,0.0,28.9,OCC_TO_CU
1717445602.3023121,273,32.3,29.0,CU_TO_DEV
1717445602.305906,273,0.0,29.0,CU_TO_DEV
1717445612.239782,322,4.1,29.0,OCC_TO_CU
1717445612.2405424,322,0.0,29.0,OCC_TO_CU
1717445612.310299,273,33.3,29.1,CU_TO_DEV
1717445612.3136945,273,0.0,29.1,CU_TO_DEV
1717445622.233754,322,3.7,29.0,OCC_TO_CU
1717445622.2343986,322,0.0,29.0,OCC_TO_CU
1717445622.3178124,273,33.3,29.1,CU_TO_DEV
1717445622.3191912,273,0.0,29.1,CU_TO_DEV
1717445623.1050737,154,3.8,29.1,OCC_TO_CU
1717445623.1194327,241,57.1,29.1,CU_TO_DEV
1717445623.1204655,241,0.0,29.1,CU_TO_DEV
1717445632.2387455,322,4.3,29.1,OCC_TO_CU
1717445632.2394214,322,100.0,29.1,OCC_TO_CU
1717445632.325887,273,26.5,29.2,CU_TO_DEV
1717445632.3265054,273,0.0,29.2,CU_TO_DEV
1717445642.2579,322,4.4,29.1,OCC_TO_CU
1717445642.2585444,322,0.0,29.1,OCC_TO_CU
1717445642.3325417,273,37.5,29.2,CU_TO_DEV
1717445642.3329077,273,0.0,29.2,CU_TO_DEV
1717445652.2805078,322,3.9,29.1,OCC_TO_CU
1717445652.281774,322,0.0,29.1,OCC_TO_CU
1717445652.339779,273,45.8,29.2,CU_TO_DEV
1717445652.3403206,273,0.0,29.2,CU_TO_DEV
1717445662.2900116,322,4.2,29.2,OCC_TO_CU
1717445662.2906907,322,0.0,29.2,OCC_TO_CU
1717445662.3475833,273,91.3,29.3,CU_TO_DEV
1717445662.3517365,273,100.0,29.3,CU_TO_DEV
1717445672.2884505,322,4.3,29.1,OCC_TO_CU
1717445672.2892332,322,0.0,29.1,OCC_TO_CU
1717445672.3598366,273,86.2,29.2,CU_TO_DEV
1717445672.3642943,273,100.0,29.2,CU_TO_DEV
1717445673.1782935,154,11.1,29.2,OCC_TO_CU
1717445673.3610322,241,20.5,29.2,CU_TO_DEV
1717445673.367076,241,0.0,29.2,CU_TO_DEV
1717445682.3186812,322,3.7,29.0,OCC_TO_CU
1717445682.3193164,322,100.0,29.1,OCC_TO_CU
1717445682.3661819,273,50.0,29.1,CU_TO_DEV
1717445682.3720732,273,0.0,29.1,CU_TO_DEV
1717445692.3166845,322,4.6,29.1,OCC_TO_CU
1717445692.335842,322,50.0,29.1,OCC_TO_CU
1717445692.3745298,273,71.4,29.1,CU_TO_DEV
1717445692.3783138,273,50.0,29.1,CU_TO_DEV
1717445702.3328543,322,3.9,29.1,OCC_TO_CU
1717445702.3333724,322,0.0,29.1,OCC_TO_CU
1717445702.3812118,273,50.0,29.2,CU_TO_DEV
1717445702.382877,273,0.0,29.2,CU_TO_DEV
1717445712.3434844,322,4.2,29.2,OCC_TO_CU
1717445712.3441515,322,0.0,29.2,OCC_TO_CU
1717445712.3880055,273,83.3,29.2,CU_TO_DEV
1717445712.389173,273,0.0,29.2,CU_TO_DEV
1717445722.34593,322,4.3,29.1,OCC_TO_CU
1717445722.346518,322,0.0,29.1,OCC_TO_CU
1717445722.3973622,273,42.9,29.2,CU_TO_DEV
1717445722.3980415,273,0.0,29.2,CU_TO_DEV
1717445723.2600982,154,2.6,29.2,OCC_TO_CU
1717445723.398481,241,25.9,29.2,CU_TO_DEV
1717445723.399104,241,0.0,29.3,CU_TO_DEV
1717445732.3605628,322,5.5,29.1,OCC_TO_CU
1717445732.3619707,322,0.0,29.1,OCC_TO_CU
1717445732.4050956,273,58.8,29.1,CU_TO_DEV
1717445732.4048026,273,58.8,29.1,CU_TO_DEV
1717445742.3753252,322,3.6,29.0,OCC_TO_CU
1717445742.3759816,322,0.0,29.0,OCC_TO_CU
1717445742.4119318,273,62.5,29.1,CU_TO_DEV
1717445742.4120035,273,62.5,29.1,CU_TO_DEV
1717445752.385156,322,3.6,29.0,OCC_TO_CU
1717445752.3928137,322,33.3,29.0,OCC_TO_CU
1717445752.419577,273,90.0,29.1,CU_TO_DEV
1717445752.4207218,273,0.0,29.1,CU_TO_DEV
1717445762.3930066,322,3.8,29.1,OCC_TO_CU
1717445762.396191,322,100.0,29.1,OCC_TO_CU
1717445762.4252558,273,66.7,29.2,CU_TO_DEV
1717445762.4264,273,0.0,29.2,CU_TO_DEV
1717445772.3998127,322,3.4,29.2,OCC_TO_CU
1717445772.403649,322,0.0,29.2,OCC_TO_CU
1717445772.4318185,273,84.6,29.2,CU_TO_DEV
1717445772.438393,273,100.0,29.2,CU_TO_DEV
1717445773.3270028,154,14.0,29.2,OCC_TO_CU
1717445773.435077,241,32.6,29.2,CU_TO_DEV
1717445773.439952,241,100.0,29.2,CU_TO_DEV
1717445782.4354174,322,4.9,29.0,OCC_TO_CU
1717445782.4383817,322,0.0,29.0,OCC_TO_CU
1717445782.4396844,273,0.0,29.0,CU_TO_DEV
1717445782.4445937,273,100.0,29.0,CU_TO_DEV
1717445792.457984,322,3.9,29.1,OCC_TO_CU
1717445792.458753,322,0.0,29.1,OCC_TO_CU
1717445792.6451614,273,12.0,29.2,CU_TO_DEV
1717445792.6508348,273,0.0,29.2,CU_TO_DEV
1717445802.4495652,322,4.4,29.0,OCC_TO_CU
1717445802.450708,322,0.0,29.0,OCC_TO_CU
1717445802.456211,273,33.3,29.0,CU_TO_DEV
1717445802.6502619,273,14.1,29.1,CU_TO_DEV
1717445812.465195,322,3.7,29.1,OCC_TO_CU
1717445812.4658384,322,0.0,29.1,OCC_TO_CU
1717445812.656352,273,10.4,29.2,CU_TO_DEV
1717445812.6627862,273,0.0,29.2,CU_TO_DEV
1717445822.4806361,322,4.8,29.1,OCC_TO_CU
1717445822.4815793,322,0.0,29.1,OCC_TO_CU
1717445822.661757,273,9.6,29.2,CU_TO_DEV
1717445822.6688418,273,0.0,29.2,CU_TO_DEV
1717445823.4052372,154,3.7,29.3,OCC_TO_CU
1717445823.462603,241,23.8,29.3,CU_TO_DEV
1717445823.4702542,241,33.3,29.3,CU_TO_DEV
1717445832.4912822,322,3.9,29.2,OCC_TO_CU
1717445832.4919448,322,0.0,29.2,OCC_TO_CU
1717445832.6672063,273,56.2,29.2,CU_TO_DEV
1717445832.6751482,273,0.0,29.2,CU_TO_DEV
1717445842.4981925,322,3.5,29.1,OCC_TO_CU
1717445842.5114977,322,33.3,29.1,OCC_TO_CU
1717445842.672137,273,17.2,29.2,CU_TO_DEV
1717445842.6843257,273,40.0,29.2,CU_TO_DEV
1717445852.5088084,322,4.0,29.1,OCC_TO_CU
1717445852.511854,322,0.0,29.1,OCC_TO_CU
1717445852.6787632,273,9.1,29.2,CU_TO_DEV
1717445852.6910336,273,25.0,29.2,CU_TO_DEV
1717445862.5311575,322,4.6,29.1,OCC_TO_CU
1717445862.5318334,322,0.0,29.1,OCC_TO_CU
1717445862.6836643,273,13.1,29.2,CU_TO_DEV
1717445862.697756,273,33.3,29.2,CU_TO_DEV
1717445872.5499017,322,4.5,29.1,OCC_TO_CU
1717445872.550548,322,0.0,29.1,OCC_TO_CU
1717445872.6886995,273,78.2,29.1,CU_TO_DEV
1717445872.7022126,273,33.3,29.1,CU_TO_DEV
1717445873.172277,154,4.3,29.1,OCC_TO_CU
1717445873.2894113,241,10.6,29.1,CU_TO_DEV
1717445873.302985,241,33.3,29.1,CU_TO_DEV
1717445882.5397089,322,3.5,29.1,OCC_TO_CU
1717445882.5403636,322,0.0,29.1,OCC_TO_CU
1717445882.6950264,273,9.8,29.2,CU_TO_DEV
1717445882.707407,273,50.0,29.2,CU_TO_DEV
1717445892.549211,322,3.6,29.0,OCC_TO_CU
1717445892.5499387,322,0.0,29.0,OCC_TO_CU
1717445892.7003624,273,18.3,29.1,CU_TO_DEV
1717445892.7115712,273,33.3,29.1,CU_TO_DEV
1717445902.610037,322,3.6,29.1,OCC_TO_CU
1717445902.610828,322,0.0,29.1,OCC_TO_CU
1717445902.7057743,273,20.5,29.2,CU_TO_DEV
1717445902.7167,273,40.0,29.2,CU_TO_DEV
1717445912.5867264,322,3.9,29.2,OCC_TO_CU
1717445912.595799,322,25.0,29.2,OCC_TO_CU
1717445912.7110453,273,20.9,29.2,CU_TO_DEV
1717445912.7231183,273,33.3,29.2,CU_TO_DEV
1717445922.6114855,322,4.5,29.1,OCC_TO_CU
1717445922.6121094,322,0.0,29.1,OCC_TO_CU
1717445922.716707,273,17.1,29.2,CU_TO_DEV
1717445922.7278264,273,50.0,29.2,CU_TO_DEV
1717445923.2461061,154,23.0,29.2,OCC_TO_CU
1717445923.3174589,241,11.1,29.2,CU_TO_DEV
1717445923.331702,241,16.7,29.2,CU_TO_DEV
1717445932.613593,322,3.6,29.1,OCC_TO_CU
1717445932.6143634,322,0.0,29.1,OCC_TO_CU
1717445932.722778,273,14.3,29.2,CU_TO_DEV
1717445932.7375004,273,28.6,29.2,CU_TO_DEV
1717445942.6155548,322,3.8,29.1,OCC_TO_CU
1717445942.6162908,322,0.0,29.1,OCC_TO_CU
1717445942.7279441,273,15.6,29.2,CU_TO_DEV
1717445942.7429152,273,33.3,29.2,CU_TO_DEV
1717445952.6596565,322,3.9,29.2,OCC_TO_CU
1717445952.660449,322,0.0,29.2,OCC_TO_CU
1717445952.7340243,273,90.0,29.3,CU_TO_DEV
1717445952.7491558,273,100.0,29.3,CU_TO_DEV
1717445962.6520455,322,4.6,29.1,OCC_TO_CU
1717445962.6525848,322,0.0,29.1,OCC_TO_CU
1717445962.7393253,273,12.1,29.2,CU_TO_DEV
1717445962.7535522,273,20.0,29.2,CU_TO_DEV
1717445972.6631367,322,4.3,29.2,OCC_TO_CU
1717445972.664831,322,50.0,29.2,OCC_TO_CU
1717445972.751482,273,91.2,29.2,CU_TO_DEV
1717445972.759889,273,100.0,29.2,CU_TO_DEV
1717445973.2475476,154,11.9,29.1,OCC_TO_CU
1717445973.3523295,241,9.5,29.1,CU_TO_DEV
1717445973.3617268,241,25.0,29.1,CU_TO_DEV
1717445982.6606717,322,3.7,29.0,OCC_TO_CU
1717445982.661407,322,0.0,29.0,OCC_TO_CU
1717445982.758784,273,17.9,29.1,CU_TO_DEV
1717445982.766989,273,50.0,29.1,CU_TO_DEV
1717445992.6821718,322,4.5,29.0,OCC_TO_CU
1717445992.6829321,322,0.0,29.0,OCC_TO_CU
1717445992.7663507,273,23.5,29.1,CU_TO_DEV
1717445992.7737715,273,0.0,29.1,CU_TO_DEV
1717446002.717153,322,3.8,29.1,OCC_TO_CU
1717446002.7179363,322,0.0,29.1,OCC_TO_CU
1717446002.7723036,273,31.8,29.2,CU_TO_DEV
1717446002.7796085,273,33.3,29.2,CU_TO_DEV
1717446012.7323394,322,4.5,29.0,OCC_TO_CU
1717446012.7335117,322,0.0,29.0,OCC_TO_CU
1717446012.7782016,273,33.3,29.1,CU_TO_DEV
1717446012.7869964,273,0.0,29.1,CU_TO_DEV
1717446022.7377067,322,3.8,29.1,OCC_TO_CU
1717446022.7383451,322,0.0,29.1,OCC_TO_CU
1717446022.784239,273,36.8,29.2,CU_TO_DEV
1717446022.7920153,273,33.3,29.2,CU_TO_DEV
1717446023.3967497,154,5.4,29.2,OCC_TO_CU
1717446023.585215,241,10.5,29.2,CU_TO_DEV
1717446023.5931318,241,33.3,29.2,CU_TO_DEV
1717446032.7430043,322,3.9,29.1,OCC_TO_CU
1717446032.7572505,322,40.0,29.2,OCC_TO_CU
1717446032.790931,273,66.7,29.2,CU_TO_DEV
1717446032.7985551,273,66.7,29.2,CU_TO_DEV
1717446042.7602086,322,3.9,29.2,OCC_TO_CU
1717446042.7608643,322,0.0,29.2,OCC_TO_CU
1717446042.798295,273,35.7,29.3,CU_TO_DEV
1717446042.8038976,273,0.0,29.3,CU_TO_DEV
1717446052.7765782,322,5.4,29.1,OCC_TO_CU
1717446052.7772307,322,0.0,29.1,OCC_TO_CU
1717446052.8054366,273,41.7,29.2,CU_TO_DEV
1717446052.8089564,273,0.0,29.2,CU_TO_DEV
1717446062.7695284,322,3.8,29.1,OCC_TO_CU
1717446062.7702837,322,0.0,29.1,OCC_TO_CU
1717446062.8111625,273,37.5,29.2,CU_TO_DEV
1717446062.8149478,273,0.0,29.2,CU_TO_DEV
1717446072.777205,322,3.7,29.2,OCC_TO_CU
1717446072.7782292,322,0.0,29.2,OCC_TO_CU
1717446072.8198705,273,83.3,29.2,CU_TO_DEV
1717446072.822078,273,0.0,29.2,CU_TO_DEV
1717446073.4648218,154,15.6,29.2,OCC_TO_CU
1717446073.620951,241,57.1,29.2,CU_TO_DEV
1717446073.6234503,241,100.0,29.2,CU_TO_DEV
1717446082.7966022,322,3.8,29.0,OCC_TO_CU
1717446082.7972825,322,0.0,29.0,OCC_TO_CU
1717446082.827457,273,46.2,29.0,CU_TO_DEV
1717446082.8281744,273,0.0,29.0,CU_TO_DEV
1717446092.8185298,322,3.6,29.0,OCC_TO_CU
1717446092.8193212,322,100.0,29.0,OCC_TO_CU
1717446092.8345106,273,40.0,29.0,CU_TO_DEV
1717446092.834803,273,0.0,29.0,CU_TO_DEV
1717446102.8487892,322,4.6,29.0,OCC_TO_CU
1717446102.8494194,322,0.0,29.0,OCC_TO_CU
1717446103.0406792,273,9.2,29.1,CU_TO_DEV
1717446103.0411916,273,0.0,29.1,CU_TO_DEV
1717446112.8499134,322,4.0,29.1,OCC_TO_CU
1717446112.8505635,322,0.0,29.1,OCC_TO_CU
1717446113.0468712,273,7.8,29.2,CU_TO_DEV
1717446113.0469255,273,7.8,29.2,CU_TO_DEV
1717446122.8479426,322,4.8,29.0,OCC_TO_CU
1717446122.8485837,322,0.0,29.0,OCC_TO_CU
1717446122.8534508,273,0.0,29.0,CU_TO_DEV
1717446122.8539147,273,0.0,29.0,CU_TO_DEV
1717446123.5373333,154,6.9,29.2,OCC_TO_CU
1717446123.6556447,241,15.2,29.1,CU_TO_DEV
1717446123.6555839,241,15.2,29.1,CU_TO_DEV
1717446132.8510456,322,3.9,29.1,OCC_TO_CU
1717446132.8517976,322,100.0,29.1,OCC_TO_CU
1717446132.86216,273,0.0,29.1,CU_TO_DEV
1717446132.8627203,273,0.0,29.1,CU_TO_DEV
1717446142.883873,322,4.7,29.0,OCC_TO_CU
1717446142.884403,322,0.0,29.0,OCC_TO_CU
1717446143.0697567,273,8.0,29.2,CU_TO_DEV
1717446143.069811,273,8.0,29.2,CU_TO_DEV
1717446152.8995597,322,3.5,29.1,OCC_TO_CU
1717446152.9002194,322,0.0,29.1,OCC_TO_CU
1717446153.0750914,273,12.7,29.2,CU_TO_DEV
1717446153.0752409,273,12.7,29.2,CU_TO_DEV
1717446162.8945155,322,3.9,29.2,OCC_TO_CU
1717446162.8952847,322,100.0,29.2,OCC_TO_CU
1717446163.0813556,273,9.5,29.3,CU_TO_DEV
1717446163.0818284,273,0.0,29.3,CU_TO_DEV
1717446172.9112847,322,4.0,29.2,OCC_TO_CU
1717446172.9120414,322,0.0,29.2,OCC_TO_CU
1717446173.0871744,273,11.6,29.3,CU_TO_DEV
1717446173.0874486,273,100.0,29.3,CU_TO_DEV
1717446173.4114292,154,21.5,29.3,OCC_TO_CU
1717446173.4918408,241,90.6,29.3,CU_TO_DEV
1717446173.491936,241,90.6,29.3,CU_TO_DEV
1717446182.9143221,322,3.6,29.2,OCC_TO_CU
1717446182.9149618,322,0.0,29.2,OCC_TO_CU
1717446183.0978034,273,9.6,29.3,CU_TO_DEV
1717446183.0977201,273,9.6,29.3,CU_TO_DEV
1717446192.9556797,322,5.4,29.0,OCC_TO_CU
1717446192.9563246,322,0.0,29.0,OCC_TO_CU
1717446193.1032171,273,11.9,29.2,CU_TO_DEV
1717446193.1033893,273,11.9,29.2,CU_TO_DEV
1717446202.9565535,322,3.8,29.1,OCC_TO_CU
1717446202.9572082,322,0.0,29.1,OCC_TO_CU
1717446203.1087384,273,11.5,29.2,CU_TO_DEV
1717446203.1093526,273,0.0,29.2,CU_TO_DEV
1717446212.9801562,322,3.9,29.2,OCC_TO_CU
1717446212.980819,322,0.0,29.2,OCC_TO_CU
1717446213.115228,273,74.1,29.2,CU_TO_DEV
1717446213.115367,273,74.1,29.2,CU_TO_DEV
1717446222.9940956,322,3.4,29.1,OCC_TO_CU
1717446222.9947622,322,0.0,29.1,OCC_TO_CU
1717446223.1203828,273,14.0,29.2,CU_TO_DEV
1717446223.1208568,273,0.0,29.2,CU_TO_DEV
1717446223.4898858,154,8.1,29.2,OCC_TO_CU
1717446223.5215228,241,38.5,29.2,CU_TO_DEV
1717446223.5215807,241,38.5,29.2,CU_TO_DEV
1717446232.9945502,322,3.9,29.1,OCC_TO_CU
1717446232.9951851,322,0.0,29.1,OCC_TO_CU
1717446233.1274643,273,16.4,29.2,CU_TO_DEV
1717446233.1272345,273,16.4,29.2,CU_TO_DEV
1717446243.0083883,322,4.6,29.1,OCC_TO_CU
1717446243.0090256,322,0.0,29.1,OCC_TO_CU
1717446243.1325939,273,10.6,29.2,CU_TO_DEV
1717446243.132539,273,10.6,29.2,CU_TO_DEV
1717446253.014199,322,4.7,29.1,OCC_TO_CU
1717446253.014841,322,0.0,29.1,OCC_TO_CU
1717446253.138333,273,14.0,29.2,CU_TO_DEV
1717446253.1384847,273,14.0,29.2,CU_TO_DEV
1717446263.0171974,322,3.6,29.1,OCC_TO_CU
1717446263.017941,322,0.0,29.1,OCC_TO_CU
1717446263.143671,273,17.0,29.2,CU_TO_DEV
1717446263.145458,273,0.0,29.2,CU_TO_DEV
1717446273.047112,322,4.1,29.2,OCC_TO_CU
1717446273.047769,322,0.0,29.2,OCC_TO_CU
1717446273.151465,273,19.0,29.3,CU_TO_DEV
1717446273.1515274,273,19.0,29.3,CU_TO_DEV
1717446273.4667423,154,15.3,29.3,OCC_TO_CU
1717446273.5535145,241,91.7,29.3,CU_TO_DEV
1717446273.5555563,241,100.0,29.3,CU_TO_DEV
1717446283.06209,322,4.4,29.1,OCC_TO_CU
1717446283.0626695,322,0.0,29.1,OCC_TO_CU
1717446283.1650395,273,10.5,29.2,CU_TO_DEV
1717446283.1654627,273,0.0,29.2,CU_TO_DEV
1717446293.0598888,322,3.8,29.1,OCC_TO_CU
1717446293.0605192,322,0.0,29.1,OCC_TO_CU
1717446293.1705925,273,14.0,29.2,CU_TO_DEV
1717446293.1706853,273,14.0,29.2,CU_TO_DEV
1717446303.0791008,322,4.1,29.2,OCC_TO_CU
1717446303.0856318,322,0.0,29.2,OCC_TO_CU
1717446303.1784394,273,33.3,29.3,CU_TO_DEV
1717446303.1788976,273,0.0,29.3,CU_TO_DEV
1717446313.094423,322,3.9,29.2,OCC_TO_CU
1717446313.0952177,322,100.0,29.2,OCC_TO_CU
1717446313.185956,273,14.3,29.3,CU_TO_DEV
1717446313.1861243,273,14.3,29.3,CU_TO_DEV
1717446323.1075833,322,4.4,29.2,OCC_TO_CU
1717446323.1086142,322,0.0,29.2,OCC_TO_CU
1717446323.1925719,273,18.2,29.3,CU_TO_DEV
1717446323.1926632,273,18.2,29.3,CU_TO_DEV
1717446323.5269156,154,7.5,29.3,OCC_TO_CU
1717446323.5934868,241,25.0,29.3,CU_TO_DEV
1717446323.5935595,241,25.0,29.3,CU_TO_DEV
1717446333.1309142,322,4.6,29.2,OCC_TO_CU
1717446333.1316078,322,0.0,29.2,OCC_TO_CU
1717446333.2037475,273,24.1,29.3,CU_TO_DEV
1717446333.2038367,273,24.1,29.3,CU_TO_DEV
1717446343.1500218,322,3.9,29.2,OCC_TO_CU
1717446343.150683,322,0.0,29.2,OCC_TO_CU
1717446343.2155254,273,38.5,29.3,CU_TO_DEV
1717446343.2161555,273,0.0,29.3,CU_TO_DEV
1717446353.144417,322,4.0,29.2,OCC_TO_CU
1717446353.1456416,322,0.0,29.2,OCC_TO_CU
1717446353.221011,273,20.7,29.3,CU_TO_DEV
1717446353.2214367,273,0.0,29.3,CU_TO_DEV
1717446363.1615436,322,3.9,29.2,OCC_TO_CU
1717446363.1628284,322,0.0,29.2,OCC_TO_CU
1717446363.226396,273,32.1,29.3,CU_TO_DEV
1717446363.2267096,273,0.0,29.3,CU_TO_DEV
1717446373.1695838,322,5.0,29.2,OCC_TO_CU
1717446373.1701143,322,0.0,29.2,OCC_TO_CU
1717446373.2354918,273,85.7,29.3,CU_TO_DEV
1717446373.239473,273,100.0,29.3,CU_TO_DEV
1717446373.6017914,154,16.8,29.2,OCC_TO_CU
1717446373.6363876,241,35.7,29.2,CU_TO_DEV
1717446373.6402707,241,0.0,29.2,CU_TO_DEV
1717446383.174644,322,4.6,29.0,OCC_TO_CU
1717446383.1751554,322,0.0,29.0,OCC_TO_CU
1717446383.2412167,273,27.6,29.1,CU_TO_DEV
1717446383.244398,273,0.0,29.1,CU_TO_DEV
1717446393.2061894,322,3.7,29.2,OCC_TO_CU
1717446393.2068498,322,0.0,29.2,OCC_TO_CU
1717446393.248504,273,41.2,29.2,CU_TO_DEV
1717446393.2484438,273,41.2,29.2,CU_TO_DEV
1717446403.2159426,322,3.6,29.2,OCC_TO_CU
1717446403.2164607,322,0.0,29.2,OCC_TO_CU
1717446403.257004,273,26.7,29.3,CU_TO_DEV
1717446403.2572613,273,0.0,29.3,CU_TO_DEV
1717446413.2302482,322,3.4,29.3,OCC_TO_CU
1717446413.2307665,322,0.0,29.3,OCC_TO_CU
1717446413.2636652,273,25.0,29.4,CU_TO_DEV
1717446413.2646036,273,0.0,29.4,CU_TO_DEV
1717446423.2387264,322,4.5,29.1,OCC_TO_CU
1717446423.2488391,322,33.3,29.1,OCC_TO_CU
1717446423.2711139,273,66.7,29.2,CU_TO_DEV
1717446423.2707675,273,66.7,29.2,CU_TO_DEV
1717446423.578984,154,13.8,29.2,OCC_TO_CU
1717446423.67196,241,18.9,29.2,CU_TO_DEV
1717446423.6728606,241,0.0,29.2,CU_TO_DEV
1717446433.2545295,322,3.7,29.1,OCC_TO_CU
1717446433.255464,322,0.0,29.1,OCC_TO_CU
1717446433.2777603,273,44.4,29.1,CU_TO_DEV
1717446433.2782693,273,0.0,29.1,CU_TO_DEV
1717446443.2562318,322,3.7,29.1,OCC_TO_CU
1717446443.2593157,322,33.3,29.1,OCC_TO_CU
1717446443.283585,273,44.4,29.2,CU_TO_DEV
1717446443.2844877,273,0.0,29.2,CU_TO_DEV
1717446453.2723994,322,4.4,29.2,OCC_TO_CU
1717446453.2731822,322,0.0,29.2,OCC_TO_CU
1717446453.290372,273,50.0,29.2,CU_TO_DEV
1717446453.2904341,273,50.0,29.2,CU_TO_DEV
1717446463.2862585,322,4.9,29.2,OCC_TO_CU
1717446463.286908,322,0.0,29.2,OCC_TO_CU
1717446463.2998035,273,50.0,29.2,CU_TO_DEV
1717446463.3002465,273,0.0,29.2,CU_TO_DEV
1717446473.303827,322,3.8,29.2,OCC_TO_CU
1717446473.304467,322,0.0,29.2,OCC_TO_CU
1717446473.3079264,273,0.0,29.2,CU_TO_DEV
1717446473.3079863,273,0.0,29.2,CU_TO_DEV
1717446473.6542702,154,10.2,29.3,OCC_TO_CU
1717446473.7089415,241,85.7,29.3,CU_TO_DEV
1717446473.71133,241,100.0,29.3,CU_TO_DEV
1717446483.2986598,322,4.3,29.1,OCC_TO_CU
1717446483.299676,322,100.0,29.1,OCC_TO_CU
1717446483.315234,273,71.4,29.1,CU_TO_DEV
1717446483.3167808,273,0.0,29.1,CU_TO_DEV
1717446493.3160903,322,4.5,29.0,OCC_TO_CU
1717446493.3172104,322,0.0,29.0,OCC_TO_CU
1717446493.3230023,273,0.0,29.0,CU_TO_DEV
1717446493.3271286,273,50.0,29.0,CU_TO_DEV
1717446503.3499067,322,4.0,29.0,OCC_TO_CU
1717446503.350542,322,0.0,29.0,OCC_TO_CU
1717446503.5288632,273,8.5,29.1,CU_TO_DEV
1717446503.532811,273,0.0,29.1,CU_TO_DEV
1717446513.3510833,322,5.4,29.0,OCC_TO_CU
1717446513.3517048,322,0.0,29.0,OCC_TO_CU
1717446513.5340252,273,5.6,29.1,CU_TO_DEV
1717446513.5368676,273,0.0,29.1,CU_TO_DEV
1717446523.3834422,322,4.0,29.0,OCC_TO_CU
1717446523.3842306,322,0.0,29.0,OCC_TO_CU
1717446523.5389671,273,8.3,29.1,CU_TO_DEV
1717446523.5414472,273,50.0,29.1,CU_TO_DEV
1717446523.725659,154,16.0,29.1,OCC_TO_CU
1717446523.739757,241,33.3,29.1,CU_TO_DEV
1717446523.7421124,241,0.0,29.1,CU_TO_DEV
1717446533.3615823,322,4.1,29.0,OCC_TO_CU
1717446533.3624237,322,0.0,29.0,OCC_TO_CU
1717446533.5448256,273,12.0,29.2,CU_TO_DEV
1717446533.5468473,273,0.0,29.2,CU_TO_DEV
1717446543.3724763,322,3.8,29.1,OCC_TO_CU
1717446543.3736873,322,0.0,29.1,OCC_TO_CU
1717446543.551583,273,11.1,29.2,CU_TO_DEV
1717446543.556005,273,0.0,29.2,CU_TO_DEV
1717446553.3989086,322,4.1,29.1,OCC_TO_CU
1717446553.399706,322,0.0,29.1,OCC_TO_CU
1717446553.5567164,273,11.3,29.2,CU_TO_DEV
1717446553.560651,273,0.0,29.2,CU_TO_DEV
1717446563.405466,322,4.9,29.1,OCC_TO_CU
1717446563.4062686,322,0.0,29.1,OCC_TO_CU
1717446563.5618968,273,12.7,29.2,CU_TO_DEV
1717446563.5653694,273,0.0,29.2,CU_TO_DEV
1717446573.414824,322,4.1,29.2,OCC_TO_CU
1717446573.415674,322,0.0,29.2,OCC_TO_CU
1717446573.5681305,273,11.5,29.3,CU_TO_DEV
1717446573.5702946,273,0.0,29.3,CU_TO_DEV
1717446573.6892946,154,26.0,29.3,OCC_TO_CU
1717446573.7687507,241,21.9,29.3,CU_TO_DEV
1717446573.7708972,241,0.0,29.3,CU_TO_DEV
1717446583.4150844,322,4.5,29.2,OCC_TO_CU
1717446583.4157426,322,100.0,29.2,OCC_TO_CU
1717446583.5762596,273,66.7,29.2,CU_TO_DEV
1717446583.5767806,273,0.0,29.2,CU_TO_DEV
1717446593.4457831,322,3.5,29.1,OCC_TO_CU
1717446593.4471343,322,0.0,29.1,OCC_TO_CU
1717446593.5829456,273,16.1,29.2,CU_TO_DEV
1717446593.583197,273,0.0,29.2,CU_TO_DEV
1717446603.4503016,322,4.5,29.1,OCC_TO_CU
1717446603.453621,322,0.0,29.1,OCC_TO_CU
1717446603.5914476,273,75.0,29.1,CU_TO_DEV
1717446603.5917645,273,0.0,29.1,CU_TO_DEV
1717446613.4676178,322,3.6,29.0,OCC_TO_CU
1717446613.4682782,322,0.0,29.0,OCC_TO_CU
1717446613.5964653,273,10.2,29.1,CU_TO_DEV
1717446613.5974836,273,0.0,29.1,CU_TO_DEV
1717446623.4790537,322,3.8,29.0,OCC_TO_CU
1717446623.4797356,322,100.0,29.0,OCC_TO_CU
1717446623.604152,273,10.4,29.1,CU_TO_DEV
1717446623.6044126,273,0.0,29.1,CU_TO_DEV
1717446623.7719152,154,16.4,29.2,OCC_TO_CU
1717446623.8051326,241,30.8,29.2,CU_TO_DEV
1717446623.8052874,241,30.8,29.2,CU_TO_DEV
1717446633.4810038,322,3.8,29.1,OCC_TO_CU
1717446633.4827404,322,0.0,29.1,OCC_TO_CU
1717446633.6109226,273,11.8,29.2,CU_TO_DEV
1717446633.6112332,273,100.0,29.2,CU_TO_DEV
1717446643.4924912,322,3.7,29.2,OCC_TO_CU
1717446643.4931247,322,0.0,29.2,OCC_TO_CU
1717446643.618956,273,12.2,29.2,CU_TO_DEV
1717446643.6189997,273,12.2,29.2,CU_TO_DEV
1717446653.5223184,322,5.3,29.0,OCC_TO_CU
1717446653.5229976,322,0.0,29.0,OCC_TO_CU
1717446653.6251678,273,17.1,29.1,CU_TO_DEV
1717446653.625425,273,0.0,29.1,CU_TO_DEV
1717446663.5308743,322,4.0,29.1,OCC_TO_CU
1717446663.5389311,322,0.0,29.1,OCC_TO_CU
1717446663.6315103,273,32.4,29.2,CU_TO_DEV
1717446663.632025,273,0.0,29.2,CU_TO_DEV
1717446673.5365362,322,3.6,29.2,OCC_TO_CU
1717446673.5373616,322,0.0,29.2,OCC_TO_CU
1717446673.6372583,273,13.5,29.2,CU_TO_DEV
1717446673.6370716,273,13.5,29.2,CU_TO_DEV
1717446673.872454,154,12.6,29.2,OCC_TO_CU
1717446674.0380948,241,10.4,29.2,CU_TO_DEV
1717446674.0381866,241,10.4,29.2,CU_TO_DEV
1717446683.5503128,322,3.6,29.2,OCC_TO_CU
1717446683.55114,322,0.0,29.2,OCC_TO_CU
1717446683.6465366,273,89.7,29.3,CU_TO_DEV
1717446683.6499178,273,100.0,29.3,CU_TO_DEV
1717446693.5641932,322,4.7,29.1,OCC_TO_CU
1717446693.5647876,322,0.0,29.1,OCC_TO_CU
1717446693.6598623,273,15.8,29.2,CU_TO_DEV
1717446693.6598108,273,15.4,29.2,CU_TO_DEV
1717446703.5817533,322,3.6,29.1,OCC_TO_CU
1717446703.5823886,322,0.0,29.1,OCC_TO_CU
1717446703.6653488,273,23.5,29.2,CU_TO_DEV
1717446703.6654139,273,23.5,29.2,CU_TO_DEV
1717446713.5956879,322,4.5,29.0,OCC_TO_CU
1717446713.596226,322,0.0,29.0,OCC_TO_CU
1717446713.6736155,273,16.7,29.2,CU_TO_DEV
1717446713.6740148,273,0.0,29.2,CU_TO_DEV
1717446723.6181347,322,3.3,29.1,OCC_TO_CU
1717446723.61882,322,0.0,29.1,OCC_TO_CU
1717446723.6787775,273,26.1,29.2,CU_TO_DEV
1717446723.6789582,273,26.1,29.2,CU_TO_DEV
1717446723.9199111,154,12.2,29.2,OCC_TO_CU
1717446724.0797858,241,8.1,29.2,CU_TO_DEV
1717446724.0798724,241,8.1,29.2,CU_TO_DEV
1717446733.6159947,322,3.5,29.2,OCC_TO_CU
1717446733.6167252,322,0.0,29.2,OCC_TO_CU
1717446733.687648,273,92.9,29.3,CU_TO_DEV
1717446733.6887004,273,0.0,29.3,CU_TO_DEV
1717446743.6332002,322,4.2,29.0,OCC_TO_CU
1717446743.6337655,322,0.0,29.0,OCC_TO_CU
1717446743.697499,273,16.7,29.1,CU_TO_DEV
1717446743.6978068,273,0.0,29.1,CU_TO_DEV
1717446753.6586185,322,3.3,29.1,OCC_TO_CU
1717446753.6606793,322,0.0,29.1,OCC_TO_CU
1717446753.7026434,273,41.2,29.2,CU_TO_DEV
1717446753.7025294,273,41.2,29.2,CU_TO_DEV
1717446763.6673174,322,3.9,29.1,OCC_TO_CU
1717446763.6684968,322,0.0,29.1,OCC_TO_CU
1717446763.7089126,273,41.2,29.2,CU_TO_DEV
1717446763.7098413,273,0.0,29.2,CU_TO_DEV
1717446773.6878126,322,3.6,29.1,OCC_TO_CU
1717446773.6885486,322,0.0,29.1,OCC_TO_CU
1717446773.7150316,273,40.0,29.2,CU_TO_DEV
1717446773.7149673,273,45.5,29.2,CU_TO_DEV
1717446773.9420521,154,17.2,29.2,OCC_TO_CU
1717446774.1160452,241,10.1,29.2,CU_TO_DEV
1717446774.1171634,241,0.0,29.2,CU_TO_DEV
1717446783.6763742,322,4.5,29.1,OCC_TO_CU
1717446783.6770306,322,0.0,29.1,OCC_TO_CU
1717446783.723962,273,78.9,29.2,CU_TO_DEV
1717446783.72473,273,0.0,29.2,CU_TO_DEV
1717446793.7083728,322,5.0,29.0,OCC_TO_CU
1717446793.708903,322,0.0,29.0,OCC_TO_CU
1717446793.7310822,273,0.0,29.1,CU_TO_DEV
1717446793.7301595,273,44.4,29.1,CU_TO_DEV
1717446803.7125235,322,3.7,29.0,OCC_TO_CU
1717446803.7130404,322,0.0,29.0,OCC_TO_CU
1717446803.7385619,273,30.0,29.1,CU_TO_DEV
1717446803.7386978,273,30.0,29.1,CU_TO_DEV
1717446813.7409682,322,3.3,29.1,OCC_TO_CU
1717446813.7414694,322,0.0,29.1,OCC_TO_CU
1717446813.7440517,273,0.0,29.1,CU_TO_DEV
1717446813.744084,273,0.0,29.1,CU_TO_DEV
1717446823.7337515,322,3.7,29.1,OCC_TO_CU
1717446823.7343726,322,0.0,29.1,OCC_TO_CU
1717446823.7491815,273,42.9,29.1,CU_TO_DEV
1717446823.74978,273,0.0,29.1,CU_TO_DEV
1717446823.9743836,154,18.7,29.2,OCC_TO_CU
1717446824.1499565,241,10.0,29.2,CU_TO_DEV
1717446824.1505404,241,0.0,29.2,CU_TO_DEV
1717446833.7452476,322,4.7,29.1,OCC_TO_CU
1717446833.7458563,322,0.0,29.1,OCC_TO_CU
1717446833.7611005,273,42.9,29.2,CU_TO_DEV
1717446833.7612426,273,42.9,29.2,CU_TO_DEV
1717446843.7665324,322,4.4,29.1,OCC_TO_CU
1717446843.7671552,322,0.0,29.1,OCC_TO_CU
1717446843.7679532,273,50.0,29.1,CU_TO_DEV
1717446843.7686498,273,0.0,29.1,CU_TO_DEV
1717446853.771737,322,3.7,29.1,OCC_TO_CU
1717446853.772462,322,0.0,29.1,OCC_TO_CU
1717446853.773761,273,0.0,29.1,CU_TO_DEV
1717446853.7741537,273,0.0,29.1,CU_TO_DEV
1717446863.7864494,322,4.0,29.2,OCC_TO_CU
1717446863.8280654,322,87.5,29.2,OCC_TO_CU
1717446863.9791183,273,70.0,29.2,CU_TO_DEV
1717446863.9793482,273,100.0,29.2,CU_TO_DEV
1717446873.8004415,322,3.3,29.1,OCC_TO_CU
1717446873.8011942,322,0.0,29.1,OCC_TO_CU
1717446873.984639,273,16.4,29.2,CU_TO_DEV
1717446873.9849703,273,0.0,29.2,CU_TO_DEV
1717446874.0356026,154,15.0,29.2,OCC_TO_CU
1717446874.1855905,241,6.9,29.2,CU_TO_DEV
1717446874.1856387,241,6.9,29.2,CU_TO_DEV
1717446883.8054724,322,4.6,29.1,OCC_TO_CU
1717446883.8060896,322,0.0,29.1,OCC_TO_CU
1717446883.993101,273,18.2,29.2,CU_TO_DEV
1717446883.9957795,273,0.0,29.2,CU_TO_DEV
1717446893.8123176,322,3.6,29.1,OCC_TO_CU
1717446893.81332,322,0.0,29.1,OCC_TO_CU
1717446894.0015273,273,64.0,29.1,CU_TO_DEV
1717446894.0047877,273,0.0,29.1,CU_TO_DEV
1717446903.8349242,322,3.7,29.0,OCC_TO_CU
1717446903.8357358,322,100.0,29.0,OCC_TO_CU
1717446904.0119047,273,15.9,29.1,CU_TO_DEV
1717446904.0118396,273,15.9,29.1,CU_TO_DEV
1717446913.8578415,322,4.4,29.0,OCC_TO_CU
1717446913.8588605,322,0.0,29.0,OCC_TO_CU
1717446914.0190704,273,19.4,29.1,CU_TO_DEV
1717446914.0191147,273,19.4,29.1,CU_TO_DEV
1717446923.8637347,322,4.7,29.0,OCC_TO_CU
1717446923.8651145,322,0.0,29.0,OCC_TO_CU
1717446924.0254781,273,16.9,29.1,CU_TO_DEV
1717446924.0279813,273,0.0,29.1,CU_TO_DEV
1717446925.0593145,154,7.7,29.1,OCC_TO_CU
1717446925.2274258,241,11.8,29.2,CU_TO_DEV
1717446925.2288628,241,0.0,29.2,CU_TO_DEV
1717446933.8897164,322,3.3,29.0,OCC_TO_CU
1717446933.8907626,322,0.0,29.0,OCC_TO_CU
1717446934.0327806,273,24.1,29.1,CU_TO_DEV
1717446934.033261,273,0.0,29.1,CU_TO_DEV
1717446943.8953516,322,3.9,29.1,OCC_TO_CU
1717446943.8961382,322,0.0,29.1,OCC_TO_CU
1717446944.0384445,273,12.3,29.2,CU_TO_DEV
1717446944.0386808,273,0.0,29.2,CU_TO_DEV
1717446953.91335,322,3.6,29.2,OCC_TO_CU
1717446953.91409,322,0.0,29.2,OCC_TO_CU
1717446954.047653,273,25.9,29.3,CU_TO_DEV
1717446954.0476959,273,25.9,29.3,CU_TO_DEV
1717446963.9209604,322,3.8,29.2,OCC_TO_CU
1717446963.921745,322,0.0,29.2,OCC_TO_CU
1717446964.053039,273,27.8,29.3,CU_TO_DEV
1717446964.0532856,273,0.0,29.3,CU_TO_DEV
1717446973.9206064,322,5.4,29.1,OCC_TO_CU
1717446973.921143,322,0.0,29.1,OCC_TO_CU
1717446974.0627065,273,16.4,29.2,CU_TO_DEV
1717446974.0626707,273,16.4,29.2,CU_TO_DEV
1717446975.102453,154,5.4,29.2,OCC_TO_CU
1717446975.2638922,241,9.4,29.3,CU_TO_DEV
1717446975.2644331,241,0.0,29.3,CU_TO_DEV
1717446983.937822,322,3.3,29.1,OCC_TO_CU
1717446983.9385428,322,0.0,29.1,OCC_TO_CU
1717446984.0698786,273,90.6,29.2,CU_TO_DEV
1717446984.0705736,273,0.0,29.2,CU_TO_DEV
1717446993.989916,322,4.2,29.1,OCC_TO_CU
1717446993.9915876,322,0.0,29.1,OCC_TO_CU
1717446994.0771153,273,40.0,29.1,CU_TO_DEV
1717446994.0770717,273,40.0,29.1,CU_TO_DEV
1717447003.9709013,322,3.7,29.0,OCC_TO_CU
1717447003.9715955,322,100.0,29.0,OCC_TO_CU
1717447004.0830865,273,32.6,29.2,CU_TO_DEV
1717447004.0833952,273,0.0,29.2,CU_TO_DEV
1717447013.978269,322,4.6,29.0,OCC_TO_CU
1717447013.9787998,322,0.0,29.0,OCC_TO_CU
1717447014.092268,273,26.7,29.1,CU_TO_DEV
1717447014.0924058,273,26.7,29.1,CU_TO_DEV
1717447023.9899552,322,3.6,29.1,OCC_TO_CU
1717447023.9906025,322,0.0,29.1,OCC_TO_CU
1717447024.0991719,273,34.9,29.2,CU_TO_DEV
1717447024.0991127,273,34.9,29.2,CU_TO_DEV
1717447025.1898172,154,7.4,29.2,OCC_TO_CU
1717447025.3006365,241,18.2,29.2,CU_TO_DEV
1717447025.3012245,241,0.0,29.2,CU_TO_DEV
1717447034.0042698,322,3.5,29.1,OCC_TO_CU
1717447034.0049026,322,0.0,29.1,OCC_TO_CU
1717447034.1059709,273,40.5,29.2,CU_TO_DEV
1717447034.1059165,273,40.5,29.2,CU_TO_DEV
1717447044.0213165,322,4.3,29.1,OCC_TO_CU
1717447044.022059,322,0.0,29.1,OCC_TO_CU
1717447044.1122186,273,44.4,29.2,CU_TO_DEV
1717447044.1123152,273,44.4,29.2,CU_TO_DEV
1717447054.0379136,322,3.5,29.2,OCC_TO_CU
1717447054.0385377,322,0.0,29.2,OCC_TO_CU
1717447054.1174133,273,38.7,29.2,CU_TO_DEV
1717447054.1173656,273,38.7,29.2,CU_TO_DEV
1717447064.0311286,322,4.8,29.1,OCC_TO_CU
1717447064.0318992,322,0.0,29.1,OCC_TO_CU
1717447064.125071,273,37.8,29.2,CU_TO_DEV
1717447064.125349,273,0.0,29.2,CU_TO_DEV
1717447074.058726,322,3.9,29.1,OCC_TO_CU
1717447074.074198,322,71.4,29.1,OCC_TO_CU
1717447074.1304433,273,61.9,29.2,CU_TO_DEV
1717447074.1303005,273,59.1,29.2,CU_TO_DEV
1717447075.1795576,154,7.9,29.3,OCC_TO_CU
1717447075.3316855,241,10.0,29.4,CU_TO_DEV
1717447075.3321683,241,0.0,29.4,CU_TO_DEV
1717447084.06762,322,2.9,29.2,OCC_TO_CU
1717447084.0687165,322,0.0,29.2,OCC_TO_CU
1717447084.1362422,273,39.3,29.3,CU_TO_DEV
1717447084.136334,273,39.3,29.3,CU_TO_DEV
1717447094.098111,322,3.5,29.3,OCC_TO_CU
1717447094.0991552,322,0.0,29.3,OCC_TO_CU
1717447094.142204,273,82.4,29.4,CU_TO_DEV
1717447094.1434553,273,100.0,29.4,CU_TO_DEV
1717447104.1273763,322,5.7,29.2,OCC_TO_CU
1717447104.1281347,322,0.0,29.2,OCC_TO_CU
1717447104.1575613,273,100.0,29.2,CU_TO_DEV
1717447104.1581264,273,0.0,29.2,CU_TO_DEV
1717447114.1144264,322,4.2,29.0,OCC_TO_CU
1717447114.1151278,322,0.0,29.0,OCC_TO_CU
1717447114.166146,273,85.0,29.1,CU_TO_DEV
1717447114.1669376,273,0.0,29.1,CU_TO_DEV
1717447124.1403806,322,4.1,29.0,OCC_TO_CU
1717447124.1417189,322,0.0,29.0,OCC_TO_CU
1717447124.1726842,273,46.2,29.1,CU_TO_DEV
1717447124.1725652,273,46.2,29.1,CU_TO_DEV
1717447125.3274908,154,6.7,29.2,OCC_TO_CU
1717447125.3741298,241,42.1,29.2,CU_TO_DEV
1717447125.374308,241,42.1,29.2,CU_TO_DEV
1717447134.1447797,322,3.7,29.1,OCC_TO_CU
1717447134.145415,322,0.0,29.1,OCC_TO_CU
1717447134.1794407,273,53.3,29.2,CU_TO_DEV
1717447134.1796188,273,53.3,29.2,CU_TO_DEV
1717447144.1652186,322,3.7,29.2,OCC_TO_CU
1717447144.165775,322,0.0,29.2,OCC_TO_CU
1717447144.1850867,273,50.0,29.2,CU_TO_DEV
1717447144.1856883,273,0.0,29.2,CU_TO_DEV
1717447154.1754432,322,4.8,29.1,OCC_TO_CU
1717447154.175998,322,0.0,29.1,OCC_TO_CU
1717447154.1913188,273,57.1,29.1,CU_TO_DEV
1717447154.192856,273,0.0,29.1,CU_TO_DEV
1717447164.1862044,322,3.9,29.1,OCC_TO_CU
1717447164.1869886,322,0.0,29.1,OCC_TO_CU
1717447164.1989152,273,25.0,29.1,CU_TO_DEV
1717447164.199851,273,100.0,29.1,CU_TO_DEV
1717447174.2020266,322,4.7,29.1,OCC_TO_CU
1717447174.202591,322,0.0,29.1,OCC_TO_CU
1717447174.2081983,273,33.3,29.1,CU_TO_DEV
1717447174.2086773,273,0.0,29.1,CU_TO_DEV
1717447175.4070506,154,9.4,29.3,OCC_TO_CU
1717447175.4096873,241,50.0,29.3,CU_TO_DEV
1717447175.4102454,241,0.0,29.3,CU_TO_DEV
1717447184.21068,322,3.8,29.2,OCC_TO_CU
1717447184.2113037,322,100.0,29.2,OCC_TO_CU
1717447184.2143924,273,0.0,29.2,CU_TO_DEV
1717447184.2147143,273,0.0,29.2,CU_TO_DEV
1717447194.2088046,322,3.9,29.2,OCC_TO_CU
1717447194.2094626,322,0.0,29.2,OCC_TO_CU
1717447194.220255,273,40.0,29.2,CU_TO_DEV
1717447194.2209907,273,0.0,29.2,CU_TO_DEV
1717447204.221615,322,4.8,29.1,OCC_TO_CU
1717447204.2222698,322,0.0,29.1,OCC_TO_CU
1717447204.2271101,273,0.0,29.1,CU_TO_DEV
1717447204.2276666,273,100.0,29.1,CU_TO_DEV
1717447214.251187,322,4.6,29.1,OCC_TO_CU
1717447214.251982,322,0.0,29.1,OCC_TO_CU
1717447214.4333818,273,10.8,29.2,CU_TO_DEV
1717447214.4351203,273,0.0,29.2,CU_TO_DEV
1717447224.260409,322,4.0,29.2,OCC_TO_CU
1717447224.2610407,322,0.0,29.2,OCC_TO_CU
1717447224.4384687,273,8.6,29.3,CU_TO_DEV
1717447224.4396791,273,0.0,29.3,CU_TO_DEV
1717447225.2940037,154,6.5,29.3,OCC_TO_CU
1717447225.439466,241,12.1,29.3,CU_TO_DEV
1717447225.441191,241,0.0,29.3,CU_TO_DEV
1717447234.2670646,322,3.7,29.2,OCC_TO_CU
1717447234.267691,322,100.0,29.2,OCC_TO_CU
1717447234.4462614,273,55.7,29.2,CU_TO_DEV
1717447234.4461596,273,55.7,29.2,CU_TO_DEV
1717447244.2659502,322,5.3,29.0,OCC_TO_CU
1717447244.2679904,322,0.0,29.0,OCC_TO_CU
1717447244.4568868,273,8.1,29.1,CU_TO_DEV
1717447244.4572158,273,0.0,29.1,CU_TO_DEV
1717447254.3035843,322,3.9,29.0,OCC_TO_CU
1717447254.3043506,322,0.0,29.0,OCC_TO_CU
1717447254.462323,273,14.3,29.1,CU_TO_DEV
1717447254.4628153,273,0.0,29.1,CU_TO_DEV
1717447264.3172748,322,3.8,29.0,OCC_TO_CU
1717447264.3178804,322,0.0,29.0,OCC_TO_CU
1717447264.469775,273,14.8,29.1,CU_TO_DEV
1717447264.469892,273,14.8,29.1,CU_TO_DEV
1717447274.3346145,322,3.8,29.1,OCC_TO_CU
1717447274.335271,322,100.0,29.1,OCC_TO_CU
1717447274.4751067,273,14.5,29.2,CU_TO_DEV
1717447274.476086,273,100.0,29.2,CU_TO_DEV
1717447276.473315,154,5.9,29.2,OCC_TO_CU
1717447276.4770699,241,66.7,29.2,CU_TO_DEV
1717447276.4775767,241,0.0,29.2,CU_TO_DEV
1717447284.3206236,322,3.7,29.2,OCC_TO_CU
1717447284.3213224,322,0.0,29.2,OCC_TO_CU
1717447284.484544,273,13.6,29.3,CU_TO_DEV
1717447284.484618,273,13.6,29.3,CU_TO_DEV
1717447294.3287947,322,4.5,29.1,OCC_TO_CU
1717447294.3295739,322,0.0,29.1,OCC_TO_CU
1717447294.4947362,273,13.6,29.2,CU_TO_DEV
1717447294.494887,273,13.6,29.2,CU_TO_DEV
1717447304.3615806,322,4.5,29.1,OCC_TO_CU
1717447304.3626158,322,0.0,29.1,OCC_TO_CU
1717447304.5005693,273,14.5,29.2,CU_TO_DEV
1717447304.5013895,273,0.0,29.2,CU_TO_DEV
1717447314.3544157,322,4.6,29.1,OCC_TO_CU
1717447314.355497,322,0.0,29.1,OCC_TO_CU
1717447314.5069435,273,0.0,29.2,CU_TO_DEV
1717447314.506427,273,15.3,29.2,CU_TO_DEV
1717447324.3948019,322,4.1,29.1,OCC_TO_CU
1717447324.3954592,322,100.0,29.1,OCC_TO_CU
1717447324.5132685,273,20.8,29.2,CU_TO_DEV
1717447324.5153403,273,100.0,29.2,CU_TO_DEV
1717447326.5476217,154,6.5,29.2,OCC_TO_CU
1717447326.7150178,241,13.8,29.3,CU_TO_DEV
1717447326.7174811,241,50.0,29.3,CU_TO_DEV
1717447334.390631,322,5.0,29.1,OCC_TO_CU
1717447334.3911998,322,0.0,29.1,OCC_TO_CU
1717447334.5199568,273,19.6,29.2,CU_TO_DEV
1717447334.521724,273,0.0,29.2,CU_TO_DEV
1717447344.4057345,322,3.6,29.1,OCC_TO_CU
1717447344.4064827,322,0.0,29.1,OCC_TO_CU
1717447344.5274024,273,20.8,29.2,CU_TO_DEV
1717447344.5282104,273,0.0,29.2,CU_TO_DEV
1717447354.452032,322,3.7,29.2,OCC_TO_CU
1717447354.452557,322,0.0,29.2,OCC_TO_CU
1717447354.5335698,273,28.1,29.3,CU_TO_DEV
1717447354.5343397,273,0.0,29.3,CU_TO_DEV
1717447364.442326,322,3.7,29.3,OCC_TO_CU
1717447364.4430163,322,0.0,29.3,OCC_TO_CU
1717447364.5394228,273,92.3,29.4,CU_TO_DEV
1717447364.5425293,273,0.0,29.4,CU_TO_DEV
1717447374.4540272,322,4.6,29.2,OCC_TO_CU
1717447374.4548156,322,0.0,29.2,OCC_TO_CU
1717447374.5450325,273,28.6,29.3,CU_TO_DEV
1717447374.5488582,273,0.0,29.3,CU_TO_DEV
1717447376.5142083,154,6.0,29.2,OCC_TO_CU
1717447376.5470812,241,66.7,29.3,CU_TO_DEV
1717447376.5504172,241,66.7,29.3,CU_TO_DEV
1717447384.4498582,322,4.3,29.1,OCC_TO_CU
1717447384.4505148,322,0.0,29.1,OCC_TO_CU
1717447384.5540798,273,24.4,29.2,CU_TO_DEV
1717447384.556971,273,50.0,29.2,CU_TO_DEV
1717447394.4767644,322,3.8,29.2,OCC_TO_CU
1717447394.4774127,322,0.0,29.2,OCC_TO_CU
1717447394.5605497,273,30.3,29.2,CU_TO_DEV
1717447394.562942,273,0.0,29.2,CU_TO_DEV
1717447404.51966,322,4.0,29.2,OCC_TO_CU
1717447404.5203116,322,0.0,29.2,OCC_TO_CU
1717447404.5670784,273,76.5,29.3,CU_TO_DEV
1717447404.5702531,273,100.0,29.3,CU_TO_DEV
1717447414.5079675,322,4.4,29.2,OCC_TO_CU
1717447414.508478,322,0.0,29.2,OCC_TO_CU
1717447414.576876,273,30.8,29.2,CU_TO_DEV
1717447414.5768118,273,30.8,29.2,CU_TO_DEV
1717447424.5107787,322,3.7,29.2,OCC_TO_CU
1717447424.513913,322,0.0,29.2,OCC_TO_CU
1717447424.5834846,273,36.7,29.3,CU_TO_DEV
1717447424.5840864,273,0.0,29.3,CU_TO_DEV
1717447426.689792,154,10.8,29.2,OCC_TO_CU
1717447426.7857845,241,10.8,29.3,CU_TO_DEV
1717447426.7856238,241,10.8,29.3,CU_TO_DEV
1717447434.5184307,322,4.3,29.1,OCC_TO_CU
1717447434.5190754,322,0.0,29.1,OCC_TO_CU
1717447434.5924168,273,30.0,29.2,CU_TO_DEV
1717447434.5930316,273,0.0,29.2,CU_TO_DEV
1717447444.5382974,322,3.9,29.2,OCC_TO_CU
1717447444.5389564,322,0.0,29.2,OCC_TO_CU
1717447444.6002007,273,46.2,29.2,CU_TO_DEV
1717447444.6035128,273,50.0,29.2,CU_TO_DEV
1717447454.5704243,322,3.7,29.2,OCC_TO_CU
1717447454.5710828,322,0.0,29.2,OCC_TO_CU
1717447454.6095712,273,61.5,29.3,CU_TO_DEV
1717447454.6093411,273,61.5,29.3,CU_TO_DEV
1717447464.570576,322,3.7,29.2,OCC_TO_CU
1717447464.5713308,322,50.0,29.2,OCC_TO_CU
1717447464.6164935,273,46.7,29.3,CU_TO_DEV
1717447464.6179428,273,0.0,29.3,CU_TO_DEV
1717447474.5763037,322,4.5,29.3,OCC_TO_CU
1717447474.5768905,322,0.0,29.3,OCC_TO_CU
1717447474.624724,273,52.4,29.3,CU_TO_DEV
1717447474.6263313,273,0.0,29.3,CU_TO_DEV
1717447476.5642726,154,5.3,29.3,OCC_TO_CU
1717447476.6264014,241,25.0,29.4,CU_TO_DEV
1717447476.6287785,241,100.0,29.4,CU_TO_DEV
1717447484.5890138,322,3.5,29.3,OCC_TO_CU
1717447484.5897734,322,0.0,29.3,OCC_TO_CU
1717447484.6340647,273,58.8,29.4,CU_TO_DEV
1717447484.6339095,273,60.0,29.4,CU_TO_DEV
1717447494.5982199,322,4.8,29.2,OCC_TO_CU
1717447494.5987434,322,0.0,29.2,OCC_TO_CU
1717447494.6415086,273,82.4,29.3,CU_TO_DEV
1717447494.64711,273,100.0,29.3,CU_TO_DEV
1717447504.6250148,322,4.8,29.2,OCC_TO_CU
1717447504.6256845,322,0.0,29.2,OCC_TO_CU
1717447504.6530526,273,100.0,29.2,CU_TO_DEV
1717447504.6520298,273,77.8,29.2,CU_TO_DEV
1717447514.6336505,322,4.9,29.1,OCC_TO_CU
1717447514.6343198,322,0.0,29.1,OCC_TO_CU
1717447514.6636922,273,81.8,29.2,CU_TO_DEV
1717447514.6652298,273,0.0,29.2,CU_TO_DEV
1717447524.637037,322,5.0,29.1,OCC_TO_CU
1717447524.6377,322,0.0,29.1,OCC_TO_CU
1717447524.6713037,273,84.6,29.1,CU_TO_DEV
1717447524.6711204,273,81.8,29.1,CU_TO_DEV
1717447526.5331771,154,6.8,29.2,OCC_TO_CU
1717447526.6742272,241,16.1,29.3,CU_TO_DEV
1717447526.674314,241,16.1,29.3,CU_TO_DEV
1717447534.643701,322,3.3,29.2,OCC_TO_CU
1717447534.6445646,322,0.0,29.2,OCC_TO_CU
1717447534.6800387,273,73.3,29.2,CU_TO_DEV
1717447534.6799898,273,73.3,29.2,CU_TO_DEV
1717447544.6555324,322,3.9,29.2,OCC_TO_CU
1717447544.6561818,322,0.0,29.2,OCC_TO_CU
1717447544.6876638,273,85.7,29.3,CU_TO_DEV
1717447544.6891491,273,0.0,29.3,CU_TO_DEV
1717447554.7038298,322,4.3,29.3,OCC_TO_CU
1717447554.7052574,322,0.0,29.3,OCC_TO_CU
1717447554.8973417,273,14.9,29.3,CU_TO_DEV
1717447554.8974001,273,14.9,29.3,CU_TO_DEV
1717447564.6841297,322,5.5,29.1,OCC_TO_CU
1717447564.6857386,322,0.0,29.1,OCC_TO_CU
1717447564.7054229,273,87.5,29.2,CU_TO_DEV
1717447564.7062483,273,0.0,29.2,CU_TO_DEV
1717447574.7116768,322,3.6,29.2,OCC_TO_CU
1717447574.7135675,322,0.0,29.2,OCC_TO_CU
1717447574.9123995,273,11.4,29.3,CU_TO_DEV
1717447574.9127073,273,0.0,29.3,CU_TO_DEV
1717447576.6156778,154,5.9,29.3,OCC_TO_CU
1717447576.7141876,241,26.3,29.3,CU_TO_DEV
1717447576.7142699,241,26.3,29.3,CU_TO_DEV
1717447584.7130635,322,3.6,29.3,OCC_TO_CU
1717447584.715098,322,100.0,29.3,OCC_TO_CU
1717447584.71941,273,33.3,29.3,CU_TO_DEV
1717447584.7192452,273,33.3,29.3,CU_TO_DEV
1717447594.7242925,322,3.6,29.3,OCC_TO_CU
1717447594.7274039,322,100.0,29.3,OCC_TO_CU
1717447594.9263027,273,12.3,29.4,CU_TO_DEV
1717447594.9268222,273,0.0,29.4,CU_TO_DEV
1717447604.7217665,322,3.9,29.3,OCC_TO_CU
1717447604.7248387,322,100.0,29.3,OCC_TO_CU
1717447604.7315078,273,66.7,29.3,CU_TO_DEV
1717447604.732864,273,0.0,29.3,CU_TO_DEV
1717447614.7499347,322,4.6,29.3,OCC_TO_CU
1717447614.7571466,322,66.7,29.3,OCC_TO_CU
1717447614.9379952,273,76.4,29.3,CU_TO_DEV
1717447614.9380448,273,76.4,29.3,CU_TO_DEV
1717447624.7592244,322,4.2,29.1,OCC_TO_CU
1717447624.7598085,322,0.0,29.1,OCC_TO_CU
1717447624.9449935,273,6.8,29.2,CU_TO_DEV
1717447624.9450755,273,6.8,29.2,CU_TO_DEV
1717447626.686813,154,5.2,29.2,OCC_TO_CU
1717447626.7470398,241,82.6,29.3,CU_TO_DEV
1717447626.7478008,241,100.0,29.3,CU_TO_DEV
1717447634.7613845,322,3.8,29.1,OCC_TO_CU
1717447634.7624211,322,0.0,29.1,OCC_TO_CU
1717447634.951335,273,11.7,29.2,CU_TO_DEV
1717447634.9514167,273,11.7,29.2,CU_TO_DEV
1717447644.7707973,322,4.1,29.1,OCC_TO_CU
1717447644.7714744,322,100.0,29.1,OCC_TO_CU
1717447644.9570737,273,10.8,29.2,CU_TO_DEV
1717447644.9573247,273,0.0,29.2,CU_TO_DEV
1717447654.7895281,322,3.9,29.1,OCC_TO_CU
1717447654.7901325,322,0.0,29.1,OCC_TO_CU
1717447654.9638166,273,10.1,29.2,CU_TO_DEV
1717447654.9638739,273,10.1,29.2,CU_TO_DEV
1717447664.786506,322,4.7,29.1,OCC_TO_CU
1717447664.7872784,322,100.0,29.1,OCC_TO_CU
1717447664.969316,273,8.3,29.2,CU_TO_DEV
1717447664.9694016,273,8.3,29.2,CU_TO_DEV
1717447674.8154292,322,3.7,29.1,OCC_TO_CU
1717447674.8160384,322,0.0,29.1,OCC_TO_CU
1717447674.974818,273,9.5,29.2,CU_TO_DEV
1717447674.9749668,273,9.5,29.2,CU_TO_DEV
1717447676.660542,154,6.6,29.2,OCC_TO_CU
1717447676.7768242,241,15.2,29.3,CU_TO_DEV
1717447676.7766416,241,15.2,29.3,CU_TO_DEV
1717447684.8014507,322,3.5,29.2,OCC_TO_CU
1717447684.8022804,322,0.0,29.2,OCC_TO_CU
1717447684.9814599,273,12.2,29.3,CU_TO_DEV
1717447684.9815683,273,12.2,29.3,CU_TO_DEV
1717447694.8157606,322,4.2,29.1,OCC_TO_CU
1717447694.8167362,322,0.0,29.1,OCC_TO_CU
1717447694.9879794,273,10.3,29.2,CU_TO_DEV
1717447694.9911351,273,0.0,29.2,CU_TO_DEV
1717447704.8466182,322,4.8,29.2,OCC_TO_CU
1717447704.8500063,322,0.0,29.2,OCC_TO_CU
1717447704.9936407,273,8.8,29.2,CU_TO_DEV
1717447704.9955933,273,0.0,29.2,CU_TO_DEV
1717447714.8569307,322,3.8,29.1,OCC_TO_CU
1717447714.8575501,322,0.0,29.1,OCC_TO_CU
1717447714.9987319,273,10.7,29.3,CU_TO_DEV
1717447715.0001655,273,100.0,29.3,CU_TO_DEV
1717447724.8694131,322,4.1,29.1,OCC_TO_CU
1717447724.874586,322,0.0,29.1,OCC_TO_CU
1717447725.0033615,273,24.0,29.2,CU_TO_DEV
1717447725.0042171,273,0.0,29.2,CU_TO_DEV
1717447727.8064184,154,4.6,29.1,OCC_TO_CU
1717447728.005457,241,15.0,29.2,CU_TO_DEV
1717447728.0059526,241,0.0,29.2,CU_TO_DEV
1717447734.8699815,322,3.8,29.2,OCC_TO_CU
1717447734.8712037,322,0.0,29.2,OCC_TO_CU
1717447735.009728,273,14.3,29.3,CU_TO_DEV
1717447735.0107718,273,0.0,29.3,CU_TO_DEV
1717447744.8737144,322,3.7,29.2,OCC_TO_CU
1717447744.8743548,322,0.0,29.2,OCC_TO_CU
1717447745.016051,273,14.0,29.3,CU_TO_DEV
1717447745.0165122,273,0.0,29.3,CU_TO_DEV
1717447754.8974476,322,5.5,29.1,OCC_TO_CU
1717447754.8980916,322,0.0,29.1,OCC_TO_CU
1717447755.0256674,273,15.1,29.2,CU_TO_DEV
1717447755.0261345,273,0.0,29.2,CU_TO_DEV
1717447764.9525208,322,4.8,29.1,OCC_TO_CU
1717447764.9556866,322,0.0,29.1,OCC_TO_CU
1717447765.0355723,273,18.7,29.2,CU_TO_DEV
1717447765.0359576,273,0.0,29.2,CU_TO_DEV
1717447774.916019,322,3.5,29.2,OCC_TO_CU
1717447774.9166374,322,0.0,29.2,OCC_TO_CU
1717447775.041184,273,16.0,29.2,CU_TO_DEV
1717447775.0410395,273,16.0,29.2,CU_TO_DEV
1717447777.8365571,154,4.7,29.2,OCC_TO_CU
1717447777.8437936,241,33.3,29.2,CU_TO_DEV
1717447777.8444986,241,0.0,29.2,CU_TO_DEV
1717447784.9161234,322,4.2,29.2,OCC_TO_CU
1717447784.916962,322,0.0,29.2,OCC_TO_CU
1717447785.0496516,273,11.3,29.3,CU_TO_DEV
1717447785.049402,273,11.3,29.3,CU_TO_DEV
1717447794.9359853,322,4.6,29.2,OCC_TO_CU
1717447794.9366443,322,0.0,29.2,OCC_TO_CU
1717447795.059632,273,18.4,29.3,CU_TO_DEV
1717447795.0598962,273,0.0,29.3,CU_TO_DEV
1717447804.95645,322,3.4,29.2,OCC_TO_CU
1717447804.9576602,322,0.0,29.2,OCC_TO_CU
1717447805.0648901,273,14.3,29.3,CU_TO_DEV
1717447805.0648234,273,14.3,29.3,CU_TO_DEV
1717447814.9868987,322,3.8,29.3,OCC_TO_CU
1717447814.9875963,322,0.0,29.3,OCC_TO_CU
1717447815.0714903,273,88.2,29.3,CU_TO_DEV
1717447815.0720978,273,0.0,29.3,CU_TO_DEV
1717447824.9776766,322,4.4,29.2,OCC_TO_CU
1717447824.9783416,322,0.0,29.2,OCC_TO_CU
1717447825.0780864,273,15.4,29.3,CU_TO_DEV
1717447825.078269,273,15.4,29.3,CU_TO_DEV
1717447827.891362,154,5.2,29.1,OCC_TO_CU
1717447828.080211,241,9.5,29.2,CU_TO_DEV
1717447828.0805814,241,0.0,29.2,CU_TO_DEV
1717447834.9906545,322,3.7,29.2,OCC_TO_CU
1717447834.9912975,322,0.0,29.2,OCC_TO_CU
1717447835.0842676,273,22.5,29.3,CU_TO_DEV
1717447835.084071,273,22.5,29.3,CU_TO_DEV
1717447845.0119965,322,4.5,29.1,OCC_TO_CU
1717447845.0127509,322,0.0,29.1,OCC_TO_CU
1717447845.0909684,273,17.2,29.2,CU_TO_DEV
1717447845.0934803,273,50.0,29.3,CU_TO_DEV
1717447855.0483813,322,3.9,29.2,OCC_TO_CU
1717447855.0490444,322,0.0,29.2,OCC_TO_CU
1717447855.0973647,273,35.0,29.3,CU_TO_DEV
1717447855.0993254,273,0.0,29.3,CU_TO_DEV
1717447865.0158145,322,3.8,29.2,OCC_TO_CU
1717447865.0163565,322,0.0,29.2,OCC_TO_CU
1717447865.1044593,273,21.6,29.3,CU_TO_DEV
1717447865.1044126,273,21.6,29.3,CU_TO_DEV
1717447875.0599701,322,3.7,29.3,OCC_TO_CU
1717447875.062481,322,0.0,29.3,OCC_TO_CU
1717447875.1108224,273,31.6,29.4,CU_TO_DEV
1717447875.1113324,273,0.0,29.4,CU_TO_DEV
1717447877.9779255,154,4.8,29.3,OCC_TO_CU
1717447878.1126995,241,12.7,29.4,CU_TO_DEV
1717447878.115016,241,0.0,29.4,CU_TO_DEV
1717447885.0477161,322,4.4,29.3,OCC_TO_CU
1717447885.0483382,322,0.0,29.3,OCC_TO_CU
1717447885.1194866,273,89.7,29.4,CU_TO_DEV
1717447885.12036,273,0.0,29.4,CU_TO_DEV
1717447895.0764728,322,5.0,29.1,OCC_TO_CU
1717447895.0785089,322,0.0,29.1,OCC_TO_CU
1717447895.126014,273,33.3,29.2,CU_TO_DEV
1717447895.1260946,273,33.3,29.2,CU_TO_DEV
1717447905.0698063,322,3.4,29.1,OCC_TO_CU
1717447905.070486,322,0.0,29.1,OCC_TO_CU
1717447905.1317313,273,30.8,29.2,CU_TO_DEV
1717447905.1319923,273,0.0,29.2,CU_TO_DEV
1717447915.10136,322,3.9,29.2,OCC_TO_CU
1717447915.101989,322,0.0,29.2,OCC_TO_CU
1717447915.1380665,273,76.9,29.3,CU_TO_DEV
1717447915.139228,273,100.0,29.3,CU_TO_DEV
1717447925.1100612,322,4.3,29.2,OCC_TO_CU
1717447925.1107087,322,0.0,29.2,OCC_TO_CU
1717447925.1454017,273,35.7,29.3,CU_TO_DEV
1717447925.145278,273,35.7,29.3,CU_TO_DEV
1717447928.0545437,154,5.8,29.2,OCC_TO_CU
1717447928.1482048,241,11.1,29.2,CU_TO_DEV
1717447928.151804,241,0.0,29.2,CU_TO_DEV
1717447935.1275253,322,4.6,29.2,OCC_TO_CU
1717447935.1280427,322,0.0,29.2,OCC_TO_CU
1717447935.1524782,273,50.0,29.3,CU_TO_DEV
1717447935.1561341,273,0.0,29.3,CU_TO_DEV
1717447945.1235676,322,4.7,29.1,OCC_TO_CU
1717447945.1242046,322,0.0,29.1,OCC_TO_CU
1717447945.1600606,273,28.6,29.3,CU_TO_DEV
1717447945.162153,273,0.0,29.3,CU_TO_DEV
1717447955.1379645,322,3.3,29.2,OCC_TO_CU
1717447955.1384964,322,0.0,29.2,OCC_TO_CU
1717447955.166031,273,36.4,29.2,CU_TO_DEV
1717447955.166621,273,0.0,29.2,CU_TO_DEV
1717447965.1983728,322,3.7,29.2,OCC_TO_CU
1717447965.1988783,322,0.0,29.2,OCC_TO_CU
1717447965.3713791,273,8.7,29.3,CU_TO_DEV
1717447965.371598,273,8.7,29.3,CU_TO_DEV
1717447975.1905496,322,3.7,29.3,OCC_TO_CU
1717447975.1910515,322,0.0,29.3,OCC_TO_CU
1717447975.3775043,273,8.0,29.4,CU_TO_DEV
1717447975.377592,273,8.0,29.4,CU_TO_DEV
1717447978.0273628,154,6.3,29.3,OCC_TO_CU
1717447978.1795206,241,42.6,29.4,CU_TO_DEV
1717447978.180207,241,0.0,29.4,CU_TO_DEV
1717447985.1714406,322,3.4,29.3,OCC_TO_CU
1717447985.1721234,322,0.0,29.3,OCC_TO_CU
1717447985.1846664,273,25.0,29.3,CU_TO_DEV
1717447985.184617,273,25.0,29.3,CU_TO_DEV
1717447995.197866,322,3.5,29.3,OCC_TO_CU
1717447995.198501,322,0.0,29.3,OCC_TO_CU
1717447995.3905168,273,10.3,29.4,CU_TO_DEV
1717447995.390695,273,10.3,29.4,CU_TO_DEV
1717448005.2024038,322,3.7,29.3,OCC_TO_CU
1717448005.2030292,322,0.0,29.3,OCC_TO_CU
1717448005.397988,273,9.0,29.4,CU_TO_DEV
1717448005.3979404,273,9.0,29.4,CU_TO_DEV
1717448015.2093337,322,4.4,29.3,OCC_TO_CU
1717448015.2099411,322,0.0,29.3,OCC_TO_CU
1717448015.4039855,273,9.0,29.4,CU_TO_DEV
1717448015.4040341,273,9.0,29.4,CU_TO_DEV
1717448025.21716,322,5.4,29.2,OCC_TO_CU
1717448025.2192328,322,0.0,29.2,OCC_TO_CU
1717448025.413027,273,48.7,29.2,CU_TO_DEV
1717448025.4136941,273,0.0,29.2,CU_TO_DEV
1717448028.0882173,154,4.2,29.1,OCC_TO_CU
1717448028.2154608,241,10.2,29.2,CU_TO_DEV
1717448028.2153416,241,10.2,29.2,CU_TO_DEV
1717448035.226858,322,3.7,29.1,OCC_TO_CU
1717448035.227675,322,100.0,29.1,OCC_TO_CU
1717448035.4195223,273,9.1,29.2,CU_TO_DEV
1717448035.419626,273,9.1,29.2,CU_TO_DEV
1717448045.2449172,322,3.9,29.1,OCC_TO_CU
1717448045.2455344,322,0.0,29.1,OCC_TO_CU
1717448045.426207,273,9.7,29.2,CU_TO_DEV
1717448045.4262798,273,9.7,29.2,CU_TO_DEV
1717448055.2469218,322,3.7,29.2,OCC_TO_CU
1717448055.2478797,322,100.0,29.2,OCC_TO_CU
1717448055.43278,273,8.3,29.3,CU_TO_DEV
1717448055.432949,273,8.2,29.3,CU_TO_DEV
1717448065.2647545,322,4.0,29.3,OCC_TO_CU
1717448065.265548,322,0.0,29.3,OCC_TO_CU
1717448065.439428,273,8.7,29.3,CU_TO_DEV
1717448065.4393837,273,8.7,29.3,CU_TO_DEV
1717448075.2758808,322,5.5,29.1,OCC_TO_CU
1717448075.2765257,322,0.0,29.1,OCC_TO_CU
1717448075.4479506,273,9.0,29.2,CU_TO_DEV
1717448075.4483771,273,0.0,29.2,CU_TO_DEV
1717448078.0459924,154,5.1,29.1,OCC_TO_CU
1717448078.0499485,241,100.0,29.1,CU_TO_DEV
1717448078.0499015,241,100.0,29.1,CU_TO_DEV
1717448085.2791932,322,4.0,29.2,OCC_TO_CU
1717448085.2800064,322,0.0,29.2,OCC_TO_CU
1717448085.4541428,273,8.8,29.3,CU_TO_DEV
1717448085.455304,273,50.0,29.3,CU_TO_DEV
1717448095.29274,322,3.9,29.2,OCC_TO_CU
1717448095.2933693,322,0.0,29.2,OCC_TO_CU
1717448095.4607635,273,10.4,29.4,CU_TO_DEV
1717448095.46101,273,0.0,29.4,CU_TO_DEV
1717448105.3214288,322,3.7,29.3,OCC_TO_CU
1717448105.3244836,322,0.0,29.3,OCC_TO_CU
1717448105.4666078,273,12.5,29.4,CU_TO_DEV
1717448105.4667954,273,12.3,29.4,CU_TO_DEV
1717448115.3348305,322,3.9,29.3,OCC_TO_CU
1717448115.3354883,322,100.0,29.3,OCC_TO_CU
1717448115.472824,273,83.0,29.4,CU_TO_DEV
1717448115.4728663,273,83.0,29.4,CU_TO_DEV
1717448125.339759,322,4.7,29.2,OCC_TO_CU
1717448125.3404152,322,0.0,29.2,OCC_TO_CU
1717448125.4789174,273,7.7,29.3,CU_TO_DEV
1717448125.4791915,273,0.0,29.3,CU_TO_DEV
1717448128.0827851,154,5.0,29.3,OCC_TO_CU
1717448128.2810261,241,15.0,29.3,CU_TO_DEV
1717448128.28152,241,0.0,29.3,CU_TO_DEV
1717448135.342088,322,3.5,29.3,OCC_TO_CU
1717448135.342756,322,0.0,29.3,OCC_TO_CU
1717448135.4855099,273,13.8,29.4,CU_TO_DEV
1717448135.4858356,273,0.0,29.4,CU_TO_DEV
1717448145.3494406,322,4.5,29.2,OCC_TO_CU
1717448145.350088,322,0.0,29.2,OCC_TO_CU
1717448145.49138,273,10.7,29.3,CU_TO_DEV
1717448145.4912333,273,10.7,29.3,CU_TO_DEV
1717448155.3803732,322,3.7,29.3,OCC_TO_CU
1717448155.3810365,322,0.0,29.3,OCC_TO_CU
1717448155.4975946,273,85.4,29.3,CU_TO_DEV
1717448155.4976351,273,85.4,29.3,CU_TO_DEV
1717448165.3865476,322,4.3,29.2,OCC_TO_CU
1717448165.3894715,322,0.0,29.2,OCC_TO_CU
1717448165.503605,273,11.4,29.2,CU_TO_DEV
1717448165.5037026,273,11.4,29.2,CU_TO_DEV
1717448175.409528,322,4.0,29.1,OCC_TO_CU
1717448175.4102046,322,0.0,29.1,OCC_TO_CU
1717448175.511911,273,15.0,29.2,CU_TO_DEV
1717448175.5118425,273,15.0,29.2,CU_TO_DEV
1717448178.11649,154,5.5,29.2,OCC_TO_CU
1717448178.3140948,241,10.4,29.3,CU_TO_DEV
1717448178.3146312,241,0.0,29.3,CU_TO_DEV
1717448185.3992145,322,3.5,29.2,OCC_TO_CU
1717448185.399875,322,0.0,29.2,OCC_TO_CU
1717448185.5198658,273,16.3,29.3,CU_TO_DEV
1717448185.519636,273,16.3,29.3,CU_TO_DEV
1717448195.4270935,322,3.6,29.3,OCC_TO_CU
1717448195.4278433,322,0.0,29.3,OCC_TO_CU
1717448195.5260208,273,17.9,29.4,CU_TO_DEV
1717448195.526113,273,17.9,29.4,CU_TO_DEV
1717448205.4350553,322,4.4,29.2,OCC_TO_CU
1717448205.4358423,322,0.0,29.2,OCC_TO_CU
1717448205.533831,273,22.0,29.3,CU_TO_DEV
1717448205.5340936,273,0.0,29.3,CU_TO_DEV
1717448215.4446702,322,4.8,29.2,OCC_TO_CU
1717448215.4458458,322,0.0,29.2,OCC_TO_CU
1717448215.5436282,273,89.7,29.3,CU_TO_DEV
1717448215.5435739,273,89.7,29.3,CU_TO_DEV
1717448225.468882,322,4.2,29.1,OCC_TO_CU
1717448225.4695473,322,0.0,29.1,OCC_TO_CU
1717448225.549709,273,24.2,29.2,CU_TO_DEV
1717448225.5497692,273,24.2,29.2,CU_TO_DEV
1717448228.1895232,154,5.3,29.1,OCC_TO_CU
1717448228.3520558,241,9.2,29.2,CU_TO_DEV
1717448228.3520103,241,9.2,29.2,CU_TO_DEV
1717448235.4630418,322,3.4,29.2,OCC_TO_CU
1717448235.4638238,322,0.0,29.2,OCC_TO_CU
1717448235.5572908,273,23.1,29.3,CU_TO_DEV
1717448235.557622,273,0.0,29.3,CU_TO_DEV
1717448245.4753683,322,4.0,29.2,OCC_TO_CU
1717448245.476136,322,0.0,29.2,OCC_TO_CU
1717448245.5634634,273,17.6,29.4,CU_TO_DEV
1717448245.563618,273,17.6,29.4,CU_TO_DEV
1717448255.499565,322,4.6,29.2,OCC_TO_CU
1717448255.5001285,322,0.0,29.2,OCC_TO_CU
1717448255.5689423,273,15.4,29.3,CU_TO_DEV
1717448255.5689778,273,15.4,29.3,CU_TO_DEV
1717448265.5085104,322,4.5,29.2,OCC_TO_CU
1717448265.5090158,322,0.0,29.2,OCC_TO_CU
1717448265.576222,273,22.2,29.3,CU_TO_DEV
1717448265.5799336,273,0.0,29.3,CU_TO_DEV
1717448275.5468197,322,3.4,29.2,OCC_TO_CU
1717448275.547492,322,100.0,29.2,OCC_TO_CU
1717448275.5824578,273,42.9,29.3,CU_TO_DEV
1717448275.5851717,273,50.0,29.3,CU_TO_DEV
1717448278.260442,154,4.9,29.3,OCC_TO_CU
1717448278.3853033,241,12.0,29.4,CU_TO_DEV
1717448278.3882928,241,0.0,29.4,CU_TO_DEV
1717448285.520304,322,3.2,29.3,OCC_TO_CU
1717448285.5213203,322,0.0,29.3,OCC_TO_CU
1717448285.5913801,273,86.7,29.4,CU_TO_DEV
1717448285.5954764,273,100.0,29.4,CU_TO_DEV
1717448295.5559816,322,3.7,29.3,OCC_TO_CU
1717448295.5567727,322,0.0,29.3,OCC_TO_CU
1717448295.5970304,273,37.5,29.3,CU_TO_DEV
1717448295.5996137,273,0.0,29.3,CU_TO_DEV
1717448305.5573783,322,4.7,29.2,OCC_TO_CU
1717448305.558157,322,0.0,29.2,OCC_TO_CU
1717448305.6032681,273,36.8,29.3,CU_TO_DEV
1717448305.6064022,273,0.0,29.3,CU_TO_DEV
1717448315.5730546,322,3.8,29.2,OCC_TO_CU
1717448315.5736966,322,0.0,29.2,OCC_TO_CU
1717448315.6111019,273,69.2,29.3,CU_TO_DEV
1717448315.6128805,273,100.0,29.3,CU_TO_DEV
1717448325.5815299,322,4.3,29.2,OCC_TO_CU
1717448325.5821857,322,0.0,29.2,OCC_TO_CU
1717448325.6171308,273,42.9,29.3,CU_TO_DEV
1717448325.6186123,273,0.0,29.3,CU_TO_DEV
1717448329.263529,154,7.1,29.1,OCC_TO_CU
1717448329.4215834,241,6.5,29.2,CU_TO_DEV
1717448329.4220562,241,0.0,29.2,CU_TO_DEV
1717448335.6037133,322,3.4,29.1,OCC_TO_CU
1717448335.6043603,322,0.0,29.1,OCC_TO_CU
1717448335.6262789,273,44.4,29.2,CU_TO_DEV
1717448335.626526,273,44.4,29.2,CU_TO_DEV
1717448345.6101325,322,5.1,29.1,OCC_TO_CU
1717448345.6106513,322,0.0,29.1,OCC_TO_CU
1717448345.6340048,273,44.4,29.2,CU_TO_DEV
1717448345.6345162,273,0.0,29.2,CU_TO_DEV
1717448355.6366355,322,3.8,29.1,OCC_TO_CU
1717448355.6373591,322,0.0,29.1,OCC_TO_CU
1717448355.6401067,273,0.0,29.1,CU_TO_DEV
1717448355.6403303,273,0.0,29.1,CU_TO_DEV
1717448365.6391752,322,3.9,29.2,OCC_TO_CU
1717448365.6398313,322,100.0,29.2,OCC_TO_CU
1717448365.6460772,273,0.0,29.2,CU_TO_DEV
1717448365.64571,273,0.0,29.2,CU_TO_DEV
1717448375.6496885,322,4.3,29.2,OCC_TO_CU
1717448375.6503296,322,0.0,29.2,OCC_TO_CU
1717448375.6521037,273,0.0,29.2,CU_TO_DEV
1717448375.6522963,273,0.0,29.2,CU_TO_DEV
1717448379.3281775,154,4.9,29.3,OCC_TO_CU
1717448379.4545732,241,13.7,29.4,CU_TO_DEV
1717448379.454724,241,13.7,29.4,CU_TO_DEV
1717448385.7086954,322,3.9,29.3,OCC_TO_CU
1717448385.7094493,322,0.0,29.3,OCC_TO_CU
1717448385.858723,273,14.8,29.4,CU_TO_DEV
1717448385.8587675,273,14.8,29.4,CU_TO_DEV
1717448395.6797268,322,5.2,29.2,OCC_TO_CU
1717448395.6804178,322,0.0,29.2,OCC_TO_CU
1717448395.8674612,273,13.2,29.3,CU_TO_DEV
1717448395.8674006,273,13.2,29.3,CU_TO_DEV
1717448405.693527,322,4.1,29.3,OCC_TO_CU
1717448405.6941695,322,0.0,29.3,OCC_TO_CU
1717448405.873324,273,11.3,29.4,CU_TO_DEV
1717448405.87382,273,0.0,29.4,CU_TO_DEV
1717448415.6976643,322,3.9,29.3,OCC_TO_CU
1717448415.6984699,322,0.0,29.3,OCC_TO_CU
1717448415.8799253,273,13.3,29.4,CU_TO_DEV
1717448415.8801503,273,0.0,29.4,CU_TO_DEV
1717448425.7236462,322,4.5,29.2,OCC_TO_CU
1717448425.7243052,322,0.0,29.2,OCC_TO_CU
1717448425.8870752,273,63.1,29.3,CU_TO_DEV
1717448425.8908193,273,33.3,29.3,CU_TO_DEV
1717448429.4063945,154,3.8,29.2,OCC_TO_CU
1717448429.4890988,241,18.2,29.3,CU_TO_DEV
1717448429.4925487,241,0.0,29.3,CU_TO_DEV
1717448435.7422066,322,4.0,29.2,OCC_TO_CU
1717448435.742832,322,0.0,29.2,OCC_TO_CU
1717448435.8931866,273,13.3,29.3,CU_TO_DEV
1717448435.8964503,273,0.0,29.3,CU_TO_DEV
1717448445.7478395,322,4.6,29.1,OCC_TO_CU
1717448445.7512996,322,50.0,29.1,OCC_TO_CU
1717448445.9003494,273,17.7,29.3,CU_TO_DEV
1717448445.9018693,273,0.0,29.3,CU_TO_DEV
1717448455.7887,322,4.8,29.2,OCC_TO_CU
1717448455.7898715,322,0.0,29.2,OCC_TO_CU
1717448455.9067903,273,10.9,29.2,CU_TO_DEV
1717448455.908239,273,0.0,29.2,CU_TO_DEV
1717448465.7614515,322,3.4,29.2,OCC_TO_CU
1717448465.7621934,322,0.0,29.2,OCC_TO_CU
1717448465.9126616,273,11.7,29.3,CU_TO_DEV
1717448465.9143152,273,0.0,29.3,CU_TO_DEV
1717448475.780844,322,4.0,29.2,OCC_TO_CU
1717448475.7819436,322,0.0,29.2,OCC_TO_CU
1717448475.9208655,273,11.1,29.3,CU_TO_DEV
1717448475.9213276,273,0.0,29.3,CU_TO_DEV
1717448479.4778883,154,4.6,29.2,OCC_TO_CU
1717448479.5239296,241,23.5,29.3,CU_TO_DEV
1717448479.5244246,241,0.0,29.3,CU_TO_DEV
1717448485.7876513,322,5.1,29.2,OCC_TO_CU
1717448485.7882862,322,0.0,29.2,OCC_TO_CU
1717448485.9288044,273,7.3,29.3,CU_TO_DEV
1717448485.9295638,273,0.0,29.3,CU_TO_DEV
1717448495.816643,322,3.7,29.2,OCC_TO_CU
1717448495.8174517,322,0.0,29.2,OCC_TO_CU
1717448495.9369066,273,11.1,29.3,CU_TO_DEV
1717448495.9373918,273,0.0,29.3,CU_TO_DEV
1717448505.8237176,322,3.8,29.3,OCC_TO_CU
1717448505.8245165,322,0.0,29.3,OCC_TO_CU
1717448505.944021,273,14.6,29.3,CU_TO_DEV
1717448505.9453785,273,0.0,29.3,CU_TO_DEV
1717448515.8214905,322,3.8,29.3,OCC_TO_CU
1717448515.838016,322,50.0,29.3,OCC_TO_CU
1717448515.952949,273,23.9,29.4,CU_TO_DEV
1717448515.9530094,273,23.9,29.4,CU_TO_DEV
1717448525.8372607,322,5.4,29.2,OCC_TO_CU
1717448525.8379319,322,0.0,29.2,OCC_TO_CU
1717448525.9635615,273,14.0,29.3,CU_TO_DEV
1717448525.963627,273,14.0,29.3,CU_TO_DEV
1717448529.349541,154,7.3,29.1,OCC_TO_CU
1717448529.3675628,241,66.7,29.1,CU_TO_DEV
1717448529.3673851,241,66.7,29.2,CU_TO_DEV
1717448535.8451116,322,3.7,29.1,OCC_TO_CU
1717448535.846003,322,0.0,29.1,OCC_TO_CU
1717448535.9750826,273,16.7,29.2,CU_TO_DEV
1717448535.9751477,273,18.2,29.2,CU_TO_DEV
1717448545.873462,322,3.6,29.2,OCC_TO_CU
1717448545.8745162,322,0.0,29.2,OCC_TO_CU
1717448545.9807174,273,18.2,29.3,CU_TO_DEV
1717448545.9807835,273,18.2,29.3,CU_TO_DEV
1717448555.9105089,322,4.0,29.3,OCC_TO_CU
1717448555.9111514,322,0.0,29.3,OCC_TO_CU
1717448555.9865592,273,93.1,29.4,CU_TO_DEV
1717448555.9906936,273,100.0,29.4,CU_TO_DEV
1717448565.8874876,322,3.8,29.2,OCC_TO_CU
1717448565.8891757,322,0.0,29.2,OCC_TO_CU
1717448565.9917226,273,20.0,29.3,CU_TO_DEV
1717448565.9955885,273,0.0,29.3,CU_TO_DEV
1717448575.909534,322,4.7,29.2,OCC_TO_CU
1717448575.910077,322,0.0,29.2,OCC_TO_CU
1717448575.997187,273,16.7,29.3,CU_TO_DEV
1717448576.0006502,273,0.0,29.3,CU_TO_DEV
1717448579.3166456,154,3.8,29.2,OCC_TO_CU
1717448579.3994803,241,35.3,29.3,CU_TO_DEV
1717448579.4023612,241,0.0,29.3,CU_TO_DEV
1717448585.9052866,322,4.8,29.2,OCC_TO_CU
1717448585.906345,322,0.0,29.2,OCC_TO_CU
1717448586.004091,273,10.5,29.3,CU_TO_DEV
1717448586.0154214,273,25.0,29.3,CU_TO_DEV
1717448595.9189458,322,3.3,29.2,OCC_TO_CU
1717448595.919608,322,0.0,29.2,OCC_TO_CU
1717448596.0104065,273,17.1,29.3,CU_TO_DEV
1717448596.0216548,273,0.0,29.3,CU_TO_DEV
1717448605.9517672,322,3.9,29.2,OCC_TO_CU
1717448605.9525414,322,0.0,29.2,OCC_TO_CU
1717448606.016615,273,20.8,29.3,CU_TO_DEV
1717448606.0288866,273,20.0,29.3,CU_TO_DEV
1717448615.9576197,322,3.8,29.3,OCC_TO_CU
1717448615.9582622,322,0.0,29.3,OCC_TO_CU
1717448616.02351,273,23.1,29.4,CU_TO_DEV
1717448616.0351698,273,25.0,29.4,CU_TO_DEV
1717448625.9558132,322,5.4,29.1,OCC_TO_CU
1717448625.9578407,322,0.0,29.1,OCC_TO_CU
1717448626.0298986,273,19.2,29.2,CU_TO_DEV
1717448626.0411267,273,25.0,29.2,CU_TO_DEV
1717448629.3918846,154,4.6,29.1,OCC_TO_CU
1717448629.4327624,241,64.7,29.2,CU_TO_DEV
1717448629.4432342,241,80.0,29.2,CU_TO_DEV
1717448635.9855268,322,3.5,29.2,OCC_TO_CU
1717448635.9867887,322,0.0,29.2,OCC_TO_CU
1717448636.037305,273,33.3,29.3,CU_TO_DEV
1717448636.0467086,273,33.3,29.3,CU_TO_DEV
1717448645.9915247,322,3.9,29.3,OCC_TO_CU
1717448645.9922695,322,0.0,29.3,OCC_TO_CU
1717448646.043939,273,33.3,29.4,CU_TO_DEV
1717448646.0529566,273,33.3,29.4,CU_TO_DEV
1717448656.0199895,322,4.5,29.2,OCC_TO_CU
1717448656.0207732,322,0.0,29.2,OCC_TO_CU
1717448656.0525503,273,46.2,29.3,CU_TO_DEV
1717448656.058548,273,0.0,29.3,CU_TO_DEV
1717448666.0150561,322,4.4,29.2,OCC_TO_CU
1717448666.015702,322,100.0,29.2,OCC_TO_CU
1717448666.0594103,273,23.5,29.3,CU_TO_DEV
1717448666.0651088,273,0.0,29.3,CU_TO_DEV
1717448676.0513005,322,3.4,29.2,OCC_TO_CU
1717448676.0615566,322,33.3,29.2,OCC_TO_CU
1717448676.068203,273,66.7,29.2,CU_TO_DEV
1717448676.070852,273,0.0,29.2,CU_TO_DEV
1717448680.4736836,154,4.8,29.3,OCC_TO_CU
1717448680.6753364,241,53.1,29.3,CU_TO_DEV
1717448680.6753926,241,53.1,29.3,CU_TO_DEV
1717448686.0318341,322,3.3,29.2,OCC_TO_CU
1717448686.03268,322,0.0,29.2,OCC_TO_CU
1717448686.078324,273,33.3,29.3,CU_TO_DEV
1717448686.0782664,273,33.3,29.3,CU_TO_DEV
1717448696.061102,322,3.7,29.2,OCC_TO_CU
1717448696.061929,322,0.0,29.2,OCC_TO_CU
1717448696.0845823,273,44.4,29.3,CU_TO_DEV
1717448696.0849047,273,44.4,29.3,CU_TO_DEV
1717448706.0997026,322,3.7,29.2,OCC_TO_CU
1717448706.1006718,322,0.0,29.2,OCC_TO_CU
1717448706.2914677,273,15.6,29.4,CU_TO_DEV
1717448706.2918944,273,0.0,29.4,CU_TO_DEV
1717448716.0803738,322,5.3,29.1,OCC_TO_CU
1717448716.0812173,322,0.0,29.1,OCC_TO_CU
1717448716.1002939,273,33.3,29.2,CU_TO_DEV
1717448716.1059613,273,50.0,29.2,CU_TO_DEV
1717448726.0881524,322,4.2,29.1,OCC_TO_CU
1717448726.089111,322,0.0,29.1,OCC_TO_CU
1717448726.1089077,273,50.0,29.1,CU_TO_DEV
1717448726.1149983,273,0.0,29.1,CU_TO_DEV
1717448730.5049732,154,4.3,29.1,OCC_TO_CU
1717448730.511353,241,80.0,29.1,CU_TO_DEV
1717448730.519714,241,100.0,29.1,CU_TO_DEV
1717448736.0953348,322,3.4,29.2,OCC_TO_CU
1717448736.0958686,322,0.0,29.2,OCC_TO_CU
1717448736.1154487,273,44.4,29.2,CU_TO_DEV
1717448736.1243043,273,75.0,29.3,CU_TO_DEV
1717448746.0995877,322,3.7,29.2,OCC_TO_CU
1717448746.100627,322,0.0,29.2,OCC_TO_CU
1717448746.1236053,273,54.5,29.3,CU_TO_DEV
1717448746.129924,273,50.0,29.3,CU_TO_DEV
1717448756.1110625,322,3.7,29.2,OCC_TO_CU
1717448756.1123123,322,100.0,29.2,OCC_TO_CU
1717448756.129373,273,50.0,29.2,CU_TO_DEV
1717448756.1371977,273,66.7,29.3,CU_TO_DEV
1717448766.1286469,322,4.9,29.2,OCC_TO_CU
1717448766.1297462,322,0.0,29.2,OCC_TO_CU
1717448766.1395786,273,33.3,29.2,CU_TO_DEV
1717448766.148963,273,75.0,29.2,CU_TO_DEV
1717448776.1350403,322,4.5,29.2,OCC_TO_CU
1717448776.1356277,322,100.0,29.2,OCC_TO_CU
1717448776.146866,273,50.0,29.2,CU_TO_DEV
1717448776.1561856,273,80.0,29.2,CU_TO_DEV
1717448780.5997715,154,3.9,29.3,OCC_TO_CU
1717448780.7494981,241,21.7,29.3,CU_TO_DEV
1717448780.7585914,241,0.0,29.3,CU_TO_DEV
1717448786.1711214,322,4.0,29.3,OCC_TO_CU
1717448786.17185,322,0.0,29.3,OCC_TO_CU
1717448786.3525944,273,10.8,29.4,CU_TO_DEV
1717448786.361314,273,33.3,29.4,CU_TO_DEV
1717448796.1756206,322,3.8,29.3,OCC_TO_CU
1717448796.1762903,322,0.0,29.3,OCC_TO_CU
1717448796.3576293,273,11.0,29.4,CU_TO_DEV
1717448796.3668587,273,0.0,29.4,CU_TO_DEV
1717448806.1956375,322,4.5,29.2,OCC_TO_CU
1717448806.1963391,322,0.0,29.2,OCC_TO_CU
1717448806.362394,273,51.5,29.3,CU_TO_DEV
1717448806.3733706,273,0.0,29.3,CU_TO_DEV
1717448816.193199,322,3.7,29.2,OCC_TO_CU
1717448816.1940389,322,0.0,29.2,OCC_TO_CU
1717448816.368654,273,10.0,29.3,CU_TO_DEV
1717448816.3787634,273,25.0,29.3,CU_TO_DEV
1717448826.2007976,322,4.5,29.2,OCC_TO_CU
1717448826.2014902,322,0.0,29.2,OCC_TO_CU
1717448826.3740594,273,10.1,29.2,CU_TO_DEV
1717448826.3835676,273,25.0,29.2,CU_TO_DEV
1717448830.638745,154,4.4,29.2,OCC_TO_CU
1717448830.77682,241,26.8,29.2,CU_TO_DEV
1717448830.7874782,241,25.0,29.2,CU_TO_DEV
1717448836.2092743,322,3.7,29.2,OCC_TO_CU
1717448836.2103715,322,0.0,29.2,OCC_TO_CU
1717448836.3801725,273,9.0,29.3,CU_TO_DEV
1717448836.3901331,273,50.0,29.3,CU_TO_DEV
1717448846.2575884,322,4.3,29.2,OCC_TO_CU
1717448846.2585368,322,0.0,29.2,OCC_TO_CU
1717448846.3849268,273,15.7,29.3,CU_TO_DEV
1717448846.3954666,273,25.0,29.3,CU_TO_DEV
1717448856.2451694,322,4.8,29.1,OCC_TO_CU
1717448856.2460585,322,0.0,29.1,OCC_TO_CU
1717448856.391093,273,10.3,29.2,CU_TO_DEV
1717448856.4000304,273,25.0,29.2,CU_TO_DEV
1717448866.2406793,322,3.9,29.2,OCC_TO_CU
1717448866.241705,322,0.0,29.2,OCC_TO_CU
1717448866.3959212,273,9.8,29.3,CU_TO_DEV
1717448866.4047954,273,50.0,29.3,CU_TO_DEV
1717448876.279227,322,3.9,29.2,OCC_TO_CU
1717448876.2802045,322,0.0,29.2,OCC_TO_CU
1717448876.4008446,273,14.3,29.3,CU_TO_DEV
1717448876.4091814,273,0.0,29.3,CU_TO_DEV
1717448880.7836719,154,4.6,29.3,OCC_TO_CU
1717448880.8035636,241,55.6,29.3,CU_TO_DEV
1717448880.8121212,241,66.7,29.4,CU_TO_DEV
1717448886.2725892,322,3.9,29.3,OCC_TO_CU
1717448886.2734182,322,0.0,29.3,OCC_TO_CU
1717448886.4077082,273,11.3,29.4,CU_TO_DEV
1717448886.4166265,273,0.0,29.4,CU_TO_DEV
1717448896.2936368,322,4.7,29.3,OCC_TO_CU
1717448896.294471,322,0.0,29.3,OCC_TO_CU
1717448896.4161928,273,12.2,29.4,CU_TO_DEV
1717448896.4243436,273,25.0,29.4,CU_TO_DEV
1717448906.3142562,322,4.0,29.2,OCC_TO_CU
1717448906.3148978,322,0.0,29.2,OCC_TO_CU
1717448906.420771,273,9.8,29.3,CU_TO_DEV
1717448906.4295292,273,33.3,29.3,CU_TO_DEV
1717448916.3389664,322,3.7,29.3,OCC_TO_CU
1717448916.3398948,322,0.0,29.3,OCC_TO_CU
1717448916.4274511,273,91.2,29.3,CU_TO_DEV
1717448916.4367638,273,100.0,29.3,CU_TO_DEV
1717448926.3362708,322,3.6,29.2,OCC_TO_CU
1717448926.3377113,322,0.0,29.2,OCC_TO_CU
1717448926.4325118,273,16.2,29.3,CU_TO_DEV
1717448926.4426692,273,25.0,29.3,CU_TO_DEV
1717448930.7582922,154,4.6,29.2,OCC_TO_CU
1717448930.8367176,241,90.9,29.3,CU_TO_DEV
1717448930.8485909,241,100.0,29.3,CU_TO_DEV
1717448936.3342094,322,3.7,29.2,OCC_TO_CU
1717448936.3373659,322,0.0,29.2,OCC_TO_CU
1717448936.440443,273,21.4,29.2,CU_TO_DEV
1717448936.451964,273,20.0,29.2,CU_TO_DEV
1717448946.3489034,322,4.6,29.2,OCC_TO_CU
1717448946.3498347,322,0.0,29.2,OCC_TO_CU
1717448946.450467,273,21.4,29.3,CU_TO_DEV
1717448946.4614034,273,0.0,29.3,CU_TO_DEV
1717448956.3724027,322,3.9,29.2,OCC_TO_CU
1717448956.3731444,322,0.0,29.2,OCC_TO_CU
1717448956.4570427,273,20.6,29.2,CU_TO_DEV
1717448956.467451,273,25.0,29.2,CU_TO_DEV
1717448966.3795376,322,3.7,29.2,OCC_TO_CU
1717448966.380199,322,0.0,29.2,OCC_TO_CU
1717448966.46284,273,93.7,29.3,CU_TO_DEV
1717448966.4716759,273,100.0,29.3,CU_TO_DEV
1717448976.394759,322,3.9,29.2,OCC_TO_CU
1717448976.3954666,322,50.0,29.2,OCC_TO_CU
1717448976.469476,273,24.1,29.3,CU_TO_DEV
1717448976.477153,273,25.0,29.3,CU_TO_DEV
1717448980.8300653,154,4.4,29.3,OCC_TO_CU
1717448980.871983,241,37.5,29.3,CU_TO_DEV
1717448980.879949,241,33.3,29.3,CU_TO_DEV
1717448986.4009418,322,6.1,29.3,OCC_TO_CU
1717448986.4016752,322,0.0,29.3,OCC_TO_CU
1717448986.4750745,273,14.3,29.4,CU_TO_DEV
1717448986.483767,273,25.0,29.4,CU_TO_DEV
1717448996.409633,322,3.6,29.2,OCC_TO_CU
1717448996.410289,322,0.0,29.2,OCC_TO_CU
1717448996.4797282,273,28.6,29.3,CU_TO_DEV
1717448996.4890516,273,25.0,29.3,CU_TO_DEV
1717449006.4236214,322,3.6,29.3,OCC_TO_CU
1717449006.4246175,322,0.0,29.3,OCC_TO_CU
1717449006.4847221,273,25.0,29.4,CU_TO_DEV
1717449006.4943511,273,25.0,29.4,CU_TO_DEV
1717449016.4426768,322,3.8,29.3,OCC_TO_CU
1717449016.4433043,322,0.0,29.3,OCC_TO_CU
1717449016.4906754,273,81.2,29.4,CU_TO_DEV
1717449016.500848,273,85.7,29.4,CU_TO_DEV
1717449026.4622638,322,4.4,29.3,OCC_TO_CU
1717449026.4628983,322,0.0,29.3,OCC_TO_CU
1717449026.4972177,273,41.7,29.4,CU_TO_DEV
1717449026.505942,273,50.0,29.4,CU_TO_DEV
1717449030.9081333,154,6.0,29.3,OCC_TO_CU
1717449030.9089153,241,0.0,29.3,CU_TO_DEV
1717449031.0998597,241,7.9,29.4,CU_TO_DEV
1717449036.4642668,322,4.7,29.2,OCC_TO_CU
1717449036.464926,322,0.0,29.2,OCC_TO_CU
1717449036.505716,273,28.6,29.3,CU_TO_DEV
1717449036.5117,273,33.3,29.3,CU_TO_DEV
1717449046.4724648,322,4.1,29.2,OCC_TO_CU
1717449046.4734995,322,0.0,29.2,OCC_TO_CU
1717449046.5112884,273,47.1,29.3,CU_TO_DEV
1717449046.5161948,273,0.0,29.3,CU_TO_DEV
1717449056.5099158,322,4.1,29.1,OCC_TO_CU
1717449056.5130382,322,0.0,29.1,OCC_TO_CU
1717449056.5173926,273,66.7,29.1,CU_TO_DEV
1717449056.5213165,273,50.0,29.1,CU_TO_DEV
1717449066.511108,322,4.0,29.2,OCC_TO_CU
1717449066.5118883,322,100.0,29.2,OCC_TO_CU
1717449066.5235002,273,25.0,29.2,CU_TO_DEV
1717449066.5270078,273,0.0,29.2,CU_TO_DEV
1717449076.5136316,322,4.0,29.2,OCC_TO_CU
1717449076.514283,322,0.0,29.2,OCC_TO_CU
1717449076.5304036,273,33.3,29.3,CU_TO_DEV
1717449076.5331807,273,100.0,29.3,CU_TO_DEV
1717449080.9771926,154,6.0,29.2,OCC_TO_CU
1717449081.1376767,241,9.2,29.3,CU_TO_DEV
1717449081.1390948,241,0.0,29.3,CU_TO_DEV
1717449086.5284295,322,3.9,29.3,OCC_TO_CU
1717449086.5290766,322,0.0,29.3,OCC_TO_CU
1717449086.541229,273,60.0,29.3,CU_TO_DEV
1717449086.5425262,273,0.0,29.3,CU_TO_DEV
1717449096.555475,322,4.7,29.2,OCC_TO_CU
1717449096.5560424,322,0.0,29.2,OCC_TO_CU
1717449096.7485895,273,6.8,29.3,CU_TO_DEV
1717449096.7485485,273,6.8,29.3,CU_TO_DEV
1717449106.5480528,322,3.5,29.2,OCC_TO_CU
1717449106.549077,322,0.0,29.2,OCC_TO_CU
1717449106.5533504,273,0.0,29.2,CU_TO_DEV
1717449106.5538826,273,0.0,29.2,CU_TO_DEV
1717449116.5819283,322,3.6,29.2,OCC_TO_CU
1717449116.582585,322,0.0,29.2,OCC_TO_CU
1717449116.7597685,273,12.9,29.4,CU_TO_DEV
1717449116.759817,273,12.9,29.4,CU_TO_DEV
1717449126.599064,322,4.6,29.2,OCC_TO_CU
1717449126.5995862,322,100.0,29.2,OCC_TO_CU
1717449126.7651165,273,65.6,29.3,CU_TO_DEV
1717449126.7650802,273,65.6,29.3,CU_TO_DEV
1717449130.95644,154,3.8,29.1,OCC_TO_CU
1717449130.9679728,241,25.0,29.1,CU_TO_DEV
1717449130.967677,241,25.0,29.1,CU_TO_DEV
1717449136.5946972,322,3.7,29.2,OCC_TO_CU
1717449136.5952957,322,0.0,29.2,OCC_TO_CU
1717449136.7717094,273,12.9,29.3,CU_TO_DEV
1717449136.7718453,273,12.9,29.3,CU_TO_DEV
1717449146.6318843,322,3.7,29.3,OCC_TO_CU
1717449146.633695,322,0.0,29.3,OCC_TO_CU
1717449146.7771242,273,19.0,29.3,CU_TO_DEV
1717449146.777167,273,19.0,29.3,CU_TO_DEV
1717449156.6794717,322,3.7,29.3,OCC_TO_CU
1717449156.6801796,322,0.0,29.3,OCC_TO_CU
1717449156.7820518,273,32.5,29.3,CU_TO_DEV
1717449156.7826493,273,0.0,29.3,CU_TO_DEV
1717449166.63775,322,4.2,29.2,OCC_TO_CU
1717449166.6384215,322,0.0,29.2,OCC_TO_CU
1717449166.7871547,273,16.7,29.3,CU_TO_DEV
1717449166.7874284,273,100.0,29.3,CU_TO_DEV
1717449176.6468887,322,4.7,29.2,OCC_TO_CU
1717449176.647639,322,0.0,29.2,OCC_TO_CU
1717449176.7939816,273,16.9,29.3,CU_TO_DEV
1717449176.7942421,273,0.0,29.3,CU_TO_DEV
1717449180.875201,154,4.2,29.2,OCC_TO_CU
1717449180.9995198,241,94.1,29.3,CU_TO_DEV
1717449180.9994514,241,94.1,29.3,CU_TO_DEV
1717449186.656767,322,3.0,29.2,OCC_TO_CU
1717449186.6574259,322,0.0,29.2,OCC_TO_CU
1717449186.802644,273,17.2,29.3,CU_TO_DEV
1717449186.8029487,273,0.0,29.3,CU_TO_DEV
1717449196.7017403,322,3.9,29.2,OCC_TO_CU
1717449196.702399,322,0.0,29.2,OCC_TO_CU
1717449196.8079045,273,24.4,29.3,CU_TO_DEV
1717449196.807841,273,24.4,29.3,CU_TO_DEV
1717449206.693338,322,3.9,29.2,OCC_TO_CU
1717449206.6939962,322,0.0,29.2,OCC_TO_CU
1717449206.813029,273,25.0,29.3,CU_TO_DEV
1717449206.8134472,273,0.0,29.3,CU_TO_DEV
1717449216.7271643,322,4.6,29.3,OCC_TO_CU
1717449216.7277303,322,100.0,29.3,OCC_TO_CU
1717449216.820245,273,32.5,29.3,CU_TO_DEV
1717449216.8204827,273,0.0,29.3,CU_TO_DEV
1717449226.7216237,322,4.5,29.2,OCC_TO_CU
1717449226.72213,322,0.0,29.2,OCC_TO_CU
1717449226.8252442,273,92.9,29.3,CU_TO_DEV
1717449226.82487,273,92.9,29.3,CU_TO_DEV
1717449230.9194384,154,4.4,29.1,OCC_TO_CU
1717449231.027699,241,31.8,29.2,CU_TO_DEV
1717449231.0279582,241,0.0,29.2,CU_TO_DEV
1717449236.727839,322,3.7,29.2,OCC_TO_CU
1717449236.728486,322,0.0,29.2,OCC_TO_CU
1717449236.831117,273,23.1,29.2,CU_TO_DEV
1717449236.8308733,273,23.1,29.2,CU_TO_DEV
1717449246.7418501,322,3.9,29.2,OCC_TO_CU
1717449246.7425284,322,0.0,29.2,OCC_TO_CU
1717449246.8358939,273,32.5,29.3,CU_TO_DEV
1717449246.836124,273,0.0,29.3,CU_TO_DEV
1717449256.7479198,322,4.2,29.2,OCC_TO_CU
1717449256.7490065,322,0.0,29.2,OCC_TO_CU
1717449256.8408017,273,30.6,29.3,CU_TO_DEV
1717449256.840839,273,30.6,29.3,CU_TO_DEV
1717449266.751459,322,4.7,29.2,OCC_TO_CU
1717449266.752467,322,0.0,29.2,OCC_TO_CU
1717449266.8455563,273,30.8,29.3,CU_TO_DEV
1717449266.849992,273,0.0,29.3,CU_TO_DEV
1717449276.7675893,322,3.9,29.3,OCC_TO_CU
1717449276.7684164,322,0.0,29.3,OCC_TO_CU
1717449276.8502588,273,31.3,29.3,CU_TO_DEV
1717449276.8541694,273,0.0,29.3,CU_TO_DEV
1717449280.9513438,154,4.2,29.3,OCC_TO_CU
1717449281.0526218,241,30.0,29.4,CU_TO_DEV
1717449281.056138,241,0.0,29.4,CU_TO_DEV
1717449286.7841454,322,5.2,29.2,OCC_TO_CU
1717449286.7876394,322,0.0,29.2,OCC_TO_CU
1717449286.860229,273,31.0,29.3,CU_TO_DEV
1717449286.8614314,273,0.0,29.3,CU_TO_DEV
1717449296.8009224,322,3.5,29.3,OCC_TO_CU
1717449296.80439,322,0.0,29.3,OCC_TO_CU
1717449296.8647397,273,36.4,29.4,CU_TO_DEV
1717449296.866266,273,0.0,29.4,CU_TO_DEV
1717449306.8201542,322,4.9,29.3,OCC_TO_CU
1717449306.8234422,322,0.0,29.3,OCC_TO_CU
1717449306.8693323,273,36.8,29.4,CU_TO_DEV
1717449306.8703659,273,0.0,29.4,CU_TO_DEV
1717449316.8277345,322,4.2,29.3,OCC_TO_CU
1717449316.828578,322,0.0,29.3,OCC_TO_CU
1717449316.8748374,273,44.4,29.4,CU_TO_DEV
1717449316.8753006,273,100.0,29.4,CU_TO_DEV
1717449326.8406966,322,3.8,29.3,OCC_TO_CU
1717449326.8414104,322,0.0,29.3,OCC_TO_CU
1717449326.879956,273,46.7,29.4,CU_TO_DEV
1717449326.8804536,273,0.0,29.4,CU_TO_DEV
1717449331.0409064,154,5.7,29.2,OCC_TO_CU
1717449331.0822587,241,26.7,29.3,CU_TO_DEV
1717449331.0826557,241,0.0,29.3,CU_TO_DEV
1717449336.850564,322,3.6,29.2,OCC_TO_CU
1717449336.851186,322,0.0,29.2,OCC_TO_CU
1717449336.885606,273,53.3,29.3,CU_TO_DEV
1717449336.885671,273,53.3,29.3,CU_TO_DEV
1717449346.8698545,322,3.8,29.3,OCC_TO_CU
1717449346.870496,322,0.0,29.3,OCC_TO_CU
1717449346.892404,273,50.0,29.3,CU_TO_DEV
1717449346.893189,273,0.0,29.3,CU_TO_DEV
1717449356.899518,322,5.4,29.1,OCC_TO_CU
1717449356.9002407,322,0.0,29.1,OCC_TO_CU
1717449356.9018543,273,0.0,29.1,CU_TO_DEV
1717449357.0994167,273,16.7,29.2,CU_TO_DEV
1717449366.8993838,322,3.7,29.2,OCC_TO_CU
1717449366.900397,322,0.0,29.2,OCC_TO_CU
1717449366.904157,273,0.0,29.2,CU_TO_DEV
1717449366.9058642,273,0.0,29.2,CU_TO_DEV
1717449376.9271374,322,4.1,29.2,OCC_TO_CU
1717449376.9277933,322,100.0,29.2,OCC_TO_CU
1717449377.1088085,273,17.8,29.3,CU_TO_DEV
1717449377.111094,273,0.0,29.3,CU_TO_DEV
1717449381.1189866,154,3.7,29.2,OCC_TO_CU
1717449381.311136,241,14.3,29.4,CU_TO_DEV
1717449381.3130586,241,0.0,29.4,CU_TO_DEV
1717449386.9243813,322,3.5,29.3,OCC_TO_CU
1717449386.92501,322,0.0,29.3,OCC_TO_CU
1717449387.114347,273,13.5,29.4,CU_TO_DEV
1717449387.115549,273,0.0,29.4,CU_TO_DEV
1717449396.9594193,322,4.5,29.3,OCC_TO_CU
1717449396.960174,322,0.0,29.3,OCC_TO_CU
1717449397.1225173,273,35.5,29.4,CU_TO_DEV
1717449397.1234665,273,0.0,29.4,CU_TO_DEV
1717449406.9544055,322,3.2,29.3,OCC_TO_CU
1717449406.955232,322,0.0,29.3,OCC_TO_CU
1717449407.1280787,273,17.6,29.4,CU_TO_DEV
1717449407.1281142,273,17.6,29.4,CU_TO_DEV
1717449416.9740095,322,4.0,29.3,OCC_TO_CU
1717449416.9748003,322,0.0,29.3,OCC_TO_CU
1717449417.1367195,273,14.3,29.4,CU_TO_DEV
1717449417.1371055,273,0.0,29.4,CU_TO_DEV
1717449426.9890735,322,3.4,29.3,OCC_TO_CU
1717449426.989736,322,0.0,29.3,OCC_TO_CU
1717449427.1414907,273,20.0,29.4,CU_TO_DEV
1717449427.1419468,273,0.0,29.4,CU_TO_DEV
1717449431.193171,154,5.9,29.3,OCC_TO_CU
1717449431.3488662,241,9.7,29.4,CU_TO_DEV
1717449431.3493044,241,0.0,29.4,CU_TO_DEV
1717449437.024357,322,3.4,29.2,OCC_TO_CU
1717449437.0252907,322,0.0,29.2,OCC_TO_CU
1717449437.1518764,273,32.0,29.3,CU_TO_DEV
1717449437.1530359,273,0.0,29.3,CU_TO_DEV
1717449447.0204227,322,5.0,29.2,OCC_TO_CU
1717449447.020987,322,0.0,29.2,OCC_TO_CU
1717449447.1577318,273,20.8,29.3,CU_TO_DEV
1717449447.1578186,273,20.8,29.3,CU_TO_DEV
1717449457.0093622,322,3.8,29.2,OCC_TO_CU
1717449457.0100083,322,0.0,29.2,OCC_TO_CU
1717449457.164568,273,19.7,29.2,CU_TO_DEV
1717449457.164526,273,19.7,29.2,CU_TO_DEV
1717449467.0509334,322,3.4,29.2,OCC_TO_CU
1717449467.0515952,322,100.0,29.2,OCC_TO_CU
1717449467.1702752,273,33.3,29.3,CU_TO_DEV
1717449467.1703174,273,33.3,29.3,CU_TO_DEV
1717449477.052079,322,3.6,29.3,OCC_TO_CU
1717449477.0528388,322,0.0,29.3,OCC_TO_CU
1717449477.1759238,273,87.8,29.4,CU_TO_DEV
1717449477.1769772,273,0.0,29.4,CU_TO_DEV
1717449481.0869048,154,3.8,29.2,OCC_TO_CU
1717449481.179807,241,33.3,29.3,CU_TO_DEV
1717449481.1801836,241,0.0,29.3,CU_TO_DEV
1717449487.0356278,322,3.6,29.2,OCC_TO_CU
1717449487.043809,322,33.3,29.2,OCC_TO_CU
1717449487.1838918,273,33.3,29.3,CU_TO_DEV
1717449487.1852708,273,0.0,29.3,CU_TO_DEV
1717449497.0537634,322,4.3,29.2,OCC_TO_CU
1717449497.0546196,322,0.0,29.2,OCC_TO_CU
1717449497.191933,273,28.1,29.2,CU_TO_DEV
1717449497.1919923,273,28.1,29.2,CU_TO_DEV
1717449507.0603354,322,3.9,29.2,OCC_TO_CU
1717449507.0615914,322,0.0,29.2,OCC_TO_CU
1717449507.1984963,273,23.1,29.4,CU_TO_DEV
1717449507.1984465,273,23.1,29.4,CU_TO_DEV
1717449517.080088,322,3.8,29.3,OCC_TO_CU
1717449517.081026,322,0.0,29.3,OCC_TO_CU
1717449517.2039433,273,34.0,29.4,CU_TO_DEV
1717449517.2042468,273,0.0,29.4,CU_TO_DEV
1717449527.0964382,322,3.5,29.3,OCC_TO_CU
1717449527.0973296,322,0.0,29.3,OCC_TO_CU
1717449527.208979,273,39.6,29.4,CU_TO_DEV
1717449527.209361,273,0.0,29.4,CU_TO_DEV
1717449532.2626362,154,4.8,29.3,OCC_TO_CU
1717449532.4140472,241,12.9,29.4,CU_TO_DEV
1717449532.4144437,241,0.0,29.4,CU_TO_DEV
1717449537.1081722,322,5.7,29.2,OCC_TO_CU
1717449537.1087089,322,0.0,29.2,OCC_TO_CU
1717449537.2170784,273,31.8,29.3,CU_TO_DEV
1717449537.2175035,273,0.0,29.3,CU_TO_DEV
1717449547.126465,322,4.2,29.2,OCC_TO_CU
1717449547.1272745,322,100.0,29.2,OCC_TO_CU
1717449547.227547,273,36.6,29.3,CU_TO_DEV
1717449547.2281215,273,0.0,29.3,CU_TO_DEV
1717449557.1312196,322,3.7,29.2,OCC_TO_CU
1717449557.1343067,322,0.0,29.2,OCC_TO_CU
1717449557.232778,273,30.8,29.2,CU_TO_DEV
1717449557.2332458,273,0.0,29.2,CU_TO_DEV
1717449567.168931,322,4.5,29.5,OCC_TO_CU
1717449567.1721597,322,50.0,29.5,OCC_TO_CU
1717449567.2394662,273,100.0,29.5,CU_TO_DEV
1717449567.240201,273,0.0,29.5,CU_TO_DEV
1717449577.1677232,322,4.3,29.3,OCC_TO_CU
1717449577.1706986,322,0.0,29.3,OCC_TO_CU
1717449577.2512355,273,33.3,29.3,CU_TO_DEV
1717449577.251931,273,0.0,29.3,CU_TO_DEV
1717449583.2555847,154,5.1,29.2,OCC_TO_CU
1717449583.455141,241,18.7,29.3,CU_TO_DEV
1717449583.455785,241,100.0,29.3,CU_TO_DEV
1717449587.170878,322,3.6,29.2,OCC_TO_CU
1717449587.1738431,322,66.7,29.2,OCC_TO_CU
1717449587.2577245,273,24.2,29.3,CU_TO_DEV
1717449587.2581892,273,0.0,29.3,CU_TO_DEV
1717449597.2057765,322,3.7,29.2,OCC_TO_CU
1717449597.2065947,322,0.0,29.2,OCC_TO_CU
1717449597.2675636,273,29.2,29.3,CU_TO_DEV
1717449597.2676518,273,29.2,29.3,CU_TO_DEV
1717449607.2147663,322,4.6,29.2,OCC_TO_CU
1717449607.2155285,322,50.0,29.2,OCC_TO_CU
1717449607.2763977,273,29.2,29.3,CU_TO_DEV
1717449607.2766309,273,0.0,29.3,CU_TO_DEV
1717449617.1985672,322,3.7,29.3,OCC_TO_CU
1717449617.2018855,322,50.0,29.3,OCC_TO_CU
1717449617.282316,273,31.3,29.3,CU_TO_DEV
1717449617.2825832,273,0.0,29.3,CU_TO_DEV
1717449627.2215044,322,4.6,29.2,OCC_TO_CU
1717449627.2220304,322,0.0,29.2,OCC_TO_CU
1717449627.2955074,273,90.3,29.3,CU_TO_DEV
1717449627.2955554,273,90.3,29.3,CU_TO_DEV
1717449634.251533,154,4.3,29.2,OCC_TO_CU
1717449634.3008084,241,36.8,29.2,CU_TO_DEV
1717449634.3008642,241,36.8,29.2,CU_TO_DEV
1717449637.2291942,322,4.0,29.1,OCC_TO_CU
1717449637.2300751,322,0.0,29.1,OCC_TO_CU
1717449637.3028595,273,24.1,29.2,CU_TO_DEV
1717449637.3029244,273,24.1,29.2,CU_TO_DEV
1717449647.2427678,322,3.6,29.2,OCC_TO_CU
1717449647.2435656,322,100.0,29.2,OCC_TO_CU
1717449647.3093097,273,26.9,29.3,CU_TO_DEV
1717449647.3093972,273,26.9,29.3,CU_TO_DEV
1717449657.2590458,322,3.9,29.2,OCC_TO_CU
1717449657.2596807,322,100.0,29.2,OCC_TO_CU
1717449657.3166761,273,27.3,29.3,CU_TO_DEV
1717449657.3172245,273,0.0,29.3,CU_TO_DEV
1717449667.2780614,322,3.6,29.3,OCC_TO_CU
1717449667.2790031,322,0.0,29.3,OCC_TO_CU
1717449667.3246288,273,36.8,29.4,CU_TO_DEV
1717449667.324814,273,36.8,29.4,CU_TO_DEV
1717449677.2737677,322,5.1,29.2,OCC_TO_CU
1717449677.2744217,322,0.0,29.2,OCC_TO_CU
1717449677.3315933,273,33.3,29.3,CU_TO_DEV
1717449677.3317025,273,33.3,29.3,CU_TO_DEV
1717449684.329195,154,3.6,29.3,OCC_TO_CU
1717449684.3361106,241,0.0,29.3,CU_TO_DEV
1717449684.3366363,241,0.0,29.3,CU_TO_DEV
1717449687.2953844,322,4.4,29.2,OCC_TO_CU
1717449687.2960372,322,0.0,29.2,OCC_TO_CU
1717449687.3388705,273,29.4,29.3,CU_TO_DEV
1717449687.3393648,273,100.0,29.3,CU_TO_DEV
1717449697.2975965,322,3.4,29.3,OCC_TO_CU
1717449697.2983127,322,0.0,29.3,OCC_TO_CU
1717449697.346158,273,85.7,29.4,CU_TO_DEV
1717449697.3455892,273,85.7,29.4,CU_TO_DEV
1717449707.3172958,322,4.3,29.2,OCC_TO_CU
1717449707.317938,322,0.0,29.2,OCC_TO_CU
1717449707.354651,273,46.7,29.3,CU_TO_DEV
1717449707.3549433,273,50.0,29.3,CU_TO_DEV
1717449717.3414488,322,4.9,29.2,OCC_TO_CU
1717449717.3419857,322,0.0,29.2,OCC_TO_CU
1717449717.3646746,273,60.0,29.3,CU_TO_DEV
1717449717.3649683,273,60.0,29.3,CU_TO_DEV
1717449727.3470695,322,3.3,29.2,OCC_TO_CU
1717449727.3477204,322,100.0,29.2,OCC_TO_CU
1717449727.3723605,273,60.0,29.2,CU_TO_DEV
1717449727.3725626,273,60.0,29.2,CU_TO_DEV
1717449734.167374,154,3.9,29.3,OCC_TO_CU
1717449734.177002,241,50.0,29.3,CU_TO_DEV
1717449734.1768003,241,50.0,29.3,CU_TO_DEV
1717449737.340161,322,10.2,29.2,OCC_TO_CU
1717449737.3421197,322,0.0,29.2,OCC_TO_CU
1717449737.385869,273,38.9,29.2,CU_TO_DEV
1717449737.385809,273,38.9,29.2,CU_TO_DEV
1717449747.3714623,322,3.9,29.1,OCC_TO_CU
1717449747.372215,322,0.0,29.1,OCC_TO_CU
1717449747.393458,273,50.0,29.1,CU_TO_DEV
1717449747.3926694,273,50.0,29.1,CU_TO_DEV
1717449757.368402,322,4.0,29.1,OCC_TO_CU
1717449757.3694592,322,0.0,29.1,OCC_TO_CU
1717449757.4001896,273,50.0,29.2,CU_TO_DEV
1717449757.4002478,273,50.0,29.2,CU_TO_DEV
1717449767.3756962,322,4.7,29.1,OCC_TO_CU
1717449767.3763487,322,0.0,29.1,OCC_TO_CU
1717449767.4138312,273,35.7,29.2,CU_TO_DEV
1717449767.4140165,273,35.7,29.2,CU_TO_DEV
1717449777.3842747,322,3.7,29.1,OCC_TO_CU
1717449777.3849092,322,0.0,29.1,OCC_TO_CU
1717449777.4198837,273,46.2,29.2,CU_TO_DEV
1717449777.4210699,273,0.0,29.2,CU_TO_DEV
1717449784.2001345,154,3.6,29.2,OCC_TO_CU
1717449784.2247534,241,80.0,29.2,CU_TO_DEV
1717449784.2256901,241,0.0,29.2,CU_TO_DEV
1717449787.392645,322,3.8,29.2,OCC_TO_CU
1717449787.393177,322,0.0,29.2,OCC_TO_CU
1717449787.428104,273,30.8,29.3,CU_TO_DEV
1717449787.4289055,273,0.0,29.3,CU_TO_DEV
1717449797.429157,322,3.7,29.2,OCC_TO_CU
1717449797.429801,322,0.0,29.2,OCC_TO_CU
1717449797.433325,273,0.0,29.2,CU_TO_DEV
1717449797.4363174,273,50.0,29.2,CU_TO_DEV
1717449807.4240522,322,5.6,29.2,OCC_TO_CU
1717449807.4246237,322,0.0,29.2,OCC_TO_CU
1717449807.4394498,273,50.0,29.2,CU_TO_DEV
1717449807.442222,273,0.0,29.2,CU_TO_DEV
1717449817.4369934,322,3.7,29.2,OCC_TO_CU
1717449817.4376256,322,0.0,29.2,OCC_TO_CU
1717449817.4451382,273,50.0,29.2,CU_TO_DEV
1717449817.4485571,273,0.0,29.2,CU_TO_DEV
1717449827.4388127,322,3.7,29.3,OCC_TO_CU
1717449827.4394624,322,100.0,29.3,OCC_TO_CU
1717449827.451339,273,40.0,29.3,CU_TO_DEV
1717449827.4530008,273,0.0,29.3,CU_TO_DEV
1717449834.2440784,154,4.8,29.2,OCC_TO_CU
1717449834.256138,241,75.0,29.2,CU_TO_DEV
1717449834.25849,241,0.0,29.2,CU_TO_DEV
1717449837.4540827,322,4.2,29.2,OCC_TO_CU
1717449837.4546058,322,0.0,29.2,OCC_TO_CU
1717449837.4586668,273,0.0,29.2,CU_TO_DEV
1717449837.4611502,273,0.0,29.2,CU_TO_DEV
1717449847.4812698,322,4.5,29.1,OCC_TO_CU
1717449847.4817812,322,0.0,29.1,OCC_TO_CU
1717449847.666577,273,6.8,29.2,CU_TO_DEV
1717449847.6678622,273,0.0,29.2,CU_TO_DEV
1717449857.4905305,322,4.0,29.1,OCC_TO_CU
1717449857.4912362,322,100.0,29.1,OCC_TO_CU
1717449857.6737208,273,8.3,29.2,CU_TO_DEV
1717449857.677298,273,0.0,29.2,CU_TO_DEV
1717449867.4913166,322,4.7,29.1,OCC_TO_CU
1717449867.4923546,322,0.0,29.1,OCC_TO_CU
1717449867.6794689,273,9.1,29.2,CU_TO_DEV
1717449867.6819274,273,0.0,29.2,CU_TO_DEV
1717449877.4991713,322,3.6,29.1,OCC_TO_CU
1717449877.4998631,322,100.0,29.1,OCC_TO_CU
1717449877.6870365,273,8.1,29.2,CU_TO_DEV
1717449877.6876197,273,100.0,29.2,CU_TO_DEV
1717449884.314306,154,4.0,29.2,OCC_TO_CU
1717449884.4918835,241,17.6,29.2,CU_TO_DEV
1717449884.4919534,241,17.6,29.2,CU_TO_DEV
1717449887.5121038,322,3.7,29.2,OCC_TO_CU
1717449887.5128825,322,0.0,29.2,OCC_TO_CU
1717449887.6940143,273,8.3,29.3,CU_TO_DEV
1717449887.6941087,273,8.3,29.3,CU_TO_DEV
1717449897.5386841,322,3.7,29.2,OCC_TO_CU
1717449897.5393548,322,0.0,29.2,OCC_TO_CU
1717449897.6994674,273,10.9,29.3,CU_TO_DEV
1717449897.699976,273,0.0,29.3,CU_TO_DEV
1717449907.5473943,322,4.3,29.2,OCC_TO_CU
1717449907.549408,322,0.0,29.2,OCC_TO_CU
1717449907.7085118,273,10.9,29.3,CU_TO_DEV
1717449907.7084394,273,10.9,29.3,CU_TO_DEV
1717449917.5622954,322,3.9,29.2,OCC_TO_CU
1717449917.5629597,322,0.0,29.2,OCC_TO_CU
1717449917.7138655,273,10.2,29.3,CU_TO_DEV
1717449917.7143126,273,0.0,29.3,CU_TO_DEV
1717449927.5715382,322,3.7,29.2,OCC_TO_CU
1717449927.572237,322,0.0,29.2,OCC_TO_CU
1717449927.7205188,273,11.7,29.3,CU_TO_DEV
1717449927.721019,273,0.0,29.3,CU_TO_DEV
1717449934.3881161,154,4.9,29.3,OCC_TO_CU
1717449934.52606,241,23.2,29.4,CU_TO_DEV
1717449934.5263174,241,0.0,29.4,CU_TO_DEV
1717449937.575626,322,4.0,29.2,OCC_TO_CU
1717449937.5763857,322,0.0,29.2,OCC_TO_CU
1717449937.7282572,273,9.8,29.3,CU_TO_DEV
1717449937.7283056,273,9.8,29.3,CU_TO_DEV
1717449947.606771,322,6.3,29.0,OCC_TO_CU
1717449947.607285,322,100.0,29.0,OCC_TO_CU
1717449947.7360144,273,10.0,29.1,CU_TO_DEV
1717449947.7401655,273,0.0,29.1,CU_TO_DEV
1717449957.6375275,322,3.5,29.0,OCC_TO_CU
1717449957.6382034,322,0.0,29.0,OCC_TO_CU
1717449957.7410197,273,22.5,29.1,CU_TO_DEV
1717449957.7445512,273,0.0,29.1,CU_TO_DEV
1717449967.6157758,322,3.9,29.1,OCC_TO_CU
1717449967.616446,322,0.0,29.1,OCC_TO_CU
1717449967.7475553,273,11.8,29.2,CU_TO_DEV
1717449967.7496452,273,0.0,29.2,CU_TO_DEV
1717449977.6351476,322,3.8,29.1,OCC_TO_CU
1717449977.6357427,322,0.0,29.1,OCC_TO_CU
1717449977.7528489,273,12.8,29.2,CU_TO_DEV
1717449977.7539744,273,0.0,29.2,CU_TO_DEV
1717449984.4662154,154,4.3,29.2,OCC_TO_CU
1717449984.5569692,241,20.0,29.3,CU_TO_DEV
1717449984.5568213,241,20.0,29.3,CU_TO_DEV
1717449987.6620138,322,3.8,29.2,OCC_TO_CU
1717449987.6626544,322,0.0,29.2,OCC_TO_CU
1717449987.7591257,273,15.8,29.3,CU_TO_DEV
1717449987.7592878,273,20.0,29.3,CU_TO_DEV
1717449997.6550252,322,5.3,29.1,OCC_TO_CU
1717449997.655695,322,0.0,29.1,OCC_TO_CU
1717449997.768551,273,13.3,29.2,CU_TO_DEV
1717449997.7687054,273,13.3,29.2,CU_TO_DEV
1717450007.664982,322,3.6,29.1,OCC_TO_CU
1717450007.6660268,322,0.0,29.1,OCC_TO_CU
1717450007.7770696,273,14.0,29.2,CU_TO_DEV
1717450007.777128,273,14.0,29.2,CU_TO_DEV
1717450017.6729991,322,4.0,29.2,OCC_TO_CU
1717450017.6736395,322,0.0,29.2,OCC_TO_CU
1717450017.7839842,273,15.9,29.3,CU_TO_DEV
1717450017.784073,273,15.9,29.3,CU_TO_DEV
1717450027.704829,322,3.9,29.2,OCC_TO_CU
1717450027.7055016,322,0.0,29.2,OCC_TO_CU
1717450027.7936096,273,17.1,29.3,CU_TO_DEV
1717450027.7939656,273,0.0,29.3,CU_TO_DEV
1717450034.5488613,154,3.9,29.3,OCC_TO_CU
1717450034.597992,241,31.6,29.4,CU_TO_DEV
1717450034.59912,241,0.0,29.4,CU_TO_DEV
1717450037.715759,322,6.7,29.2,OCC_TO_CU
1717450037.7162726,322,0.0,29.2,OCC_TO_CU
1717450037.8048697,273,14.3,29.3,CU_TO_DEV
1717450037.8051114,273,0.0,29.3,CU_TO_DEV
1717450047.712575,322,4.8,29.2,OCC_TO_CU
1717450047.7135081,322,0.0,29.2,OCC_TO_CU
1717450047.8104937,273,19.5,29.3,CU_TO_DEV
1717450047.8106635,273,19.5,29.3,CU_TO_DEV
1717450057.7208967,322,3.2,29.2,OCC_TO_CU
1717450057.7215164,322,0.0,29.2,OCC_TO_CU
1717450057.8171525,273,22.5,29.3,CU_TO_DEV
1717450057.8170788,273,22.5,29.3,CU_TO_DEV
1717450067.7476864,322,4.2,29.2,OCC_TO_CU
1717450067.7484422,322,0.0,29.2,OCC_TO_CU
1717450067.8278103,273,90.9,29.3,CU_TO_DEV
1717450067.8284304,273,0.0,29.3,CU_TO_DEV
1717450077.7620897,322,3.6,29.1,OCC_TO_CU
1717450077.764148,322,0.0,29.1,OCC_TO_CU
1717450077.835667,273,24.1,29.2,CU_TO_DEV
1717450077.8357518,273,24.1,29.2,CU_TO_DEV
1717450084.6219683,154,5.4,29.1,OCC_TO_CU
1717450084.6401498,241,50.0,29.1,CU_TO_DEV
1717450084.6408975,241,0.0,29.2,CU_TO_DEV
1717450087.758358,322,3.3,29.1,OCC_TO_CU
1717450087.7590306,322,0.0,29.1,OCC_TO_CU
1717450087.8435574,273,18.2,29.2,CU_TO_DEV
1717450087.8438752,273,0.0,29.2,CU_TO_DEV
1717450097.7918668,322,3.6,29.1,OCC_TO_CU
1717450097.7926326,322,0.0,29.1,OCC_TO_CU
1717450097.8526134,273,26.1,29.2,CU_TO_DEV
1717450097.8527036,273,26.1,29.2,CU_TO_DEV
1717450107.7954257,322,3.7,29.2,OCC_TO_CU
1717450107.7966533,322,0.0,29.2,OCC_TO_CU
1717450107.8586593,273,25.0,29.2,CU_TO_DEV
1717450107.8584733,273,25.0,29.2,CU_TO_DEV
1717450117.8180346,322,3.8,29.2,OCC_TO_CU
1717450117.8186586,322,0.0,29.2,OCC_TO_CU
1717450117.8639734,273,38.9,29.3,CU_TO_DEV
1717450117.8640454,273,38.9,29.3,CU_TO_DEV
1717450127.816218,322,5.4,29.1,OCC_TO_CU
1717450127.8169212,322,0.0,29.1,OCC_TO_CU
1717450127.8703172,273,23.8,29.2,CU_TO_DEV
1717450127.8703825,273,23.8,29.2,CU_TO_DEV
1717450134.4667215,154,3.4,29.2,OCC_TO_CU
1717450134.477044,241,100.0,29.2,CU_TO_DEV
1717450134.4769764,241,100.0,29.2,CU_TO_DEV
1717450137.8179324,322,4.6,29.2,OCC_TO_CU
1717450137.8185577,322,0.0,29.2,OCC_TO_CU
1717450137.8794067,273,23.1,29.3,CU_TO_DEV
1717450137.8798087,273,0.0,29.3,CU_TO_DEV
1717450147.842207,322,3.5,29.2,OCC_TO_CU
1717450147.8428705,322,0.0,29.2,OCC_TO_CU
1717450147.8882203,273,77.8,29.3,CU_TO_DEV
1717450147.8890028,273,0.0,29.3,CU_TO_DEV
1717450157.8587222,322,4.2,29.1,OCC_TO_CU
1717450157.859364,322,0.0,29.1,OCC_TO_CU
1717450157.8963873,273,42.9,29.2,CU_TO_DEV
1717450157.896771,273,0.0,29.2,CU_TO_DEV
1717450167.8780043,322,3.8,29.2,OCC_TO_CU
1717450167.8786798,322,0.0,29.2,OCC_TO_CU
1717450167.9029021,273,44.4,29.2,CU_TO_DEV
1717450167.9025528,273,44.4,29.2,CU_TO_DEV
1717450177.9005923,322,4.7,29.1,OCC_TO_CU
1717450177.9012618,322,0.0,29.1,OCC_TO_CU
1717450177.9116518,273,40.0,29.1,CU_TO_DEV
1717450177.911565,273,40.0,29.1,CU_TO_DEV
1717450184.6718628,154,4.4,29.2,OCC_TO_CU
1717450184.7162929,241,31.3,29.3,CU_TO_DEV
1717450184.716951,241,0.0,29.3,CU_TO_DEV
1717450187.8839812,322,3.6,29.2,OCC_TO_CU
1717450187.8846357,322,0.0,29.2,OCC_TO_CU
1717450187.9186895,273,38.5,29.3,CU_TO_DEV
1717450187.919199,273,0.0,29.3,CU_TO_DEV
1717450197.896779,322,4.4,29.1,OCC_TO_CU
1717450197.8974109,322,0.0,29.1,OCC_TO_CU
1717450197.925833,273,75.0,29.2,CU_TO_DEV
1717450197.9322398,273,100.0,29.2,CU_TO_DEV
1717450207.91865,322,4.4,29.1,OCC_TO_CU
1717450207.9193022,322,100.0,29.1,OCC_TO_CU
1717450207.9371448,273,42.9,29.1,CU_TO_DEV
1717450207.937872,273,0.0,29.1,CU_TO_DEV
1717450217.916689,322,3.8,29.2,OCC_TO_CU
1717450217.9174247,322,0.0,29.2,OCC_TO_CU
1717450217.943432,273,45.5,29.2,CU_TO_DEV
1717450217.9444327,273,0.0,29.2,CU_TO_DEV
1717450227.932142,322,4.6,29.1,OCC_TO_CU
1717450227.9326446,322,0.0,29.1,OCC_TO_CU
1717450227.9502277,273,33.3,29.2,CU_TO_DEV
1717450227.957042,273,50.0,29.2,CU_TO_DEV
1717450234.7505493,154,3.9,29.2,OCC_TO_CU
1717450234.7558103,241,0.0,29.2,CU_TO_DEV
1717450234.7619562,241,50.0,29.2,CU_TO_DEV
1717450237.9588099,322,4.2,29.3,OCC_TO_CU
1717450237.9642746,273,33.3,29.3,CU_TO_DEV
1717450237.9666853,322,0.0,29.3,OCC_TO_CU
1717450238.1584728,273,15.8,29.3,CU_TO_DEV
1717450238.165334,273,0.0,29.3,CU_TO_DEV
1717450247.9688148,322,3.9,29.3,OCC_TO_CU
1717450247.9697344,322,0.0,29.3,OCC_TO_CU
1717450247.972105,273,0.0,29.3,CU_TO_DEV
1717450248.1652253,273,12.7,29.4,CU_TO_DEV
1717450257.9768999,322,5.4,29.2,OCC_TO_CU
1717450257.9775815,322,0.0,29.2,OCC_TO_CU
1717450258.170658,273,7.8,29.3,CU_TO_DEV
1717450258.1769874,273,0.0,29.3,CU_TO_DEV
1717450267.9835565,322,4.6,29.1,OCC_TO_CU
1717450267.984226,322,0.0,29.1,OCC_TO_CU
1717450267.985311,273,0.0,29.1,CU_TO_DEV
1717450268.1774883,273,10.3,29.3,CU_TO_DEV
1717450278.0059042,322,3.8,29.2,OCC_TO_CU
1717450278.0065913,322,0.0,29.2,OCC_TO_CU
1717450278.1827204,273,10.1,29.3,CU_TO_DEV
1717450278.1897902,273,33.3,29.3,CU_TO_DEV
1717450284.6894257,154,4.0,29.3,OCC_TO_CU
1717450284.7869277,241,35.0,29.4,CU_TO_DEV
1717450284.7941403,241,0.0,29.4,CU_TO_DEV
1717450288.021708,322,3.9,29.2,OCC_TO_CU
1717450288.022482,322,0.0,29.2,OCC_TO_CU
1717450288.1893213,273,11.8,29.3,CU_TO_DEV
1717450288.199448,273,25.0,29.3,CU_TO_DEV
1717450298.0379615,322,3.8,29.3,OCC_TO_CU
1717450298.0387614,322,0.0,29.3,OCC_TO_CU
1717450298.1971574,273,9.5,29.4,CU_TO_DEV
1717450298.2053332,273,50.0,29.4,CU_TO_DEV
1717450308.0830112,322,4.1,29.3,OCC_TO_CU
1717450308.0837965,322,0.0,29.3,OCC_TO_CU
1717450308.2026968,273,16.7,29.4,CU_TO_DEV
1717450308.2107086,273,0.0,29.4,CU_TO_DEV
1717450318.065303,322,4.5,29.3,OCC_TO_CU
1717450318.0659723,322,0.0,29.3,OCC_TO_CU
1717450318.2088842,273,68.4,29.3,CU_TO_DEV
1717450318.2160873,273,33.3,29.3,CU_TO_DEV
1717450328.0686681,322,4.3,29.1,OCC_TO_CU
1717450328.0699306,322,0.0,29.1,OCC_TO_CU
1717450328.2171469,273,11.9,29.2,CU_TO_DEV
1717450328.224342,273,40.0,29.2,CU_TO_DEV
1717450334.720941,154,4.6,29.3,OCC_TO_CU
1717450334.8214917,241,33.3,29.4,CU_TO_DEV
1717450334.8285744,241,25.0,29.4,CU_TO_DEV
1717450338.091938,322,3.8,29.3,OCC_TO_CU
1717450338.0931187,322,0.0,29.3,OCC_TO_CU
1717450338.224312,273,16.4,29.3,CU_TO_DEV
1717450338.2306588,273,0.0,29.3,CU_TO_DEV
1717450348.1039317,322,4.0,29.3,OCC_TO_CU
1717450348.104781,322,0.0,29.3,OCC_TO_CU
1717450348.2318926,273,88.5,29.3,CU_TO_DEV
1717450348.2362585,273,0.0,29.3,CU_TO_DEV
1717450358.1150684,322,4.4,29.2,OCC_TO_CU
1717450358.1171155,322,0.0,29.2,OCC_TO_CU
1717450358.2382188,273,12.5,29.3,CU_TO_DEV
1717450358.2445645,273,0.0,29.3,CU_TO_DEV
1717450368.1285086,322,3.8,29.2,OCC_TO_CU
1717450368.1295133,322,0.0,29.2,OCC_TO_CU
1717450368.245081,273,11.4,29.3,CU_TO_DEV
1717450368.2506633,273,0.0,29.3,CU_TO_DEV
1717450378.1386378,322,4.0,29.2,OCC_TO_CU
1717450378.1394424,322,100.0,29.2,OCC_TO_CU
1717450378.254504,273,15.2,29.3,CU_TO_DEV
1717450378.2559826,273,0.0,29.3,CU_TO_DEV
1717450384.7684872,154,5.2,29.3,OCC_TO_CU
1717450384.858012,241,22.9,29.4,CU_TO_DEV
1717450384.8616524,241,50.0,29.4,CU_TO_DEV
1717450388.1515338,322,3.5,29.2,OCC_TO_CU
1717450388.1523416,322,0.0,29.2,OCC_TO_CU
1717450388.2600863,273,11.9,29.3,CU_TO_DEV
1717450388.2635102,273,0.0,29.3,CU_TO_DEV
1717450398.1633434,322,3.9,29.3,OCC_TO_CU
1717450398.1641686,322,0.0,29.3,OCC_TO_CU
1717450398.2700262,273,10.0,29.4,CU_TO_DEV
1717450398.2703462,273,0.0,29.4,CU_TO_DEV
1717450408.1801727,322,4.7,29.3,OCC_TO_CU
1717450408.1809754,322,0.0,29.3,OCC_TO_CU
1717450408.2765005,273,20.0,29.3,CU_TO_DEV
1717450408.2769814,273,0.0,29.3,CU_TO_DEV
1717450418.1891036,322,3.8,29.3,OCC_TO_CU
1717450418.189892,322,0.0,29.3,OCC_TO_CU
1717450418.2836308,273,14.3,29.4,CU_TO_DEV
1717450418.2836766,273,14.3,29.4,CU_TO_DEV
1717450428.1977746,322,3.9,29.3,OCC_TO_CU
1717450428.198564,322,0.0,29.3,OCC_TO_CU
1717450428.2892852,273,16.7,29.4,CU_TO_DEV
1717450428.2897863,273,0.0,29.4,CU_TO_DEV
1717450434.851324,154,4.2,29.4,OCC_TO_CU
1717450434.893905,241,52.9,29.5,CU_TO_DEV
1717450434.8939936,241,52.9,29.5,CU_TO_DEV
1717450438.2182834,322,3.4,29.4,OCC_TO_CU
1717450438.2195299,322,0.0,29.4,OCC_TO_CU
1717450438.296023,273,16.1,29.5,CU_TO_DEV
1717450438.296463,273,0.0,29.5,CU_TO_DEV
1717450448.225467,322,5.4,29.4,OCC_TO_CU
1717450448.2260225,322,0.0,29.4,OCC_TO_CU
1717450448.3108346,273,88.2,29.4,CU_TO_DEV
1717450448.3113956,273,100.0,29.4,CU_TO_DEV
1717450458.2443144,322,4.3,29.2,OCC_TO_CU
1717450458.244949,322,0.0,29.2,OCC_TO_CU
1717450458.3159354,273,19.2,29.2,CU_TO_DEV
1717450458.3162415,273,0.0,29.2,CU_TO_DEV
1717450468.2528489,322,3.8,29.1,OCC_TO_CU
1717450468.2534893,322,0.0,29.1,OCC_TO_CU
1717450468.3222663,273,22.2,29.2,CU_TO_DEV
1717450468.3225424,273,0.0,29.2,CU_TO_DEV
1717450478.262943,322,3.9,29.2,OCC_TO_CU
1717450478.2637136,322,0.0,29.2,OCC_TO_CU
1717450478.330105,273,24.0,29.3,CU_TO_DEV
1717450478.3312027,273,0.0,29.3,CU_TO_DEV
1717450485.841037,154,4.2,29.3,OCC_TO_CU
1717450485.937956,241,28.6,29.3,CU_TO_DEV
1717450485.9381068,241,28.6,29.3,CU_TO_DEV
1717450488.2589443,322,3.6,29.2,OCC_TO_CU
1717450488.2596915,322,100.0,29.2,OCC_TO_CU
1717450488.3398793,273,21.9,29.4,CU_TO_DEV
1717450488.3400798,273,21.9,29.4,CU_TO_DEV
1717450498.28735,322,4.5,29.2,OCC_TO_CU
1717450498.2879088,322,0.0,29.2,OCC_TO_CU
1717450498.3474243,273,20.8,29.3,CU_TO_DEV
1717450498.347383,273,20.8,29.3,CU_TO_DEV
1717450508.2989445,322,3.9,29.3,OCC_TO_CU
1717450508.3006332,322,0.0,29.3,OCC_TO_CU
1717450508.354586,273,28.6,29.3,CU_TO_DEV
1717450508.3549068,273,0.0,29.3,CU_TO_DEV
1717450518.3222938,322,4.3,29.2,OCC_TO_CU
1717450518.3229406,322,0.0,29.2,OCC_TO_CU
1717450518.3619976,273,41.2,29.3,CU_TO_DEV
1717450518.3618226,273,41.2,29.3,CU_TO_DEV
1717450528.3269548,322,3.9,29.3,OCC_TO_CU
1717450528.3276322,322,0.0,29.3,OCC_TO_CU
1717450528.369035,273,41.2,29.4,CU_TO_DEV
1717450528.3688607,273,41.2,29.4,CU_TO_DEV
1717450535.947884,154,3.7,29.3,OCC_TO_CU
1717450535.9765315,241,54.5,29.4,CU_TO_DEV
1717450535.9766645,241,54.5,29.4,CU_TO_DEV
1717450538.33609,322,3.1,29.3,OCC_TO_CU
1717450538.336713,322,0.0,29.3,OCC_TO_CU
1717450538.3789837,273,35.3,29.4,CU_TO_DEV
1717450538.3796453,273,0.0,29.4,CU_TO_DEV
1717450548.3429787,322,4.5,29.2,OCC_TO_CU
1717450548.343666,322,0.0,29.2,OCC_TO_CU
1717450548.3911717,273,80.0,29.3,CU_TO_DEV
1717450548.3918638,273,0.0,29.3,CU_TO_DEV
1717450558.370211,322,4.6,29.3,OCC_TO_CU
1717450558.3708866,322,0.0,29.3,OCC_TO_CU
1717450558.3976114,273,50.0,29.2,CU_TO_DEV
1717450558.3977897,273,50.0,29.2,CU_TO_DEV
1717450568.3732455,322,3.9,29.2,OCC_TO_CU
1717450568.374255,322,0.0,29.2,OCC_TO_CU
1717450568.4041357,273,58.3,29.3,CU_TO_DEV
1717450568.4047377,273,0.0,29.3,CU_TO_DEV
1717450578.3833184,322,4.4,29.2,OCC_TO_CU
1717450578.3838408,322,0.0,29.2,OCC_TO_CU
1717450578.409821,273,40.0,29.3,CU_TO_DEV
1717450578.4101212,273,40.0,29.3,CU_TO_DEV
1717450586.0007544,154,5.3,29.2,OCC_TO_CU
1717450586.0159712,241,57.1,29.2,CU_TO_DEV
1717450586.0184581,241,0.0,29.2,CU_TO_DEV
1717450588.4039934,322,5.7,29.2,OCC_TO_CU
1717450588.4045131,322,0.0,29.2,OCC_TO_CU
1717450588.4178305,273,60.0,29.2,CU_TO_DEV
1717450588.4203053,273,50.0,29.2,CU_TO_DEV
1717450598.4181745,322,3.6,29.2,OCC_TO_CU
1717450598.4189215,322,0.0,29.2,OCC_TO_CU
1717450598.4266758,273,0.0,29.2,CU_TO_DEV
1717450598.4275353,273,100.0,29.2,CU_TO_DEV
1717450608.4281464,322,4.3,29.2,OCC_TO_CU
1717450608.4290502,322,0.0,29.2,OCC_TO_CU
1717450608.4333942,273,0.0,29.2,CU_TO_DEV
1717450608.4336245,273,0.0,29.2,CU_TO_DEV
1717450618.4421923,322,4.1,29.2,OCC_TO_CU
1717450618.4431074,322,0.0,29.2,OCC_TO_CU
1717450618.4437397,273,0.0,29.2,CU_TO_DEV
1717450618.444029,273,0.0,29.2,CU_TO_DEV
1717450628.462538,322,4.2,29.3,OCC_TO_CU
1717450628.463359,322,0.0,29.3,OCC_TO_CU
1717450628.6503875,273,11.7,29.4,CU_TO_DEV
1717450628.6504333,273,11.7,29.4,CU_TO_DEV
1717450636.0826292,154,5.5,29.3,OCC_TO_CU
1717450636.258096,241,17.8,29.4,CU_TO_DEV
1717450636.2583647,241,0.0,29.4,CU_TO_DEV
1717450638.4794865,322,3.0,29.3,OCC_TO_CU
1717450638.4801576,322,0.0,29.3,OCC_TO_CU
1717450638.660054,273,8.5,29.4,CU_TO_DEV
1717450638.660326,273,0.0,29.4,CU_TO_DEV
1717450648.4952312,322,4.5,29.2,OCC_TO_CU
1717450648.4958997,322,0.0,29.2,OCC_TO_CU
1717450648.6683853,273,12.7,29.3,CU_TO_DEV
1717450648.6684477,273,12.7,29.3,CU_TO_DEV
1717450658.491019,322,4.8,29.2,OCC_TO_CU
1717450658.4917912,322,0.0,29.2,OCC_TO_CU
1717450658.6747365,273,9.5,29.3,CU_TO_DEV
1717450658.6747787,273,9.5,29.3,CU_TO_DEV
1717450668.4974942,322,3.7,29.2,OCC_TO_CU
1717450668.4982743,322,0.0,29.2,OCC_TO_CU
1717450668.6814022,273,9.5,29.3,CU_TO_DEV
1717450668.6812131,273,9.6,29.3,CU_TO_DEV
1717450678.5323217,322,4.7,29.2,OCC_TO_CU
1717450678.532823,322,0.0,29.2,OCC_TO_CU
1717450678.6921837,273,9.2,29.3,CU_TO_DEV
1717450678.6926055,273,0.0,29.3,CU_TO_DEV
1717450686.0423374,154,4.0,29.3,OCC_TO_CU
1717450686.0996785,241,34.8,29.3,CU_TO_DEV
1717450686.0996068,241,34.8,29.3,CU_TO_DEV
1717450688.5271468,322,3.5,29.2,OCC_TO_CU
1717450688.527796,322,0.0,29.2,OCC_TO_CU
1717450688.701409,273,9.9,29.3,CU_TO_DEV
1717450688.7018995,273,0.0,29.3,CU_TO_DEV
1717450698.5507472,322,3.6,29.3,OCC_TO_CU
1717450698.551635,322,50.0,29.3,OCC_TO_CU
1717450698.7067664,273,11.5,29.4,CU_TO_DEV
1717450698.7077112,273,50.0,29.4,CU_TO_DEV
1717450708.5742736,322,4.3,29.3,OCC_TO_CU
1717450708.5748918,322,0.0,29.3,OCC_TO_CU
1717450708.7169442,273,70.2,29.3,CU_TO_DEV
1717450708.7167635,273,70.2,29.3,CU_TO_DEV
1717450718.575392,322,3.7,29.2,OCC_TO_CU
1717450718.5760155,322,0.0,29.2,OCC_TO_CU
1717450718.722025,273,10.3,29.3,CU_TO_DEV
1717450718.7225046,273,0.0,29.3,CU_TO_DEV
1717450728.5983012,322,4.4,29.2,OCC_TO_CU
1717450728.5989246,322,0.0,29.2,OCC_TO_CU
1717450728.7282338,273,15.4,29.3,CU_TO_DEV
1717450728.7282968,273,15.4,29.3,CU_TO_DEV
1717450736.1220105,154,4.5,29.2,OCC_TO_CU
1717450736.1324694,241,25.0,29.2,CU_TO_DEV
1717450736.1330798,241,0.0,29.2,CU_TO_DEV
1717450738.6273322,322,3.6,29.2,OCC_TO_CU
1717450738.6279445,322,0.0,29.2,OCC_TO_CU
1717450738.7347698,273,12.2,29.3,CU_TO_DEV
1717450738.7352886,273,100.0,29.3,CU_TO_DEV
1717450748.6216204,322,3.9,29.3,OCC_TO_CU
1717450748.6228824,322,0.0,29.3,OCC_TO_CU
1717450748.7408032,273,18.8,29.3,CU_TO_DEV
1717450748.7419124,273,0.0,29.3,CU_TO_DEV
1717450758.6244044,322,4.8,29.3,OCC_TO_CU
1717450758.6288848,322,33.3,29.3,OCC_TO_CU
1717450758.7550843,273,20.4,29.3,CU_TO_DEV
1717450758.7563384,273,50.0,29.3,CU_TO_DEV
1717450768.641439,322,5.4,29.2,OCC_TO_CU
1717450768.641986,322,0.0,29.2,OCC_TO_CU
1717450768.7633371,273,12.2,29.3,CU_TO_DEV
1717450768.764496,273,0.0,29.3,CU_TO_DEV
1717450778.6556604,322,3.6,29.2,OCC_TO_CU
1717450778.6564548,322,0.0,29.2,OCC_TO_CU
1717450778.7694132,273,11.6,29.3,CU_TO_DEV
1717450778.7698984,273,0.0,29.3,CU_TO_DEV
1717450786.9156427,154,4.1,29.2,OCC_TO_CU
1717450786.9751675,241,100.0,29.3,CU_TO_DEV
1717450786.974268,241,34.8,29.3,CU_TO_DEV
1717450788.6627464,322,3.1,29.3,OCC_TO_CU
1717450788.6664267,322,33.3,29.3,OCC_TO_CU
1717450788.7777808,273,13.6,29.3,CU_TO_DEV
1717450788.7783816,273,0.0,29.3,CU_TO_DEV
1717450798.6898625,322,3.9,29.3,OCC_TO_CU
1717450798.6906567,322,0.0,29.3,OCC_TO_CU
1717450798.7841396,273,21.1,29.4,CU_TO_DEV
1717450798.784796,273,0.0,29.4,CU_TO_DEV
1717450808.697339,322,3.8,29.3,OCC_TO_CU
1717450808.6981752,322,0.0,29.3,OCC_TO_CU
1717450808.7904606,273,21.6,29.4,CU_TO_DEV
1717450808.7907534,273,0.0,29.4,CU_TO_DEV
1717450818.7149057,322,4.5,29.2,OCC_TO_CU
1717450818.7155728,322,0.0,29.2,OCC_TO_CU
1717450818.799091,273,18.7,29.3,CU_TO_DEV
1717450818.7988966,273,18.7,29.3,CU_TO_DEV
1717450828.71847,322,3.5,29.3,OCC_TO_CU
1717450828.7192986,322,0.0,29.3,OCC_TO_CU
1717450828.8072004,273,94.3,29.4,CU_TO_DEV
1717450828.8075411,273,0.0,29.4,CU_TO_DEV
1717450836.9864748,154,4.6,29.2,OCC_TO_CU
1717450837.013671,241,70.0,29.2,CU_TO_DEV
1717450837.0136158,241,70.0,29.2,CU_TO_DEV
1717450838.72295,322,3.4,29.2,OCC_TO_CU
1717450838.723565,322,0.0,29.2,OCC_TO_CU
1717450838.8161595,273,13.5,29.3,CU_TO_DEV
1717450838.816197,273,13.5,29.3,CU_TO_DEV
1717450848.7266343,322,3.6,29.2,OCC_TO_CU
1717450848.727309,322,0.0,29.2,OCC_TO_CU
1717450848.8216307,273,22.5,29.3,CU_TO_DEV
1717450848.822138,273,0.0,29.3,CU_TO_DEV
1717450858.7561615,322,5.3,29.1,OCC_TO_CU
1717450858.756709,322,0.0,29.1,OCC_TO_CU
1717450858.8282273,273,16.7,29.1,CU_TO_DEV
1717450858.8320372,273,0.0,29.1,CU_TO_DEV
1717450868.7656543,322,3.2,29.1,OCC_TO_CU
1717450868.766196,322,0.0,29.1,OCC_TO_CU
1717450868.8346972,273,21.4,29.2,CU_TO_DEV
1717450868.8366978,273,0.0,29.2,CU_TO_DEV
1717450878.7915673,322,3.4,29.1,OCC_TO_CU
1717450878.7932668,322,0.0,29.1,OCC_TO_CU
1717450878.840552,273,30.0,29.2,CU_TO_DEV
1717450878.8421166,273,0.0,29.2,CU_TO_DEV
1717450887.0636117,154,4.1,29.2,OCC_TO_CU
1717450887.2472503,241,11.1,29.2,CU_TO_DEV
1717450887.2471108,241,9.9,29.2,CU_TO_DEV
1717450888.7924492,322,1.5,29.2,OCC_TO_CU
1717450888.7929738,322,0.0,29.2,OCC_TO_CU
1717450888.8483188,273,29.2,29.3,CU_TO_DEV
1717450888.8484263,273,29.2,29.3,CU_TO_DEV
1717450898.8066044,322,4.2,29.2,OCC_TO_CU
1717450898.8071225,322,0.0,29.2,OCC_TO_CU
1717450898.8558736,273,26.3,29.3,CU_TO_DEV
1717450898.8567371,273,0.0,29.3,CU_TO_DEV
1717450908.8109615,322,4.3,29.1,OCC_TO_CU
1717450908.811973,322,0.0,29.1,OCC_TO_CU
1717450908.8614786,273,40.0,29.2,CU_TO_DEV
1717450908.8616576,273,38.1,29.2,CU_TO_DEV
1717450918.8228705,322,3.8,29.2,OCC_TO_CU
1717450918.823537,322,100.0,29.2,OCC_TO_CU
1717450918.8677828,273,29.4,29.2,CU_TO_DEV
1717450918.8679197,273,29.4,29.2,CU_TO_DEV
1717450928.8391445,322,3.7,29.2,OCC_TO_CU
1717450928.8396614,322,100.0,29.2,OCC_TO_CU
1717450928.8742278,273,25.0,29.3,CU_TO_DEV
1717450928.8743312,273,25.0,29.3,CU_TO_DEV
1717450937.1307857,154,3.8,29.3,OCC_TO_CU
1717450937.279868,241,15.5,29.4,CU_TO_DEV
1717450937.2801669,241,0.0,29.4,CU_TO_DEV
1717450938.8430874,322,1.8,29.3,OCC_TO_CU
1717450938.8441236,322,100.0,29.3,OCC_TO_CU
1717450938.8813035,273,21.4,29.4,CU_TO_DEV
1717450938.8814168,273,21.4,29.4,CU_TO_DEV
1717450948.8668895,322,4.7,29.3,OCC_TO_CU
1717450948.8674312,322,100.0,29.3,OCC_TO_CU
1717450948.8889525,273,71.4,29.3,CU_TO_DEV
1717450948.8887281,273,71.4,29.3,CU_TO_DEV
1717450958.8843594,322,5.1,29.2,OCC_TO_CU
1717450958.8849895,322,0.0,29.2,OCC_TO_CU
1717450958.8955023,273,50.0,29.2,CU_TO_DEV
1717450958.9040911,273,75.0,29.2,CU_TO_DEV
1717450968.886935,322,4.5,29.0,OCC_TO_CU
1717450968.8875787,322,100.0,29.0,OCC_TO_CU
1717450968.9013364,273,40.0,29.0,CU_TO_DEV
1717450968.9139776,273,66.7,29.1,CU_TO_DEV
1717450978.900028,322,3.9,29.1,OCC_TO_CU
1717450978.9006352,322,0.0,29.1,OCC_TO_CU
1717450978.90802,273,33.3,29.1,CU_TO_DEV
1717450978.9241955,273,66.7,29.1,CU_TO_DEV
1717450987.2093408,154,3.9,29.2,OCC_TO_CU
1717450987.3121784,241,30.0,29.3,CU_TO_DEV
1717450987.3327794,241,33.3,29.3,CU_TO_DEV
1717450988.9054425,322,2.5,29.2,OCC_TO_CU
1717450988.906468,322,0.0,29.2,OCC_TO_CU
1717450988.9134264,273,0.0,29.2,CU_TO_DEV
1717450988.9367292,273,62.5,29.3,CU_TO_DEV
1717450998.9176445,322,4.8,29.1,OCC_TO_CU
1717450998.9183035,322,0.0,29.1,OCC_TO_CU
1717450998.9185598,273,0.0,29.1,CU_TO_DEV
1717450998.943915,273,50.0,29.2,CU_TO_DEV
1717450999.1190727,273,4.5,29.2,CU_TO_DEV
1717451008.9358525,322,3.8,29.2,OCC_TO_CU
1717451008.9389422,322,0.0,29.2,OCC_TO_CU
1717451008.952654,273,60.0,29.2,CU_TO_DEV
1717451009.1236477,273,11.9,29.2,CU_TO_DEV
1717451018.972633,322,3.8,29.2,OCC_TO_CU
1717451018.9733899,322,0.0,29.2,OCC_TO_CU
1717451019.1282527,273,11.3,29.3,CU_TO_DEV
1717451019.1604843,273,58.3,29.3,CU_TO_DEV
1717451028.9915917,322,3.9,29.3,OCC_TO_CU
1717451028.9922385,322,0.0,29.3,OCC_TO_CU
1717451029.133013,273,10.9,29.4,CU_TO_DEV
1717451029.165932,273,30.8,29.4,CU_TO_DEV
1717451037.2877436,154,5.1,29.3,OCC_TO_CU
1717451037.3367355,241,26.3,29.3,CU_TO_DEV
1717451037.3709896,241,21.4,29.3,CU_TO_DEV
1717451038.9877253,322,1.7,29.3,OCC_TO_CU
1717451038.988334,322,0.0,29.3,OCC_TO_CU
1717451039.1378715,273,8.3,29.4,CU_TO_DEV
1717451039.1727707,273,50.0,29.4,CU_TO_DEV
1717451048.995194,322,4.6,29.2,OCC_TO_CU
1717451048.995845,322,0.0,29.2,OCC_TO_CU
1717451049.1423504,273,13.6,29.3,CU_TO_DEV
1717451049.1836529,273,43.7,29.3,CU_TO_DEV
1717451059.0108,322,4.4,29.2,OCC_TO_CU
1717451059.0114868,322,100.0,29.2,OCC_TO_CU
1717451059.1470459,273,16.4,29.3,CU_TO_DEV
1717451059.1889997,273,40.0,29.3,CU_TO_DEV
1717451069.0146785,322,3.8,29.2,OCC_TO_CU
1717451069.0153008,322,100.0,29.2,OCC_TO_CU
1717451069.1518788,273,12.7,29.3,CU_TO_DEV
1717451069.1961586,273,88.9,29.3,CU_TO_DEV
1717451079.0153863,322,4.3,29.2,OCC_TO_CU
1717451079.0160003,322,0.0,29.2,OCC_TO_CU
1717451079.1564047,273,9.3,29.3,CU_TO_DEV
1717451079.2011836,273,41.2,29.3,CU_TO_DEV
1717451087.3625054,154,5.6,29.2,OCC_TO_CU
1717451087.4053123,241,29.4,29.3,CU_TO_DEV
1717451087.5603461,241,10.8,29.3,CU_TO_DEV
1717451089.0187945,322,1.9,29.2,OCC_TO_CU
1717451089.0198243,322,100.0,29.2,OCC_TO_CU
1717451089.161418,273,7.1,29.3,CU_TO_DEV
1717451089.2065337,273,31.6,29.3,CU_TO_DEV
1717451099.039328,322,4.2,29.1,OCC_TO_CU
1717451099.0398512,322,0.0,29.1,OCC_TO_CU
1717451099.1659002,273,10.0,29.2,CU_TO_DEV
1717451099.2132843,273,23.5,29.2,CU_TO_DEV
1717451109.0633304,322,3.6,29.2,OCC_TO_CU
1717451109.0641038,322,0.0,29.2,OCC_TO_CU
1717451109.1706452,273,14.3,29.2,CU_TO_DEV
1717451109.2191076,273,23.5,29.2,CU_TO_DEV
1717451119.0624256,322,3.7,29.2,OCC_TO_CU
1717451119.06447,322,0.0,29.2,OCC_TO_CU
1717451119.1750455,273,17.4,29.3,CU_TO_DEV
1717451119.2251232,273,26.3,29.3,CU_TO_DEV
1717451129.0803864,322,3.5,29.2,OCC_TO_CU
1717451129.081146,322,0.0,29.2,OCC_TO_CU
1717451129.1795359,273,17.9,29.3,CU_TO_DEV
1717451129.2315774,273,15.8,29.3,CU_TO_DEV
1717451137.4400852,154,5.3,29.2,OCC_TO_CU
1717451137.5847876,241,10.5,29.3,CU_TO_DEV
1717451137.6370547,241,18.2,29.3,CU_TO_DEV
1717451139.0926192,322,3.1,29.2,OCC_TO_CU
1717451139.0932512,322,0.0,29.2,OCC_TO_CU
1717451139.1859105,273,18.9,29.3,CU_TO_DEV
1717451139.2383223,273,23.8,29.3,CU_TO_DEV
1717451149.107754,322,4.5,29.2,OCC_TO_CU
1717451149.1089854,322,0.0,29.2,OCC_TO_CU
1717451149.1902704,273,18.8,29.3,CU_TO_DEV
1717451149.2469423,273,26.1,29.3,CU_TO_DEV
1717451159.1161187,322,4.0,29.2,OCC_TO_CU
1717451159.1167526,322,0.0,29.2,OCC_TO_CU
1717451159.1958997,273,22.6,29.3,CU_TO_DEV
1717451159.2567413,273,20.8,29.3,CU_TO_DEV
1717451169.1353698,322,4.5,29.2,OCC_TO_CU
1717451169.1368487,322,0.0,29.2,OCC_TO_CU
1717451169.2008052,273,17.4,29.3,CU_TO_DEV
1717451169.266818,273,29.6,29.3,CU_TO_DEV
1717451179.1764913,322,4.8,29.2,OCC_TO_CU
1717451179.1769898,322,0.0,29.2,OCC_TO_CU
1717451179.207852,273,38.5,29.3,CU_TO_DEV
1717451179.2758715,273,33.3,29.3,CU_TO_DEV
1717451187.207971,154,3.5,29.3,OCC_TO_CU
1717451187.2123005,241,0.0,29.3,CU_TO_DEV
1717451187.2808528,241,93.1,29.3,CU_TO_DEV
1717451189.1505477,322,5.9,29.2,OCC_TO_CU
1717451189.1510632,322,0.0,29.2,OCC_TO_CU
1717451189.2136428,273,16.7,29.2,CU_TO_DEV
1717451189.282226,273,24.0,29.3,CU_TO_DEV
1717451199.1886477,322,3.4,29.1,OCC_TO_CU
1717451199.189463,322,0.0,29.1,OCC_TO_CU
1717451199.2185595,273,46.2,29.2,CU_TO_DEV
1717451199.2895768,273,28.6,29.2,CU_TO_DEV
1717451209.1843646,322,3.4,29.2,OCC_TO_CU
1717451209.185223,322,0.0,29.2,OCC_TO_CU
1717451209.223839,273,33.3,29.3,CU_TO_DEV
1717451209.2969244,273,14.8,29.3,CU_TO_DEV
1717451219.1986144,322,3.6,29.2,OCC_TO_CU
1717451219.199471,322,50.0,29.2,OCC_TO_CU
1717451219.2295234,273,40.0,29.3,CU_TO_DEV
1717451219.3026235,273,30.0,29.3,CU_TO_DEV
1717451229.2148185,322,5.2,29.2,OCC_TO_CU
1717451229.2154212,322,100.0,29.2,OCC_TO_CU
1717451229.234973,273,42.9,29.2,CU_TO_DEV
1717451229.314101,273,29.0,29.3,CU_TO_DEV
1717451237.2832718,154,3.5,29.2,OCC_TO_CU
1717451237.3187928,241,75.0,29.2,CU_TO_DEV
1717451237.4390872,241,29.2,29.3,CU_TO_DEV
1717451239.2322433,322,6.4,29.2,OCC_TO_CU
1717451239.2327724,322,0.0,29.2,OCC_TO_CU
1717451239.240975,273,33.3,29.2,CU_TO_DEV
1717451239.3209407,273,35.5,29.3,CU_TO_DEV
1717451249.2519252,322,3.4,29.2,OCC_TO_CU
1717451249.2525656,322,0.0,29.2,OCC_TO_CU
1717451249.328056,273,37.9,29.3,CU_TO_DEV
1717451249.447511,273,13.3,29.3,CU_TO_DEV
1717451259.2570007,322,3.2,29.2,OCC_TO_CU
1717451259.257625,322,0.0,29.2,OCC_TO_CU
1717451259.3334074,273,33.3,29.3,CU_TO_DEV
1717451259.452504,273,20.8,29.3,CU_TO_DEV
1717451269.2593925,322,3.7,29.2,OCC_TO_CU
1717451269.2601457,322,0.0,29.2,OCC_TO_CU
1717451269.3394425,273,31.3,29.3,CU_TO_DEV
1717451269.46359,273,31.2,29.4,CU_TO_DEV
1717451279.2826798,322,4.0,29.2,OCC_TO_CU
1717451279.2833366,322,100.0,29.2,OCC_TO_CU
1717451279.3455148,273,41.7,29.3,CU_TO_DEV
1717451279.4684582,273,16.7,29.3,CU_TO_DEV
1717451287.3497512,154,3.5,29.3,OCC_TO_CU
1717451287.472094,241,27.1,29.3,CU_TO_DEV
1717451287.5504994,241,12.9,29.3,CU_TO_DEV
1717451289.3011594,322,2.3,29.3,OCC_TO_CU
1717451289.301818,322,0.0,29.3,OCC_TO_CU
1717451289.352196,273,50.0,29.4,CU_TO_DEV
1717451289.4737067,273,22.4,29.4,CU_TO_DEV
1717451299.2972953,322,4.2,29.2,OCC_TO_CU
1717451299.2981167,322,0.0,29.2,OCC_TO_CU
1717451299.3593013,273,43.5,29.3,CU_TO_DEV
1717451299.4787266,273,18.8,29.3,CU_TO_DEV
1717451309.322731,322,3.8,29.3,OCC_TO_CU
1717451309.3235285,322,100.0,29.3,OCC_TO_CU
1717451309.3657932,273,62.5,29.4,CU_TO_DEV
1717451309.4848263,273,92.0,29.3,CU_TO_DEV
1717451319.3236575,322,4.3,29.2,OCC_TO_CU
1717451319.3242815,322,0.0,29.2,OCC_TO_CU
1717451319.373971,273,47.4,29.3,CU_TO_DEV
1717451319.4933429,273,17.0,29.3,CU_TO_DEV
1717451329.3511279,322,4.3,29.1,OCC_TO_CU
1717451329.352119,322,100.0,29.1,OCC_TO_CU
1717451329.3839998,273,76.9,29.2,CU_TO_DEV
1717451329.4987745,273,25.5,29.2,CU_TO_DEV
1717451337.4315708,154,4.1,29.2,OCC_TO_CU
1717451337.5050926,241,25.9,29.3,CU_TO_DEV
1717451337.5884376,241,17.6,29.3,CU_TO_DEV
1717451339.3766618,322,2.1,29.2,OCC_TO_CU
1717451339.377366,322,0.0,29.2,OCC_TO_CU
1717451339.3920197,273,66.7,29.2,CU_TO_DEV
1717451339.5070372,273,37.0,29.3,CU_TO_DEV
1717451349.373294,322,4.1,29.2,OCC_TO_CU
1717451349.3739257,322,0.0,29.2,OCC_TO_CU
1717451349.3985305,273,75.0,29.2,CU_TO_DEV
1717451349.5148792,273,26.1,29.3,CU_TO_DEV
1717451359.3880155,322,4.4,29.2,OCC_TO_CU
1717451359.388637,322,0.0,29.2,OCC_TO_CU
1717451359.4065204,273,83.3,29.2,CU_TO_DEV
1717451359.5202541,273,30.4,29.3,CU_TO_DEV
1717451369.3813734,322,4.4,29.2,OCC_TO_CU
1717451369.3819344,322,0.0,29.2,OCC_TO_CU
1717451369.4143624,273,76.9,29.2,CU_TO_DEV
1717451369.5260193,273,20.9,29.3,CU_TO_DEV
1717451379.4174798,322,3.7,29.2,OCC_TO_CU
1717451379.4181132,322,0.0,29.2,OCC_TO_CU
1717451379.4216256,273,0.0,29.2,CU_TO_DEV
1717451379.5318818,273,51.1,29.3,CU_TO_DEV
1717451387.5078766,154,3.7,29.2,OCC_TO_CU
1717451387.5365126,241,63.6,29.3,CU_TO_DEV
1717451387.6258562,241,15.2,29.3,CU_TO_DEV
1717451389.4108183,322,3.4,29.3,OCC_TO_CU
1717451389.4125776,322,0.0,29.3,OCC_TO_CU
1717451389.4285824,273,85.7,29.3,CU_TO_DEV
1717451389.5387332,273,31.0,29.4,CU_TO_DEV
1717451399.4555125,322,3.7,29.3,OCC_TO_CU
1717451399.4563732,322,0.0,29.3,OCC_TO_CU
1717451399.5447826,273,44.1,29.4,CU_TO_DEV
1717451399.6372283,273,15.8,29.4,CU_TO_DEV
1717451409.4422724,322,4.7,29.3,OCC_TO_CU
1717451409.4462402,273,0.0,29.3,CU_TO_DEV
1717451409.4471674,322,0.0,29.3,OCC_TO_CU
1717451409.5518193,273,35.7,29.4,CU_TO_DEV
1717451409.6467829,273,13.2,29.4,CU_TO_DEV
1717451419.4577627,322,3.5,29.3,OCC_TO_CU
1717451419.4593515,322,0.0,29.3,OCC_TO_CU
1717451419.5600822,273,92.7,29.4,CU_TO_DEV
1717451419.653086,273,50.0,29.4,CU_TO_DEV
1717451429.4838526,322,4.3,29.2,OCC_TO_CU
1717451429.4852104,322,0.0,29.2,OCC_TO_CU
1717451429.5675375,273,91.2,29.2,CU_TO_DEV
1717451429.6589775,273,57.9,29.2,CU_TO_DEV
1717451437.5796592,154,3.7,29.1,OCC_TO_CU
1717451437.6631584,241,29.0,29.2,CU_TO_DEV
1717451437.7726274,241,8.9,29.2,CU_TO_DEV
1717451439.5011506,322,3.3,29.2,OCC_TO_CU
1717451439.515551,322,57.1,29.2,OCC_TO_CU
1717451439.5743093,273,40.9,29.2,CU_TO_DEV
1717451439.6651762,273,17.1,29.2,CU_TO_DEV
1717451449.5155349,322,3.8,29.2,OCC_TO_CU
1717451449.5163345,322,0.0,29.2,OCC_TO_CU
1717451449.5829506,273,30.8,29.3,CU_TO_DEV
1717451449.6729367,273,16.7,29.3,CU_TO_DEV
1717451459.5257444,322,4.6,29.1,OCC_TO_CU
1717451459.5266166,322,0.0,29.1,OCC_TO_CU
1717451459.5892549,273,32.1,29.2,CU_TO_DEV
1717451459.6795683,273,17.1,29.2,CU_TO_DEV
1717451469.5420992,322,3.3,29.2,OCC_TO_CU
1717451469.5429373,322,0.0,29.2,OCC_TO_CU
1717451469.5954633,273,43.5,29.3,CU_TO_DEV
1717451469.687331,273,13.9,29.3,CU_TO_DEV
1717451479.5409348,322,3.9,29.3,OCC_TO_CU
1717451479.5418596,322,0.0,29.3,OCC_TO_CU
1717451479.601437,273,34.8,29.4,CU_TO_DEV
1717451479.6941018,273,13.9,29.4,CU_TO_DEV
1717451487.6532702,154,5.2,29.2,OCC_TO_CU
1717451487.7006605,241,30.0,29.3,CU_TO_DEV
1717451487.805353,241,9.3,29.3,CU_TO_DEV
1717451489.5593083,322,3.0,29.3,OCC_TO_CU
1717451489.5599391,322,0.0,29.3,OCC_TO_CU
1717451489.6066988,273,25.0,29.3,CU_TO_DEV
1717451489.7021608,273,15.8,29.3,CU_TO_DEV
1717451499.5815103,322,4.3,29.2,OCC_TO_CU
1717451499.582173,322,0.0,29.2,OCC_TO_CU
1717451499.6141758,273,61.5,29.2,CU_TO_DEV
1717451499.710238,273,15.8,29.3,CU_TO_DEV
1717451509.5660455,322,3.8,29.2,OCC_TO_CU
1717451509.5781162,322,33.3,29.2,OCC_TO_CU
1717451509.6195767,273,94.4,29.3,CU_TO_DEV
1717451509.7157023,273,94.6,29.3,CU_TO_DEV
1717451519.5907526,322,3.4,29.2,OCC_TO_CU
1717451519.5914674,322,100.0,29.2,OCC_TO_CU
1717451519.6245434,273,58.3,29.3,CU_TO_DEV
1717451519.722213,273,17.9,29.3,CU_TO_DEV
1717451529.5874023,322,4.1,29.2,OCC_TO_CU
1717451529.5880623,322,0.0,29.2,OCC_TO_CU
1717451529.6303728,273,50.0,29.3,CU_TO_DEV
1717451529.7275794,273,15.4,29.3,CU_TO_DEV
1717451537.7123423,154,4.1,29.3,OCC_TO_CU
1717451537.7324264,241,62.5,29.3,CU_TO_DEV
1717451537.8347912,241,16.7,29.4,CU_TO_DEV
1717451539.5886514,322,3.4,29.3,OCC_TO_CU
1717451539.5906987,322,0.0,29.3,OCC_TO_CU
1717451539.6362221,273,50.0,29.4,CU_TO_DEV
1717451539.7342386,273,10.5,29.4,CU_TO_DEV
1717451549.605558,322,4.3,29.2,OCC_TO_CU
1717451549.606392,322,0.0,29.2,OCC_TO_CU
1717451549.6424382,273,66.7,29.3,CU_TO_DEV
1717451549.7448325,273,17.1,29.3,CU_TO_DEV
1717451559.6125023,322,4.3,29.2,OCC_TO_CU
1717451559.6136172,322,0.0,29.2,OCC_TO_CU
1717451559.6485505,273,85.7,29.3,CU_TO_DEV
1717451559.7521067,273,92.9,29.3,CU_TO_DEV
1717451569.6158736,322,3.4,29.1,OCC_TO_CU
1717451569.6165073,322,0.0,29.1,OCC_TO_CU
1717451569.6533413,273,68.7,29.2,CU_TO_DEV
1717451569.756153,273,23.8,29.2,CU_TO_DEV
1717451579.633511,322,3.9,29.2,OCC_TO_CU
1717451579.6341083,322,0.0,29.2,OCC_TO_CU
1717451579.6591494,273,69.2,29.2,CU_TO_DEV
1717451579.7603512,273,17.9,29.3,CU_TO_DEV
1717451587.7709086,154,5.4,29.2,OCC_TO_CU
1717451587.8633616,241,18.4,29.3,CU_TO_DEV
1717451587.9676065,241,4.9,29.3,CU_TO_DEV
1717451589.6330466,322,2.4,29.2,OCC_TO_CU
1717451589.6335604,322,0.0,29.2,OCC_TO_CU
1717451589.6644905,273,58.3,29.2,CU_TO_DEV
1717451589.7686508,273,14.0,29.2,CU_TO_DEV
1717451599.6394017,322,3.4,29.2,OCC_TO_CU
1717451599.6424747,322,0.0,29.2,OCC_TO_CU
1717451599.6716008,273,92.3,29.2,CU_TO_DEV
1717451599.7798188,273,95.3,29.3,CU_TO_DEV
1717451609.653617,322,3.7,29.2,OCC_TO_CU
1717451609.6546314,322,0.0,29.2,OCC_TO_CU
1717451609.6778061,273,66.7,29.2,CU_TO_DEV
1717451609.786931,273,24.4,29.2,CU_TO_DEV
1717451619.6662705,322,4.3,29.1,OCC_TO_CU
1717451619.6671169,322,0.0,29.1,OCC_TO_CU
1717451619.6837463,273,60.0,29.2,CU_TO_DEV
1717451619.7933295,273,24.4,29.2,CU_TO_DEV
1717451629.6642637,322,3.4,29.2,OCC_TO_CU
1717451629.6650634,322,0.0,29.2,OCC_TO_CU
1717451629.6893113,273,70.0,29.3,CU_TO_DEV
1717451629.7973118,273,18.2,29.3,CU_TO_DEV
1717451637.5599043,154,5.2,29.1,OCC_TO_CU
1717451637.602683,241,50.0,29.2,CU_TO_DEV
1717451637.6941938,241,26.3,29.2,CU_TO_DEV
1717451639.682506,322,3.5,29.2,OCC_TO_CU
1717451639.6841276,322,50.0,29.2,OCC_TO_CU
1717451639.6957057,273,60.0,29.2,CU_TO_DEV
1717451639.8043356,273,21.4,29.3,CU_TO_DEV
1717451649.7015996,322,3.7,29.2,OCC_TO_CU
1717451649.7022722,322,0.0,29.2,OCC_TO_CU
1717451649.8086982,273,18.6,29.3,CU_TO_DEV
1717451649.9023337,273,8.3,29.3,CU_TO_DEV
1717451659.6908526,322,3.7,29.3,OCC_TO_CU
1717451659.6937234,322,100.0,29.3,OCC_TO_CU
1717451659.7086508,273,50.0,29.3,CU_TO_DEV
1717451659.8142803,273,17.1,29.4,CU_TO_DEV
1717451669.7153559,322,3.7,29.3,OCC_TO_CU
1717451669.71599,322,0.0,29.3,OCC_TO_CU
1717451669.8193784,273,19.0,29.4,CU_TO_DEV
1717451669.9137156,273,13.5,29.4,CU_TO_DEV
1717451679.7197323,322,4.7,29.3,OCC_TO_CU
1717451679.7226117,322,0.0,29.3,OCC_TO_CU
1717451679.8238702,273,87.8,29.3,CU_TO_DEV
1717451679.9198856,273,13.2,29.3,CU_TO_DEV
1717451687.5956666,154,4.4,29.2,OCC_TO_CU
1717451687.6284397,241,69.2,29.2,CU_TO_DEV
1717451687.7242196,241,18.4,29.2,CU_TO_DEV
1717451689.7235837,322,6.1,29.1,OCC_TO_CU
1717451689.7245016,322,0.0,29.1,OCC_TO_CU
1717451689.7254252,273,0.0,29.1,CU_TO_DEV
1717451689.8299797,273,15.4,29.1,CU_TO_DEV
1717451699.7350378,322,3.4,29.1,OCC_TO_CU
1717451699.7357013,322,100.0,29.1,OCC_TO_CU
1717451699.8345442,273,17.9,29.2,CU_TO_DEV
1717451699.9299443,273,13.9,29.3,CU_TO_DEV
1717451709.7440789,322,3.7,29.2,OCC_TO_CU
1717451709.7447715,322,0.0,29.2,OCC_TO_CU
1717451709.8395216,273,18.4,29.3,CU_TO_DEV
1717451709.9347088,273,16.2,29.3,CU_TO_DEV
1717451719.7608774,322,3.6,29.2,OCC_TO_CU
1717451719.7616816,322,0.0,29.2,OCC_TO_CU
1717451719.844964,273,26.5,29.3,CU_TO_DEV
1717451719.9400954,273,15.8,29.3,CU_TO_DEV
1717451729.7731493,322,4.3,29.2,OCC_TO_CU
1717451729.7738507,322,0.0,29.2,OCC_TO_CU
1717451729.8497026,273,25.8,29.2,CU_TO_DEV
1717451729.944622,273,13.5,29.2,CU_TO_DEV
1717451737.652718,154,3.8,29.2,OCC_TO_CU
1717451737.6537192,241,0.0,29.2,CU_TO_DEV
1717451737.7484488,241,24.3,29.3,CU_TO_DEV
1717451739.7673178,322,3.5,29.2,OCC_TO_CU
1717451739.7680027,322,0.0,29.2,OCC_TO_CU
1717451739.855357,273,17.6,29.3,CU_TO_DEV
1717451739.9500568,273,13.9,29.3,CU_TO_DEV
1717451749.7723563,322,4.2,29.2,OCC_TO_CU
1717451749.7748685,322,0.0,29.2,OCC_TO_CU
1717451749.860181,273,25.7,29.4,CU_TO_DEV
1717451749.9596648,273,10.5,29.3,CU_TO_DEV
1717451759.7896912,322,3.3,29.3,OCC_TO_CU
1717451759.7904441,322,0.0,29.3,OCC_TO_CU
1717451759.8646722,273,18.5,29.3,CU_TO_DEV
1717451759.964327,273,17.5,29.4,CU_TO_DEV
1717451769.8107865,322,3.7,29.3,OCC_TO_CU
1717451769.81143,322,100.0,29.3,OCC_TO_CU
1717451769.8706741,273,29.2,29.3,CU_TO_DEV
1717451769.9697022,273,17.9,29.3,CU_TO_DEV
1717451779.8356037,322,4.2,29.2,OCC_TO_CU
1717451779.8362474,322,0.0,29.2,OCC_TO_CU
1717451779.8795397,273,77.8,29.3,CU_TO_DEV
1717451779.9758446,273,92.1,29.3,CU_TO_DEV
1717451787.6568408,154,3.7,29.2,OCC_TO_CU
1717451787.6864526,241,72.7,29.2,CU_TO_DEV
1717451787.7825272,241,31.7,29.3,CU_TO_DEV
1717451789.8327036,322,3.0,29.3,OCC_TO_CU
1717451789.8333428,322,0.0,29.3,OCC_TO_CU
1717451789.8887784,273,29.2,29.3,CU_TO_DEV
1717451789.9837308,273,20.5,29.4,CU_TO_DEV
1717451799.844955,322,3.5,29.2,OCC_TO_CU
1717451799.8457093,322,0.0,29.2,OCC_TO_CU
1717451799.8998199,273,91.3,29.3,CU_TO_DEV
1717451799.9883885,273,88.2,29.3,CU_TO_DEV
1717451809.8405204,322,3.0,29.2,OCC_TO_CU
1717451809.8412092,322,0.0,29.2,OCC_TO_CU
1717451809.9052248,273,25.0,29.3,CU_TO_DEV
1717451809.992882,273,25.0,29.3,CU_TO_DEV
1717451819.8557422,322,5.3,29.1,OCC_TO_CU
1717451819.8562782,322,0.0,29.1,OCC_TO_CU
1717451819.9128206,273,31.8,29.2,CU_TO_DEV
1717451819.997419,273,15.2,29.2,CU_TO_DEV
1717451829.8721156,322,3.5,29.2,OCC_TO_CU
1717451829.8727653,322,0.0,29.2,OCC_TO_CU
1717451829.919368,273,50.0,29.2,CU_TO_DEV
1717451830.0027237,273,15.6,29.3,CU_TO_DEV
1717451837.7884324,154,4.0,29.2,OCC_TO_CU
1717451837.8078241,241,62.5,29.2,CU_TO_DEV
1717451837.9247398,241,18.2,29.3,CU_TO_DEV
1717451839.871376,322,3.2,29.2,OCC_TO_CU
1717451839.872011,322,0.0,29.2,OCC_TO_CU
1717451839.926194,273,38.1,29.3,CU_TO_DEV
1717451840.009798,273,20.6,29.3,CU_TO_DEV
1717451849.883735,322,3.7,29.2,OCC_TO_CU
1717451849.8843975,322,0.0,29.2,OCC_TO_CU
1717451849.9330695,273,52.6,29.3,CU_TO_DEV
1717451850.0155413,273,15.6,29.4,CU_TO_DEV
1717451859.9047797,322,3.5,29.3,OCC_TO_CU
1717451859.9054103,322,0.0,29.3,OCC_TO_CU
1717451859.937946,273,69.2,29.4,CU_TO_DEV
1717451860.0203247,273,21.2,29.4,CU_TO_DEV
1717451869.8924198,322,4.3,29.3,OCC_TO_CU
1717451869.8930278,322,0.0,29.3,OCC_TO_CU
1717451869.9449954,273,85.7,29.4,CU_TO_DEV
1717451870.0257049,273,93.7,29.4,CU_TO_DEV
1717451879.8965118,322,3.3,29.2,OCC_TO_CU
1717451879.898555,322,0.0,29.2,OCC_TO_CU
1717451879.9503834,273,60.0,29.3,CU_TO_DEV
1717451880.0322535,273,9.4,29.3,CU_TO_DEV
1717451887.8507144,154,4.6,29.1,OCC_TO_CU
1717451887.9579093,241,27.3,29.2,CU_TO_DEV
1717451888.040076,241,6.2,29.2,CU_TO_DEV
1717451889.907529,322,3.2,29.1,OCC_TO_CU
1717451889.9100807,322,0.0,29.1,OCC_TO_CU
1717451889.9593942,273,57.9,29.2,CU_TO_DEV
1717451890.0415313,273,9.4,29.3,CU_TO_DEV
1717451899.942532,322,3.7,29.2,OCC_TO_CU
1717451899.9436822,322,100.0,29.2,OCC_TO_CU
1717451899.9646974,273,50.0,29.3,CU_TO_DEV
1717451900.0469995,273,21.2,29.3,CU_TO_DEV
1717451909.9556084,322,4.6,29.3,OCC_TO_CU
1717451909.9565754,322,0.0,29.3,OCC_TO_CU
1717451909.9726446,273,57.1,29.3,CU_TO_DEV
1717451910.0530643,273,16.1,29.4,CU_TO_DEV
1717451919.9688833,322,3.5,29.2,OCC_TO_CU
1717451919.969683,322,0.0,29.2,OCC_TO_CU
1717451919.9793324,273,50.0,29.2,CU_TO_DEV
1717451920.0578284,273,29.0,29.3,CU_TO_DEV
1717451929.95568,322,4.1,29.2,OCC_TO_CU
1717451929.9567332,322,0.0,29.2,OCC_TO_CU
1717451929.9843154,273,50.0,29.2,CU_TO_DEV
1717451930.0622754,273,16.1,29.3,CU_TO_DEV
1717451937.9256237,154,4.1,29.3,OCC_TO_CU
1717451937.9892144,241,32.1,29.3,CU_TO_DEV
1717451938.0663683,241,10.0,29.4,CU_TO_DEV
1717451939.982944,322,3.8,29.3,OCC_TO_CU
1717451939.9835987,322,0.0,29.3,OCC_TO_CU
1717451939.990629,273,0.0,29.3,CU_TO_DEV
1717451940.0678165,273,34.4,29.3,CU_TO_DEV
1717451950.0409708,322,4.5,29.3,OCC_TO_CU
1717451950.0415378,322,0.0,29.3,OCC_TO_CU
1717451950.0750008,273,42.9,29.3,CU_TO_DEV
1717451950.1990829,273,11.8,29.4,CU_TO_DEV
1717451959.9913032,322,4.1,29.2,OCC_TO_CU
1717451959.991987,322,0.0,29.2,OCC_TO_CU
1717451960.0061507,273,50.0,29.2,CU_TO_DEV
1717451960.0807958,273,30.0,29.3,CU_TO_DEV
1717451969.9990025,322,4.4,29.2,OCC_TO_CU
1717451969.999975,322,50.0,29.2,OCC_TO_CU
1717451970.011078,273,33.3,29.2,CU_TO_DEV
1717451970.0856514,273,27.6,29.2,CU_TO_DEV
1717451980.0203953,322,3.7,29.2,OCC_TO_CU
1717451980.0248053,322,0.0,29.2,OCC_TO_CU
1717451980.0908406,273,29.6,29.2,CU_TO_DEV
1717451980.218347,273,12.0,29.3,CU_TO_DEV
1717451987.9986947,154,3.6,29.2,OCC_TO_CU
1717451988.0223308,241,50.0,29.2,CU_TO_DEV
1717451988.0965748,241,22.6,29.3,CU_TO_DEV
1717451990.0180473,322,3.8,29.3,OCC_TO_CU
1717451990.0203602,322,0.0,29.3,OCC_TO_CU
1717451990.0242555,273,66.7,29.3,CU_TO_DEV
1717451990.0980103,273,34.5,29.3,CU_TO_DEV
1717452000.0307508,322,4.9,29.3,OCC_TO_CU
1717452000.0314353,322,50.0,29.3,OCC_TO_CU
1717452000.0315557,273,50.0,29.3,CU_TO_DEV
1717452000.1057525,273,26.7,29.4,CU_TO_DEV
1717452000.2323,273,2.1,29.4,CU_TO_DEV
1717452010.0550845,322,3.5,29.2,OCC_TO_CU
1717452010.055734,322,100.0,29.2,OCC_TO_CU
1717452010.1110427,273,23.8,29.4,CU_TO_DEV
1717452010.2373765,273,6.1,29.4,CU_TO_DEV
1717452020.0510404,322,4.5,29.2,OCC_TO_CU
1717452020.0517948,322,0.0,29.2,OCC_TO_CU
1717452020.1182897,273,23.1,29.3,CU_TO_DEV
1717452020.2442422,273,4.2,29.3,CU_TO_DEV
1717452030.0791373,322,3.5,29.3,OCC_TO_CU
1717452030.079937,322,100.0,29.3,OCC_TO_CU
1717452030.1231067,273,31.2,29.3,CU_TO_DEV
1717452030.2520707,273,9.6,29.3,CU_TO_DEV
1717452038.0712788,154,3.8,29.3,OCC_TO_CU
1717452038.1315627,241,87.0,29.4,CU_TO_DEV
1717452038.2570598,241,52.0,29.4,CU_TO_DEV
1717452040.0795782,322,3.2,29.3,OCC_TO_CU
1717452040.080164,322,0.0,29.3,OCC_TO_CU
1717452040.133226,273,20.0,29.4,CU_TO_DEV
1717452040.2583327,273,13.0,29.4,CU_TO_DEV
1717452050.0854847,322,4.3,29.2,OCC_TO_CU
1717452050.0867343,322,0.0,29.2,OCC_TO_CU
1717452050.1410973,273,82.6,29.3,CU_TO_DEV
1717452050.264951,273,52.1,29.3,CU_TO_DEV
1717452060.1006694,322,4.2,29.1,OCC_TO_CU
1717452060.101437,322,0.0,29.1,OCC_TO_CU
1717452060.1473486,273,40.0,29.2,CU_TO_DEV
1717452060.2702756,273,4.3,29.2,CU_TO_DEV
1717452070.1015706,322,3.6,29.1,OCC_TO_CU
1717452070.1022155,322,0.0,29.1,OCC_TO_CU
1717452070.1523252,273,26.3,29.2,CU_TO_DEV
1717452070.276571,273,6.3,29.2,CU_TO_DEV
1717452080.115604,322,4.9,29.2,OCC_TO_CU
1717452080.1162446,322,0.0,29.2,OCC_TO_CU
1717452080.166344,273,26.3,29.3,CU_TO_DEV
1717452080.2841163,273,2.2,29.3,CU_TO_DEV
1717452087.8864622,154,3.5,29.2,OCC_TO_CU
1717452087.8886867,241,100.0,29.2,CU_TO_DEV
1717452087.9701722,241,13.3,29.1,CU_TO_DEV
1717452090.1371078,322,4.9,29.2,OCC_TO_CU
1717452090.1378233,322,0.0,29.2,OCC_TO_CU
1717452090.1716893,273,33.3,29.3,CU_TO_DEV
1717452090.2910683,273,10.4,29.3,CU_TO_DEV
1717452100.1496701,322,4.6,29.2,OCC_TO_CU
1717452100.1503508,322,0.0,29.2,OCC_TO_CU
1717452100.1821442,273,41.7,29.3,CU_TO_DEV
1717452100.29869,273,12.8,29.3,CU_TO_DEV
1717452110.1662593,322,3.8,29.2,OCC_TO_CU
1717452110.1674845,322,0.0,29.2,OCC_TO_CU
1717452110.1886477,273,44.4,29.2,CU_TO_DEV
1717452110.3053768,273,17.0,29.3,CU_TO_DEV
1717452120.1650095,322,4.1,29.3,OCC_TO_CU
1717452120.1659207,322,0.0,29.3,OCC_TO_CU
1717452120.197295,273,41.7,29.4,CU_TO_DEV
1717452120.3135371,273,10.6,29.4,CU_TO_DEV
1717452130.1879656,322,3.8,29.3,OCC_TO_CU
1717452130.1886163,322,0.0,29.3,OCC_TO_CU
1717452130.2034814,273,57.1,29.3,CU_TO_DEV
1717452130.3204281,273,15.9,29.4,CU_TO_DEV
1717452137.9278398,154,3.7,29.4,OCC_TO_CU
1717452138.01547,241,100.0,29.5,CU_TO_DEV
1717452138.1271548,241,77.3,29.5,CU_TO_DEV
1717452140.2063768,322,3.1,29.4,OCC_TO_CU
1717452140.2068982,322,0.0,29.4,OCC_TO_CU
1717452140.2168093,273,0.0,29.4,CU_TO_DEV
1717452140.3316915,273,95.7,29.4,CU_TO_DEV
1717452150.1984425,322,4.3,29.2,OCC_TO_CU
1717452150.1991842,322,0.0,29.2,OCC_TO_CU
1717452150.224121,273,54.5,29.2,CU_TO_DEV
1717452150.339801,273,14.9,29.3,CU_TO_DEV
1717452160.2258043,322,3.7,29.2,OCC_TO_CU
1717452160.2266386,322,0.0,29.2,OCC_TO_CU
1717452160.2305746,273,33.3,29.2,CU_TO_DEV
1717452160.3484533,273,19.1,29.3,CU_TO_DEV
1717452170.2177205,322,4.3,29.2,OCC_TO_CU
1717452170.2183616,322,0.0,29.2,OCC_TO_CU
1717452170.2361708,273,55.6,29.2,CU_TO_DEV
1717452170.3581078,273,8.7,29.3,CU_TO_DEV
1717452180.2195837,322,3.6,29.2,OCC_TO_CU
1717452180.2203345,322,0.0,29.2,OCC_TO_CU
1717452180.2422636,273,44.4,29.2,CU_TO_DEV
1717452180.363843,273,12.5,29.3,CU_TO_DEV
1717452189.2045949,154,4.5,29.2,OCC_TO_CU
1717452189.2491636,241,29.4,29.2,CU_TO_DEV
1717452189.3708737,241,12.0,29.3,CU_TO_DEV
1717452190.2474945,322,5.7,29.3,OCC_TO_CU
1717452190.2481723,322,0.0,29.3,OCC_TO_CU
1717452190.2503014,273,0.0,29.3,CU_TO_DEV
1717452190.3720386,273,12.8,29.3,CU_TO_DEV
1717452200.2533226,322,3.9,29.2,OCC_TO_CU
1717452200.2545662,322,0.0,29.2,OCC_TO_CU
1717452200.254854,273,0.0,29.2,CU_TO_DEV
1717452200.380738,273,16.0,29.3,CU_TO_DEV
1717452200.4566753,273,13.3,29.3,CU_TO_DEV
1717452210.2700543,322,4.9,29.2,OCC_TO_CU
1717452210.2705889,322,0.0,29.2,OCC_TO_CU
1717452210.3871877,273,13.0,29.3,CU_TO_DEV
1717452210.4644084,273,12.1,29.3,CU_TO_DEV
1717452220.2702246,322,3.5,29.3,OCC_TO_CU
1717452220.270897,322,0.0,29.3,OCC_TO_CU
1717452220.3924427,273,12.5,29.4,CU_TO_DEV
1717452220.4688215,273,15.6,29.4,CU_TO_DEV
1717452230.2896192,322,4.6,29.2,OCC_TO_CU
1717452230.290179,322,0.0,29.2,OCC_TO_CU
1717452230.3985996,273,9.5,29.4,CU_TO_DEV
1717452230.4739933,273,10.0,29.4,CU_TO_DEV
1717452240.1980436,154,4.5,29.2,OCC_TO_CU
1717452240.209974,241,25.0,29.2,CU_TO_DEV
1717452240.2807243,241,27.6,29.3,CU_TO_DEV
1717452240.3073416,322,25.0,29.3,OCC_TO_CU
1717452240.3080387,322,0.0,29.3,OCC_TO_CU
1717452240.4106047,273,14.6,29.3,CU_TO_DEV
1717452240.4814787,273,10.7,29.3,CU_TO_DEV
1717452250.3014343,322,3.6,29.2,OCC_TO_CU
1717452250.302087,322,0.0,29.2,OCC_TO_CU
1717452250.415522,273,19.6,29.3,CU_TO_DEV
1717452250.4877563,273,10.7,29.3,CU_TO_DEV
1717452260.3185036,322,3.6,29.3,OCC_TO_CU
1717452260.3191595,322,0.0,29.3,OCC_TO_CU
1717452260.4206257,273,19.0,29.4,CU_TO_DEV
1717452260.4956574,273,12.9,29.4,CU_TO_DEV
1717452270.3419738,322,3.7,29.3,OCC_TO_CU
1717452270.3426614,322,0.0,29.3,OCC_TO_CU
1717452270.4273143,273,20.6,29.4,CU_TO_DEV
1717452270.5019584,273,10.0,29.4,CU_TO_DEV
1717452280.3374383,322,5.2,29.2,OCC_TO_CU
1717452280.338101,322,0.0,29.2,OCC_TO_CU
1717452280.433944,273,15.8,29.3,CU_TO_DEV
1717452280.5095804,273,12.9,29.3,CU_TO_DEV
1717452290.340673,322,4.1,29.2,OCC_TO_CU
1717452290.3412127,322,0.0,29.2,OCC_TO_CU
1717452290.440552,273,15.0,29.3,CU_TO_DEV
1717452290.516232,273,12.5,29.3,CU_TO_DEV
1717452292.1057847,154,6.3,29.3,OCC_TO_CU
1717452292.118904,241,60.0,29.3,CU_TO_DEV
1717452292.2429302,241,22.4,29.3,CU_TO_DEV
1717452300.3524344,322,3.3,29.2,OCC_TO_CU
1717452300.3531713,322,0.0,29.2,OCC_TO_CU
1717452300.4484017,273,13.9,29.3,CU_TO_DEV
1717452300.522992,273,15.6,29.3,CU_TO_DEV
1717452310.3703797,322,4.0,29.3,OCC_TO_CU
1717452310.378798,322,0.0,29.3,OCC_TO_CU
1717452310.455372,273,35.7,29.3,CU_TO_DEV
1717452310.5292234,273,6.9,29.3,CU_TO_DEV
1717452320.3921359,322,3.6,29.3,OCC_TO_CU
1717452320.3929784,322,0.0,29.3,OCC_TO_CU
1717452320.4608743,273,23.1,29.4,CU_TO_DEV
1717452320.5357273,273,16.7,29.4,CU_TO_DEV
1717452330.415638,322,4.5,29.3,OCC_TO_CU
1717452330.4169667,322,0.0,29.3,OCC_TO_CU
1717452330.4667678,273,85.0,29.4,CU_TO_DEV
1717452330.5476747,273,93.7,29.4,CU_TO_DEV
1717452340.4063256,322,3.7,29.2,OCC_TO_CU
1717452340.4069629,322,0.0,29.2,OCC_TO_CU
1717452340.474313,273,28.6,29.3,CU_TO_DEV
1717452340.552851,273,9.7,29.3,CU_TO_DEV
1717452345.2563725,154,5.6,29.1,OCC_TO_CU
1717452345.2815073,241,54.5,29.2,CU_TO_DEV
1717452345.3572257,241,10.3,29.2,CU_TO_DEV
1717452350.4221523,322,3.7,29.2,OCC_TO_CU
1717452350.4228063,322,0.0,29.2,OCC_TO_CU
1717452350.4850857,273,21.7,29.3,CU_TO_DEV
1717452350.5599456,273,16.1,29.3,CU_TO_DEV
1717452360.4383843,322,4.0,29.2,OCC_TO_CU
1717452360.4391878,322,0.0,29.2,OCC_TO_CU
1717452360.492152,273,30.0,29.3,CU_TO_DEV
1717452360.5663486,273,16.1,29.3,CU_TO_DEV
1717452370.444369,322,5.0,29.2,OCC_TO_CU
1717452370.4449954,322,0.0,29.2,OCC_TO_CU
1717452370.498735,273,22.7,29.3,CU_TO_DEV
1717452370.5731812,273,10.3,29.3,CU_TO_DEV
1717452380.4562857,322,3.7,29.3,OCC_TO_CU
1717452380.4570408,322,0.0,29.3,OCC_TO_CU
1717452380.5070753,273,26.3,29.4,CU_TO_DEV
1717452380.5777762,273,14.3,29.4,CU_TO_DEV
1717452390.4780395,322,3.7,29.3,OCC_TO_CU
1717452390.4786751,322,0.0,29.3,OCC_TO_CU
1717452390.5132754,273,38.5,29.3,CU_TO_DEV
1717452390.5832078,273,32.1,29.3,CU_TO_DEV
1717452397.1712806,154,4.3,29.4,OCC_TO_CU
1717452397.186921,241,40.0,29.4,CU_TO_DEV
1717452397.3186378,241,25.9,29.5,CU_TO_DEV
1717452400.501288,322,2.9,29.4,OCC_TO_CU
1717452400.5020928,322,0.0,29.4,OCC_TO_CU
1717452400.5207903,273,50.0,29.4,CU_TO_DEV
1717452400.5916965,273,27.6,29.5,CU_TO_DEV
1717452410.4913363,322,5.3,29.3,OCC_TO_CU
1717452410.4951053,322,0.0,29.3,OCC_TO_CU
1717452410.5309663,273,43.7,29.4,CU_TO_DEV
1717452410.597998,273,18.5,29.4,CU_TO_DEV
1717452420.5152247,322,4.3,29.2,OCC_TO_CU
1717452420.5159018,322,0.0,29.2,OCC_TO_CU
1717452420.537849,273,62.5,29.3,CU_TO_DEV
1717452420.606091,273,24.1,29.3,CU_TO_DEV
1717452430.5297713,322,4.3,29.2,OCC_TO_CU
1717452430.5304031,322,0.0,29.2,OCC_TO_CU
1717452430.5474563,273,40.0,29.2,CU_TO_DEV
1717452430.6116042,273,28.0,29.2,CU_TO_DEV
1717452440.5373862,322,3.9,29.2,OCC_TO_CU
1717452440.5380273,322,0.0,29.2,OCC_TO_CU
1717452440.556708,273,50.0,29.2,CU_TO_DEV
1717452440.6162891,273,27.3,29.2,CU_TO_DEV
1717452447.24357,154,4.1,29.2,OCC_TO_CU
1717452447.3625858,241,14.9,29.3,CU_TO_DEV
1717452447.4199607,241,13.6,29.3,CU_TO_DEV
1717452450.5469298,322,3.3,29.2,OCC_TO_CU
1717452450.5495052,322,0.0,29.2,OCC_TO_CU
1717452450.5645704,273,50.0,29.2,CU_TO_DEV
1717452450.62345,273,36.0,29.3,CU_TO_DEV
1717452460.5502598,322,4.8,29.2,OCC_TO_CU
1717452460.5509057,322,0.0,29.2,OCC_TO_CU
1717452460.5707824,273,37.5,29.3,CU_TO_DEV
1717452460.6329772,273,24.0,29.3,CU_TO_DEV
1717452470.5580873,322,3.2,29.2,OCC_TO_CU
1717452470.5587606,322,0.0,29.2,OCC_TO_CU
1717452470.5765316,273,33.3,29.2,CU_TO_DEV
1717452470.6379945,273,29.2,29.3,CU_TO_DEV
1717452480.5743964,322,4.6,29.2,OCC_TO_CU
1717452480.5751264,322,0.0,29.2,OCC_TO_CU
1717452480.58349,273,33.3,29.2,CU_TO_DEV
1717452480.6431236,273,25.0,29.3,CU_TO_DEV
1717452490.5793912,322,3.6,29.3,OCC_TO_CU
1717452490.5801516,322,0.0,29.3,OCC_TO_CU
1717452490.5886757,273,33.3,29.3,CU_TO_DEV
1717452490.648831,273,31.8,29.4,CU_TO_DEV
1717452497.315753,154,4.3,29.4,OCC_TO_CU
1717452497.3925521,241,31.3,29.5,CU_TO_DEV
1717452497.4547632,241,16.0,29.5,CU_TO_DEV
1717452500.6072793,322,3.1,29.3,OCC_TO_CU
1717452500.6079297,322,0.0,29.3,OCC_TO_CU
1717452500.657031,273,30.0,29.4,CU_TO_DEV
1717452500.7946193,273,9.1,29.4,CU_TO_DEV
1717452510.6247947,322,4.5,29.3,OCC_TO_CU
1717452510.6254165,322,0.0,29.3,OCC_TO_CU
1717452510.663981,273,35.7,29.4,CU_TO_DEV
1717452510.8014436,273,10.7,29.4,CU_TO_DEV
1717452520.618493,322,4.6,29.3,OCC_TO_CU
1717452520.618993,322,0.0,29.3,OCC_TO_CU
1717452520.6714888,273,25.0,29.3,CU_TO_DEV
1717452520.811727,273,7.0,29.3,CU_TO_DEV
1717452530.6460288,322,4.1,29.2,OCC_TO_CU
1717452530.6466863,322,0.0,29.2,OCC_TO_CU
1717452530.6803439,273,36.4,29.3,CU_TO_DEV
1717452530.8166254,273,10.9,29.3,CU_TO_DEV
1717452540.6570861,322,4.6,29.2,OCC_TO_CU
1717452540.6576178,322,0.0,29.2,OCC_TO_CU
1717452540.6873527,273,46.2,29.3,CU_TO_DEV
1717452540.822248,273,7.4,29.3,CU_TO_DEV
1717452548.302569,154,4.1,29.2,OCC_TO_CU
1717452548.4266462,241,19.6,29.2,CU_TO_DEV
1717452548.4955664,241,11.1,29.2,CU_TO_DEV
1717452550.6606498,322,4.0,29.3,OCC_TO_CU
1717452550.6612935,322,0.0,29.3,OCC_TO_CU
1717452550.6969986,273,40.0,29.3,CU_TO_DEV
1717452550.828571,273,11.3,29.3,CU_TO_DEV
1717452560.6687677,322,4.7,29.1,OCC_TO_CU
1717452560.6693985,322,0.0,29.1,OCC_TO_CU
1717452560.7054884,273,40.0,29.2,CU_TO_DEV
1717452560.8356135,273,11.3,29.2,CU_TO_DEV
1717452570.6851995,322,3.9,29.2,OCC_TO_CU
1717452570.6858587,322,0.0,29.2,OCC_TO_CU
1717452570.7123656,273,45.5,29.3,CU_TO_DEV
1717452570.8413458,273,15.4,29.3,CU_TO_DEV
1717452580.7076592,322,3.9,29.3,OCC_TO_CU
1717452580.7087018,322,0.0,29.3,OCC_TO_CU
1717452580.7201588,273,50.0,29.3,CU_TO_DEV
1717452580.847686,273,18.0,29.4,CU_TO_DEV
1717452590.7034726,322,4.0,29.3,OCC_TO_CU
1717452590.7041008,322,0.0,29.3,OCC_TO_CU
1717452590.7282324,273,40.0,29.4,CU_TO_DEV
1717452590.8526843,273,12.5,29.4,CU_TO_DEV
1717452598.3759992,154,5.6,29.4,OCC_TO_CU
1717452598.4597976,241,28.1,29.5,CU_TO_DEV
1717452598.5355198,241,6.7,29.5,CU_TO_DEV
1717452600.7238293,322,2.7,29.4,OCC_TO_CU
1717452600.724378,322,0.0,29.4,OCC_TO_CU
1717452600.7368848,273,25.0,29.3,CU_TO_DEV
1717452600.86126,273,17.3,29.4,CU_TO_DEV
1717452610.725077,322,5.2,29.2,OCC_TO_CU
1717452610.725761,322,0.0,29.2,OCC_TO_CU
1717452610.7451696,273,42.9,29.2,CU_TO_DEV
1717452610.8676822,273,14.9,29.3,CU_TO_DEV
1717452620.7379277,322,4.0,29.2,OCC_TO_CU
1717452620.738554,322,0.0,29.2,OCC_TO_CU
1717452620.7519584,273,50.0,29.2,CU_TO_DEV
1717452620.872843,273,16.7,29.3,CU_TO_DEV
1717452630.7595809,322,3.8,29.2,OCC_TO_CU
1717452630.7603822,322,0.0,29.2,OCC_TO_CU
1717452630.8785856,273,14.9,29.3,CU_TO_DEV
1717452630.9590044,273,9.4,29.3,CU_TO_DEV
1717452640.7663908,322,3.8,29.3,OCC_TO_CU
1717452640.7669241,322,0.0,29.3,OCC_TO_CU
1717452640.8834658,273,73.9,29.3,CU_TO_DEV
1717452640.9636276,273,6.5,29.3,CU_TO_DEV
1717452649.3672895,154,4.7,29.2,OCC_TO_CU
1717452649.368324,241,0.0,29.2,CU_TO_DEV
1717452649.4895997,241,18.4,29.3,CU_TO_DEV
1717452650.8030684,322,2.9,29.2,OCC_TO_CU
1717452650.8037248,322,100.0,29.2,OCC_TO_CU
1717452650.8907726,273,19.4,29.3,CU_TO_DEV
1717452650.9696314,273,9.7,29.3,CU_TO_DEV
1717452660.8080812,322,4.1,29.2,OCC_TO_CU
1717452660.8087332,322,0.0,29.2,OCC_TO_CU
1717452660.8976035,273,17.6,29.3,CU_TO_DEV
1717452660.9754276,273,15.2,29.3,CU_TO_DEV
1717452670.8105721,322,4.3,29.3,OCC_TO_CU
1717452670.8110974,322,0.0,29.3,OCC_TO_CU
1717452670.9025624,273,16.2,29.4,CU_TO_DEV
1717452670.9806573,273,9.7,29.4,CU_TO_DEV
1717452680.833152,322,3.9,29.3,OCC_TO_CU
1717452680.833803,322,0.0,29.3,OCC_TO_CU
1717452680.9096377,273,22.6,29.4,CU_TO_DEV
1717452680.9872499,273,12.9,29.4,CU_TO_DEV
1717452690.847757,322,5.0,29.3,OCC_TO_CU
1717452690.8483145,322,0.0,29.3,OCC_TO_CU
1717452690.9150305,273,16.0,29.4,CU_TO_DEV
1717452690.992905,273,9.7,29.4,CU_TO_DEV
1717452699.4529285,154,3.7,29.3,OCC_TO_CU
1717452699.521962,241,85.2,29.4,CU_TO_DEV
1717452699.5976853,241,80.6,29.3,CU_TO_DEV
1717452700.8424752,322,3.6,29.3,OCC_TO_CU
1717452700.8430266,322,0.0,29.3,OCC_TO_CU
1717452700.9231386,273,12.9,29.3,CU_TO_DEV
1717452700.9987335,273,10.0,29.3,CU_TO_DEV
1717452710.8679852,322,3.5,29.3,OCC_TO_CU
1717452710.868643,322,0.0,29.3,OCC_TO_CU
1717452710.9279547,273,29.2,29.3,CU_TO_DEV
1717452711.0038188,273,10.3,29.4,CU_TO_DEV
1717452720.879319,322,3.9,29.3,OCC_TO_CU
1717452720.8799856,322,0.0,29.3,OCC_TO_CU
1717452720.9335392,273,28.6,29.4,CU_TO_DEV
1717452721.0099518,273,16.1,29.4,CU_TO_DEV
1717452730.8866873,322,4.7,29.3,OCC_TO_CU
1717452730.8872504,322,0.0,29.3,OCC_TO_CU
1717452730.9412525,273,27.3,29.4,CU_TO_DEV
1717452731.020541,273,15.2,29.4,CU_TO_DEV
1717452740.8870096,322,4.3,29.3,OCC_TO_CU
1717452740.887538,322,100.0,29.3,OCC_TO_CU
1717452740.9456692,273,21.7,29.3,CU_TO_DEV
1717452741.0249965,273,12.5,29.3,CU_TO_DEV
1717452750.435673,154,3.7,29.3,OCC_TO_CU
1717452750.5500402,241,22.7,29.4,CU_TO_DEV
1717452750.6297462,241,12.1,29.4,CU_TO_DEV
1717452750.914889,322,2.7,29.4,OCC_TO_CU
1717452750.9155483,322,0.0,29.4,OCC_TO_CU
1717452750.950794,273,28.6,29.4,CU_TO_DEV
1717452751.0305965,273,18.8,29.4,CU_TO_DEV
1717452760.9207463,322,3.9,29.4,OCC_TO_CU
1717452760.9215097,322,0.0,29.4,OCC_TO_CU
1717452760.9559233,273,42.9,29.5,CU_TO_DEV
1717452761.036537,273,16.7,29.5,CU_TO_DEV
1717452770.9408207,322,4.0,29.4,OCC_TO_CU
1717452770.9414973,322,0.0,29.4,OCC_TO_CU
1717452770.961942,273,66.7,29.4,CU_TO_DEV
1717452771.044773,273,100.0,29.5,CU_TO_DEV
1717452780.9519477,322,3.6,29.4,OCC_TO_CU
1717452780.952614,322,0.0,29.4,OCC_TO_CU
1717452780.9699469,273,42.9,29.4,CU_TO_DEV
1717452781.0499287,273,29.0,29.4,CU_TO_DEV
1717452790.949014,322,4.6,29.3,OCC_TO_CU
1717452790.9500506,322,0.0,29.3,OCC_TO_CU
1717452790.9769177,273,63.6,29.3,CU_TO_DEV
1717452791.0554504,273,96.9,29.4,CU_TO_DEV
1717452800.5050325,154,4.7,29.2,OCC_TO_CU
1717452800.583267,241,24.2,29.3,CU_TO_DEV
1717452800.661079,241,9.7,29.3,CU_TO_DEV
1717452800.9759943,322,4.0,29.3,OCC_TO_CU
1717452800.9766417,322,0.0,29.3,OCC_TO_CU
1717452800.984374,273,60.0,29.3,CU_TO_DEV
1717452801.0617774,273,34.5,29.3,CU_TO_DEV
1717452810.993536,322,3.8,29.2,OCC_TO_CU
1717452810.9942017,322,0.0,29.2,OCC_TO_CU
1717452811.0698779,273,23.3,29.3,CU_TO_DEV
1717452811.189453,273,6.4,29.3,CU_TO_DEV
1717452821.0060842,322,4.0,29.3,OCC_TO_CU
1717452821.0067577,322,0.0,29.3,OCC_TO_CU
1717452821.0759306,273,25.9,29.4,CU_TO_DEV
1717452821.1957045,273,6.4,29.4,CU_TO_DEV
1717452831.0207262,322,4.6,29.3,OCC_TO_CU
1717452831.0240533,322,0.0,29.3,OCC_TO_CU
1717452831.0848758,273,24.0,29.4,CU_TO_DEV
1717452831.2000575,273,6.5,29.4,CU_TO_DEV
1717452841.0128715,322,3.5,29.3,OCC_TO_CU
1717452841.0136826,322,0.0,29.3,OCC_TO_CU
1717452841.0911067,273,20.7,29.4,CU_TO_DEV
1717452841.2044003,273,8.7,29.4,CU_TO_DEV
1717452850.5807006,154,4.1,29.3,OCC_TO_CU
1717452850.60869,241,50.0,29.4,CU_TO_DEV
1717452850.696236,241,9.1,29.4,CU_TO_DEV
1717452851.027603,322,3.8,29.4,OCC_TO_CU
1717452851.0486424,322,33.3,29.4,OCC_TO_CU
1717452851.096929,273,33.3,29.4,CU_TO_DEV
1717452851.2096472,273,8.9,29.4,CU_TO_DEV
1717452861.04012,322,4.3,29.3,OCC_TO_CU
1717452861.0406518,322,0.0,29.3,OCC_TO_CU
1717452861.101775,273,20.8,29.4,CU_TO_DEV
1717452861.2167485,273,6.5,29.4,CU_TO_DEV
1717452871.0539422,322,3.9,29.3,OCC_TO_CU
1717452871.0545826,322,0.0,29.3,OCC_TO_CU
1717452871.1077173,273,31.8,29.4,CU_TO_DEV
1717452871.2212183,273,8.9,29.4,CU_TO_DEV
1717452881.0593648,322,4.8,29.3,OCC_TO_CU
1717452881.0604198,322,0.0,29.3,OCC_TO_CU
1717452881.115036,273,81.0,29.4,CU_TO_DEV
1717452881.2297316,273,73.9,29.4,CU_TO_DEV
1717452891.0900903,322,4.6,29.2,OCC_TO_CU
1717452891.0906994,322,0.0,29.2,OCC_TO_CU
1717452891.1237392,273,30.8,29.2,CU_TO_DEV
1717452891.2339845,273,7.0,29.2,CU_TO_DEV
1717452900.6510494,154,3.6,29.1,OCC_TO_CU
1717452900.7350333,241,22.2,29.2,CU_TO_DEV
1717452900.8387442,241,9.5,29.2,CU_TO_DEV
1717452901.105889,322,1.9,29.2,OCC_TO_CU
1717452901.106512,322,0.0,29.2,OCC_TO_CU
1717452901.1359115,273,27.3,29.2,CU_TO_DEV
1717452901.239356,273,13.6,29.2,CU_TO_DEV
1717452911.104911,322,3.8,29.3,OCC_TO_CU
1717452911.1055534,322,0.0,29.3,OCC_TO_CU
1717452911.1417477,273,42.9,29.4,CU_TO_DEV
1717452911.2438834,273,12.2,29.4,CU_TO_DEV
1717452921.1207037,322,4.0,29.3,OCC_TO_CU
1717452921.1213872,322,0.0,29.3,OCC_TO_CU
1717452921.1483986,273,50.0,29.4,CU_TO_DEV
1717452921.2486176,273,8.1,29.4,CU_TO_DEV
1717452931.1581094,322,5.4,29.2,OCC_TO_CU
1717452931.1587653,322,0.0,29.2,OCC_TO_CU
1717452931.2586002,273,15.4,29.3,CU_TO_DEV
1717452931.3548656,273,15.8,29.3,CU_TO_DEV
1717452941.150529,322,3.7,29.2,OCC_TO_CU
1717452941.1511946,322,0.0,29.2,OCC_TO_CU
1717452941.1631627,273,25.0,29.2,CU_TO_DEV
1717452941.2650392,273,23.8,29.3,CU_TO_DEV
1717452950.7257073,154,3.9,29.3,OCC_TO_CU
1717452950.7714236,241,29.4,29.3,CU_TO_DEV
1717452950.8697326,241,14.6,29.4,CU_TO_DEV
1717452951.1618054,322,3.4,29.4,OCC_TO_CU
1717452951.1651337,322,0.0,29.4,OCC_TO_CU
1717452951.1723886,273,50.0,29.4,CU_TO_DEV
1717452951.270442,273,24.4,29.4,CU_TO_DEV
1717452961.1699865,322,3.9,29.3,OCC_TO_CU
1717452961.1706448,322,0.0,29.3,OCC_TO_CU
1717452961.1784167,273,33.3,29.3,CU_TO_DEV
1717452961.2750516,273,30.8,29.4,CU_TO_DEV
1717452971.1846445,322,4.8,29.3,OCC_TO_CU
1717452971.185232,322,0.0,29.3,OCC_TO_CU
1717452971.1857781,273,0.0,29.3,CU_TO_DEV
1717452971.2875443,273,88.1,29.4,CU_TO_DEV
1717452981.2036762,322,3.8,29.3,OCC_TO_CU
1717452981.2043319,322,0.0,29.3,OCC_TO_CU
1717452981.292062,273,20.0,29.4,CU_TO_DEV
1717452981.3904293,273,20.0,29.4,CU_TO_DEV
1717452991.250211,322,4.3,29.2,OCC_TO_CU
1717452991.2508686,322,0.0,29.2,OCC_TO_CU
1717452991.2969432,273,38.1,29.3,CU_TO_DEV
1717452991.3969893,273,22.5,29.3,CU_TO_DEV
1717453000.6889052,154,4.0,29.3,OCC_TO_CU
1717453000.7028902,241,40.0,29.3,CU_TO_DEV
1717453000.8030043,241,27.3,29.4,CU_TO_DEV
1717453001.222599,322,3.6,29.4,OCC_TO_CU
1717453001.223225,322,100.0,29.4,OCC_TO_CU
1717453001.3044097,273,10.0,29.4,CU_TO_DEV
1717453001.4037683,273,22.5,29.4,CU_TO_DEV
1717453011.2402902,322,3.8,29.3,OCC_TO_CU
1717453011.240933,322,0.0,29.3,OCC_TO_CU
1717453011.3101525,273,92.6,29.4,CU_TO_DEV
1717453011.4103465,273,62.5,29.4,CU_TO_DEV
1717453021.2618003,322,4.5,29.2,OCC_TO_CU
1717453021.2623496,322,0.0,29.2,OCC_TO_CU
1717453021.3229094,273,34.6,29.3,CU_TO_DEV
1717453021.415246,273,16.2,29.3,CU_TO_DEV
1717453031.2682183,322,3.6,29.3,OCC_TO_CU
1717453031.2688627,322,0.0,29.3,OCC_TO_CU
1717453031.329436,273,38.5,29.4,CU_TO_DEV
1717453031.4211428,273,16.7,29.4,CU_TO_DEV
1717453041.291788,322,3.8,29.3,OCC_TO_CU
1717453041.2925484,322,0.0,29.3,OCC_TO_CU
1717453041.3356624,273,55.6,29.4,CU_TO_DEV
1717453041.4277747,273,17.1,29.4,CU_TO_DEV
1717453050.6275892,154,5.2,29.3,OCC_TO_CU
1717453050.6379957,241,100.0,29.3,CU_TO_DEV
1717453050.743858,241,34.1,29.4,CU_TO_DEV
1717453051.2872033,322,2.3,29.4,OCC_TO_CU
1717453051.2878344,322,0.0,29.4,OCC_TO_CU
1717453051.344823,273,40.0,29.4,CU_TO_DEV
1717453051.439275,273,5.4,29.4,CU_TO_DEV
1717453061.2993522,322,3.5,29.3,OCC_TO_CU
1717453061.300228,322,0.0,29.3,OCC_TO_CU
1717453061.3497953,273,52.6,29.4,CU_TO_DEV
1717453061.4477699,273,84.2,29.4,CU_TO_DEV
1717453071.313557,322,4.7,29.2,OCC_TO_CU
1717453071.3142178,322,0.0,29.2,OCC_TO_CU
1717453071.3543296,273,66.7,29.3,CU_TO_DEV
1717453071.4548242,273,14.6,29.3,CU_TO_DEV
1717453081.3131332,322,4.0,29.2,OCC_TO_CU
1717453081.313792,322,0.0,29.2,OCC_TO_CU
1717453081.360025,273,64.7,29.3,CU_TO_DEV
1717453081.462003,273,11.9,29.3,CU_TO_DEV
1717453091.3161483,322,3.6,29.3,OCC_TO_CU
1717453091.3170753,322,0.0,29.3,OCC_TO_CU
1717453091.3680289,273,57.1,29.3,CU_TO_DEV
1717453091.4692497,273,10.0,29.4,CU_TO_DEV
1717453100.6721394,154,4.0,29.3,OCC_TO_CU
1717453100.6751845,241,100.0,29.3,CU_TO_DEV
1717453100.7723281,241,34.2,29.4,CU_TO_DEV
1717453101.3530288,322,3.0,29.4,OCC_TO_CU
1717453101.3540032,322,0.0,29.4,OCC_TO_CU
1717453101.3735607,273,37.5,29.4,CU_TO_DEV
1717453101.4764895,273,12.5,29.4,CU_TO_DEV
1717453111.346203,322,4.0,29.4,OCC_TO_CU
1717453111.347519,322,100.0,29.4,OCC_TO_CU
1717453111.3800855,273,36.4,29.5,CU_TO_DEV
1717453111.481548,273,14.3,29.5,CU_TO_DEV
1717453121.3515804,322,5.6,29.3,OCC_TO_CU
1717453121.3525937,322,0.0,29.3,OCC_TO_CU
1717453121.3860416,273,42.9,29.3,CU_TO_DEV
1717453121.4888506,273,10.0,29.4,CU_TO_DEV
1717453131.3730912,322,4.1,29.3,OCC_TO_CU
1717453131.374285,322,0.0,29.3,OCC_TO_CU
1717453131.391348,273,57.1,29.3,CU_TO_DEV
1717453131.4958005,273,14.6,29.4,CU_TO_DEV
1717453141.4071643,322,4.1,29.3,OCC_TO_CU
1717453141.408038,322,0.0,29.3,OCC_TO_CU
1717453141.5076072,273,87.8,29.4,CU_TO_DEV
1717453141.5965302,273,17.6,29.4,CU_TO_DEV
1717453150.7050648,154,3.6,29.4,OCC_TO_CU
1717453150.7140243,241,50.0,29.4,CU_TO_DEV
1717453150.8006563,241,52.9,29.5,CU_TO_DEV
1717453151.3781667,322,3.0,29.5,OCC_TO_CU
1717453151.378774,322,0.0,29.5,OCC_TO_CU
1717453151.4021258,273,22.2,29.5,CU_TO_DEV
1717453151.5156314,273,13.0,29.5,CU_TO_DEV
1717453161.396699,322,5.0,29.3,OCC_TO_CU
1717453161.397427,322,0.0,29.3,OCC_TO_CU
1717453161.407787,273,50.0,29.3,CU_TO_DEV
1717453161.5212004,273,20.8,29.3,CU_TO_DEV
1717453171.398833,322,5.0,29.3,OCC_TO_CU
1717453171.3995993,322,100.0,29.3,OCC_TO_CU
1717453171.4140444,273,20.0,29.3,CU_TO_DEV
1717453171.5264487,273,22.2,29.4,CU_TO_DEV
1717453181.4115198,322,4.8,29.2,OCC_TO_CU
1717453181.412151,322,0.0,29.2,OCC_TO_CU
1717453181.4207168,273,0.0,29.2,CU_TO_DEV
1717453181.5351288,273,19.6,29.3,CU_TO_DEV
1717453191.4152026,322,3.9,29.2,OCC_TO_CU
1717453191.4161854,322,0.0,29.2,OCC_TO_CU
1717453191.4269145,273,25.0,29.2,CU_TO_DEV
1717453191.5435536,273,21.3,29.3,CU_TO_DEV
1717453200.7763164,154,4.3,29.3,OCC_TO_CU
1717453200.833162,241,27.3,29.4,CU_TO_DEV
1717453200.9505715,241,8.5,29.4,CU_TO_DEV
1717453201.4441211,322,4.6,29.4,OCC_TO_CU
1717453201.4447427,322,0.0,29.4,OCC_TO_CU
1717453201.5515344,273,11.6,29.4,CU_TO_DEV
1717453201.634294,273,6.5,29.4,CU_TO_DEV
1717453211.4523635,322,4.8,29.3,OCC_TO_CU
1717453211.4530044,322,0.0,29.3,OCC_TO_CU
1717453211.558281,273,14.3,29.4,CU_TO_DEV
1717453211.639923,273,9.1,29.4,CU_TO_DEV
1717453221.4583993,322,4.1,29.3,OCC_TO_CU
1717453221.4590547,322,0.0,29.3,OCC_TO_CU
1717453221.565671,273,14.3,29.4,CU_TO_DEV
1717453221.644521,273,9.7,29.4,CU_TO_DEV
1717453231.4733691,322,4.1,29.4,OCC_TO_CU
1717453231.484013,322,25.0,29.4,OCC_TO_CU
1717453231.5721326,273,34.3,29.4,CU_TO_DEV
1717453231.6493022,273,12.5,29.5,CU_TO_DEV
1717453241.5032146,322,4.7,29.4,OCC_TO_CU
1717453241.5037792,322,0.0,29.4,OCC_TO_CU
1717453241.5792422,273,20.0,29.5,CU_TO_DEV
1717453241.654836,273,3.6,29.5,CU_TO_DEV
1717453250.8511593,154,4.8,29.2,OCC_TO_CU
1717453250.8632374,241,50.0,29.2,CU_TO_DEV
1717453250.986154,241,19.1,29.3,CU_TO_DEV
1717453251.5089545,322,4.8,29.4,OCC_TO_CU
1717453251.5095823,322,0.0,29.4,OCC_TO_CU
1717453251.5870006,273,21.2,29.4,CU_TO_DEV
1717453251.6642563,273,15.6,29.4,CU_TO_DEV
1717453261.5256917,322,4.7,29.3,OCC_TO_CU
1717453261.533248,322,50.0,29.3,OCC_TO_CU
1717453261.5942926,273,95.8,29.4,CU_TO_DEV
1717453261.6696656,273,89.7,29.3,CU_TO_DEV
1717453271.5340664,322,3.7,29.3,OCC_TO_CU
1717453271.534876,322,0.0,29.3,OCC_TO_CU
1717453271.6004386,273,28.6,29.3,CU_TO_DEV
1717453271.6756423,273,7.1,29.3,CU_TO_DEV
1717453281.5627334,322,3.8,29.3,OCC_TO_CU
1717453281.5633764,322,50.0,29.3,OCC_TO_CU
1717453281.6064787,273,41.2,29.3,CU_TO_DEV
1717453281.6803873,273,13.3,29.3,CU_TO_DEV
1717453291.5798137,322,3.1,29.3,OCC_TO_CU
1717453291.5905745,322,33.3,29.3,OCC_TO_CU
1717453291.613906,273,80.0,29.4,CU_TO_DEV
1717453291.6847875,273,28.6,29.4,CU_TO_DEV
1717453300.9179027,154,3.2,29.4,OCC_TO_CU
1717453301.0192459,241,17.9,29.5,CU_TO_DEV
1717453301.0896657,241,7.4,29.5,CU_TO_DEV
1717453301.581652,322,4.5,29.5,OCC_TO_CU
1717453301.5822892,322,0.0,29.5,OCC_TO_CU
1717453301.6201167,273,37.5,29.5,CU_TO_DEV
1717453301.6904492,273,14.3,29.5,CU_TO_DEV
1717453311.588176,322,4.7,29.2,OCC_TO_CU
1717453311.5888433,322,0.0,29.2,OCC_TO_CU
1717453311.6287682,273,41.2,29.4,CU_TO_DEV
1717453311.6981153,273,14.3,29.4,CU_TO_DEV
1717453321.6080036,322,3.0,29.3,OCC_TO_CU
1717453321.6086638,322,0.0,29.3,OCC_TO_CU
1717453321.634337,273,40.0,29.4,CU_TO_DEV
1717453321.7047644,273,18.5,29.4,CU_TO_DEV
1717453331.6311707,322,3.0,29.3,OCC_TO_CU
1717453331.6319852,322,100.0,29.3,OCC_TO_CU
1717453331.6409073,273,33.3,29.3,CU_TO_DEV
1717453331.7092545,273,35.7,29.4,CU_TO_DEV
1717453341.6305318,322,3.1,29.4,OCC_TO_CU
1717453341.631226,322,0.0,29.4,OCC_TO_CU
1717453341.6469848,273,50.0,29.4,CU_TO_DEV
1717453341.7138064,273,26.9,29.5,CU_TO_DEV
1717453350.8857586,154,3.3,29.5,OCC_TO_CU
1717453350.9203546,241,78.6,29.5,CU_TO_DEV
1717453351.0540574,241,72.7,29.5,CU_TO_DEV
1717453351.6674402,322,2.9,29.5,OCC_TO_CU
1717453351.6680686,322,0.0,29.5,OCC_TO_CU
1717453351.721581,273,22.7,29.5,CU_TO_DEV
1717453351.855071,273,13.2,29.5,CU_TO_DEV
1717453361.6466465,322,3.4,29.4,OCC_TO_CU
1717453361.647303,322,0.0,29.4,OCC_TO_CU
1717453361.6609287,273,40.0,29.4,CU_TO_DEV
1717453361.7289965,273,33.3,29.5,CU_TO_DEV
1717453371.6737478,322,5.2,29.2,OCC_TO_CU
1717453371.676246,322,0.0,29.2,OCC_TO_CU
1717453371.7404017,273,22.2,29.4,CU_TO_DEV
1717453371.8699954,273,10.2,29.4,CU_TO_DEV
1717453381.6996193,322,3.8,29.3,OCC_TO_CU
1717453381.700704,322,0.0,29.3,OCC_TO_CU
1717453381.7474444,273,27.8,29.4,CU_TO_DEV
1717453381.8775706,273,17.6,29.4,CU_TO_DEV
1717453391.6801531,322,3.8,29.3,OCC_TO_CU
1717453391.6811793,322,0.0,29.3,OCC_TO_CU
1717453391.6832304,273,0.0,29.3,CU_TO_DEV
1717453391.7529418,273,23.1,29.4,CU_TO_DEV
1717453400.9673102,154,3.8,29.4,OCC_TO_CU
1717453401.0880666,241,83.3,29.4,CU_TO_DEV
1717453401.157225,241,10.7,29.4,CU_TO_DEV
1717453401.719941,322,3.1,29.4,OCC_TO_CU
1717453401.7204723,322,0.0,29.4,OCC_TO_CU
1717453401.7579274,273,33.3,29.4,CU_TO_DEV
1717453401.8889022,273,11.5,29.4,CU_TO_DEV
1717453411.7754939,322,3.5,29.3,OCC_TO_CU
1717453411.7761512,322,0.0,29.3,OCC_TO_CU
1717453411.9002838,273,28.0,29.4,CU_TO_DEV
1717453411.9642444,273,96.0,29.4,CU_TO_DEV
1717453421.7507024,322,3.7,29.3,OCC_TO_CU
1717453421.7515256,322,50.0,29.3,OCC_TO_CU
1717453421.76871,273,50.0,29.3,CU_TO_DEV
1717453421.9054615,273,22.2,29.4,CU_TO_DEV
1717453431.7530327,322,3.0,29.3,OCC_TO_CU
1717453431.7537043,322,0.0,29.3,OCC_TO_CU
1717453431.7742834,273,42.9,29.4,CU_TO_DEV
1717453431.9106503,273,18.5,29.4,CU_TO_DEV
1717453441.766134,322,3.7,29.3,OCC_TO_CU
1717453441.7669258,322,0.0,29.3,OCC_TO_CU
1717453441.7842584,273,57.1,29.3,CU_TO_DEV
1717453441.9164894,273,21.6,29.4,CU_TO_DEV
1717453450.925176,154,3.3,29.3,OCC_TO_CU
1717453450.995488,241,89.7,29.4,CU_TO_DEV
1717453451.1210544,241,56.3,29.3,CU_TO_DEV
1717453451.7720973,322,3.1,29.4,OCC_TO_CU
1717453451.7726028,322,0.0,29.4,OCC_TO_CU
1717453451.7965536,273,40.0,29.4,CU_TO_DEV
1717453451.9228337,273,14.3,29.3,CU_TO_DEV
1717453461.796803,322,2.9,29.4,OCC_TO_CU
1717453461.7974815,322,0.0,29.4,OCC_TO_CU
1717453461.8040054,273,25.0,29.4,CU_TO_DEV
1717453461.9317718,273,25.5,29.5,CU_TO_DEV
1717453471.8137705,322,3.0,29.4,OCC_TO_CU
1717453471.8144271,322,0.0,29.4,OCC_TO_CU
1717453471.9383097,273,22.0,29.5,CU_TO_DEV
1717453472.0105693,273,14.3,29.5,CU_TO_DEV
1717453481.81545,322,3.9,29.4,OCC_TO_CU
1717453481.8162289,322,0.0,29.4,OCC_TO_CU
1717453481.8167257,273,0.0,29.4,CU_TO_DEV
1717453481.9442828,273,29.1,29.5,CU_TO_DEV
1717453491.8240047,322,3.1,29.4,OCC_TO_CU
1717453491.824918,322,0.0,29.4,OCC_TO_CU
1717453491.9515197,273,23.1,29.5,CU_TO_DEV
1717453492.0209281,273,21.4,29.5,CU_TO_DEV
1717453501.011616,154,3.7,29.5,OCC_TO_CU
1717453501.0275266,241,100.0,29.5,CU_TO_DEV
1717453501.1576357,241,49.0,29.6,CU_TO_DEV
1717453501.857383,322,2.8,29.6,OCC_TO_CU
1717453501.8580747,322,0.0,29.6,OCC_TO_CU
1717453501.9589403,273,20.5,29.6,CU_TO_DEV
1717453502.029206,273,31.0,29.6,CU_TO_DEV
1717453511.8654578,322,2.5,29.5,OCC_TO_CU
1717453511.8661792,322,0.0,29.5,OCC_TO_CU
1717453511.964007,273,20.0,29.6,CU_TO_DEV
1717453512.0334835,273,25.9,29.6,CU_TO_DEV
1717453521.8846514,322,3.4,29.5,OCC_TO_CU
1717453521.8854501,322,0.0,29.5,OCC_TO_CU
1717453521.96937,273,28.1,29.6,CU_TO_DEV
1717453522.0378394,273,22.2,29.6,CU_TO_DEV
1717453531.8950682,322,3.1,29.6,OCC_TO_CU
1717453531.8957808,322,100.0,29.6,OCC_TO_CU
1717453531.9756646,273,20.0,29.7,CU_TO_DEV
1717453532.04214,273,26.9,29.7,CU_TO_DEV
1717453541.8904984,322,3.9,29.6,OCC_TO_CU
1717453541.8911169,322,0.0,29.6,OCC_TO_CU
1717453541.9871645,273,23.1,29.7,CU_TO_DEV
1717453542.0484369,273,20.8,29.7,CU_TO_DEV
1717453550.9937432,154,3.0,29.6,OCC_TO_CU
1717453550.9953961,241,100.0,29.6,CU_TO_DEV
1717453551.054606,241,91.7,29.7,CU_TO_DEV
1717453551.9081144,322,11.1,29.7,OCC_TO_CU
1717453551.908854,322,0.0,29.7,OCC_TO_CU
1717453551.996498,273,22.2,29.6,CU_TO_DEV
1717453552.0571537,273,30.4,29.6,CU_TO_DEV
1717453561.930391,322,3.1,29.5,OCC_TO_CU
1717453561.9312398,322,0.0,29.5,OCC_TO_CU
1717453562.002471,273,85.2,29.6,CU_TO_DEV
1717453562.0614042,273,100.0,29.6,CU_TO_DEV
1717453571.9183333,322,4.0,29.4,OCC_TO_CU
1717453571.9189553,322,0.0,29.4,OCC_TO_CU
1717453572.0103426,273,32.4,29.5,CU_TO_DEV
1717453572.0695264,273,17.4,29.5,CU_TO_DEV
1717453581.9503343,322,3.0,29.4,OCC_TO_CU
1717453581.9510124,322,0.0,29.4,OCC_TO_CU
1717453582.017424,273,40.0,29.5,CU_TO_DEV
1717453582.0740414,273,32.0,29.5,CU_TO_DEV
1717453591.9561784,322,3.2,29.4,OCC_TO_CU
1717453591.9568472,322,0.0,29.4,OCC_TO_CU
1717453592.0240648,273,38.5,29.5,CU_TO_DEV
1717453592.078607,273,45.0,29.5,CU_TO_DEV
1717453601.034371,154,4.0,29.4,OCC_TO_CU
1717453601.0877876,241,43.5,29.5,CU_TO_DEV
1717453601.2319794,241,6.9,29.5,CU_TO_DEV
1717453601.970326,322,2.0,29.5,OCC_TO_CU
1717453601.97097,322,0.0,29.5,OCC_TO_CU
1717453602.0328417,273,30.8,29.5,CU_TO_DEV
1717453602.088604,273,27.3,29.5,CU_TO_DEV
1717453611.9945104,322,2.9,29.4,OCC_TO_CU
1717453611.9953797,322,100.0,29.4,OCC_TO_CU
1717453612.0389922,273,46.7,29.5,CU_TO_DEV
1717453612.092852,273,61.9,29.5,CU_TO_DEV
1717453622.0049205,322,2.8,29.5,OCC_TO_CU
1717453622.005481,322,0.0,29.5,OCC_TO_CU
1717453622.0456421,273,46.7,29.6,CU_TO_DEV
1717453622.0971277,273,66.7,29.6,CU_TO_DEV
1717453632.0082865,322,3.5,29.5,OCC_TO_CU
1717453632.008802,322,0.0,29.5,OCC_TO_CU
1717453632.0523,273,43.7,29.6,CU_TO_DEV
1717453632.1027591,273,47.1,29.6,CU_TO_DEV
1717453642.0183132,322,3.1,29.5,OCC_TO_CU
1717453642.0188165,322,0.0,29.5,OCC_TO_CU
1717453642.059731,273,50.0,29.7,CU_TO_DEV
1717453642.1080434,273,61.9,29.7,CU_TO_DEV
1717453651.164177,154,3.8,29.5,OCC_TO_CU
1717453651.266925,241,14.6,29.6,CU_TO_DEV
1717453651.3118765,241,15.8,29.6,CU_TO_DEV
1717453652.0367718,322,2.8,29.7,OCC_TO_CU
1717453652.0372617,322,0.0,29.7,OCC_TO_CU
1717453652.0678399,273,27.3,29.7,CU_TO_DEV
1717453652.1127696,273,44.4,29.7,CU_TO_DEV
1717453662.0293534,322,4.9,29.5,OCC_TO_CU
1717453662.0300145,322,0.0,29.5,OCC_TO_CU
1717453662.0756223,273,44.4,29.6,CU_TO_DEV
1717453662.117974,273,64.7,29.6,CU_TO_DEV
1717453672.0471163,322,3.6,29.6,OCC_TO_CU
1717453672.0477538,322,100.0,29.6,OCC_TO_CU
1717453672.086126,273,78.6,29.6,CU_TO_DEV
1717453672.1259181,273,100.0,29.6,CU_TO_DEV
1717453682.0880332,322,4.5,29.6,OCC_TO_CU
1717453682.0885792,322,0.0,29.6,OCC_TO_CU
1717453682.0995622,273,60.0,29.6,CU_TO_DEV
1717453682.1316447,273,69.2,29.6,CU_TO_DEV
1717453692.0634348,322,3.9,29.5,OCC_TO_CU
1717453692.0641582,322,0.0,29.5,OCC_TO_CU
1717453692.109853,273,83.3,29.6,CU_TO_DEV
1717453692.139834,273,100.0,29.6,CU_TO_DEV
1717453701.1919022,154,5.6,29.4,OCC_TO_CU
1717453701.3179262,241,12.2,29.5,CU_TO_DEV
1717453701.3464925,241,40.0,29.5,CU_TO_DEV
1717453702.0868092,322,2.7,29.5,OCC_TO_CU
1717453702.0907345,322,50.0,29.5,OCC_TO_CU
1717453702.1189914,273,75.0,29.5,CU_TO_DEV
1717453702.148103,273,83.3,29.5,CU_TO_DEV
1717453712.0925674,322,4.5,29.3,OCC_TO_CU
1717453712.0956256,322,0.0,29.3,OCC_TO_CU
1717453712.1284473,273,56.2,29.4,CU_TO_DEV
1717453712.153197,273,0.0,29.4,CU_TO_DEV
1717453722.1080422,322,4.5,29.4,OCC_TO_CU
1717453722.108667,322,0.0,29.4,OCC_TO_CU
1717453722.1355546,273,72.7,29.4,CU_TO_DEV
1717453722.1579888,273,85.7,29.4,CU_TO_DEV
1717453732.1374958,322,4.0,29.4,OCC_TO_CU
1717453732.1438134,273,66.7,29.4,CU_TO_DEV
1717453732.144278,322,0.0,29.4,OCC_TO_CU
1717453732.168122,273,88.9,29.5,CU_TO_DEV
1717453732.344575,273,19.4,29.5,CU_TO_DEV
1717453742.1429532,322,3.8,29.5,OCC_TO_CU
1717453742.1456919,322,0.0,29.5,OCC_TO_CU
1717453742.150761,273,100.0,29.5,CU_TO_DEV
1717453742.176294,273,92.3,29.6,CU_TO_DEV
1717453751.263889,154,5.1,29.5,OCC_TO_CU
1717453751.3593528,241,21.6,29.6,CU_TO_DEV
1717453751.381372,241,22.2,29.6,CU_TO_DEV
1717453752.143495,322,2.9,29.6,OCC_TO_CU
1717453752.1465545,322,0.0,29.6,OCC_TO_CU
1717453752.1606963,273,83.3,29.6,CU_TO_DEV
1717453752.1823158,273,71.4,29.6,CU_TO_DEV
1717453762.1514049,322,4.6,29.5,OCC_TO_CU
1717453762.1545472,322,0.0,29.5,OCC_TO_CU
1717453762.1680965,273,85.7,29.5,CU_TO_DEV
1717453762.1890671,273,85.7,29.5,CU_TO_DEV
1717453772.1555018,322,4.1,29.4,OCC_TO_CU
1717453772.1586814,322,0.0,29.4,OCC_TO_CU
1717453772.1807928,273,80.0,29.5,CU_TO_DEV
1717453772.2007484,273,100.0,29.5,CU_TO_DEV
1717453782.1775599,322,4.9,29.5,OCC_TO_CU
1717453782.182058,322,0.0,29.5,OCC_TO_CU
1717453782.1886225,273,66.7,29.5,CU_TO_DEV
1717453782.210901,273,100.0,29.5,CU_TO_DEV
1717453792.1925695,322,3.9,29.5,OCC_TO_CU
1717453792.1938932,322,0.0,29.5,OCC_TO_CU
1717453792.1953554,273,0.0,29.5,CU_TO_DEV
1717453792.2164388,273,100.0,29.5,CU_TO_DEV
1717453801.403659,154,5.0,29.5,OCC_TO_CU
1717453801.4264903,241,44.4,29.5,CU_TO_DEV
1717453801.600342,241,10.1,29.6,CU_TO_DEV
1717453802.245989,322,3.1,29.3,OCC_TO_CU
1717453802.2467003,322,0.0,29.3,OCC_TO_CU
1717453802.4011934,273,16.4,29.3,CU_TO_DEV
1717453802.4286895,273,36.4,29.3,CU_TO_DEV
1717453812.2189026,322,4.0,29.3,OCC_TO_CU
1717453812.2210486,322,100.0,29.3,OCC_TO_CU
1717453812.2338703,273,80.0,29.3,CU_TO_DEV
1717453812.4058611,273,20.3,29.4,CU_TO_DEV
1717453822.2676377,322,4.0,29.4,OCC_TO_CU
1717453822.2687914,322,0.0,29.4,OCC_TO_CU
1717453822.4115055,273,50.0,29.4,CU_TO_DEV
1717453822.4436166,273,21.4,29.4,CU_TO_DEV
1717453832.248109,322,4.3,29.2,OCC_TO_CU
1717453832.2498305,273,0.0,29.2,CU_TO_DEV
1717453832.2510688,322,0.0,29.2,OCC_TO_CU
1717453832.4167635,273,19.4,29.3,CU_TO_DEV
1717453832.450506,273,26.7,29.3,CU_TO_DEV
1717453842.2411487,322,3.7,29.3,OCC_TO_CU
1717453842.2433536,322,50.0,29.3,OCC_TO_CU
1717453842.2561455,273,80.0,29.3,CU_TO_DEV
1717453842.4218936,273,21.2,29.4,CU_TO_DEV
1717453851.3012984,154,4.3,29.2,OCC_TO_CU
1717453851.426924,241,18.8,29.3,CU_TO_DEV
1717453851.4636896,241,21.4,29.3,CU_TO_DEV
1717453852.2675588,322,5.6,29.3,OCC_TO_CU
1717453852.268527,322,0.0,29.3,OCC_TO_CU
1717453852.4281964,273,14.5,29.3,CU_TO_DEV
1717453852.4647336,273,25.0,29.3,CU_TO_DEV
1717453862.2610135,322,3.9,29.3,OCC_TO_CU
1717453862.2631922,322,100.0,29.3,OCC_TO_CU
1717453862.2695198,273,0.0,29.3,CU_TO_DEV
1717453862.4344697,273,19.7,29.3,CU_TO_DEV
1717453872.2729797,322,3.8,29.3,OCC_TO_CU
1717453872.2739468,322,0.0,29.3,OCC_TO_CU
1717453872.2755737,273,0.0,29.3,CU_TO_DEV
1717453872.4403436,273,71.9,29.3,CU_TO_DEV
1717453882.2929769,322,3.3,29.3,OCC_TO_CU
1717453882.293519,322,0.0,29.3,OCC_TO_CU
1717453882.4460695,273,10.0,29.4,CU_TO_DEV
1717453882.4797678,273,23.1,29.4,CU_TO_DEV
1717453892.3092933,322,5.6,29.2,OCC_TO_CU
1717453892.3098466,322,0.0,29.2,OCC_TO_CU
1717453892.4508646,273,10.9,29.3,CU_TO_DEV
1717453892.484802,273,8.3,29.3,CU_TO_DEV
1717453901.3783605,154,4.1,29.2,OCC_TO_CU
1717453901.455445,241,33.3,29.3,CU_TO_DEV
1717453901.4891593,241,21.4,29.3,CU_TO_DEV
1717453902.3308024,322,3.6,29.3,OCC_TO_CU
1717453902.3314233,322,100.0,29.3,OCC_TO_CU
1717453902.4564447,273,13.7,29.3,CU_TO_DEV
1717453902.4906962,273,15.4,29.3,CU_TO_DEV
1717453912.3394654,322,4.1,29.2,OCC_TO_CU
1717453912.340072,322,0.0,29.2,OCC_TO_CU
1717453912.4618149,273,12.8,29.3,CU_TO_DEV
1717453912.496018,273,23.1,29.3,CU_TO_DEV
1717453922.3590815,322,4.0,29.3,OCC_TO_CU
1717453922.3602514,322,0.0,29.3,OCC_TO_CU
1717453922.466839,273,23.9,29.4,CU_TO_DEV
1717453922.5008423,273,21.4,29.4,CU_TO_DEV
1717453932.3588593,322,3.9,29.3,OCC_TO_CU
1717453932.3594947,322,100.0,29.3,OCC_TO_CU
1717453932.4716399,273,14.0,29.4,CU_TO_DEV
1717453932.5070589,273,7.7,29.4,CU_TO_DEV
1717453942.3590882,322,4.6,29.3,OCC_TO_CU
1717453942.359915,322,100.0,29.3,OCC_TO_CU
1717453942.4774532,273,13.0,29.4,CU_TO_DEV
1717453942.5121377,273,15.4,29.4,CU_TO_DEV
1717453951.3098462,154,3.9,29.3,OCC_TO_CU
1717453951.3174639,241,100.0,29.3,CU_TO_DEV
1717453951.483019,241,83.3,29.4,CU_TO_DEV
1717453952.3844724,322,2.5,29.4,OCC_TO_CU
1717453952.3851254,322,0.0,29.4,OCC_TO_CU
1717453952.4838395,273,19.5,29.4,CU_TO_DEV
1717453952.5199916,273,7.7,29.4,CU_TO_DEV
1717453962.3768816,322,4.3,29.2,OCC_TO_CU
1717453962.3776162,322,0.0,29.2,OCC_TO_CU
1717453962.4889288,273,13.6,29.3,CU_TO_DEV
1717453962.5245235,273,21.4,29.3,CU_TO_DEV
1717453972.3970327,322,4.7,29.1,OCC_TO_CU
1717453972.3977168,322,0.0,29.1,OCC_TO_CU
1717453972.4977133,273,12.8,29.3,CU_TO_DEV
1717453972.533419,273,26.7,29.3,CU_TO_DEV
1717453982.394645,322,3.8,29.2,OCC_TO_CU
1717453982.3954291,322,50.0,29.2,OCC_TO_CU
1717453982.5036285,273,20.0,29.3,CU_TO_DEV
1717453982.5433953,273,18.7,29.3,CU_TO_DEV
1717453992.4253223,322,4.6,29.2,OCC_TO_CU
1717453992.4292378,322,0.0,29.2,OCC_TO_CU
1717453992.5102684,273,21.9,29.2,CU_TO_DEV
1717453992.5491784,273,14.3,29.2,CU_TO_DEV
1717454001.3598084,154,4.0,29.2,OCC_TO_CU
1717454001.5152447,241,28.6,29.3,CU_TO_DEV
1717454001.5566719,241,6.7,29.3,CU_TO_DEV
1717454002.4445386,322,3.6,29.3,OCC_TO_CU
1717454002.4454327,322,0.0,29.3,OCC_TO_CU
1717454002.5160632,273,14.8,29.3,CU_TO_DEV
1717454002.5574772,273,12.5,29.3,CU_TO_DEV
1717454012.4344563,322,3.6,29.3,OCC_TO_CU
1717454012.435536,322,50.0,29.3,OCC_TO_CU
1717454012.5235205,273,17.6,29.3,CU_TO_DEV
1717454012.5645776,273,18.7,29.3,CU_TO_DEV
1717454022.4719658,322,4.7,29.3,OCC_TO_CU
1717454022.4730535,322,0.0,29.3,OCC_TO_CU
1717454022.5317364,273,40.0,29.4,CU_TO_DEV
1717454022.5690107,273,20.0,29.4,CU_TO_DEV
1717454032.4698224,322,4.1,29.2,OCC_TO_CU
1717454032.470595,322,0.0,29.2,OCC_TO_CU
1717454032.5363169,273,16.0,29.3,CU_TO_DEV
1717454032.5733535,273,14.3,29.3,CU_TO_DEV
1717454042.4870124,322,3.7,29.2,OCC_TO_CU
1717454042.4877672,322,100.0,29.2,OCC_TO_CU
1717454042.5415614,273,23.8,29.3,CU_TO_DEV
1717454042.5779545,273,15.4,29.3,CU_TO_DEV
1717454051.4823375,154,4.1,29.3,OCC_TO_CU
1717454051.548387,241,23.1,29.4,CU_TO_DEV
1717454051.5831404,241,21.4,29.4,CU_TO_DEV
1717454052.5066562,322,4.6,29.4,OCC_TO_CU
1717454052.507301,322,100.0,29.4,OCC_TO_CU
1717454052.551515,273,33.3,29.4,CU_TO_DEV
1717454052.5840871,273,25.0,29.4,CU_TO_DEV
1717454062.497282,322,3.6,29.4,OCC_TO_CU
1717454062.4982636,322,0.0,29.4,OCC_TO_CU
1717454062.5566387,273,33.3,29.4,CU_TO_DEV
1717454062.5885468,273,16.7,29.4,CU_TO_DEV
1717454072.5395467,322,5.0,29.3,OCC_TO_CU
1717454072.5405521,322,0.0,29.3,OCC_TO_CU
1717454072.5630033,273,55.6,29.3,CU_TO_DEV
1717454072.595114,273,30.8,29.3,CU_TO_DEV
1717454082.5407288,322,4.6,29.2,OCC_TO_CU
1717454082.5415227,322,0.0,29.2,OCC_TO_CU
1717454082.568941,273,54.5,29.2,CU_TO_DEV
1717454082.6006415,273,33.3,29.2,CU_TO_DEV
1717454092.5567513,322,4.4,29.1,OCC_TO_CU
1717454092.5575683,322,0.0,29.1,OCC_TO_CU
1717454092.575509,273,62.5,29.2,CU_TO_DEV
1717454092.606879,273,50.0,29.2,CU_TO_DEV
1717454101.4627688,154,3.8,29.2,OCC_TO_CU
1717454101.582906,241,18.7,29.3,CU_TO_DEV
1717454101.6128592,241,16.7,29.3,CU_TO_DEV
1717454102.55594,322,4.5,29.3,OCC_TO_CU
1717454102.5564725,322,0.0,29.3,OCC_TO_CU
1717454102.5838172,273,36.4,29.3,CU_TO_DEV
1717454102.6139128,273,18.2,29.3,CU_TO_DEV
1717454112.5663486,322,3.9,29.3,OCC_TO_CU
1717454112.5669723,322,0.0,29.3,OCC_TO_CU
1717454112.590336,273,55.6,29.4,CU_TO_DEV
1717454112.6210046,273,33.3,29.4,CU_TO_DEV
1717454122.578641,322,4.8,29.3,OCC_TO_CU
1717454122.5792015,322,0.0,29.3,OCC_TO_CU
1717454122.6044767,273,50.0,29.3,CU_TO_DEV
1717454122.6263146,273,22.2,29.3,CU_TO_DEV
1717454132.5877235,322,3.3,29.3,OCC_TO_CU
1717454132.588351,322,0.0,29.3,OCC_TO_CU
1717454132.6106853,273,50.0,29.3,CU_TO_DEV
1717454132.631877,273,42.9,29.3,CU_TO_DEV
1717454142.6198807,322,3.8,29.3,OCC_TO_CU
1717454142.6204789,322,0.0,29.3,OCC_TO_CU
1717454142.6390412,273,62.5,29.3,CU_TO_DEV
1717454142.8185334,273,9.9,29.4,CU_TO_DEV
1717454151.5311754,154,4.0,29.3,OCC_TO_CU
1717454151.6227596,241,19.4,29.4,CU_TO_DEV
1717454151.647892,241,27.3,29.4,CU_TO_DEV
1717454152.6033387,322,11.8,29.5,OCC_TO_CU
1717454152.604057,322,0.0,29.5,OCC_TO_CU
1717454152.623924,273,88.9,29.5,CU_TO_DEV
1717454152.6490343,273,70.0,29.5,CU_TO_DEV
1717454162.6036599,322,4.2,29.3,OCC_TO_CU
1717454162.604676,322,0.0,29.3,OCC_TO_CU
1717454162.6301296,273,44.4,29.3,CU_TO_DEV
1717454162.653496,273,33.3,29.3,CU_TO_DEV
1717454172.621231,322,3.9,29.2,OCC_TO_CU
1717454172.6221066,322,0.0,29.2,OCC_TO_CU
1717454172.6352444,273,50.0,29.2,CU_TO_DEV
1717454172.6588995,273,62.5,29.3,CU_TO_DEV
1717454182.6256175,322,3.4,29.2,OCC_TO_CU
1717454182.6266093,322,0.0,29.2,OCC_TO_CU
1717454182.6413841,273,40.0,29.2,CU_TO_DEV
1717454182.6647582,273,66.7,29.3,CU_TO_DEV
1717454192.653179,322,3.8,29.3,OCC_TO_CU
1717454192.6540565,322,0.0,29.3,OCC_TO_CU
1717454192.671036,273,50.0,29.3,CU_TO_DEV
1717454192.849202,273,12.5,29.4,CU_TO_DEV
1717454201.609093,154,4.2,29.3,OCC_TO_CU
1717454201.6548133,241,82.4,29.4,CU_TO_DEV
1717454201.6820748,241,100.0,29.4,CU_TO_DEV
1717454202.6759796,322,8.1,29.3,OCC_TO_CU
1717454202.6765945,322,0.0,29.3,OCC_TO_CU
1717454202.68309,273,0.0,29.3,CU_TO_DEV
1717454202.8577788,273,10.3,29.3,CU_TO_DEV
1717454212.6797516,322,3.8,29.3,OCC_TO_CU
1717454212.680464,322,0.0,29.3,OCC_TO_CU
1717454212.688022,273,33.3,29.3,CU_TO_DEV
1717454212.8625548,273,11.8,29.3,CU_TO_DEV
1717454222.6924675,322,5.4,29.2,OCC_TO_CU
1717454222.6930752,322,0.0,29.2,OCC_TO_CU
1717454222.8679903,273,7.4,29.3,CU_TO_DEV
1717454222.8931947,273,33.3,29.3,CU_TO_DEV
1717454232.694027,322,4.1,29.2,OCC_TO_CU
1717454232.6976492,273,0.0,29.2,CU_TO_DEV
1717454232.6977954,322,0.0,29.2,OCC_TO_CU
1717454232.8728063,273,11.6,29.3,CU_TO_DEV
1717454232.8986092,273,27.3,29.3,CU_TO_DEV
1717454242.7189708,322,3.9,29.3,OCC_TO_CU
1717454242.7197483,322,50.0,29.3,OCC_TO_CU
1717454242.8793895,273,10.9,29.4,CU_TO_DEV
1717454242.903605,273,40.0,29.4,CU_TO_DEV
1717454251.6938226,154,4.1,29.3,OCC_TO_CU
1717454251.7078383,241,57.1,29.3,CU_TO_DEV
1717454251.8847435,241,11.6,29.4,CU_TO_DEV
1717454252.729828,322,4.4,29.4,OCC_TO_CU
1717454252.7304413,322,0.0,29.4,OCC_TO_CU
1717454252.8857005,273,9.7,29.4,CU_TO_DEV
1717454252.9090612,273,12.5,29.4,CU_TO_DEV
1717454262.723377,322,5.0,29.3,OCC_TO_CU
1717454262.7239783,322,0.0,29.3,OCC_TO_CU
1717454262.8910081,273,58.5,29.4,CU_TO_DEV
1717454262.9181337,273,33.3,29.4,CU_TO_DEV
1717454272.7408907,322,3.6,29.3,OCC_TO_CU
1717454272.7535121,322,50.0,29.3,OCC_TO_CU
1717454272.8958023,273,17.9,29.4,CU_TO_DEV
1717454272.9219382,273,27.3,29.4,CU_TO_DEV
1717454282.7459707,322,4.1,29.3,OCC_TO_CU
1717454282.7467377,322,0.0,29.3,OCC_TO_CU
1717454282.9005723,273,9.8,29.4,CU_TO_DEV
1717454282.9269013,273,27.3,29.4,CU_TO_DEV
1717454292.779822,322,4.3,29.2,OCC_TO_CU
1717454292.780711,322,0.0,29.2,OCC_TO_CU
1717454292.9070797,273,12.0,29.3,CU_TO_DEV
1717454292.9317653,273,22.2,29.3,CU_TO_DEV
1717454301.636486,154,4.1,29.3,OCC_TO_CU
1717454301.7126727,241,38.7,29.4,CU_TO_DEV
1717454301.7358243,241,30.0,29.4,CU_TO_DEV
1717454302.7865536,322,3.8,29.3,OCC_TO_CU
1717454302.78715,322,0.0,29.3,OCC_TO_CU
1717454302.9137313,273,10.2,29.4,CU_TO_DEV
1717454302.9369843,273,14.3,29.4,CU_TO_DEV
1717454312.7898886,322,4.7,29.3,OCC_TO_CU
1717454312.790551,322,0.0,29.3,OCC_TO_CU
1717454312.9210384,273,9.8,29.4,CU_TO_DEV
1717454312.9448924,273,11.1,29.4,CU_TO_DEV
1717454322.8126812,322,3.8,29.3,OCC_TO_CU
1717454322.8135548,322,0.0,29.3,OCC_TO_CU
1717454322.9267468,273,18.7,29.4,CU_TO_DEV
1717454322.9520452,273,11.1,29.4,CU_TO_DEV
1717454332.818187,322,4.6,29.3,OCC_TO_CU
1717454332.818713,322,0.0,29.3,OCC_TO_CU
1717454332.931809,273,13.3,29.4,CU_TO_DEV
1717454332.9595668,273,10.0,29.4,CU_TO_DEV
1717454342.8278959,322,3.5,29.1,OCC_TO_CU
1717454342.828746,322,0.0,29.1,OCC_TO_CU
1717454342.9367037,273,18.2,29.2,CU_TO_DEV
1717454342.9640164,273,25.0,29.2,CU_TO_DEV
1717454351.7171266,154,5.2,29.0,OCC_TO_CU
1717454351.741383,241,40.0,29.1,CU_TO_DEV
1717454351.768557,241,30.0,29.1,CU_TO_DEV
1717454352.8470945,322,2.5,29.1,OCC_TO_CU
1717454352.8478117,322,100.0,29.1,OCC_TO_CU
1717454352.9424272,273,8.3,29.1,CU_TO_DEV
1717454352.9695537,273,18.2,29.1,CU_TO_DEV
1717454362.8433027,322,4.5,29.0,OCC_TO_CU
1717454362.843953,322,0.0,29.0,OCC_TO_CU
1717454362.9560814,273,17.4,29.1,CU_TO_DEV
1717454362.9795732,273,50.0,29.2,CU_TO_DEV
1717454372.8537767,322,4.6,29.0,OCC_TO_CU
1717454372.8545132,322,0.0,29.0,OCC_TO_CU
1717454372.9629078,273,16.3,29.1,CU_TO_DEV
1717454372.985089,273,40.0,29.1,CU_TO_DEV
1717454382.8531368,322,4.3,29.0,OCC_TO_CU
1717454382.8539817,322,0.0,29.0,OCC_TO_CU
1717454382.9684913,273,15.2,29.1,CU_TO_DEV
1717454382.990823,273,33.3,29.1,CU_TO_DEV
1717454392.8702114,322,4.2,29.0,OCC_TO_CU
1717454392.8711548,322,0.0,29.0,OCC_TO_CU
1717454392.973327,273,15.0,29.1,CU_TO_DEV
1717454392.9955552,273,30.0,29.1,CU_TO_DEV
1717454401.777575,154,4.3,29.1,OCC_TO_CU
1717454401.799556,241,55.6,29.1,CU_TO_DEV
1717454401.9776,241,13.5,29.2,CU_TO_DEV
1717454402.8642778,322,16.7,29.2,OCC_TO_CU
1717454402.8648808,322,0.0,29.2,OCC_TO_CU
1717454402.9785511,273,11.1,29.2,CU_TO_DEV
1717454403.0037758,273,20.0,29.2,CU_TO_DEV
1717454412.8748872,322,3.6,29.1,OCC_TO_CU
1717454412.876974,322,0.0,29.1,OCC_TO_CU
1717454412.9829357,273,14.6,29.2,CU_TO_DEV
1717454413.008192,273,36.4,29.2,CU_TO_DEV
1717454422.9096048,322,4.5,29.1,OCC_TO_CU
1717454422.9105258,322,0.0,29.1,OCC_TO_CU
1717454422.990313,273,21.9,29.1,CU_TO_DEV
1717454423.012832,273,12.5,29.1,CU_TO_DEV
1717454432.9078078,322,4.3,29.1,OCC_TO_CU
1717454432.9108953,322,0.0,29.1,OCC_TO_CU
1717454432.994928,273,20.6,29.2,CU_TO_DEV
1717454433.0172257,273,22.2,29.2,CU_TO_DEV
1717454442.910425,322,4.1,29.1,OCC_TO_CU
1717454442.9114647,322,100.0,29.1,OCC_TO_CU
1717454442.99957,273,20.0,29.2,CU_TO_DEV
1717454443.0221975,273,22.2,29.2,CU_TO_DEV
1717454451.7249124,154,5.1,29.1,OCC_TO_CU
1717454451.809584,241,97.1,29.2,CU_TO_DEV
1717454451.8307102,241,87.5,29.2,CU_TO_DEV
1717454452.9441345,322,4.9,29.1,OCC_TO_CU
1717454452.9446845,322,0.0,29.1,OCC_TO_CU
1717454453.0106993,273,19.2,29.1,CU_TO_DEV
1717454453.0322287,273,12.5,29.1,CU_TO_DEV
1717454462.9575992,322,4.5,29.0,OCC_TO_CU
1717454462.9582496,322,0.0,29.0,OCC_TO_CU
1717454463.0159235,273,30.4,29.1,CU_TO_DEV
1717454463.0368607,273,22.2,29.1,CU_TO_DEV
1717454472.9612358,322,4.1,29.0,OCC_TO_CU
1717454472.962041,322,0.0,29.0,OCC_TO_CU
1717454473.0206468,273,22.7,29.1,CU_TO_DEV
1717454473.044631,273,33.3,29.1,CU_TO_DEV
1717454482.974859,322,4.9,29.0,OCC_TO_CU
1717454482.976157,322,100.0,29.0,OCC_TO_CU
1717454483.0290005,273,21.1,29.1,CU_TO_DEV
1717454483.051089,273,0.0,29.1,CU_TO_DEV
1717454492.9721186,322,3.8,29.0,OCC_TO_CU
1717454492.9727745,322,0.0,29.0,OCC_TO_CU
1717454493.0334926,273,32.0,29.1,CU_TO_DEV
1717454493.0553749,273,12.5,29.1,CU_TO_DEV
1717454501.846015,154,4.8,29.0,OCC_TO_CU
1717454501.8618174,241,42.9,29.0,CU_TO_DEV
1717454502.0400832,241,11.4,29.1,CU_TO_DEV
1717454502.9794793,322,5.6,29.1,OCC_TO_CU
1717454502.9814951,322,0.0,29.1,OCC_TO_CU
1717454503.0411103,273,17.4,29.1,CU_TO_DEV
1717454503.0636454,273,33.3,29.1,CU_TO_DEV
1717454513.0036614,322,4.1,29.0,OCC_TO_CU
1717454513.0043118,322,0.0,29.0,OCC_TO_CU
1717454513.048159,273,33.3,29.1,CU_TO_DEV
1717454513.0684493,273,37.5,29.1,CU_TO_DEV
1717454523.019063,322,4.0,29.1,OCC_TO_CU
1717454523.0197275,322,100.0,29.1,OCC_TO_CU
1717454523.0533283,273,33.3,29.2,CU_TO_DEV
1717454523.0735276,273,44.4,29.2,CU_TO_DEV
1717454533.0289016,322,4.1,29.2,OCC_TO_CU
1717454533.0295572,322,0.0,29.2,OCC_TO_CU
1717454533.0591178,273,50.0,29.2,CU_TO_DEV
1717454533.0782866,273,37.5,29.2,CU_TO_DEV
1717454543.032212,322,4.0,29.2,OCC_TO_CU
1717454543.0328588,322,0.0,29.2,OCC_TO_CU
1717454543.065139,273,42.9,29.3,CU_TO_DEV
1717454543.0845532,273,37.5,29.3,CU_TO_DEV
1717454551.8002486,154,6.1,29.1,OCC_TO_CU
1717454551.878992,241,31.3,29.2,CU_TO_DEV
1717454551.894137,241,20.0,29.2,CU_TO_DEV
1717454553.0507264,322,4.1,29.1,OCC_TO_CU
1717454553.0514064,322,100.0,29.1,OCC_TO_CU
1717454553.0803993,273,41.7,29.1,CU_TO_DEV
1717454553.0955932,273,33.3,29.1,CU_TO_DEV
1717454563.0621085,322,4.7,29.1,OCC_TO_CU
1717454563.062774,322,0.0,29.1,OCC_TO_CU
1717454563.0874434,273,50.0,29.1,CU_TO_DEV
1717454563.10289,273,57.1,29.1,CU_TO_DEV
1717454573.0885832,322,3.6,29.1,OCC_TO_CU
1717454573.0894141,322,0.0,29.1,OCC_TO_CU
1717454573.0931036,273,0.0,29.1,CU_TO_DEV
1717454573.110317,273,85.7,29.1,CU_TO_DEV
1717454583.073164,322,4.6,29.0,OCC_TO_CU
1717454583.0740056,322,0.0,29.0,OCC_TO_CU
1717454583.097702,273,44.4,29.0,CU_TO_DEV
1717454583.11957,273,50.0,29.0,CU_TO_DEV
1717454593.080664,322,5.1,29.0,OCC_TO_CU
1717454593.0812285,322,0.0,29.0,OCC_TO_CU
1717454593.1076345,273,40.0,29.1,CU_TO_DEV
1717454593.125788,273,40.0,29.1,CU_TO_DEV
1717454601.8714292,154,3.7,29.0,OCC_TO_CU
1717454601.9127655,241,33.3,29.1,CU_TO_DEV
1717454601.929666,241,42.9,29.1,CU_TO_DEV
1717454603.1162634,322,5.2,29.1,OCC_TO_CU
1717454603.1169214,322,0.0,29.1,OCC_TO_CU
1717454603.1307192,273,25.0,29.1,CU_TO_DEV
1717454603.313902,273,14.7,29.1,CU_TO_DEV
1717454613.1317973,322,4.7,29.0,OCC_TO_CU
1717454613.1330926,322,0.0,29.0,OCC_TO_CU
1717454613.1396706,273,50.0,29.0,CU_TO_DEV
1717454613.3185093,273,10.0,29.2,CU_TO_DEV
1717454623.1233356,322,3.6,29.0,OCC_TO_CU
1717454623.1240892,322,0.0,29.0,OCC_TO_CU
1717454623.1441529,273,62.5,29.1,CU_TO_DEV
1717454623.3229034,273,12.7,29.1,CU_TO_DEV
1717454633.1289525,322,3.7,29.1,OCC_TO_CU
1717454633.129709,322,0.0,29.1,OCC_TO_CU
1717454633.1522064,273,50.0,29.1,CU_TO_DEV
1717454633.3278427,273,8.7,29.2,CU_TO_DEV
1717454643.1470795,322,4.5,29.1,OCC_TO_CU
1717454643.148354,322,50.0,29.1,OCC_TO_CU
1717454643.162438,273,25.0,29.1,CU_TO_DEV
1717454643.3409176,273,9.9,29.2,CU_TO_DEV
1717454651.9467561,154,5.7,29.1,OCC_TO_CU
1717454651.9705286,241,50.0,29.2,CU_TO_DEV
1717454652.146455,241,9.9,29.2,CU_TO_DEV
1717454653.1711617,322,2.7,29.2,OCC_TO_CU
1717454653.172016,322,0.0,29.2,OCC_TO_CU
1717454653.1720533,273,0.0,29.2,CU_TO_DEV
1717454653.347475,273,11.4,29.2,CU_TO_DEV
1717454653.372989,273,20.0,29.2,CU_TO_DEV
1717454663.174034,322,4.7,29.1,OCC_TO_CU
1717454663.174686,322,0.0,29.1,OCC_TO_CU
1717454663.1796517,273,66.7,29.1,CU_TO_DEV
1717454663.3540506,273,13.2,29.2,CU_TO_DEV
1717454673.17785,322,3.9,29.1,OCC_TO_CU
1717454673.1784875,322,0.0,29.1,OCC_TO_CU
1717454673.1873279,273,33.3,29.1,CU_TO_DEV
1717454673.3591986,273,14.5,29.2,CU_TO_DEV
1717454683.1964943,322,4.5,29.1,OCC_TO_CU
1717454683.197132,322,0.0,29.1,OCC_TO_CU
1717454683.3695633,273,9.0,29.2,CU_TO_DEV
1717454683.3930352,273,12.5,29.2,CU_TO_DEV
1717454693.2252283,322,4.6,29.1,OCC_TO_CU
1717454693.2258697,322,0.0,29.1,OCC_TO_CU
1717454693.3787525,273,66.7,29.1,CU_TO_DEV
1717454693.4019768,273,22.2,29.1,CU_TO_DEV
1717454702.0124133,154,3.7,29.0,OCC_TO_CU
1717454702.1828885,241,7.6,29.1,CU_TO_DEV
1717454702.2063344,241,25.0,29.1,CU_TO_DEV
1717454703.228703,322,3.7,29.0,OCC_TO_CU
1717454703.2293174,322,0.0,29.0,OCC_TO_CU
1717454703.3840988,273,9.7,29.1,CU_TO_DEV
1717454703.407779,273,22.2,29.1,CU_TO_DEV
1717454713.2281122,322,4.0,29.1,OCC_TO_CU
1717454713.228759,322,0.0,29.1,OCC_TO_CU
1717454713.3898563,273,10.9,29.2,CU_TO_DEV
1717454713.4128978,273,36.4,29.2,CU_TO_DEV
1717454723.241304,322,4.1,29.1,OCC_TO_CU
1717454723.2419531,322,0.0,29.1,OCC_TO_CU
1717454723.3956451,273,9.8,29.2,CU_TO_DEV
1717454723.4192195,273,36.4,29.2,CU_TO_DEV
1717454733.2563014,322,4.7,29.1,OCC_TO_CU
1717454733.2568734,322,0.0,29.1,OCC_TO_CU
1717454733.403865,273,11.5,29.2,CU_TO_DEV
1717454733.4280334,273,12.5,29.2,CU_TO_DEV
1717454743.2752852,322,3.7,29.2,OCC_TO_CU
1717454743.2759337,322,0.0,29.2,OCC_TO_CU
1717454743.4083033,273,13.2,29.2,CU_TO_DEV
1717454743.433946,273,20.0,29.2,CU_TO_DEV
1717454751.9834847,154,4.9,29.1,OCC_TO_CU
1717454752.012484,241,45.5,29.2,CU_TO_DEV
1717454752.039124,241,50.0,29.2,CU_TO_DEV
1717454753.2762887,322,10.5,29.1,OCC_TO_CU
1717454753.2768965,322,0.0,29.1,OCC_TO_CU
1717454753.4136333,273,9.3,29.2,CU_TO_DEV
1717454753.4406967,273,18.2,29.2,CU_TO_DEV
1717454763.2869282,322,3.6,29.1,OCC_TO_CU
1717454763.2876053,322,0.0,29.1,OCC_TO_CU
1717454763.418136,273,15.1,29.1,CU_TO_DEV
1717454763.445033,273,11.1,29.1,CU_TO_DEV
1717454773.2863355,322,4.0,29.2,OCC_TO_CU
1717454773.2873085,322,0.0,29.2,OCC_TO_CU
1717454773.4238997,273,11.3,29.2,CU_TO_DEV
1717454773.4496777,273,20.0,29.2,CU_TO_DEV
1717454783.3135495,322,4.2,29.1,OCC_TO_CU
1717454783.31406,322,0.0,29.1,OCC_TO_CU
1717454783.4331472,273,12.5,29.2,CU_TO_DEV
1717454783.4541495,273,37.5,29.2,CU_TO_DEV
1717454793.3220003,322,3.8,29.2,OCC_TO_CU
1717454793.322639,322,0.0,29.2,OCC_TO_CU
1717454793.4381726,273,13.0,29.2,CU_TO_DEV
1717454793.4584115,273,14.3,29.2,CU_TO_DEV
1717454802.0524023,154,4.0,29.2,OCC_TO_CU
1717454802.0621436,241,25.0,29.2,CU_TO_DEV
1717454802.2424474,241,12.7,29.3,CU_TO_DEV
1717454803.338402,322,3.2,29.3,OCC_TO_CU
1717454803.3390608,322,0.0,29.3,OCC_TO_CU
1717454803.4435556,273,14.6,29.4,CU_TO_DEV
1717454803.4635684,273,25.0,29.4,CU_TO_DEV
1717454813.3431633,322,4.5,29.3,OCC_TO_CU
1717454813.3438094,322,66.7,29.3,OCC_TO_CU
1717454813.4511096,273,90.2,29.3,CU_TO_DEV
1717454813.470238,273,66.7,29.3,CU_TO_DEV
1717454823.3618362,322,3.4,29.2,OCC_TO_CU
1717454823.3626542,322,0.0,29.2,OCC_TO_CU
1717454823.455769,273,18.9,29.3,CU_TO_DEV
1717454823.4746332,273,28.6,29.3,CU_TO_DEV
1717454833.3825712,322,4.5,29.2,OCC_TO_CU
1717454833.3833497,322,100.0,29.2,OCC_TO_CU
1717454833.464568,273,23.5,29.3,CU_TO_DEV
1717454833.4861243,273,40.0,29.3,CU_TO_DEV
1717454843.3808007,322,4.0,29.3,OCC_TO_CU
1717454843.3815384,322,0.0,29.3,OCC_TO_CU
1717454843.4698486,273,17.1,29.4,CU_TO_DEV
1717454843.4913342,273,25.0,29.4,CU_TO_DEV
1717454852.0184317,154,4.0,29.3,OCC_TO_CU
1717454852.074495,241,35.0,29.4,CU_TO_DEV
1717454852.0970948,241,44.4,29.4,CU_TO_DEV
1717454853.3903866,322,10.8,29.3,OCC_TO_CU
1717454853.3909554,322,0.0,29.3,OCC_TO_CU
1717454853.4755373,273,20.0,29.4,CU_TO_DEV
1717454853.498612,273,22.2,29.4,CU_TO_DEV
1717454863.4092426,322,3.2,29.3,OCC_TO_CU
1717454863.4098654,322,0.0,29.3,OCC_TO_CU
1717454863.4803567,273,25.0,29.4,CU_TO_DEV
1717454863.5027752,273,30.0,29.4,CU_TO_DEV
1717454873.4314666,322,4.7,29.2,OCC_TO_CU
1717454873.4320483,322,0.0,29.2,OCC_TO_CU
1717454873.4887543,273,22.7,29.3,CU_TO_DEV
1717454873.510535,273,62.5,29.3,CU_TO_DEV
1717454883.4036984,322,4.2,29.2,OCC_TO_CU
1717454883.404454,322,0.0,29.2,OCC_TO_CU
1717454883.4944556,273,21.6,29.3,CU_TO_DEV
1717454883.5148978,273,14.3,29.3,CU_TO_DEV
1717454893.4153244,322,3.9,29.2,OCC_TO_CU
1717454893.416356,322,0.0,29.2,OCC_TO_CU
1717454893.4992704,273,14.7,29.2,CU_TO_DEV
1717454893.5193224,273,12.5,29.2,CU_TO_DEV
1717454902.048972,154,4.2,29.3,OCC_TO_CU
1717454902.103546,241,50.0,29.4,CU_TO_DEV
1717454902.1245413,241,33.3,29.4,CU_TO_DEV
1717454903.4502327,322,3.6,29.3,OCC_TO_CU
1717454903.450777,322,0.0,29.3,OCC_TO_CU
1717454903.504726,273,22.7,29.4,CU_TO_DEV
1717454903.5260785,273,30.0,29.4,CU_TO_DEV
1717454913.4570668,322,3.4,29.4,OCC_TO_CU
1717454913.4577045,322,0.0,29.4,OCC_TO_CU
1717454913.5092797,273,25.0,29.4,CU_TO_DEV
1717454913.5305603,273,25.0,29.4,CU_TO_DEV
1717454923.4710972,322,4.6,29.3,OCC_TO_CU
1717454923.4717689,322,66.7,29.3,OCC_TO_CU
1717454923.5140123,273,37.5,29.4,CU_TO_DEV
1717454923.537681,273,40.0,29.4,CU_TO_DEV
1717454933.4792042,322,3.6,29.4,OCC_TO_CU
1717454933.479739,322,0.0,29.4,OCC_TO_CU
1717454933.5197225,273,76.5,29.5,CU_TO_DEV
1717454933.5429175,273,100.0,29.5,CU_TO_DEV
1717454943.4935894,322,4.5,29.3,OCC_TO_CU
1717454943.4948614,322,0.0,29.3,OCC_TO_CU
1717454943.5299032,273,42.9,29.3,CU_TO_DEV
1717454943.5482564,273,50.0,29.3,CU_TO_DEV
1717454952.0834532,154,4.4,29.3,OCC_TO_CU
1717454952.1351228,241,100.0,29.3,CU_TO_DEV
1717454952.154041,241,100.0,29.3,CU_TO_DEV
1717454953.5035977,322,7.7,29.2,OCC_TO_CU
1717454953.5043495,322,0.0,29.2,OCC_TO_CU
1717454953.5374255,273,30.8,29.3,CU_TO_DEV
1717454953.555957,273,16.7,29.3,CU_TO_DEV
1717454963.5087185,322,4.9,29.2,OCC_TO_CU
1717454963.5094092,322,0.0,29.2,OCC_TO_CU
1717454963.5477529,273,35.3,29.3,CU_TO_DEV
1717454963.5637074,273,33.3,29.3,CU_TO_DEV
1717454973.525774,322,3.2,29.2,OCC_TO_CU
1717454973.5263872,322,0.0,29.2,OCC_TO_CU
1717454973.5523038,273,50.0,29.3,CU_TO_DEV
1717454973.5676143,273,20.0,29.3,CU_TO_DEV
1717454983.5324264,322,4.0,29.3,OCC_TO_CU
1717454983.5334554,322,0.0,29.3,OCC_TO_CU
1717454983.5583189,273,45.5,29.3,CU_TO_DEV
1717454983.5763502,273,57.1,29.3,CU_TO_DEV
1717454993.550479,322,4.0,29.3,OCC_TO_CU
1717454993.5512521,322,0.0,29.3,OCC_TO_CU
1717454993.564929,273,50.0,29.3,CU_TO_DEV
1717454993.583511,273,75.0,29.4,CU_TO_DEV
1717455002.1437657,154,4.4,29.3,OCC_TO_CU
1717455002.1715124,241,61.5,29.4,CU_TO_DEV
1717455002.1911094,241,16.7,29.4,CU_TO_DEV
1717455003.5664015,322,10.2,29.4,OCC_TO_CU
1717455003.5670714,322,0.0,29.4,OCC_TO_CU
1717455003.5744991,273,0.0,29.4,CU_TO_DEV
1717455003.593897,273,62.5,29.4,CU_TO_DEV
1717455013.573934,322,4.2,29.2,OCC_TO_CU
1717455013.5744848,322,0.0,29.2,OCC_TO_CU
1717455013.581743,273,33.3,29.2,CU_TO_DEV
1717455013.6046872,273,62.5,29.3,CU_TO_DEV
1717455023.592298,322,3.8,29.3,OCC_TO_CU
1717455023.5929582,322,0.0,29.3,OCC_TO_CU
1717455023.6093469,273,57.1,29.3,CU_TO_DEV
1717455023.7880306,273,10.0,29.4,CU_TO_DEV
1717455033.6129346,322,4.1,29.3,OCC_TO_CU
1717455033.6135683,322,0.0,29.3,OCC_TO_CU
1717455033.615318,273,0.0,29.3,CU_TO_DEV
1717455033.7930045,273,10.0,29.4,CU_TO_DEV
1717455043.613511,322,3.8,29.4,OCC_TO_CU
1717455043.614131,322,0.0,29.4,OCC_TO_CU
1717455043.6202197,273,33.3,29.4,CU_TO_DEV
1717455043.7977521,273,16.7,29.4,CU_TO_DEV
1717455052.207519,154,4.2,29.4,OCC_TO_CU
1717455052.2245114,241,42.9,29.4,CU_TO_DEV
1717455052.4019241,241,61.4,29.5,CU_TO_DEV
1717455053.6322055,322,2.0,29.3,OCC_TO_CU
1717455053.6327906,322,0.0,29.3,OCC_TO_CU
1717455053.802901,273,50.0,29.4,CU_TO_DEV
1717455053.82612,273,22.2,29.4,CU_TO_DEV
1717455063.632321,322,4.5,29.2,OCC_TO_CU
1717455063.6330714,322,0.0,29.2,OCC_TO_CU
1717455063.8130708,273,8.5,29.3,CU_TO_DEV
1717455063.8319168,273,25.0,29.3,CU_TO_DEV
1717455073.6804736,322,4.5,29.2,OCC_TO_CU
1717455073.680969,322,0.0,29.2,OCC_TO_CU
1717455073.8207405,273,9.1,29.3,CU_TO_DEV
1717455073.8370001,273,42.9,29.3,CU_TO_DEV
1717455083.666882,322,3.9,29.2,OCC_TO_CU
1717455083.6675272,322,0.0,29.2,OCC_TO_CU
1717455083.8268826,273,9.5,29.3,CU_TO_DEV
1717455083.8433964,273,28.6,29.3,CU_TO_DEV
1717455093.6860113,322,3.8,29.2,OCC_TO_CU
1717455093.6867704,322,0.0,29.2,OCC_TO_CU
1717455093.8333535,273,13.3,29.3,CU_TO_DEV
1717455093.8507504,273,37.5,29.3,CU_TO_DEV
1717455102.289439,154,4.2,29.3,OCC_TO_CU
1717455102.4380953,241,16.1,29.4,CU_TO_DEV
1717455102.4558978,241,33.3,29.4,CU_TO_DEV
1717455103.6882932,322,11.4,29.3,OCC_TO_CU
1717455103.6888678,322,0.0,29.3,OCC_TO_CU
1717455103.8392406,273,9.8,29.4,CU_TO_DEV
1717455103.8572984,273,16.7,29.4,CU_TO_DEV
1717455113.7168012,322,3.4,29.3,OCC_TO_CU
1717455113.7174551,322,0.0,29.3,OCC_TO_CU
1717455113.8445904,273,13.5,29.4,CU_TO_DEV
1717455113.8635628,273,37.5,29.4,CU_TO_DEV
1717455123.7390354,322,3.6,29.3,OCC_TO_CU
1717455123.739711,322,100.0,29.3,OCC_TO_CU
1717455123.8509235,273,11.9,29.4,CU_TO_DEV
1717455123.8695238,273,37.5,29.4,CU_TO_DEV
1717455133.769967,322,3.7,29.4,OCC_TO_CU
1717455133.7706993,322,0.0,29.4,OCC_TO_CU
1717455133.856972,273,22.9,29.5,CU_TO_DEV
1717455133.8772507,273,25.0,29.5,CU_TO_DEV
1717455143.7685642,322,4.3,29.3,OCC_TO_CU
1717455143.7692158,322,0.0,29.3,OCC_TO_CU
1717455143.8626862,273,18.4,29.4,CU_TO_DEV
1717455143.886474,273,25.0,29.4,CU_TO_DEV
1717455152.2991507,154,4.9,29.4,OCC_TO_CU
1717455152.4682908,241,61.2,29.4,CU_TO_DEV
1717455152.4915686,241,36.4,29.3,CU_TO_DEV
1717455153.794638,322,2.9,29.3,OCC_TO_CU
1717455153.7982798,322,33.3,29.3,OCC_TO_CU
1717455153.8695517,273,18.5,29.4,CU_TO_DEV
1717455153.8929164,273,33.3,29.4,CU_TO_DEV
1717455163.8112097,322,3.7,29.3,OCC_TO_CU
1717455163.81197,322,0.0,29.3,OCC_TO_CU
1717455163.882811,273,21.4,29.3,CU_TO_DEV
1717455163.899673,273,37.5,29.3,CU_TO_DEV
1717455173.824406,322,4.0,29.3,OCC_TO_CU
1717455173.825021,322,0.0,29.3,OCC_TO_CU
1717455173.888962,273,24.0,29.4,CU_TO_DEV
1717455173.908291,273,25.0,29.4,CU_TO_DEV
1717455183.8377795,322,4.2,29.3,OCC_TO_CU
1717455183.8384266,322,0.0,29.3,OCC_TO_CU
1717455183.894118,273,30.4,29.3,CU_TO_DEV
1717455183.9166334,273,22.2,29.3,CU_TO_DEV
1717455193.856461,322,3.6,29.3,OCC_TO_CU
1717455193.8569844,322,0.0,29.3,OCC_TO_CU
1717455193.8995433,273,25.0,29.4,CU_TO_DEV
1717455193.922331,273,40.0,29.4,CU_TO_DEV
1717455202.3945467,154,5.9,29.2,OCC_TO_CU
1717455202.5044305,241,13.6,29.3,CU_TO_DEV
1717455202.5305667,241,27.3,29.3,CU_TO_DEV
1717455203.9021869,322,1.8,29.2,OCC_TO_CU
1717455203.9027176,322,0.0,29.2,OCC_TO_CU
1717455203.9056554,273,0.0,29.2,CU_TO_DEV
1717455203.9317746,273,45.5,29.3,CU_TO_DEV
1717455213.8851073,322,3.5,29.2,OCC_TO_CU
1717455213.8856316,322,0.0,29.2,OCC_TO_CU
1717455213.910334,273,45.5,29.3,CU_TO_DEV
1717455213.9399517,273,27.3,29.3,CU_TO_DEV
1717455223.9049706,322,3.6,29.3,OCC_TO_CU
1717455223.905484,322,0.0,29.3,OCC_TO_CU
1717455223.9189942,273,40.0,29.3,CU_TO_DEV
1717455223.945624,273,54.5,29.4,CU_TO_DEV
1717455233.9205377,322,3.9,29.3,OCC_TO_CU
1717455233.9211767,322,0.0,29.3,OCC_TO_CU
1717455233.925936,273,0.0,29.3,CU_TO_DEV
1717455233.9515998,273,60.0,29.4,CU_TO_DEV
1717455243.9454117,322,4.7,29.3,OCC_TO_CU
1717455243.9459612,322,0.0,29.3,OCC_TO_CU
1717455243.9589071,273,40.0,29.3,CU_TO_DEV
1717455244.1322267,273,11.6,29.4,CU_TO_DEV
1717455252.48852,154,4.0,29.3,OCC_TO_CU
1717455252.5365744,241,38.1,29.4,CU_TO_DEV
1717455252.5651371,241,81.8,29.4,CU_TO_DEV
1717455253.9524324,322,8.0,29.3,OCC_TO_CU
1717455253.95299,322,0.0,29.3,OCC_TO_CU
1717455253.9666598,273,40.0,29.3,CU_TO_DEV
1717455254.1377873,273,10.1,29.4,CU_TO_DEV
1717455263.9663844,322,3.7,29.3,OCC_TO_CU
1717455263.9671717,322,0.0,29.3,OCC_TO_CU
1717455263.973339,273,33.3,29.3,CU_TO_DEV
1717455264.1442206,273,16.4,29.4,CU_TO_DEV
1717455273.998034,322,4.2,29.2,OCC_TO_CU
1717455273.998683,322,0.0,29.2,OCC_TO_CU
1717455274.151435,273,12.9,29.3,CU_TO_DEV
1717455274.1795425,273,20.0,29.3,CU_TO_DEV
1717455284.010543,322,3.7,29.3,OCC_TO_CU
1717455284.011205,322,0.0,29.3,OCC_TO_CU
1717455284.1575108,273,10.3,29.4,CU_TO_DEV
1717455284.185799,273,20.0,29.4,CU_TO_DEV
1717455294.0282328,322,4.6,29.3,OCC_TO_CU
1717455294.0288732,322,0.0,29.3,OCC_TO_CU
1717455294.163383,273,9.6,29.3,CU_TO_DEV
1717455294.1941743,273,18.2,29.3,CU_TO_DEV
1717455302.4341273,154,5.1,29.2,OCC_TO_CU
1717455302.569169,241,22.6,29.3,CU_TO_DEV
1717455302.6010609,241,26.7,29.3,CU_TO_DEV
1717455304.043531,322,3.6,29.3,OCC_TO_CU
1717455304.0445645,322,0.0,29.3,OCC_TO_CU
1717455304.1703048,273,9.8,29.3,CU_TO_DEV
1717455304.2024665,273,9.1,29.3,CU_TO_DEV
1717455314.066917,322,3.6,29.3,OCC_TO_CU
1717455314.0675864,322,100.0,29.3,OCC_TO_CU
1717455314.1757753,273,15.9,29.4,CU_TO_DEV
1717455314.217444,273,13.3,29.4,CU_TO_DEV
1717455324.095141,322,3.8,29.3,OCC_TO_CU
1717455324.0957723,322,100.0,29.3,OCC_TO_CU
1717455324.183324,273,20.0,29.4,CU_TO_DEV
1717455324.222873,273,18.7,29.4,CU_TO_DEV
1717455334.0933087,322,5.4,29.3,OCC_TO_CU
1717455334.0946143,322,0.0,29.3,OCC_TO_CU
1717455334.1889517,273,13.5,29.3,CU_TO_DEV
1717455334.2288358,273,17.6,29.3,CU_TO_DEV
1717455344.1050775,322,3.9,29.2,OCC_TO_CU
1717455344.1057448,322,0.0,29.2,OCC_TO_CU
1717455344.1959069,273,19.4,29.3,CU_TO_DEV
1717455344.2335787,273,20.0,29.3,CU_TO_DEV
1717455352.486923,154,3.7,29.3,OCC_TO_CU
1717455352.6026702,241,95.7,29.4,CU_TO_DEV
1717455352.6380653,241,76.9,29.3,CU_TO_DEV
1717455354.109703,322,2.2,29.3,OCC_TO_CU
1717455354.1117067,322,0.0,29.3,OCC_TO_CU
1717455354.2038841,273,15.8,29.3,CU_TO_DEV
1717455354.2395008,273,7.7,29.3,CU_TO_DEV
1717455364.1440706,322,3.6,29.2,OCC_TO_CU
1717455364.144827,322,0.0,29.2,OCC_TO_CU
1717455364.2097397,273,26.9,29.3,CU_TO_DEV
1717455364.2445676,273,26.7,29.3,CU_TO_DEV
1717455374.1447494,322,3.6,29.3,OCC_TO_CU
1717455374.145565,322,0.0,29.3,OCC_TO_CU
1717455374.21656,273,19.2,29.4,CU_TO_DEV
1717455374.2497172,273,28.6,29.4,CU_TO_DEV
1717455384.1647213,322,4.5,29.3,OCC_TO_CU
1717455384.1652856,322,0.0,29.3,OCC_TO_CU
1717455384.222765,273,18.2,29.3,CU_TO_DEV
1717455384.2545574,273,23.1,29.3,CU_TO_DEV
1717455394.1706429,322,3.5,29.3,OCC_TO_CU
1717455394.1713035,322,50.0,29.3,OCC_TO_CU
1717455394.2280173,273,28.6,29.4,CU_TO_DEV
1717455394.259107,273,23.1,29.4,CU_TO_DEV
1717455402.5557363,154,4.9,29.3,OCC_TO_CU
1717455402.6350367,241,47.1,29.4,CU_TO_DEV
1717455402.6633005,241,27.3,29.4,CU_TO_DEV
1717455404.1991684,322,2.6,29.3,OCC_TO_CU
1717455404.199806,322,100.0,29.3,OCC_TO_CU
1717455404.236382,273,35.7,29.4,CU_TO_DEV
1717455404.264745,273,41.7,29.4,CU_TO_DEV
1717455414.2049408,322,3.9,29.3,OCC_TO_CU
1717455414.20559,322,0.0,29.3,OCC_TO_CU
1717455414.2433906,273,40.0,29.4,CU_TO_DEV
1717455414.269201,273,27.3,29.4,CU_TO_DEV
1717455424.2195046,322,3.6,29.2,OCC_TO_CU
1717455424.220131,322,0.0,29.2,OCC_TO_CU
1717455424.248846,273,50.0,29.2,CU_TO_DEV
1717455424.2737472,273,33.3,29.2,CU_TO_DEV
1717455434.2254815,322,4.5,29.1,OCC_TO_CU
1717455434.2261307,322,0.0,29.1,OCC_TO_CU
1717455434.25983,273,85.7,29.2,CU_TO_DEV
1717455434.2829711,273,100.0,29.2,CU_TO_DEV
1717455444.2536097,322,4.1,29.1,OCC_TO_CU
1717455444.2542357,322,0.0,29.1,OCC_TO_CU
1717455444.2660058,273,40.0,29.1,CU_TO_DEV
1717455444.2891169,273,77.8,29.1,CU_TO_DEV
1717455452.6714015,154,4.7,29.0,OCC_TO_CU
1717455452.6722462,241,0.0,29.0,CU_TO_DEV
1717455452.6978657,241,54.5,29.1,CU_TO_DEV
1717455454.267322,322,2.7,29.0,OCC_TO_CU
1717455454.2678597,322,0.0,29.0,OCC_TO_CU
1717455454.2732003,273,0.0,29.0,CU_TO_DEV
1717455454.2994187,273,58.3,29.1,CU_TO_DEV
1717455464.264608,322,4.2,29.0,OCC_TO_CU
1717455464.2651837,322,0.0,29.0,OCC_TO_CU
1717455464.2809381,273,42.9,29.1,CU_TO_DEV
1717455464.3060718,273,44.4,29.1,CU_TO_DEV
1717455474.294408,322,4.7,29.0,OCC_TO_CU
1717455474.2957034,322,0.0,29.0,OCC_TO_CU
1717455474.3153443,273,42.9,29.1,CU_TO_DEV
1717455474.491767,273,7.1,29.1,CU_TO_DEV
1717455484.2924836,322,3.6,29.1,OCC_TO_CU
1717455484.293256,322,0.0,29.1,OCC_TO_CU
1717455484.2964845,273,0.0,29.1,CU_TO_DEV
1717455484.3207185,273,66.7,29.1,CU_TO_DEV
1717455494.3187854,322,3.9,29.0,OCC_TO_CU
1717455494.3195984,322,100.0,29.0,OCC_TO_CU
1717455494.3272817,273,25.0,29.0,CU_TO_DEV
1717455494.501476,273,14.5,29.1,CU_TO_DEV
1717455502.7237601,154,4.0,29.1,OCC_TO_CU
1717455502.7326093,241,33.3,29.1,CU_TO_DEV
1717455502.9069238,241,17.8,29.2,CU_TO_DEV
1717455504.3392797,322,2.8,29.1,OCC_TO_CU
1717455504.3399045,322,0.0,29.1,OCC_TO_CU
1717455504.5082524,273,7.6,29.2,CU_TO_DEV
1717455504.5341072,273,36.4,29.2,CU_TO_DEV
1717455514.3452382,322,3.8,29.1,OCC_TO_CU
1717455514.3464074,322,0.0,29.1,OCC_TO_CU
1717455514.5140448,273,11.8,29.2,CU_TO_DEV
1717455514.5397289,273,30.0,29.2,CU_TO_DEV
1717455524.3661368,322,4.8,29.2,OCC_TO_CU
1717455524.3666456,322,0.0,29.2,OCC_TO_CU
1717455524.5210853,273,9.5,29.2,CU_TO_DEV
1717455524.5495696,273,25.0,29.2,CU_TO_DEV
1717455534.3778768,322,4.7,29.1,OCC_TO_CU
1717455534.3785217,322,0.0,29.1,OCC_TO_CU
1717455534.5278144,273,14.5,29.2,CU_TO_DEV
1717455534.5559604,273,27.3,29.2,CU_TO_DEV
1717455544.4071436,322,3.8,29.1,OCC_TO_CU
1717455544.407811,322,0.0,29.1,OCC_TO_CU
1717455544.5330837,273,12.2,29.2,CU_TO_DEV
1717455544.561093,273,30.8,29.2,CU_TO_DEV
1717455552.8050969,154,4.2,29.2,OCC_TO_CU
1717455552.9374356,241,83.0,29.3,CU_TO_DEV
1717455552.9647784,241,20.0,29.2,CU_TO_DEV
1717455554.4006228,322,3.1,29.2,OCC_TO_CU
1717455554.4011254,322,0.0,29.2,OCC_TO_CU
1717455554.5389225,273,9.1,29.2,CU_TO_DEV
1717455554.5658698,273,27.3,29.3,CU_TO_DEV
1717455564.4184322,322,3.6,29.2,OCC_TO_CU
1717455564.4190507,322,0.0,29.2,OCC_TO_CU
1717455564.543799,273,78.4,29.2,CU_TO_DEV
1717455564.5700305,273,22.2,29.2,CU_TO_DEV
1717455574.4332893,322,4.3,29.0,OCC_TO_CU
1717455574.433949,322,0.0,29.0,OCC_TO_CU
1717455574.5499718,273,13.0,29.1,CU_TO_DEV
1717455574.578216,273,20.0,29.1,CU_TO_DEV
1717455584.4524834,322,3.8,29.0,OCC_TO_CU
1717455584.4545557,322,0.0,29.0,OCC_TO_CU
1717455584.555043,273,19.5,29.1,CU_TO_DEV
1717455584.5840273,273,25.0,29.1,CU_TO_DEV
1717455594.461028,322,4.4,29.0,OCC_TO_CU
1717455594.461545,322,0.0,29.0,OCC_TO_CU
1717455594.5609565,273,12.8,29.1,CU_TO_DEV
1717455594.5893388,273,25.0,29.1,CU_TO_DEV
1717455602.7780268,154,3.9,29.1,OCC_TO_CU
1717455602.7945156,241,50.0,29.1,CU_TO_DEV
1717455602.9651628,241,13.2,29.2,CU_TO_DEV
1717455604.4763563,322,2.6,29.1,OCC_TO_CU
1717455604.4769962,322,0.0,29.1,OCC_TO_CU
1717455604.5663884,273,16.7,29.2,CU_TO_DEV
1717455604.5960414,273,18.2,29.2,CU_TO_DEV
1717455614.4841902,322,4.9,29.1,OCC_TO_CU
1717455614.4848168,322,0.0,29.1,OCC_TO_CU
1717455614.5717611,273,19.4,29.2,CU_TO_DEV
1717455614.6077414,273,20.0,29.2,CU_TO_DEV
1717455624.5054727,322,3.4,29.1,OCC_TO_CU
1717455624.506237,322,0.0,29.1,OCC_TO_CU
1717455624.5764933,273,36.7,29.2,CU_TO_DEV
1717455624.6121302,273,21.4,29.2,CU_TO_DEV
1717455634.5275304,322,3.8,29.2,OCC_TO_CU
1717455634.5282612,322,0.0,29.2,OCC_TO_CU
1717455634.583153,273,27.3,29.3,CU_TO_DEV
1717455634.6170871,273,23.1,29.3,CU_TO_DEV
1717455644.516645,322,4.0,29.2,OCC_TO_CU
1717455644.5180235,322,0.0,29.2,OCC_TO_CU
1717455644.5897968,273,24.1,29.3,CU_TO_DEV
1717455644.6219335,273,28.6,29.3,CU_TO_DEV
1717455652.8528373,154,4.9,29.2,OCC_TO_CU
1717455652.997297,241,10.7,29.2,CU_TO_DEV
1717455653.0298793,241,15.4,29.2,CU_TO_DEV
1717455654.5547473,322,2.6,29.2,OCC_TO_CU
1717455654.5555243,322,100.0,29.2,OCC_TO_CU
1717455654.5987377,273,31.3,29.3,CU_TO_DEV
1717455654.6311674,273,23.1,29.3,CU_TO_DEV
1717455664.5557728,322,5.3,29.0,OCC_TO_CU
1717455664.5564039,322,0.0,29.0,OCC_TO_CU
1717455664.60389,273,36.8,29.1,CU_TO_DEV
1717455664.6408827,273,21.4,29.1,CU_TO_DEV
1717455674.575778,322,3.8,29.1,OCC_TO_CU
1717455674.5764241,322,0.0,29.1,OCC_TO_CU
1717455674.609765,273,50.0,29.1,CU_TO_DEV
1717455674.6457238,273,21.4,29.1,CU_TO_DEV
1717455684.6016567,322,3.8,29.1,OCC_TO_CU
1717455684.6024005,322,0.0,29.1,OCC_TO_CU
1717455684.618158,273,60.0,29.1,CU_TO_DEV
1717455684.6524854,273,100.0,29.2,CU_TO_DEV
1717455694.6029487,322,4.2,29.1,OCC_TO_CU
1717455694.603467,322,0.0,29.1,OCC_TO_CU
1717455694.6246877,273,44.4,29.1,CU_TO_DEV
1717455694.65805,273,38.5,29.1,CU_TO_DEV
1717455702.8289988,154,3.9,29.1,OCC_TO_CU
1717455702.8305025,241,0.0,29.1,CU_TO_DEV
1717455702.862839,241,66.7,29.2,CU_TO_DEV
1717455704.6156619,322,2.8,29.2,OCC_TO_CU
1717455704.616271,322,0.0,29.2,OCC_TO_CU
1717455704.6317384,273,33.3,29.2,CU_TO_DEV
1717455704.6643872,273,38.5,29.2,CU_TO_DEV
1717455714.6355343,322,4.5,29.1,OCC_TO_CU
1717455714.6361816,322,0.0,29.1,OCC_TO_CU
1717455714.6370149,273,0.0,29.1,CU_TO_DEV
1717455714.6733153,273,42.9,29.2,CU_TO_DEV
1717455724.6667705,322,4.7,29.1,OCC_TO_CU
1717455724.6672716,322,50.0,29.1,OCC_TO_CU
1717455724.6798136,273,60.0,29.1,CU_TO_DEV
1717455724.8442113,273,19.4,29.2,CU_TO_DEV
1717455734.6573155,322,3.3,29.1,OCC_TO_CU
1717455734.6579752,322,0.0,29.1,OCC_TO_CU
1717455734.687239,273,46.2,29.3,CU_TO_DEV
1717455734.8501837,273,15.4,29.3,CU_TO_DEV
1717455744.6662838,322,4.0,29.2,OCC_TO_CU
1717455744.667031,322,0.0,29.2,OCC_TO_CU
1717455744.692782,273,40.0,29.2,CU_TO_DEV
1717455744.8568249,273,17.9,29.3,CU_TO_DEV
1717455753.9513922,154,5.5,29.2,OCC_TO_CU
1717455754.0632834,241,60.0,29.2,CU_TO_DEV
1717455754.0995336,241,7.7,29.2,CU_TO_DEV
1717455754.708991,322,2.0,29.2,OCC_TO_CU
1717455754.7095957,322,0.0,29.2,OCC_TO_CU
1717455754.864228,273,12.9,29.2,CU_TO_DEV
1717455754.9005384,273,53.3,29.2,CU_TO_DEV
1717455764.6903486,322,3.6,29.1,OCC_TO_CU
1717455764.6910925,322,0.0,29.1,OCC_TO_CU
1717455764.7097967,273,42.9,29.1,CU_TO_DEV
1717455764.873028,273,20.0,29.2,CU_TO_DEV
1717455774.6963708,322,3.9,29.1,OCC_TO_CU
1717455774.697021,322,0.0,29.1,OCC_TO_CU
1717455774.7156157,273,57.1,29.1,CU_TO_DEV
1717455774.878456,273,16.7,29.2,CU_TO_DEV
1717455784.7073052,322,3.8,29.2,OCC_TO_CU
1717455784.7080963,322,0.0,29.2,OCC_TO_CU
1717455784.7235727,273,50.0,29.2,CU_TO_DEV
1717455784.8856514,273,18.5,29.3,CU_TO_DEV
1717455794.7293446,322,4.6,29.2,OCC_TO_CU
1717455794.7300045,322,0.0,29.2,OCC_TO_CU
1717455794.730878,273,0.0,29.2,CU_TO_DEV
1717455794.891688,273,20.0,29.3,CU_TO_DEV
1717455803.9105415,154,4.9,29.2,OCC_TO_CU
1717455803.9361992,241,70.0,29.3,CU_TO_DEV
1717455804.097273,241,9.4,29.3,CU_TO_DEV
1717455804.73542,322,1.9,29.3,OCC_TO_CU
1717455804.7360284,322,0.0,29.3,OCC_TO_CU
1717455804.7371798,273,0.0,29.3,CU_TO_DEV
1717455804.8980618,273,13.8,29.3,CU_TO_DEV
1717455814.7510266,322,4.9,29.1,OCC_TO_CU
1717455814.7516751,322,100.0,29.1,OCC_TO_CU
1717455814.903431,273,16.4,29.2,CU_TO_DEV
1717455814.942805,273,60.0,29.2,CU_TO_DEV
1717455824.7616131,322,4.2,29.1,OCC_TO_CU
1717455824.762245,322,0.0,29.1,OCC_TO_CU
1717455824.9105113,273,16.7,29.2,CU_TO_DEV
1717455824.94818,273,53.3,29.2,CU_TO_DEV
1717455834.7811728,322,3.5,29.1,OCC_TO_CU
1717455834.7817075,322,0.0,29.1,OCC_TO_CU
1717455834.9165616,273,14.8,29.2,CU_TO_DEV
1717455834.9539318,273,38.5,29.2,CU_TO_DEV
1717455844.785563,322,3.7,29.2,OCC_TO_CU
1717455844.7862241,322,0.0,29.2,OCC_TO_CU
1717455844.9224875,273,85.5,29.2,CU_TO_DEV
1717455844.9592106,273,68.7,29.2,CU_TO_DEV
1717455853.94845,154,6.0,29.0,OCC_TO_CU
1717455853.967138,241,71.4,29.0,CU_TO_DEV
1717455854.1275747,241,16.9,29.1,CU_TO_DEV
1717455854.826214,322,2.5,29.1,OCC_TO_CU
1717455854.8268242,322,0.0,29.1,OCC_TO_CU
1717455854.9285681,273,12.2,29.1,CU_TO_DEV
1717455854.9685512,273,50.0,29.1,CU_TO_DEV
1717455864.8252642,322,3.6,29.0,OCC_TO_CU
1717455864.8258836,322,0.0,29.0,OCC_TO_CU
1717455864.9339223,273,19.0,29.1,CU_TO_DEV
1717455864.9748611,273,58.8,29.2,CU_TO_DEV
1717455874.8357458,322,4.2,29.1,OCC_TO_CU
1717455874.83642,322,0.0,29.1,OCC_TO_CU
1717455874.9393265,273,17.5,29.2,CU_TO_DEV
1717455874.9817877,273,66.7,29.2,CU_TO_DEV
1717455884.8410256,322,3.5,29.2,OCC_TO_CU
1717455884.8416593,322,0.0,29.2,OCC_TO_CU
1717455884.944634,273,22.0,29.3,CU_TO_DEV
1717455884.986612,273,56.2,29.3,CU_TO_DEV
1717455894.895507,322,5.1,29.2,OCC_TO_CU
1717455894.896034,322,0.0,29.2,OCC_TO_CU
1717455894.9501593,273,20.0,29.3,CU_TO_DEV
1717455894.9954033,273,23.5,29.3,CU_TO_DEV
1717455903.9836335,154,3.5,29.1,OCC_TO_CU
1717455903.9998596,241,85.7,29.1,CU_TO_DEV
1717455904.1543663,241,12.1,29.3,CU_TO_DEV
1717455904.8867652,322,2.0,29.3,OCC_TO_CU
1717455904.8873758,322,100.0,29.3,OCC_TO_CU
1717455904.9551406,273,14.8,29.3,CU_TO_DEV
1717455905.0024521,273,70.0,29.3,CU_TO_DEV
1717455914.8873844,322,3.8,29.3,OCC_TO_CU
1717455914.8880153,322,0.0,29.3,OCC_TO_CU
1717455914.959925,273,24.1,29.4,CU_TO_DEV
1717455915.0117002,273,63.6,29.4,CU_TO_DEV
1717455924.9198947,322,4.4,29.2,OCC_TO_CU
1717455924.9206944,322,0.0,29.2,OCC_TO_CU
1717455924.9655147,273,26.7,29.3,CU_TO_DEV
1717455925.0198781,273,71.4,29.3,CU_TO_DEV
1717455934.9155095,322,4.1,29.1,OCC_TO_CU
1717455934.9160633,322,0.0,29.1,OCC_TO_CU
1717455934.9715686,273,20.0,29.2,CU_TO_DEV
1717455935.0283656,273,36.4,29.2,CU_TO_DEV
1717455944.9301233,322,5.5,29.0,OCC_TO_CU
1717455944.9306197,322,0.0,29.0,OCC_TO_CU
1717455944.9774208,273,23.5,29.1,CU_TO_DEV
1717455945.0354989,273,29.2,29.1,CU_TO_DEV
1717455954.0488553,154,4.0,29.0,OCC_TO_CU
1717455954.1816268,241,25.0,29.2,CU_TO_DEV
1717455954.2445443,241,12.0,29.2,CU_TO_DEV
1717455954.9642062,322,1.0,29.2,OCC_TO_CU
1717455954.9651053,322,0.0,29.2,OCC_TO_CU
1717455954.9825792,273,50.0,29.2,CU_TO_DEV
1717455955.0456145,273,53.8,29.2,CU_TO_DEV
1717455964.9710312,322,3.8,29.1,OCC_TO_CU
1717455964.9718966,322,0.0,29.1,OCC_TO_CU
1717455964.9875727,273,50.0,29.1,CU_TO_DEV
1717455965.0522149,273,50.0,29.2,CU_TO_DEV
1717455974.9663584,322,3.6,29.2,OCC_TO_CU
1717455974.9669726,322,0.0,29.2,OCC_TO_CU
1717455974.9943364,273,40.0,29.2,CU_TO_DEV
1717455975.057062,273,28.0,29.2,CU_TO_DEV
1717455984.982317,322,4.3,29.2,OCC_TO_CU
1717455984.9829533,322,0.0,29.2,OCC_TO_CU
1717455984.9990425,273,42.9,29.2,CU_TO_DEV
1717455985.0624728,273,42.3,29.2,CU_TO_DEV
1717455995.014978,322,4.6,29.1,OCC_TO_CU
1717455995.015715,322,50.0,29.1,OCC_TO_CU
1717455995.0669417,273,42.9,29.2,CU_TO_DEV
1717455995.2064917,273,28.6,29.2,CU_TO_DEV
1717456004.124939,154,3.7,29.2,OCC_TO_CU
1717456004.211123,241,20.6,29.3,CU_TO_DEV
1717456004.2716625,241,12.0,29.3,CU_TO_DEV
1717456005.0140944,322,1.0,29.3,OCC_TO_CU
1717456005.0147955,322,0.0,29.3,OCC_TO_CU
1717456005.072447,273,34.8,29.3,CU_TO_DEV
1717456005.211998,273,25.5,29.3,CU_TO_DEV
1717456015.019788,322,3.6,29.2,OCC_TO_CU
1717456015.0204515,322,0.0,29.2,OCC_TO_CU
1717456015.0769773,273,36.4,29.3,CU_TO_DEV
1717456015.2169716,273,26.8,29.3,CU_TO_DEV
1717456025.016512,322,3.7,29.3,OCC_TO_CU
1717456025.0173326,322,0.0,29.3,OCC_TO_CU
1717456025.021248,273,0.0,29.3,CU_TO_DEV
1717456025.081669,273,45.5,29.4,CU_TO_DEV
1717456035.0664835,322,5.6,29.2,OCC_TO_CU
1717456035.0698137,322,0.0,29.2,OCC_TO_CU
1717456035.086922,273,83.3,29.2,CU_TO_DEV
1717456035.2268195,273,39.3,29.3,CU_TO_DEV
1717456045.057058,322,3.4,29.2,OCC_TO_CU
1717456045.0684345,322,75.0,29.2,OCC_TO_CU
1717456045.0936468,273,100.0,29.2,CU_TO_DEV
1717456045.2324488,273,94.6,29.3,CU_TO_DEV
1717456054.2000313,154,4.9,29.1,OCC_TO_CU
1717456054.2383447,241,42.9,29.1,CU_TO_DEV
1717456054.3003592,241,8.7,29.1,CU_TO_DEV
1717456055.0779805,322,1.6,29.2,OCC_TO_CU
1717456055.0790715,322,0.0,29.2,OCC_TO_CU
1717456055.1014729,273,77.8,29.2,CU_TO_DEV
1717456055.2394376,273,37.0,29.2,CU_TO_DEV
1717456065.060496,322,3.4,29.1,OCC_TO_CU
1717456065.0612454,322,0.0,29.1,OCC_TO_CU
1717456065.107726,273,41.2,29.2,CU_TO_DEV
1717456065.2437782,273,24.5,29.2,CU_TO_DEV
1717456075.0715444,322,3.6,29.1,OCC_TO_CU
1717456075.072425,322,0.0,29.1,OCC_TO_CU
1717456075.1128755,273,60.0,29.2,CU_TO_DEV
1717456075.2482932,273,33.3,29.3,CU_TO_DEV
1717456085.0881135,322,4.2,29.1,OCC_TO_CU
1717456085.0911522,322,0.0,29.1,OCC_TO_CU
1717456085.120374,273,81.8,29.2,CU_TO_DEV
1717456085.2600791,273,27.3,29.2,CU_TO_DEV
1717456095.1104684,322,3.4,29.1,OCC_TO_CU
1717456095.1135967,322,100.0,29.1,OCC_TO_CU
1717456095.1274693,273,60.0,29.2,CU_TO_DEV
1717456095.2646973,273,33.9,29.3,CU_TO_DEV
1717456104.19253,154,3.9,29.2,OCC_TO_CU
1717456104.269234,241,46.9,29.3,CU_TO_DEV
1717456104.3317304,241,8.3,29.3,CU_TO_DEV
1717456105.1360304,322,4.3,29.3,OCC_TO_CU
1717456105.1371572,322,0.0,29.3,OCC_TO_CU
1717456105.2706492,273,35.3,29.4,CU_TO_DEV
1717456105.3326492,273,8.3,29.4,CU_TO_DEV
1717456115.1314647,322,4.4,29.2,OCC_TO_CU
1717456115.133268,322,0.0,29.2,OCC_TO_CU
1717456115.1372323,273,50.0,29.2,CU_TO_DEV
1717456115.2761123,273,23.2,29.3,CU_TO_DEV
1717456125.1466405,322,4.6,29.2,OCC_TO_CU
1717456125.1476042,322,50.0,29.2,OCC_TO_CU
1717456125.2839024,273,90.6,29.2,CU_TO_DEV
1717456125.3421123,273,16.0,29.2,CU_TO_DEV
1717456135.179156,322,3.4,29.1,OCC_TO_CU
1717456135.1799881,322,100.0,29.1,OCC_TO_CU
1717456135.2880192,273,26.2,29.2,CU_TO_DEV
1717456135.3470473,273,9.1,29.2,CU_TO_DEV
1717456145.1610498,322,3.6,29.1,OCC_TO_CU
1717456145.1620865,322,0.0,29.1,OCC_TO_CU
1717456145.293131,273,27.3,29.3,CU_TO_DEV
1717456145.3521445,273,13.0,29.3,CU_TO_DEV
1717456154.3489027,154,3.7,29.2,OCC_TO_CU
1717456154.3567655,241,50.0,29.2,CU_TO_DEV
1717456154.4971995,241,20.0,29.3,CU_TO_DEV
1717456155.166069,322,4.5,29.3,OCC_TO_CU
1717456155.1691496,322,0.0,29.3,OCC_TO_CU
1717456155.2980385,273,26.4,29.3,CU_TO_DEV
1717456155.3578498,273,20.0,29.3,CU_TO_DEV
1717456165.1778066,322,3.5,29.3,OCC_TO_CU
1717456165.1786525,322,0.0,29.3,OCC_TO_CU
1717456165.3023734,273,28.6,29.3,CU_TO_DEV
1717456165.3629763,273,8.3,29.3,CU_TO_DEV
1717456175.1996012,322,5.1,29.1,OCC_TO_CU
1717456175.2002063,322,0.0,29.1,OCC_TO_CU
1717456175.3108613,273,30.2,29.2,CU_TO_DEV
1717456175.37058,273,8.7,29.2,CU_TO_DEV
1717456185.1977515,322,4.4,29.1,OCC_TO_CU
1717456185.198435,322,0.0,29.1,OCC_TO_CU
1717456185.3163674,273,26.7,29.2,CU_TO_DEV
1717456185.3752208,273,16.0,29.2,CU_TO_DEV
1717456195.197785,322,3.5,29.1,OCC_TO_CU
1717456195.1986134,322,0.0,29.1,OCC_TO_CU
1717456195.3208277,273,22.2,29.2,CU_TO_DEV
1717456195.3831153,273,8.3,29.2,CU_TO_DEV
1717456204.3176389,154,4.1,29.2,OCC_TO_CU
1717456204.324901,241,0.0,29.2,CU_TO_DEV
1717456204.3882947,241,34.6,29.2,CU_TO_DEV
1717456205.2619307,322,3.2,29.3,OCC_TO_CU
1717456205.27427,322,40.0,29.3,OCC_TO_CU
1717456205.3263047,273,81.0,29.3,CU_TO_DEV
1717456205.389185,273,28.0,29.3,CU_TO_DEV
1717456215.2395654,322,3.2,29.2,OCC_TO_CU
1717456215.2405958,322,0.0,29.2,OCC_TO_CU
1717456215.3330517,273,94.6,29.4,CU_TO_DEV
1717456215.3993132,273,100.0,29.4,CU_TO_DEV
1717456225.225933,322,4.3,29.2,OCC_TO_CU
1717456225.2289655,322,0.0,29.2,OCC_TO_CU
1717456225.3414245,273,28.9,29.2,CU_TO_DEV
1717456225.404344,273,12.0,29.2,CU_TO_DEV
1717456235.2373013,322,3.7,29.2,OCC_TO_CU
1717456235.2379072,322,0.0,29.2,OCC_TO_CU
1717456235.3459857,273,33.3,29.2,CU_TO_DEV
1717456235.4127736,273,11.1,29.3,CU_TO_DEV
1717456245.2516024,322,4.4,29.1,OCC_TO_CU
1717456245.2521348,322,0.0,29.1,OCC_TO_CU
1717456245.351008,273,34.1,29.2,CU_TO_DEV
1717456245.4211967,273,10.7,29.2,CU_TO_DEV
1717456254.3875659,154,3.7,29.2,OCC_TO_CU
1717456254.4290943,241,33.3,29.2,CU_TO_DEV
1717456254.5551722,241,9.8,29.2,CU_TO_DEV
1717456255.3010871,322,3.7,29.3,OCC_TO_CU
1717456255.3027673,322,0.0,29.3,OCC_TO_CU
1717456255.3563523,273,57.1,29.3,CU_TO_DEV
1717456255.4300249,273,13.8,29.3,CU_TO_DEV
1717456265.2870884,322,4.9,29.2,OCC_TO_CU
1717456265.2876313,322,100.0,29.2,OCC_TO_CU
1717456265.365392,273,43.3,29.3,CU_TO_DEV
1717456265.4360092,273,10.7,29.3,CU_TO_DEV
1717456275.2960835,322,3.4,29.2,OCC_TO_CU
1717456275.2981532,322,0.0,29.2,OCC_TO_CU
1717456275.3695428,273,53.6,29.4,CU_TO_DEV
1717456275.4431808,273,10.3,29.4,CU_TO_DEV
1717456285.314693,322,3.8,29.3,OCC_TO_CU
1717456285.3230505,322,0.0,29.3,OCC_TO_CU
1717456285.3740926,273,85.7,29.4,CU_TO_DEV
1717456285.4486136,273,17.9,29.4,CU_TO_DEV
1717456295.3206441,322,3.3,29.4,OCC_TO_CU
1717456295.321248,322,0.0,29.4,OCC_TO_CU
1717456295.3795183,273,91.3,29.4,CU_TO_DEV
1717456295.4556239,273,90.6,29.4,CU_TO_DEV
1717456304.3373353,154,3.9,29.3,OCC_TO_CU
1717456304.384813,241,63.2,29.3,CU_TO_DEV
1717456304.460668,241,16.7,29.4,CU_TO_DEV
1717456305.318351,322,3.8,29.4,OCC_TO_CU
1717456305.3192048,322,0.0,29.4,OCC_TO_CU
1717456305.3863058,273,46.2,29.4,CU_TO_DEV
1717456305.4617453,273,15.6,29.4,CU_TO_DEV
1717456315.3187764,322,6.1,29.1,OCC_TO_CU
1717456315.3197453,322,100.0,29.1,OCC_TO_CU
1717456315.3941166,273,48.3,29.2,CU_TO_DEV
1717456315.4687774,273,10.3,29.2,CU_TO_DEV
1717456325.3295913,322,3.6,29.2,OCC_TO_CU
1717456325.3304598,322,0.0,29.2,OCC_TO_CU
1717456325.3988369,273,55.2,29.3,CU_TO_DEV
1717456325.474487,273,19.4,29.3,CU_TO_DEV
1717456335.3616612,322,3.9,29.3,OCC_TO_CU
1717456335.362375,322,0.0,29.3,OCC_TO_CU
1717456335.4043536,273,58.8,29.4,CU_TO_DEV
1717456335.4811323,273,13.3,29.4,CU_TO_DEV
1717456345.3660038,322,3.7,29.3,OCC_TO_CU
1717456345.3709474,322,66.7,29.3,OCC_TO_CU
1717456345.4100342,273,71.4,29.4,CU_TO_DEV
1717456345.485684,273,27.6,29.4,CU_TO_DEV
1717456354.3834822,154,4.6,29.4,OCC_TO_CU
1717456354.4152844,241,92.9,29.4,CU_TO_DEV
1717456354.493349,241,35.5,29.4,CU_TO_DEV
1717456355.3836915,322,3.6,29.5,OCC_TO_CU
1717456355.3843577,322,0.0,29.5,OCC_TO_CU
1717456355.4195902,273,61.5,29.5,CU_TO_DEV
1717456355.49421,273,20.0,29.5,CU_TO_DEV
1717456365.4035861,322,3.7,29.4,OCC_TO_CU
1717456365.4045928,322,0.0,29.4,OCC_TO_CU
1717456365.4251947,273,57.1,29.4,CU_TO_DEV
1717456365.5045178,273,13.3,29.4,CU_TO_DEV
1717456375.434519,322,3.7,29.4,OCC_TO_CU
1717456375.436303,322,0.0,29.4,OCC_TO_CU
1717456375.515784,273,93.9,29.5,CU_TO_DEV
1717456375.632693,273,59.6,29.5,CU_TO_DEV
1717456385.3901782,322,3.6,29.4,OCC_TO_CU
1717456385.3922248,322,0.0,29.4,OCC_TO_CU
1717456385.4375718,273,55.6,29.5,CU_TO_DEV
1717456385.5226922,273,9.4,29.5,CU_TO_DEV
1717456395.4115722,322,3.4,29.4,OCC_TO_CU
1717456395.4134004,322,0.0,29.4,OCC_TO_CU
1717456395.442342,273,54.5,29.5,CU_TO_DEV
1717456395.5289161,273,9.1,29.5,CU_TO_DEV
1717456405.3398595,154,4.7,29.4,OCC_TO_CU
1717456405.4480271,322,95.3,29.5,OCC_TO_CU
1717456405.449091,322,0.0,29.5,OCC_TO_CU
1717456405.4500268,273,0.0,29.5,CU_TO_DEV
1717456405.5353162,273,58.8,29.4,CU_TO_DEV
1717456415.4551554,322,3.6,29.4,OCC_TO_CU
1717456415.4559872,322,100.0,29.4,OCC_TO_CU
1717456415.4586043,273,0.0,29.4,CU_TO_DEV
1717456415.5432103,273,21.2,29.5,CU_TO_DEV
1717456425.4391782,322,3.8,29.4,OCC_TO_CU
1717456425.4423132,322,0.0,29.4,OCC_TO_CU
1717456425.4635365,273,87.5,29.5,CU_TO_DEV
1717456425.5518374,273,94.3,29.5,CU_TO_DEV
1717456435.4560153,322,3.3,29.4,OCC_TO_CU
1717456435.459627,322,0.0,29.4,OCC_TO_CU
1717456435.4696815,273,75.0,29.4,CU_TO_DEV
1717456435.5574367,273,21.2,29.5,CU_TO_DEV
1717456445.5081615,322,4.6,29.4,OCC_TO_CU
1717456445.5088599,322,0.0,29.4,OCC_TO_CU
1717456445.565328,273,27.3,29.4,CU_TO_DEV
1717456445.6763365,273,9.1,29.4,CU_TO_DEV
1717456455.509282,322,4.8,29.3,OCC_TO_CU
1717456455.5098925,322,0.0,29.3,OCC_TO_CU
1717456455.5178506,154,33.3,29.3,OCC_TO_CU
1717456455.5712442,241,54.5,29.4,CU_TO_DEV
1717456455.6822295,241,9.3,29.4,CU_TO_DEV
1717456465.5069795,322,3.8,29.4,OCC_TO_CU
1717456465.5078483,322,100.0,29.4,OCC_TO_CU
1717456465.5759864,273,19.2,29.5,CU_TO_DEV
1717456465.6867447,273,7.0,29.5,CU_TO_DEV
1717456475.5306919,322,3.8,29.4,OCC_TO_CU
1717456475.5334084,322,0.0,29.4,OCC_TO_CU
1717456475.5818133,273,31.6,29.5,CU_TO_DEV
1717456475.6915827,273,14.9,29.5,CU_TO_DEV
1717456485.5220485,322,3.8,29.5,OCC_TO_CU
1717456485.5229044,322,0.0,29.5,OCC_TO_CU
1717456485.5879354,273,26.9,29.6,CU_TO_DEV
1717456485.6962223,273,9.1,29.6,CU_TO_DEV
1717456495.5472507,322,4.7,29.5,OCC_TO_CU
1717456495.5479412,322,0.0,29.5,OCC_TO_CU
1717456495.5961165,273,17.6,29.6,CU_TO_DEV
1717456495.7007437,273,9.3,29.6,CU_TO_DEV
1717456505.4824622,154,4.5,29.4,OCC_TO_CU
1717456505.5056481,241,70.0,29.5,CU_TO_DEV
1717456505.5761452,322,78.6,29.5,OCC_TO_CU
1717456505.5796306,322,100.0,29.5,OCC_TO_CU
1717456505.6013725,273,100.0,29.5,CU_TO_DEV
1717456505.7078416,273,51.2,29.4,CU_TO_DEV
1717456515.569309,322,3.8,29.3,OCC_TO_CU
1717456515.5703933,322,0.0,29.3,OCC_TO_CU
1717456515.6094925,273,35.7,29.4,CU_TO_DEV
1717456515.7123868,273,11.9,29.4,CU_TO_DEV
1717456525.5795782,322,4.0,29.4,OCC_TO_CU
1717456525.580375,322,0.0,29.4,OCC_TO_CU
1717456525.6149344,273,38.5,29.4,CU_TO_DEV
1717456525.7171147,273,7.5,29.4,CU_TO_DEV
1717456535.5898063,322,3.7,29.3,OCC_TO_CU
1717456535.59071,322,0.0,29.3,OCC_TO_CU
1717456535.6229188,273,46.2,29.4,CU_TO_DEV
1717456535.7217538,273,12.8,29.4,CU_TO_DEV
1717456545.6236446,322,4.5,29.3,OCC_TO_CU
1717456545.6243935,322,0.0,29.3,OCC_TO_CU
1717456545.6297367,273,50.0,29.3,CU_TO_DEV
1717456545.72727,273,28.2,29.4,CU_TO_DEV
1717456555.5480735,154,3.5,29.4,OCC_TO_CU
1717456555.634928,241,91.4,29.5,CU_TO_DEV
1717456555.6369755,322,50.0,29.5,OCC_TO_CU
1717456555.637795,322,0.0,29.5,OCC_TO_CU
1717456555.73219,273,34.2,29.4,CU_TO_DEV
1717456555.8355734,273,7.5,29.4,CU_TO_DEV
1717456565.6583707,322,3.6,29.4,OCC_TO_CU
1717456565.6593444,322,66.7,29.4,OCC_TO_CU
1717456565.7377098,273,20.0,29.4,CU_TO_DEV
1717456565.8443508,273,4.8,29.4,CU_TO_DEV
1717456575.629154,322,4.5,29.3,OCC_TO_CU
1717456575.6299787,322,0.0,29.3,OCC_TO_CU
1717456575.6504698,273,50.0,29.3,CU_TO_DEV
1717456575.7435272,273,16.2,29.4,CU_TO_DEV
1717456585.6538522,322,4.6,29.4,OCC_TO_CU
1717456585.6544373,322,0.0,29.4,OCC_TO_CU
1717456585.6589863,273,0.0,29.4,CU_TO_DEV
1717456585.7503064,273,21.1,29.4,CU_TO_DEV
1717456595.6631832,322,3.5,29.3,OCC_TO_CU
1717456595.6644244,322,0.0,29.3,OCC_TO_CU
1717456595.6650548,273,0.0,29.3,CU_TO_DEV
1717456595.7549171,273,20.0,29.4,CU_TO_DEV
1717456605.6212263,154,3.7,29.4,OCC_TO_CU
1717456605.6725326,241,81.0,29.5,CU_TO_DEV
1717456605.6760304,322,100.0,29.5,OCC_TO_CU
1717456605.6803536,322,100.0,29.5,OCC_TO_CU
1717456605.7624798,273,90.3,29.5,CU_TO_DEV
1717456605.8741915,273,21.7,29.4,CU_TO_DEV
1717456615.694509,322,3.5,29.3,OCC_TO_CU
1717456615.6951418,322,0.0,29.3,OCC_TO_CU
1717456615.7686741,273,23.3,29.4,CU_TO_DEV
1717456615.8800306,273,8.9,29.4,CU_TO_DEV
1717456625.6939769,322,3.8,29.3,OCC_TO_CU
1717456625.6945999,322,0.0,29.3,OCC_TO_CU
1717456625.7747903,273,19.4,29.4,CU_TO_DEV
1717456625.8871171,273,8.9,29.4,CU_TO_DEV
1717456635.7331495,322,5.4,29.3,OCC_TO_CU
1717456635.7351916,322,0.0,29.3,OCC_TO_CU
1717456635.7810972,273,36.8,29.3,CU_TO_DEV
1717456635.8927069,273,8.7,29.3,CU_TO_DEV
1717456645.7165575,322,4.0,29.3,OCC_TO_CU
1717456645.71757,322,0.0,29.3,OCC_TO_CU
1717456645.788528,273,21.4,29.4,CU_TO_DEV
1717456645.8998113,273,10.9,29.4,CU_TO_DEV
1717456655.689188,154,3.5,29.3,OCC_TO_CU
1717456655.7061713,241,33.3,29.3,CU_TO_DEV
1717456655.7229018,322,66.7,29.4,OCC_TO_CU
1717456655.7259357,322,0.0,29.4,OCC_TO_CU
1717456655.793967,273,34.6,29.4,CU_TO_DEV
1717456655.9073348,273,14.6,29.5,CU_TO_DEV
1717456665.7815032,322,3.8,29.4,OCC_TO_CU
1717456665.7827272,322,0.0,29.4,OCC_TO_CU
1717456665.8003793,273,62.5,29.4,CU_TO_DEV
1717456665.914833,273,15.9,29.5,CU_TO_DEV
1717456675.7605412,322,3.7,29.5,OCC_TO_CU
1717456675.7613199,322,0.0,29.5,OCC_TO_CU
1717456675.809261,273,89.5,29.6,CU_TO_DEV
1717456675.9197261,273,65.9,29.5,CU_TO_DEV
1717456685.752193,322,4.3,29.3,OCC_TO_CU
1717456685.7532148,322,0.0,29.3,OCC_TO_CU
1717456685.8194308,273,22.2,29.4,CU_TO_DEV
1717456685.9268205,273,7.1,29.4,CU_TO_DEV
1717456695.7681212,322,3.6,29.0,OCC_TO_CU
1717456695.7687612,322,0.0,29.0,OCC_TO_CU
1717456695.8247263,273,60.9,29.2,CU_TO_DEV
1717456695.9326851,273,11.6,29.2,CU_TO_DEV
1717456705.7847455,322,5.0,29.0,OCC_TO_CU
1717456705.785337,322,0.0,29.0,OCC_TO_CU
1717456705.8318744,273,27.8,29.1,CU_TO_DEV
1717456705.9380496,273,9.3,29.1,CU_TO_DEV
1717456706.1796236,154,5.1,29.1,OCC_TO_CU
1717456706.23262,241,15.0,29.1,CU_TO_DEV
1717456706.3388042,241,7.1,29.1,CU_TO_DEV
1717456715.816979,322,4.0,29.1,OCC_TO_CU
1717456715.8176389,322,0.0,29.1,OCC_TO_CU
1717456715.839421,273,54.5,29.1,CU_TO_DEV
1717456715.9451716,273,17.1,29.2,CU_TO_DEV
1717456725.8330274,322,4.6,29.1,OCC_TO_CU
1717456725.8336306,322,0.0,29.1,OCC_TO_CU
1717456725.846985,273,25.0,29.1,CU_TO_DEV
1717456725.9539104,273,18.2,29.2,CU_TO_DEV
1717456735.8200958,322,3.7,29.1,OCC_TO_CU
1717456735.8208702,322,0.0,29.1,OCC_TO_CU
1717456735.8559914,273,50.0,29.2,CU_TO_DEV
1717456735.959443,273,7.5,29.2,CU_TO_DEV
1717456745.83314,322,3.9,29.1,OCC_TO_CU
1717456745.8357635,322,0.0,29.1,OCC_TO_CU
1717456745.8634567,273,50.0,29.2,CU_TO_DEV
1717456745.966944,273,10.0,29.3,CU_TO_DEV
1717456755.8753037,322,3.8,29.2,OCC_TO_CU
1717456755.876358,322,0.0,29.2,OCC_TO_CU
1717456755.9748068,273,15.8,29.3,CU_TO_DEV
1717456756.0694814,273,12.5,29.3,CU_TO_DEV
1717456756.2494578,154,8.3,29.3,OCC_TO_CU
1717456756.2701855,241,37.5,29.3,CU_TO_DEV
1717456756.375561,241,14.3,29.3,CU_TO_DEV
1717456765.867789,322,5.5,29.5,OCC_TO_CU
1717456765.8683445,322,0.0,29.5,OCC_TO_CU
1717456765.8783612,273,50.0,29.5,CU_TO_DEV
1717456765.9802341,273,19.0,29.6,CU_TO_DEV
1717456775.8703885,322,4.4,29.1,OCC_TO_CU
1717456775.871055,322,0.0,29.1,OCC_TO_CU
1717456775.8865514,273,50.0,29.1,CU_TO_DEV
1717456775.9868302,273,23.8,29.2,CU_TO_DEV
1717456785.8822246,322,4.1,29.2,OCC_TO_CU
1717456785.8830729,322,0.0,29.2,OCC_TO_CU
1717456785.893647,273,33.3,29.2,CU_TO_DEV
1717456785.9930155,273,26.2,29.3,CU_TO_DEV
1717456795.8941588,322,4.8,29.2,OCC_TO_CU
1717456795.895155,322,0.0,29.2,OCC_TO_CU
1717456795.9036949,273,40.0,29.2,CU_TO_DEV
1717456795.9987876,273,22.2,29.3,CU_TO_DEV
1717456805.9162993,322,4.0,29.2,OCC_TO_CU
1717456805.9169638,322,0.0,29.2,OCC_TO_CU
1717456806.007267,273,18.9,29.3,CU_TO_DEV
1717456806.1102843,273,9.8,29.3,CU_TO_DEV
1717456806.2194414,154,9.3,29.3,OCC_TO_CU
1717456806.3109736,241,88.9,29.3,CU_TO_DEV
1717456806.4081068,241,25.0,29.2,CU_TO_DEV
1717456815.9480414,322,4.7,29.1,OCC_TO_CU
1717456815.9486344,322,0.0,29.1,OCC_TO_CU
1717456816.0130796,273,20.0,29.2,CU_TO_DEV
1717456816.116658,273,9.3,29.2,CU_TO_DEV
1717456825.9380088,322,3.6,29.1,OCC_TO_CU
1717456825.9386709,322,0.0,29.1,OCC_TO_CU
1717456826.0212977,273,20.6,29.2,CU_TO_DEV
1717456826.1228223,273,7.5,29.2,CU_TO_DEV
1717456835.9415386,322,4.4,29.1,OCC_TO_CU
1717456835.9420788,322,0.0,29.1,OCC_TO_CU
1717456836.029326,273,17.1,29.2,CU_TO_DEV
1717456836.128408,273,5.1,29.2,CU_TO_DEV
1717456845.9549365,322,3.9,29.1,OCC_TO_CU
1717456845.9555922,322,0.0,29.1,OCC_TO_CU
1717456846.0351596,273,21.9,29.2,CU_TO_DEV
1717456846.133305,273,10.0,29.2,CU_TO_DEV
1717456855.964231,322,3.9,29.2,OCC_TO_CU
1717456855.964767,322,0.0,29.2,OCC_TO_CU
1717456856.0440078,273,16.1,29.3,CU_TO_DEV
1717456856.1386044,273,7.7,29.3,CU_TO_DEV
1717456856.2942212,154,5.0,29.2,OCC_TO_CU
1717456856.339235,241,21.1,29.3,CU_TO_DEV
1717456856.4446666,241,14.3,29.3,CU_TO_DEV
1717456865.9980662,322,4.5,29.2,OCC_TO_CU
1717456865.9987175,322,0.0,29.2,OCC_TO_CU
1717456866.051971,273,21.1,29.3,CU_TO_DEV
1717456866.1478827,273,10.3,29.3,CU_TO_DEV
1717456875.9996734,322,3.8,29.2,OCC_TO_CU
1717456876.000302,322,0.0,29.2,OCC_TO_CU
1717456876.0576591,273,27.3,29.3,CU_TO_DEV
1717456876.155648,273,5.4,29.3,CU_TO_DEV
1717456886.009047,322,4.3,29.2,OCC_TO_CU
1717456886.0096748,322,0.0,29.2,OCC_TO_CU
1717456886.0681434,273,27.3,29.3,CU_TO_DEV
1717456886.1607687,273,10.5,29.3,CU_TO_DEV
1717456896.0503802,322,3.9,29.2,OCC_TO_CU
1717456896.0510468,322,0.0,29.2,OCC_TO_CU
1717456896.0751114,273,44.4,29.3,CU_TO_DEV
1717456896.1676743,273,23.1,29.3,CU_TO_DEV
1717456906.0315518,322,5.4,29.1,OCC_TO_CU
1717456906.0320764,322,0.0,29.1,OCC_TO_CU
1717456906.0816078,273,21.1,29.2,CU_TO_DEV
1717456906.1770816,273,10.5,29.2,CU_TO_DEV
1717456906.3794205,154,6.1,29.2,OCC_TO_CU
1717456906.4822526,241,19.0,29.2,CU_TO_DEV
1717456906.5777142,241,7.9,29.2,CU_TO_DEV
1717456916.034176,322,3.6,29.2,OCC_TO_CU
1717456916.0348253,322,0.0,29.2,OCC_TO_CU
1717456916.0877123,273,28.6,29.2,CU_TO_DEV
1717456916.1822393,273,13.2,29.2,CU_TO_DEV
1717456926.0413637,322,3.3,29.2,OCC_TO_CU
1717456926.0423858,322,0.0,29.2,OCC_TO_CU
1717456926.094101,273,33.3,29.3,CU_TO_DEV
1717456926.1869395,273,11.1,29.3,CU_TO_DEV
1717456936.0612414,322,4.3,29.2,OCC_TO_CU
1717456936.0619044,322,0.0,29.2,OCC_TO_CU
1717456936.100336,273,35.7,29.3,CU_TO_DEV
1717456936.1932135,273,11.1,29.3,CU_TO_DEV
1717456946.0637941,322,3.8,29.2,OCC_TO_CU
1717456946.0645878,322,0.0,29.2,OCC_TO_CU
1717456946.107252,273,42.1,29.3,CU_TO_DEV
1717456946.1996238,273,13.2,29.3,CU_TO_DEV
1717456956.0731585,322,4.7,29.2,OCC_TO_CU
1717456956.0740001,322,0.0,29.2,OCC_TO_CU
1717456956.1140919,273,35.3,29.3,CU_TO_DEV
1717456956.2073824,273,15.8,29.3,CU_TO_DEV
1717456956.45454,154,6.2,29.3,OCC_TO_CU
1717456956.5153992,241,16.7,29.3,CU_TO_DEV
1717456956.6082363,241,10.8,29.3,CU_TO_DEV
1717456966.084753,322,4.5,29.2,OCC_TO_CU
1717456966.0855649,322,0.0,29.2,OCC_TO_CU
1717456966.1225235,273,80.0,29.3,CU_TO_DEV
1717456966.2211287,273,90.0,29.2,CU_TO_DEV
1717456976.098283,322,3.9,29.0,OCC_TO_CU
1717456976.0990381,322,0.0,29.0,OCC_TO_CU
1717456976.1295557,273,45.5,29.1,CU_TO_DEV
1717456976.229575,273,17.1,29.1,CU_TO_DEV
1717456986.1079314,322,4.0,29.2,OCC_TO_CU
1717456986.1085832,322,0.0,29.2,OCC_TO_CU
1717456986.136174,273,45.5,29.2,CU_TO_DEV
1717456986.24032,273,12.5,29.2,CU_TO_DEV
1717456996.1194437,322,3.9,29.2,OCC_TO_CU
1717456996.1201947,322,0.0,29.2,OCC_TO_CU
1717456996.1443157,273,50.0,29.2,CU_TO_DEV
1717456996.2470582,273,25.0,29.3,CU_TO_DEV
1717457006.13367,322,4.8,29.2,OCC_TO_CU
1717457006.134305,322,0.0,29.2,OCC_TO_CU
1717457006.15003,273,57.1,29.2,CU_TO_DEV
1717457006.2530744,273,24.4,29.3,CU_TO_DEV
1717457006.4248118,154,10.0,29.3,OCC_TO_CU
1717457006.4539337,241,66.7,29.3,CU_TO_DEV
1717457006.5508544,241,10.8,29.3,CU_TO_DEV
1717457016.1582553,322,3.8,29.2,OCC_TO_CU
1717457016.1591783,322,0.0,29.2,OCC_TO_CU
1717457016.1597016,273,0.0,29.2,CU_TO_DEV
1717457016.2621236,273,24.4,29.3,CU_TO_DEV
1717457016.3602839,273,7.7,29.3,CU_TO_DEV
1717457026.1717706,322,4.0,29.3,OCC_TO_CU
1717457026.1732428,322,0.0,29.3,OCC_TO_CU
1717457026.2685518,273,21.1,29.4,CU_TO_DEV
1717457026.3675082,273,10.0,29.4,CU_TO_DEV
1717457036.152418,322,4.2,29.2,OCC_TO_CU
1717457036.153044,322,0.0,29.2,OCC_TO_CU
1717457036.1731126,273,50.0,29.3,CU_TO_DEV
1717457036.2750597,273,20.0,29.3,CU_TO_DEV
1717457046.1790276,322,4.6,29.2,OCC_TO_CU
1717457046.1821733,322,0.0,29.2,OCC_TO_CU
1717457046.184998,273,0.0,29.2,CU_TO_DEV
1717457046.2829652,273,22.5,29.3,CU_TO_DEV
1717457056.1942096,322,3.8,29.3,OCC_TO_CU
1717457056.1953049,322,100.0,29.3,OCC_TO_CU
1717457056.289754,273,13.9,29.3,CU_TO_DEV
1717457056.3924358,273,5.0,29.3,CU_TO_DEV
1717457056.4916523,154,22.5,29.3,OCC_TO_CU
1717457056.5931153,241,10.3,29.4,CU_TO_DEV
1717457056.6905167,241,82.5,29.4,CU_TO_DEV
1717457066.1813056,322,4.5,29.2,OCC_TO_CU
1717457066.1820498,322,0.0,29.2,OCC_TO_CU
1717457066.1993032,273,42.9,29.2,CU_TO_DEV
1717457066.297492,273,15.4,29.3,CU_TO_DEV
1717457076.222925,322,3.5,29.2,OCC_TO_CU
1717457076.2236278,322,0.0,29.2,OCC_TO_CU
1717457076.3037467,273,17.2,29.3,CU_TO_DEV
1717457076.4050298,273,7.3,29.3,CU_TO_DEV
1717457086.209497,322,4.0,29.2,OCC_TO_CU
1717457086.21014,322,0.0,29.2,OCC_TO_CU
1717457086.2104905,273,0.0,29.2,CU_TO_DEV
1717457086.3101873,273,20.0,29.3,CU_TO_DEV
1717457086.4111528,273,7.5,29.3,CU_TO_DEV
1717457096.2156217,322,5.2,29.1,OCC_TO_CU
1717457096.2163877,273,0.0,29.1,CU_TO_DEV
1717457096.2168236,322,0.0,29.1,OCC_TO_CU
1717457096.3190162,273,20.0,29.2,CU_TO_DEV
1717457096.4192493,273,12.2,29.2,CU_TO_DEV
1717457106.237547,322,4.2,29.1,OCC_TO_CU
1717457106.2381973,322,0.0,29.1,OCC_TO_CU
1717457106.3246613,273,20.0,29.2,CU_TO_DEV
1717457106.4261205,273,11.9,29.2,CU_TO_DEV
1717457106.4578595,154,53.8,29.3,OCC_TO_CU
1717457106.525298,241,20.0,29.3,CU_TO_DEV
1717457106.6267753,241,7.5,29.3,CU_TO_DEV
1717457116.2450993,322,3.9,29.2,OCC_TO_CU
1717457116.2457519,322,0.0,29.2,OCC_TO_CU
1717457116.3345497,273,20.0,29.3,CU_TO_DEV
1717457116.4350543,273,10.3,29.3,CU_TO_DEV
1717457126.254058,322,3.7,29.3,OCC_TO_CU
1717457126.2546976,322,0.0,29.3,OCC_TO_CU
1717457126.3426237,273,20.0,29.4,CU_TO_DEV
1717457126.441719,273,10.5,29.4,CU_TO_DEV
1717457136.276445,322,4.8,29.3,OCC_TO_CU
1717457136.2769837,322,0.0,29.3,OCC_TO_CU
1717457136.3503292,273,17.2,29.3,CU_TO_DEV
1717457136.4491658,273,12.8,29.4,CU_TO_DEV
1717457146.2717247,322,3.5,29.3,OCC_TO_CU
1717457146.2724926,322,0.0,29.3,OCC_TO_CU
1717457146.3594744,273,88.9,29.4,CU_TO_DEV
1717457146.455131,273,48.6,29.4,CU_TO_DEV
1717457156.2928927,322,3.3,29.2,OCC_TO_CU
1717457156.2935584,322,0.0,29.2,OCC_TO_CU
1717457156.3646517,273,27.6,29.3,CU_TO_DEV
1717457156.4602213,273,16.2,29.4,CU_TO_DEV
1717457156.5424473,154,14.7,29.4,OCC_TO_CU
1717457156.5653942,241,37.5,29.4,CU_TO_DEV
1717457156.660886,241,8.3,29.4,CU_TO_DEV
1717457166.2951798,322,4.1,29.2,OCC_TO_CU
1717457166.2959151,322,0.0,29.2,OCC_TO_CU
1717457166.374983,273,16.1,29.3,CU_TO_DEV
1717457166.4655633,273,13.9,29.3,CU_TO_DEV
1717457176.3111944,322,3.7,29.3,OCC_TO_CU
1717457176.3118696,322,0.0,29.3,OCC_TO_CU
1717457176.3815646,273,22.2,29.3,CU_TO_DEV
1717457176.4738932,273,16.7,29.4,CU_TO_DEV
1717457186.3400738,322,4.6,29.3,OCC_TO_CU
1717457186.342437,322,0.0,29.3,OCC_TO_CU
1717457186.3903725,273,89.5,29.4,CU_TO_DEV
1717457186.4799714,273,94.4,29.3,CU_TO_DEV
1717457196.3556876,322,3.3,29.3,OCC_TO_CU
1717457196.3563576,322,0.0,29.3,OCC_TO_CU
1717457196.3980901,273,37.5,29.3,CU_TO_DEV
1717457196.4849124,273,18.2,29.3,CU_TO_DEV
1717457206.3430786,322,3.7,29.3,OCC_TO_CU
1717457206.3444,322,0.0,29.3,OCC_TO_CU
1717457206.404484,273,24.0,29.4,CU_TO_DEV
1717457206.491672,273,17.6,29.4,CU_TO_DEV
1717457206.6117563,154,8.3,29.4,OCC_TO_CU
1717457206.6922343,241,12.9,29.4,CU_TO_DEV
1717457206.8051481,241,8.7,29.4,CU_TO_DEV
1717457216.3547719,322,3.6,29.4,OCC_TO_CU
1717457216.3578346,322,0.0,29.4,OCC_TO_CU
1717457216.4117625,273,34.8,29.5,CU_TO_DEV
1717457216.497353,273,24.2,29.5,CU_TO_DEV
1717457226.3783233,322,5.1,29.3,OCC_TO_CU
1717457226.3790212,322,0.0,29.3,OCC_TO_CU
1717457226.4209766,273,33.3,29.4,CU_TO_DEV
1717457226.5116553,273,22.2,29.5,CU_TO_DEV
1717457236.393773,322,3.4,29.3,OCC_TO_CU
1717457236.3942654,322,0.0,29.3,OCC_TO_CU
1717457236.4267118,273,76.9,29.3,CU_TO_DEV
1717457236.5168288,273,94.6,29.4,CU_TO_DEV
1717457246.3915908,322,3.8,29.3,OCC_TO_CU
1717457246.392386,322,0.0,29.3,OCC_TO_CU
1717457246.4360628,273,43.8,29.4,CU_TO_DEV
1717457246.52267,273,23.5,29.4,CU_TO_DEV
1717457256.42337,322,3.6,29.3,OCC_TO_CU
1717457256.4243298,322,0.0,29.3,OCC_TO_CU
1717457256.4458337,273,71.4,29.3,CU_TO_DEV
1717457256.5282757,273,38.9,29.4,CU_TO_DEV
1717457256.5847971,154,13.6,29.4,OCC_TO_CU
1717457256.646726,241,26.9,29.4,CU_TO_DEV
1717457256.7288585,241,6.5,29.4,CU_TO_DEV
1717457266.4213388,322,4.1,29.4,OCC_TO_CU
1717457266.4220908,322,0.0,29.4,OCC_TO_CU
1717457266.452723,273,54.5,29.4,CU_TO_DEV
1717457266.5341566,273,20.0,29.5,CU_TO_DEV
1717457276.4194627,322,4.6,29.3,OCC_TO_CU
1717457276.4200118,322,0.0,29.3,OCC_TO_CU
1717457276.4604251,273,62.5,29.5,CU_TO_DEV
1717457276.5404475,273,12.9,29.5,CU_TO_DEV
1717457286.4317787,322,3.7,29.4,OCC_TO_CU
1717457286.433228,322,0.0,29.4,OCC_TO_CU
1717457286.4657352,273,45.5,29.5,CU_TO_DEV
1717457286.5471559,273,17.6,29.5,CU_TO_DEV
1717457296.4637032,322,4.5,29.4,OCC_TO_CU
1717457296.4647179,322,0.0,29.4,OCC_TO_CU
1717457296.4728281,273,25.0,29.4,CU_TO_DEV
1717457296.5544028,273,25.8,29.4,CU_TO_DEV
1717457306.4748402,322,3.9,29.4,OCC_TO_CU
1717457306.4755507,322,0.0,29.4,OCC_TO_CU
1717457306.4813635,273,33.3,29.4,CU_TO_DEV
1717457306.561347,273,30.3,29.5,CU_TO_DEV
1717457306.664899,154,9.8,29.5,OCC_TO_CU
1717457306.6836185,241,66.7,29.5,CU_TO_DEV
1717457306.767571,241,100.0,29.5,CU_TO_DEV
1717457316.479548,322,3.9,29.4,OCC_TO_CU
1717457316.4802854,322,0.0,29.4,OCC_TO_CU
1717457316.4916646,273,25.0,29.4,CU_TO_DEV
1717457316.5727308,273,25.8,29.5,CU_TO_DEV
1717457326.4853272,322,4.6,29.3,OCC_TO_CU
1717457326.4860926,322,0.0,29.3,OCC_TO_CU
1717457326.5010843,273,50.0,29.3,CU_TO_DEV
1717457326.578885,273,28.1,29.4,CU_TO_DEV
1717457336.4832194,322,4.0,29.4,OCC_TO_CU
1717457336.4840238,322,0.0,29.4,OCC_TO_CU
1717457336.5075536,273,60.0,29.4,CU_TO_DEV
1717457336.586583,273,100.0,29.5,CU_TO_DEV
1717457346.503437,322,3.6,29.3,OCC_TO_CU
1717457346.5043464,322,0.0,29.3,OCC_TO_CU
1717457346.5146756,273,25.0,29.3,CU_TO_DEV
1717457346.592672,273,26.7,29.3,CU_TO_DEV
1717457356.5761662,322,4.6,29.3,OCC_TO_CU
1717457356.5767543,322,0.0,29.3,OCC_TO_CU
1717457356.603754,273,50.0,29.4,CU_TO_DEV
1717457356.6419592,154,15.4,29.4,OCC_TO_CU
1717457356.723405,241,15.6,29.4,CU_TO_DEV
1717457356.8045137,241,6.2,29.4,CU_TO_DEV
1717457366.5212364,322,4.8,29.2,OCC_TO_CU
1717457366.524148,322,0.0,29.2,OCC_TO_CU
1717457366.530768,273,50.0,29.2,CU_TO_DEV
1717457366.608997,273,25.0,29.3,CU_TO_DEV
1717457376.5386622,322,3.3,29.3,OCC_TO_CU
1717457376.5394254,322,100.0,29.3,OCC_TO_CU
1717457376.6138973,273,17.2,29.4,CU_TO_DEV
1717457376.7393358,273,8.0,29.4,CU_TO_DEV
1717457386.5432954,322,3.8,29.3,OCC_TO_CU
1717457386.544276,322,0.0,29.3,OCC_TO_CU
1717457386.5452757,273,0.0,29.3,CU_TO_DEV
1717457386.621023,273,20.7,29.4,CU_TO_DEV
1717457396.573869,322,3.8,29.4,OCC_TO_CU
1717457396.5746348,322,0.0,29.4,OCC_TO_CU
1717457396.6318784,273,23.8,29.5,CU_TO_DEV
1717457396.7529213,273,10.2,29.5,CU_TO_DEV
1717457406.574391,322,4.0,29.5,OCC_TO_CU
1717457406.5755723,322,50.0,29.5,OCC_TO_CU
1717457406.6393423,273,25.0,29.6,CU_TO_DEV
1717457406.6614208,154,33.3,29.6,OCC_TO_CU
1717457406.7579734,241,15.8,29.6,CU_TO_DEV
1717457406.8400292,241,9.4,29.6,CU_TO_DEV
1717457416.582525,322,4.7,29.4,OCC_TO_CU
1717457416.5831714,322,0.0,29.4,OCC_TO_CU
1717457416.6457455,273,26.1,29.5,CU_TO_DEV
1717457416.7631872,273,10.4,29.5,CU_TO_DEV
1717457426.5854714,322,4.4,29.4,OCC_TO_CU
1717457426.5861268,322,0.0,29.4,OCC_TO_CU
1717457426.6568117,273,89.3,29.5,CU_TO_DEV
1717457426.770021,273,42.2,29.5,CU_TO_DEV
1717457436.6041372,322,4.4,29.3,OCC_TO_CU
1717457436.6163158,322,40.0,29.3,OCC_TO_CU
1717457436.6635826,273,52.6,29.4,CU_TO_DEV
1717457436.775729,273,6.8,29.4,CU_TO_DEV
1717457446.619356,322,3.9,29.3,OCC_TO_CU
1717457446.6199846,322,0.0,29.3,OCC_TO_CU
1717457446.6717553,273,26.3,29.4,CU_TO_DEV
1717457446.7811198,273,20.0,29.4,CU_TO_DEV
1717457456.6464589,322,3.6,29.3,OCC_TO_CU
1717457456.6471272,322,0.0,29.3,OCC_TO_CU
1717457456.678053,273,53.3,29.4,CU_TO_DEV
1717457456.786706,273,9.5,29.5,CU_TO_DEV
1717457457.814774,154,16.8,29.4,OCC_TO_CU
1717457457.88094,241,22.2,29.5,CU_TO_DEV
1717457457.988008,241,7.1,29.5,CU_TO_DEV
1717457466.6446772,322,3.5,29.4,OCC_TO_CU
1717457466.6456969,322,0.0,29.4,OCC_TO_CU
1717457466.688263,273,38.9,29.4,CU_TO_DEV
1717457466.7930505,273,9.5,29.4,CU_TO_DEV
1717457476.6538832,322,3.7,29.4,OCC_TO_CU
1717457476.6558638,322,0.0,29.4,OCC_TO_CU
1717457476.6952262,273,43.7,29.5,CU_TO_DEV
1717457476.798921,273,11.9,29.5,CU_TO_DEV
1717457486.6765893,322,4.6,29.4,OCC_TO_CU
1717457486.677128,322,0.0,29.4,OCC_TO_CU
1717457486.7051153,273,36.4,29.5,CU_TO_DEV
1717457486.8043048,273,10.3,29.5,CU_TO_DEV
1717457496.674228,322,3.7,29.5,OCC_TO_CU
1717457496.674991,322,0.0,29.5,OCC_TO_CU
1717457496.711619,273,42.9,29.5,CU_TO_DEV
1717457496.8096366,273,12.5,29.6,CU_TO_DEV
1717457506.6814556,322,4.4,29.4,OCC_TO_CU
1717457506.682008,322,0.0,29.4,OCC_TO_CU
1717457506.7215738,273,31.2,29.5,CU_TO_DEV
1717457506.8145084,273,12.8,29.5,CU_TO_DEV
1717457507.782827,154,6.0,29.5,OCC_TO_CU
1717457507.8156059,241,33.3,29.5,CU_TO_DEV
1717457507.9235175,241,20.5,29.5,CU_TO_DEV
1717457516.6927078,322,3.6,29.5,OCC_TO_CU
1717457516.6933565,322,0.0,29.5,OCC_TO_CU
1717457516.7286263,273,40.0,29.6,CU_TO_DEV
1717457516.8212945,273,8.6,29.6,CU_TO_DEV
1717457526.7195802,322,4.5,29.4,OCC_TO_CU
1717457526.7231078,322,0.0,29.4,OCC_TO_CU
1717457526.7354898,273,60.0,29.5,CU_TO_DEV
1717457526.8278003,273,21.6,29.5,CU_TO_DEV
1717457536.7328215,322,3.9,29.4,OCC_TO_CU
1717457536.7334547,322,0.0,29.4,OCC_TO_CU
1717457536.7446384,273,25.0,29.4,CU_TO_DEV
1717457536.8324797,273,23.5,29.5,CU_TO_DEV
1717457546.7462354,322,3.5,29.5,OCC_TO_CU
1717457546.7502623,273,0.0,29.5,CU_TO_DEV
1717457546.7521935,322,0.0,29.5,OCC_TO_CU
1717457546.8395011,273,100.0,29.6,CU_TO_DEV
1717457546.9508114,273,46.5,29.6,CU_TO_DEV
1717457556.7580059,322,5.3,29.3,OCC_TO_CU
1717457556.7587514,322,0.0,29.3,OCC_TO_CU
1717457556.8470888,273,20.0,29.4,CU_TO_DEV
1717457556.9562345,273,11.1,29.4,CU_TO_DEV
1717457557.9640083,154,6.2,29.4,OCC_TO_CU
1717457558.0483062,241,28.6,29.4,CU_TO_DEV
1717457558.1574337,241,24.4,29.4,CU_TO_DEV
1717457566.7643638,322,3.8,29.3,OCC_TO_CU
1717457566.7666526,322,0.0,29.3,OCC_TO_CU
1717457566.8531425,273,24.3,29.4,CU_TO_DEV
1717457566.9642136,273,7.0,29.4,CU_TO_DEV
1717457576.792731,322,3.8,29.4,OCC_TO_CU
1717457576.7933757,322,0.0,29.4,OCC_TO_CU
1717457576.8618095,273,25.0,29.5,CU_TO_DEV
1717457576.9722486,273,9.1,29.5,CU_TO_DEV
1717457586.7781367,322,3.8,29.4,OCC_TO_CU
1717457586.7791784,322,0.0,29.4,OCC_TO_CU
1717457586.8668876,273,20.0,29.6,CU_TO_DEV
1717457586.9786332,273,8.9,29.6,CU_TO_DEV
1717457596.8233204,322,4.8,29.4,OCC_TO_CU
1717457596.8240132,322,0.0,29.4,OCC_TO_CU
1717457596.871537,273,30.0,29.5,CU_TO_DEV
1717457596.9846263,273,8.7,29.5,CU_TO_DEV
1717457606.83206,322,3.5,29.5,OCC_TO_CU
1717457606.8327262,322,0.0,29.5,OCC_TO_CU
1717457606.8765216,273,40.0,29.6,CU_TO_DEV
1717457606.9910529,273,6.8,29.6,CU_TO_DEV
1717457607.8313324,154,16.5,29.6,OCC_TO_CU
1717457607.8779056,241,77.8,29.6,CU_TO_DEV
1717457607.995442,241,21.3,29.6,CU_TO_DEV
1717457616.8485096,322,4.2,29.4,OCC_TO_CU
1717457616.8492553,322,0.0,29.4,OCC_TO_CU
1717457616.882793,273,41.7,29.4,CU_TO_DEV
1717457617.0058842,273,8.3,29.4,CU_TO_DEV
1717457626.8431122,322,3.8,29.4,OCC_TO_CU
1717457626.8438048,322,100.0,29.4,OCC_TO_CU
1717457626.8880742,273,31.3,29.5,CU_TO_DEV
1717457627.0115983,273,8.2,29.5,CU_TO_DEV
1717457636.862778,322,3.7,29.4,OCC_TO_CU
1717457636.8634174,322,0.0,29.4,OCC_TO_CU
1717457636.8931057,273,45.5,29.5,CU_TO_DEV
1717457637.017013,273,15.4,29.5,CU_TO_DEV
1717457646.8830462,322,4.4,29.4,OCC_TO_CU
1717457646.88371,322,50.0,29.4,OCC_TO_CU
1717457646.899499,273,50.0,29.4,CU_TO_DEV
1717457647.0252578,273,22.0,29.5,CU_TO_DEV
1717457656.8849673,322,3.5,29.4,OCC_TO_CU
1717457656.8856409,322,0.0,29.4,OCC_TO_CU
1717457656.9071836,273,55.6,29.5,CU_TO_DEV
1717457657.031406,273,12.5,29.6,CU_TO_DEV
1717457658.109186,154,5.9,29.6,OCC_TO_CU
1717457658.2334135,241,25.0,29.6,CU_TO_DEV
1717457658.3084075,241,16.7,29.6,CU_TO_DEV
1717457666.9187112,322,3.0,29.5,OCC_TO_CU
1717457666.9193828,322,0.0,29.5,OCC_TO_CU
1717457667.0387409,273,83.3,29.5,CU_TO_DEV
1717457667.1123116,273,10.3,29.5,CU_TO_DEV
1717457676.9491222,322,3.9,29.4,OCC_TO_CU
1717457676.9496393,322,0.0,29.4,OCC_TO_CU
1717457677.0438697,273,15.8,29.5,CU_TO_DEV
1717457677.1169748,273,10.0,29.5,CU_TO_DEV
1717457686.924817,322,4.5,29.4,OCC_TO_CU
1717457686.9253483,322,0.0,29.4,OCC_TO_CU
1717457687.049162,273,10.2,29.5,CU_TO_DEV
1717457687.1237555,273,6.9,29.5,CU_TO_DEV
1717457696.9441292,322,3.5,29.4,OCC_TO_CU
1717457696.944782,322,0.0,29.4,OCC_TO_CU
1717457697.0574281,273,15.6,29.5,CU_TO_DEV
1717457697.1314797,273,86.2,29.5,CU_TO_DEV
1717457706.9677792,322,3.8,29.4,OCC_TO_CU
1717457706.9685302,322,0.0,29.4,OCC_TO_CU
1717457707.0643396,273,13.9,29.5,CU_TO_DEV
1717457707.1360455,273,10.7,29.5,CU_TO_DEV
1717457707.9795218,154,5.3,29.5,OCC_TO_CU
1717457708.0654466,241,42.4,29.5,CU_TO_DEV
1717457708.1370523,241,27.6,29.5,CU_TO_DEV
1717457716.9992778,322,3.9,29.4,OCC_TO_CU
1717457717.000083,322,0.0,29.4,OCC_TO_CU
1717457717.0717573,273,18.5,29.5,CU_TO_DEV
1717457717.1413255,273,7.4,29.5,CU_TO_DEV
1717457726.9906478,322,3.9,29.4,OCC_TO_CU
1717457726.991313,322,100.0,29.4,OCC_TO_CU
1717457727.07808,273,25.0,29.5,CU_TO_DEV
1717457727.1459827,273,7.7,29.5,CU_TO_DEV
1717457737.023296,322,4.6,29.4,OCC_TO_CU
1717457737.023807,322,0.0,29.4,OCC_TO_CU
1717457737.0849419,273,20.0,29.5,CU_TO_DEV
1717457737.151009,273,8.0,29.5,CU_TO_DEV
1717457747.0157104,322,4.3,29.4,OCC_TO_CU
1717457747.0187922,322,0.0,29.4,OCC_TO_CU
1717457747.0908265,273,26.7,29.5,CU_TO_DEV
1717457747.159505,273,7.7,29.5,CU_TO_DEV
1717457757.0328553,322,3.6,29.4,OCC_TO_CU
1717457757.033516,322,0.0,29.4,OCC_TO_CU
1717457757.0977683,273,28.0,29.5,CU_TO_DEV
1717457757.1641104,273,11.1,29.5,CU_TO_DEV
1717457757.9514875,154,5.4,29.5,OCC_TO_CU
1717457757.9651136,241,25.0,29.5,CU_TO_DEV
1717457758.099116,241,26.4,29.6,CU_TO_DEV
1717457767.0339303,322,3.6,29.5,OCC_TO_CU
1717457767.034552,322,0.0,29.5,OCC_TO_CU
1717457767.1046672,273,25.0,29.6,CU_TO_DEV
1717457767.1695712,273,8.0,29.6,CU_TO_DEV
1717457777.0411735,322,3.9,29.6,OCC_TO_CU
1717457777.0419033,322,0.0,29.6,OCC_TO_CU
1717457777.1172311,273,17.9,29.7,CU_TO_DEV
1717457777.1745992,273,13.0,29.7,CU_TO_DEV
1717457787.06464,322,4.5,29.5,OCC_TO_CU
1717457787.0653048,322,0.0,29.5,OCC_TO_CU
1717457787.1262357,273,91.7,29.6,CU_TO_DEV
1717457787.1829484,273,86.4,29.6,CU_TO_DEV
1717457797.084904,322,4.5,29.4,OCC_TO_CU
1717457797.0854354,322,0.0,29.4,OCC_TO_CU
1717457797.1317546,273,22.2,29.5,CU_TO_DEV
1717457797.192057,273,16.7,29.5,CU_TO_DEV
1717457807.1096697,322,3.9,29.3,OCC_TO_CU
1717457807.1103046,322,0.0,29.3,OCC_TO_CU
1717457807.1106405,322,0.0,29.3,OCC_TO_CU
1717457807.1379652,273,45.5,29.4,CU_TO_DEV
1717457807.1990259,273,13.0,29.4,CU_TO_DEV
1717457807.9397745,154,5.4,29.4,OCC_TO_CU
1717457807.9998877,241,29.2,29.4,CU_TO_DEV
1717457808.139562,241,16.4,29.4,CU_TO_DEV
1717457817.1089947,322,3.6,29.3,OCC_TO_CU
1717457817.109644,322,0.0,29.3,OCC_TO_CU
1717457817.1453779,273,38.5,29.4,CU_TO_DEV
1717457817.2043347,273,24.0,29.4,CU_TO_DEV
1717457827.1248767,322,4.3,29.3,OCC_TO_CU
1717457827.1253881,322,0.0,29.3,OCC_TO_CU
1717457827.1509688,273,40.0,29.4,CU_TO_DEV
1717457827.2126136,273,19.2,29.4,CU_TO_DEV
1717457837.193366,322,3.2,29.4,OCC_TO_CU
1717457837.1939945,322,0.0,29.4,OCC_TO_CU
1717457837.217556,273,44.4,29.4,CU_TO_DEV
1717457837.3572488,273,20.0,29.5,CU_TO_DEV
1717457847.1582413,322,3.7,29.4,OCC_TO_CU
1717457847.1588979,322,0.0,29.4,OCC_TO_CU
1717457847.1644099,273,0.0,29.4,CU_TO_DEV
1717457847.2224994,273,39.1,29.5,CU_TO_DEV
1717457857.1584861,322,3.6,29.5,OCC_TO_CU
1717457857.1591208,322,0.0,29.5,OCC_TO_CU
1717457857.173246,273,40.0,29.5,CU_TO_DEV
1717457857.2271345,273,47.6,29.6,CU_TO_DEV
1717457857.9985883,154,4.2,29.6,OCC_TO_CU
1717457858.028166,241,27.3,29.6,CU_TO_DEV
1717457858.1744018,241,8.8,29.6,CU_TO_DEV
1717457867.1575274,322,4.5,29.5,OCC_TO_CU
1717457867.1580527,322,0.0,29.5,OCC_TO_CU
1717457867.1826859,273,40.0,29.6,CU_TO_DEV
1717457867.2327108,273,15.8,29.6,CU_TO_DEV
1717457877.1764882,322,4.2,29.4,OCC_TO_CU
1717457877.1772296,322,0.0,29.4,OCC_TO_CU
1717457877.1909795,273,50.0,29.4,CU_TO_DEV
1717457877.238653,273,45.5,29.5,CU_TO_DEV
1717457887.1833024,322,3.3,29.5,OCC_TO_CU
1717457887.1840882,322,0.0,29.5,OCC_TO_CU
1717457887.19684,273,40.0,29.5,CU_TO_DEV
1717457887.2437937,273,38.9,29.6,CU_TO_DEV
1717457897.217752,322,4.4,29.4,OCC_TO_CU
1717457897.2183745,322,0.0,29.4,OCC_TO_CU
1717457897.2517414,273,38.5,29.5,CU_TO_DEV
1717457897.4095857,273,13.1,29.5,CU_TO_DEV
1717457907.2134867,322,3.6,29.4,OCC_TO_CU
1717457907.214271,322,0.0,29.4,OCC_TO_CU
1717457907.2161634,273,0.0,29.4,CU_TO_DEV
1717457907.2569811,273,43.7,29.5,CU_TO_DEV
1717457908.1778264,154,3.6,29.5,OCC_TO_CU
1717457908.219556,241,78.9,29.5,CU_TO_DEV
1717457908.2603285,241,100.0,29.5,CU_TO_DEV
1717457917.2259562,322,5.4,29.4,OCC_TO_CU
1717457917.2265966,322,0.0,29.4,OCC_TO_CU
1717457917.2657933,273,31.3,29.5,CU_TO_DEV
1717457917.4251668,273,9.5,29.5,CU_TO_DEV
1717457927.2338483,322,3.7,29.4,OCC_TO_CU
1717457927.2361426,322,0.0,29.4,OCC_TO_CU
1717457927.2713273,273,46.7,29.4,CU_TO_DEV
1717457927.433148,273,9.2,29.4,CU_TO_DEV
1717457937.2736695,322,4.4,29.4,OCC_TO_CU
1717457937.274298,322,0.0,29.4,OCC_TO_CU
1717457937.2765348,273,0.0,29.4,CU_TO_DEV
1717457937.4423344,273,16.7,29.4,CU_TO_DEV
1717457947.2882183,322,4.0,29.4,OCC_TO_CU
1717457947.2888725,322,0.0,29.4,OCC_TO_CU
1717457947.449119,273,11.1,29.4,CU_TO_DEV
1717457947.4840167,273,46.2,29.4,CU_TO_DEV
1717457957.2660794,322,4.1,29.4,OCC_TO_CU
1717457957.2667,322,0.0,29.4,OCC_TO_CU
1717457957.2890594,273,37.5,29.4,CU_TO_DEV
1717457957.4556024,273,17.4,29.5,CU_TO_DEV
1717457958.3557122,154,5.6,29.5,OCC_TO_CU
1717457958.4569864,241,7.9,29.6,CU_TO_DEV
1717457958.4915495,241,86.7,29.6,CU_TO_DEV
1717457967.2805662,322,4.6,29.4,OCC_TO_CU
1717457967.281374,322,0.0,29.4,OCC_TO_CU
1717457967.2965555,273,42.9,29.4,CU_TO_DEV
1717457967.4659753,273,20.0,29.5,CU_TO_DEV
1717457977.301942,322,4.1,29.5,OCC_TO_CU
1717457977.3029952,273,0.0,29.5,CU_TO_DEV
1717457977.3088803,322,66.7,29.5,OCC_TO_CU
1717457977.4739628,273,26.5,29.6,CU_TO_DEV
1717457977.5037398,273,50.0,29.6,CU_TO_DEV
1717457987.296341,322,4.6,29.5,OCC_TO_CU
1717457987.2968779,322,0.0,29.5,OCC_TO_CU
1717457987.309581,273,50.0,29.5,CU_TO_DEV
1717457987.4809499,273,15.9,29.5,CU_TO_DEV
1717457997.2975342,322,4.6,29.4,OCC_TO_CU
1717457997.2980406,322,0.0,29.4,OCC_TO_CU
1717457997.3162346,273,50.0,29.4,CU_TO_DEV
1717457997.488018,273,15.5,29.5,CU_TO_DEV
1717458007.3148935,322,3.9,29.4,OCC_TO_CU
1717458007.3155966,322,0.0,29.4,OCC_TO_CU
1717458007.325375,273,25.0,29.4,CU_TO_DEV
1717458007.4969635,273,17.9,29.5,CU_TO_DEV
1717458008.3291245,154,17.0,29.5,OCC_TO_CU
1717458008.334606,241,100.0,29.5,CU_TO_DEV
1717458008.4980602,241,28.1,29.6,CU_TO_DEV
1717458017.318852,322,3.5,29.4,OCC_TO_CU
1717458017.3196511,322,50.0,29.4,OCC_TO_CU
1717458017.3398483,273,33.3,29.4,CU_TO_DEV
1717458017.5047312,273,16.7,29.5,CU_TO_DEV
1717458027.328935,322,3.9,29.5,OCC_TO_CU
1717458027.329585,322,0.0,29.5,OCC_TO_CU
1717458027.3448567,273,57.1,29.4,CU_TO_DEV
1717458027.5122967,273,16.7,29.5,CU_TO_DEV
1717458037.3294206,322,3.9,29.5,OCC_TO_CU
1717458037.3300555,322,0.0,29.5,OCC_TO_CU
1717458037.3534608,273,75.0,29.6,CU_TO_DEV
1717458037.5204337,273,64.2,29.6,CU_TO_DEV
1717458047.3542438,322,3.4,29.4,OCC_TO_CU
1717458047.3548663,322,0.0,29.4,OCC_TO_CU
1717458047.3609822,273,0.0,29.4,CU_TO_DEV
1717458047.5280435,273,19.7,29.5,CU_TO_DEV
1717458057.3731995,322,5.6,29.4,OCC_TO_CU
1717458057.375275,322,100.0,29.4,OCC_TO_CU
1717458057.535602,273,11.1,29.5,CU_TO_DEV
1717458057.5683928,273,41.7,29.5,CU_TO_DEV
1717458058.4038484,154,3.9,29.5,OCC_TO_CU
1717458058.5367832,241,13.5,29.5,CU_TO_DEV
1717458058.5696259,241,69.2,29.5,CU_TO_DEV
1717458067.3718913,322,3.5,29.4,OCC_TO_CU
1717458067.3726218,322,0.0,29.4,OCC_TO_CU
1717458067.3786726,273,0.0,29.4,CU_TO_DEV
1717458067.543153,273,15.4,29.5,CU_TO_DEV
1717458077.409469,322,3.3,29.4,OCC_TO_CU
1717458077.4101028,322,0.0,29.4,OCC_TO_CU
1717458077.5515785,273,17.5,29.5,CU_TO_DEV
1717458077.5857835,273,100.0,29.5,CU_TO_DEV
1717458087.4021947,322,4.3,29.4,OCC_TO_CU
1717458087.4029558,322,0.0,29.4,OCC_TO_CU
1717458087.5604475,273,15.9,29.5,CU_TO_DEV
1717458087.591409,273,57.1,29.5,CU_TO_DEV
1717458097.4340641,322,3.8,29.4,OCC_TO_CU
1717458097.434728,322,0.0,29.4,OCC_TO_CU
1717458097.569366,273,18.9,29.5,CU_TO_DEV
1717458097.599299,273,53.8,29.5,CU_TO_DEV
1717458107.4222784,322,4.6,29.4,OCC_TO_CU
1717458107.4230433,322,0.0,29.4,OCC_TO_CU
1717458107.5787153,273,17.7,29.5,CU_TO_DEV
1717458107.60852,273,40.0,29.5,CU_TO_DEV
1717458108.4781268,154,4.6,29.5,OCC_TO_CU
1717458108.5803761,241,22.5,29.5,CU_TO_DEV
1717458108.6099763,241,70.0,29.5,CU_TO_DEV
1717458117.428576,322,3.6,29.4,OCC_TO_CU
1717458117.429241,322,0.0,29.4,OCC_TO_CU
1717458117.5873353,273,22.7,29.5,CU_TO_DEV
1717458117.61575,273,30.0,29.5,CU_TO_DEV
1717458127.4582722,322,4.1,29.4,OCC_TO_CU
1717458127.4588792,322,0.0,29.4,OCC_TO_CU
1717458127.5954206,273,20.0,29.5,CU_TO_DEV
1717458127.622667,273,54.5,29.5,CU_TO_DEV
1717458137.4755895,322,3.7,29.5,OCC_TO_CU
1717458137.4768507,322,0.0,29.5,OCC_TO_CU
1717458137.6018834,273,26.9,29.5,CU_TO_DEV
1717458137.6297247,273,22.2,29.5,CU_TO_DEV
1717458147.5034444,322,4.8,29.4,OCC_TO_CU
1717458147.5040216,322,0.0,29.4,OCC_TO_CU
1717458147.6123638,273,22.7,29.5,CU_TO_DEV
1717458147.6394024,273,36.4,29.5,CU_TO_DEV
1717458157.5055368,322,3.5,29.4,OCC_TO_CU
1717458157.5063953,322,0.0,29.4,OCC_TO_CU
1717458157.618698,273,89.1,29.4,CU_TO_DEV
1717458157.6451895,273,90.9,29.4,CU_TO_DEV
1717458158.2538524,154,3.7,29.5,OCC_TO_CU
1717458158.4198573,241,4.6,29.5,CU_TO_DEV
1717458158.4465203,241,20.0,29.5,CU_TO_DEV
1717458167.498161,322,3.5,29.4,OCC_TO_CU
1717458167.4989374,322,0.0,29.4,OCC_TO_CU
1717458167.625286,273,24.0,29.5,CU_TO_DEV
1717458167.6513186,273,40.0,29.5,CU_TO_DEV
1717458177.5009937,322,4.4,29.4,OCC_TO_CU
1717458177.5016432,322,0.0,29.4,OCC_TO_CU
1717458177.6341257,273,17.3,29.5,CU_TO_DEV
1717458177.6579473,273,40.0,29.5,CU_TO_DEV
1717458187.5115807,322,4.3,29.1,OCC_TO_CU
1717458187.51254,322,0.0,29.1,OCC_TO_CU
1717458187.6396048,273,17.6,29.3,CU_TO_DEV
1717458187.6677372,273,38.5,29.3,CU_TO_DEV
1717458197.5344374,322,4.2,29.1,OCC_TO_CU
1717458197.5350895,322,0.0,29.1,OCC_TO_CU
1717458197.6459033,273,22.7,29.2,CU_TO_DEV
1717458197.6734335,273,54.5,29.2,CU_TO_DEV
1717458207.5556211,322,3.9,29.1,OCC_TO_CU
1717458207.5566,322,0.0,29.1,OCC_TO_CU
1717458207.651795,273,26.3,29.3,CU_TO_DEV
1717458207.682013,273,45.5,29.3,CU_TO_DEV
1717458209.5583122,154,4.4,29.2,OCC_TO_CU
1717458209.6538956,241,33.3,29.3,CU_TO_DEV
1717458209.6838148,241,46.2,29.3,CU_TO_DEV
1717458217.5624769,322,3.5,29.2,OCC_TO_CU
1717458217.5632293,322,100.0,29.2,OCC_TO_CU
1717458217.6602051,273,27.5,29.3,CU_TO_DEV
1717458217.6917377,273,46.2,29.3,CU_TO_DEV
1717458227.5882523,322,3.6,29.3,OCC_TO_CU
1717458227.588937,322,0.0,29.3,OCC_TO_CU
1717458227.6689942,273,29.0,29.4,CU_TO_DEV
1717458227.6971474,273,50.0,29.4,CU_TO_DEV
1717458237.5859993,322,3.2,29.3,OCC_TO_CU
1717458237.5869763,322,0.0,29.3,OCC_TO_CU
1717458237.6795106,273,97.3,29.4,CU_TO_DEV
1717458237.703565,273,100.0,29.4,CU_TO_DEV
1717458247.606741,322,3.9,29.3,OCC_TO_CU
1717458247.6074283,322,100.0,29.3,OCC_TO_CU
1717458247.6856275,273,39.4,29.4,CU_TO_DEV
1717458247.7121863,273,100.0,29.4,CU_TO_DEV
1717458257.6035645,322,4.1,29.2,OCC_TO_CU
1717458257.6042006,322,0.0,29.2,OCC_TO_CU
1717458257.6934276,273,17.1,29.3,CU_TO_DEV
1717458257.7188616,273,36.4,29.3,CU_TO_DEV
1717458259.3199356,154,6.1,29.4,OCC_TO_CU
1717458259.3208811,241,0.0,29.4,CU_TO_DEV
1717458259.4947913,241,7.4,29.4,CU_TO_DEV
1717458267.6125107,322,3.4,29.3,OCC_TO_CU
1717458267.6131284,322,0.0,29.3,OCC_TO_CU
1717458267.6999345,273,36.8,29.4,CU_TO_DEV
1717458267.7254725,273,33.3,29.4,CU_TO_DEV
1717458277.6212268,322,4.7,29.2,OCC_TO_CU
1717458277.6219783,322,0.0,29.2,OCC_TO_CU
1717458277.7057948,273,31.4,29.3,CU_TO_DEV
1717458277.730511,273,33.3,29.3,CU_TO_DEV
1717458287.6577258,322,4.6,29.1,OCC_TO_CU
1717458287.6583896,322,0.0,29.1,OCC_TO_CU
1717458287.7133074,273,38.1,29.2,CU_TO_DEV
1717458287.736807,273,25.0,29.2,CU_TO_DEV
1717458297.661111,322,3.9,29.2,OCC_TO_CU
1717458297.661949,322,0.0,29.2,OCC_TO_CU
1717458297.7211125,273,43.5,29.3,CU_TO_DEV
1717458297.7432039,273,44.4,29.3,CU_TO_DEV
1717458307.6672125,322,3.5,29.2,OCC_TO_CU
1717458307.6679664,322,0.0,29.2,OCC_TO_CU
1717458307.7280295,273,43.5,29.3,CU_TO_DEV
1717458307.747751,273,50.0,29.3,CU_TO_DEV
1717458309.4001737,154,4.3,29.3,OCC_TO_CU
1717458309.5294158,241,7.8,29.4,CU_TO_DEV
1717458309.5492907,241,25.0,29.4,CU_TO_DEV
1717458317.6918523,322,4.2,29.2,OCC_TO_CU
1717458317.7039135,322,57.1,29.2,OCC_TO_CU
1717458317.7365022,273,83.3,29.3,CU_TO_DEV
1717458317.7533684,273,66.7,29.3,CU_TO_DEV
1717458327.6950126,322,3.7,29.2,OCC_TO_CU
1717458327.6956875,322,100.0,29.2,OCC_TO_CU
1717458327.7456374,273,41.2,29.4,CU_TO_DEV
1717458327.7585766,273,25.0,29.4,CU_TO_DEV
1717458337.7062047,322,4.8,29.2,OCC_TO_CU
1717458337.7068515,322,0.0,29.2,OCC_TO_CU
1717458337.751961,273,55.6,29.3,CU_TO_DEV
1717458337.7649717,273,80.0,29.3,CU_TO_DEV
1717458347.7109008,322,3.2,29.3,OCC_TO_CU
1717458347.7114737,322,100.0,29.3,OCC_TO_CU
1717458347.7590165,273,52.9,29.3,CU_TO_DEV
1717458347.770081,273,50.0,29.4,CU_TO_DEV
1717458357.726109,322,3.9,29.3,OCC_TO_CU
1717458357.7267716,322,0.0,29.3,OCC_TO_CU
1717458357.7652202,273,66.7,29.4,CU_TO_DEV
1717458357.7760084,273,100.0,29.4,CU_TO_DEV
1717458359.469771,154,5.5,29.4,OCC_TO_CU
1717458359.567119,241,12.8,29.5,CU_TO_DEV
1717458359.579078,241,25.0,29.5,CU_TO_DEV
1717458367.7428477,322,3.5,29.4,OCC_TO_CU
1717458367.7433736,322,100.0,29.4,OCC_TO_CU
1717458367.7782867,273,72.7,29.5,CU_TO_DEV
1717458367.7835891,273,100.0,29.5,CU_TO_DEV
1717458377.7621224,322,6.4,29.2,OCC_TO_CU
1717458377.762698,322,0.0,29.2,OCC_TO_CU
1717458377.7892385,273,72.7,29.2,CU_TO_DEV
1717458377.798586,273,66.7,29.3,CU_TO_DEV
1717458387.7687628,322,3.8,29.2,OCC_TO_CU
1717458387.7711203,322,0.0,29.2,OCC_TO_CU
1717458387.795081,273,81.8,29.2,CU_TO_DEV
1717458387.803573,273,75.0,29.3,CU_TO_DEV
1717458397.7928467,322,4.0,29.2,OCC_TO_CU
1717458397.7952406,322,100.0,29.2,OCC_TO_CU
1717458397.8021035,273,33.3,29.2,CU_TO_DEV
1717458397.8101823,273,100.0,29.3,CU_TO_DEV
1717458407.7938192,322,4.4,29.2,OCC_TO_CU
1717458407.7943199,322,0.0,29.2,OCC_TO_CU
1717458407.808151,273,66.7,29.2,CU_TO_DEV
1717458407.8175592,273,100.0,29.2,CU_TO_DEV
1717458409.548901,154,6.6,29.3,OCC_TO_CU
1717458409.609787,241,17.4,29.4,CU_TO_DEV
1717458409.622708,241,20.0,29.4,CU_TO_DEV
1717458417.8119082,322,3.8,29.3,OCC_TO_CU
1717458417.8147724,273,0.0,29.3,CU_TO_DEV
1717458417.8165255,322,100.0,29.3,OCC_TO_CU
1717458417.827289,273,100.0,29.3,CU_TO_DEV
1717458418.0156653,273,15.1,29.3,CU_TO_DEV
1717458427.8418589,322,4.5,29.3,OCC_TO_CU
1717458427.8428042,322,0.0,29.3,OCC_TO_CU
1717458428.0218408,273,12.5,29.4,CU_TO_DEV
1717458428.0354583,273,20.0,29.4,CU_TO_DEV
1717458437.8533335,322,4.1,29.3,OCC_TO_CU
1717458437.8542533,322,0.0,29.3,OCC_TO_CU
1717458438.0277095,273,59.4,29.4,CU_TO_DEV
1717458438.040483,273,25.0,29.4,CU_TO_DEV
1717458447.8666618,322,3.5,29.3,OCC_TO_CU
1717458447.8675172,322,100.0,29.3,OCC_TO_CU
1717458448.0338304,273,9.2,29.3,CU_TO_DEV
1717458448.0456455,273,25.0,29.3,CU_TO_DEV
1717458457.8730357,322,3.8,29.3,OCC_TO_CU
1717458457.873912,322,0.0,29.3,OCC_TO_CU
1717458458.039859,273,10.6,29.4,CU_TO_DEV
1717458458.0517159,273,25.0,29.5,CU_TO_DEV
1717458459.6189535,154,5.3,29.5,OCC_TO_CU
1717458459.641422,241,44.4,29.5,CU_TO_DEV
1717458459.6532702,241,33.3,29.5,CU_TO_DEV
1717458467.8656304,322,5.2,29.4,OCC_TO_CU
1717458467.8664846,322,0.0,29.4,OCC_TO_CU
1717458468.0476549,273,56.2,29.4,CU_TO_DEV
1717458468.0605907,273,33.3,29.4,CU_TO_DEV
1717458477.8854492,322,3.4,29.3,OCC_TO_CU
1717458477.8860736,322,0.0,29.3,OCC_TO_CU
1717458478.054222,273,10.6,29.4,CU_TO_DEV
1717458478.0674527,273,25.0,29.4,CU_TO_DEV
1717458487.885365,322,3.7,29.4,OCC_TO_CU
1717458487.8865874,322,0.0,29.4,OCC_TO_CU
1717458488.0601213,273,9.0,29.5,CU_TO_DEV
1717458488.073279,273,20.0,29.5,CU_TO_DEV
1717458497.9129376,322,4.2,29.4,OCC_TO_CU
1717458497.9137685,322,0.0,29.4,OCC_TO_CU
1717458498.0668852,273,11.5,29.5,CU_TO_DEV
1717458498.0804863,273,20.0,29.5,CU_TO_DEV
1717458507.9248252,322,4.3,29.5,OCC_TO_CU
1717458507.9254708,322,0.0,29.5,OCC_TO_CU
1717458508.0749886,273,11.9,29.5,CU_TO_DEV
1717458508.086912,273,20.0,29.5,CU_TO_DEV
1717458509.647531,154,5.0,29.6,OCC_TO_CU
1717458509.6763163,241,33.3,29.7,CU_TO_DEV
1717458509.6918364,241,42.9,29.7,CU_TO_DEV
1717458517.9414213,322,4.7,29.5,OCC_TO_CU
1717458517.9420435,322,0.0,29.5,OCC_TO_CU
1717458518.0828228,273,68.4,29.5,CU_TO_DEV
1717458518.0998254,273,28.6,29.5,CU_TO_DEV
1717458527.9577172,322,3.4,29.4,OCC_TO_CU
1717458527.95835,322,0.0,29.4,OCC_TO_CU
1717458528.089281,273,13.5,29.5,CU_TO_DEV
1717458528.1058018,273,16.7,29.5,CU_TO_DEV
1717458537.982274,322,3.9,29.4,OCC_TO_CU
1717458537.9829924,322,0.0,29.4,OCC_TO_CU
1717458538.0963402,273,18.8,29.5,CU_TO_DEV
1717458538.1113641,273,33.3,29.5,CU_TO_DEV
1717458548.024735,322,3.7,29.5,OCC_TO_CU
1717458548.0253909,322,0.0,29.5,OCC_TO_CU
1717458548.102779,273,22.6,29.6,CU_TO_DEV
1717458548.1160576,273,20.0,29.6,CU_TO_DEV
1717458558.0154245,322,4.7,29.3,OCC_TO_CU
1717458558.0166938,322,0.0,29.3,OCC_TO_CU
1717458558.1113703,273,23.7,29.4,CU_TO_DEV
1717458558.123406,273,40.0,29.4,CU_TO_DEV
1717458559.7742062,154,3.9,29.4,OCC_TO_CU
1717458559.9132166,241,16.4,29.5,CU_TO_DEV
1717458559.9254918,241,40.0,29.5,CU_TO_DEV
1717458568.0089245,322,5.6,29.2,OCC_TO_CU
1717458568.0094922,322,0.0,29.2,OCC_TO_CU
1717458568.1238081,273,13.0,29.3,CU_TO_DEV
1717458568.1345108,273,25.0,29.3,CU_TO_DEV
1717458578.0195735,322,3.4,29.2,OCC_TO_CU
1717458578.0202105,322,0.0,29.2,OCC_TO_CU
1717458578.1292493,273,14.0,29.3,CU_TO_DEV
1717458578.141581,273,40.0,29.3,CU_TO_DEV
1717458588.0277753,322,4.0,29.3,OCC_TO_CU
1717458588.0287895,322,0.0,29.3,OCC_TO_CU
1717458588.1356096,273,16.3,29.4,CU_TO_DEV
1717458588.1464043,273,25.0,29.4,CU_TO_DEV
1717458598.035663,322,3.9,29.3,OCC_TO_CU
1717458598.036574,322,0.0,29.3,OCC_TO_CU
1717458598.14325,273,18.6,29.4,CU_TO_DEV
1717458598.1554682,273,20.0,29.4,CU_TO_DEV
1717458608.068206,322,4.6,29.3,OCC_TO_CU
1717458608.068948,322,0.0,29.3,OCC_TO_CU
1717458608.1572523,273,18.9,29.4,CU_TO_DEV
1717458608.1605108,273,0.0,29.4,CU_TO_DEV
1717458609.6399243,154,4.8,29.4,OCC_TO_CU
1717458609.7584481,241,12.8,29.5,CU_TO_DEV
1717458609.7616663,241,0.0,29.5,CU_TO_DEV
1717458618.059111,322,3.9,29.4,OCC_TO_CU
1717458618.059743,322,100.0,29.4,OCC_TO_CU
1717458618.1638083,273,12.5,29.4,CU_TO_DEV
1717458618.165388,273,0.0,29.4,CU_TO_DEV
1717458628.0898662,322,3.6,29.5,OCC_TO_CU
1717458628.091553,322,0.0,29.5,OCC_TO_CU
1717458628.1691718,273,22.6,29.5,CU_TO_DEV
1717458628.1702633,273,0.0,29.5,CU_TO_DEV
1717458638.103791,322,4.4,29.4,OCC_TO_CU
1717458638.1044152,322,0.0,29.4,OCC_TO_CU
1717458638.1765,273,85.7,29.5,CU_TO_DEV
1717458638.1772563,273,0.0,29.5,CU_TO_DEV
1717458648.0956237,322,3.9,29.3,OCC_TO_CU
1717458648.09626,322,0.0,29.3,OCC_TO_CU
1717458648.1823826,273,18.2,29.4,CU_TO_DEV
1717458648.183712,273,0.0,29.4,CU_TO_DEV
1717458658.1151557,322,4.3,29.3,OCC_TO_CU
1717458658.115947,322,50.0,29.3,OCC_TO_CU
1717458658.1880145,273,18.5,29.4,CU_TO_DEV
1717458658.1889966,273,0.0,29.4,CU_TO_DEV
1717458659.61686,154,11.1,29.4,OCC_TO_CU
1717458659.7903621,241,4.5,29.4,CU_TO_DEV
1717458659.7907526,241,0.0,29.4,CU_TO_DEV
1717458668.1516213,322,3.4,29.4,OCC_TO_CU
1717458668.1522634,322,0.0,29.4,OCC_TO_CU
1717458668.1951723,273,41.2,29.4,CU_TO_DEV
1717458668.195244,273,41.2,29.4,CU_TO_DEV
1717458678.199092,322,3.9,29.4,OCC_TO_CU
1717458678.1997132,322,50.0,29.4,OCC_TO_CU
1717458678.2013242,273,0.0,29.4,CU_TO_DEV
1717458678.201517,273,0.0,29.4,CU_TO_DEV
1717458688.1538954,322,3.9,29.5,OCC_TO_CU
1717458688.1545563,322,0.0,29.5,OCC_TO_CU
1717458688.207872,273,28.6,29.5,CU_TO_DEV
1717458688.2079232,273,28.6,29.5,CU_TO_DEV
1717458698.1732352,322,5.2,29.3,OCC_TO_CU
1717458698.1742387,322,0.0,29.3,OCC_TO_CU
1717458698.2172837,273,31.2,29.4,CU_TO_DEV
1717458698.2182412,273,0.0,29.4,CU_TO_DEV
1717458708.177578,322,3.8,29.4,OCC_TO_CU
1717458708.1783683,322,0.0,29.4,OCC_TO_CU
1717458708.2229927,273,36.8,29.5,CU_TO_DEV
1717458708.2245934,273,0.0,29.5,CU_TO_DEV
1717458709.693079,154,5.1,29.5,OCC_TO_CU
1717458709.8244863,241,13.2,29.6,CU_TO_DEV
1717458709.8257298,241,0.0,29.6,CU_TO_DEV
1717458718.210262,322,3.8,29.5,OCC_TO_CU
1717458718.2109122,322,0.0,29.5,OCC_TO_CU
1717458718.2301302,273,42.9,29.5,CU_TO_DEV
1717458718.2299013,273,42.9,29.5,CU_TO_DEV
1717458728.2068124,322,4.1,29.5,OCC_TO_CU
1717458728.2074547,322,100.0,29.5,OCC_TO_CU
1717458728.2365046,273,45.5,29.6,CU_TO_DEV
1717458728.2365649,273,45.5,29.6,CU_TO_DEV
1717458738.2152526,322,3.7,29.5,OCC_TO_CU
1717458738.215875,322,0.0,29.5,OCC_TO_CU
1717458738.2431724,273,40.0,29.6,CU_TO_DEV
1717458738.243426,273,40.0,29.6,CU_TO_DEV
1717458748.2310362,322,4.8,29.5,OCC_TO_CU
1717458748.2317185,322,100.0,29.5,OCC_TO_CU
1717458748.2517242,273,44.4,29.5,CU_TO_DEV
1717458748.2524729,273,0.0,29.5,CU_TO_DEV
1717458758.2462308,322,4.8,29.5,OCC_TO_CU
1717458758.2469015,322,0.0,29.5,OCC_TO_CU
1717458758.2577546,273,25.0,29.5,CU_TO_DEV
1717458758.2601333,273,100.0,29.5,CU_TO_DEV
1717458759.671764,154,5.3,29.6,OCC_TO_CU
1717458759.8590732,241,6.8,29.7,CU_TO_DEV
1717458759.8613915,241,50.0,29.7,CU_TO_DEV
1717458768.2476048,322,4.7,29.5,OCC_TO_CU
1717458768.2516954,322,0.0,29.5,OCC_TO_CU
1717458768.271828,273,77.8,29.5,CU_TO_DEV
1717458768.272523,273,0.0,29.5,CU_TO_DEV
1717458778.2788577,322,4.4,29.4,OCC_TO_CU
1717458778.2797909,322,0.0,29.4,OCC_TO_CU
1717458778.4771876,273,10.4,29.4,CU_TO_DEV
1717458778.4771066,273,10.4,29.4,CU_TO_DEV
1717458788.274408,322,4.8,29.3,OCC_TO_CU
1717458788.2750835,322,0.0,29.3,OCC_TO_CU
1717458788.2847009,273,33.3,29.3,CU_TO_DEV
1717458788.2853444,273,0.0,29.3,CU_TO_DEV
1717458798.3001301,322,3.4,29.4,OCC_TO_CU
1717458798.30088,322,0.0,29.4,OCC_TO_CU
1717458798.4915214,273,10.8,29.5,CU_TO_DEV
1717458798.4917784,273,0.0,29.5,CU_TO_DEV
1717458808.325957,322,3.8,29.5,OCC_TO_CU
1717458808.326733,322,0.0,29.5,OCC_TO_CU
1717458808.4982107,273,15.9,29.5,CU_TO_DEV
1717458808.4980342,273,15.9,29.5,CU_TO_DEV
1717458809.8428118,154,5.6,29.5,OCC_TO_CU
1717458809.9002864,241,26.1,29.6,CU_TO_DEV
1717458809.9000287,241,26.1,29.6,CU_TO_DEV
1717458818.3563406,322,3.6,29.5,OCC_TO_CU
1717458818.3578868,322,0.0,29.5,OCC_TO_CU
1717458818.5058916,273,15.8,29.6,CU_TO_DEV
1717458818.5059574,273,15.8,29.6,CU_TO_DEV
1717458828.3356686,322,4.3,29.5,OCC_TO_CU
1717458828.3365717,322,0.0,29.5,OCC_TO_CU
1717458828.5126088,273,15.5,29.6,CU_TO_DEV
1717458828.512871,273,0.0,29.6,CU_TO_DEV
1717458838.344913,322,4.4,29.4,OCC_TO_CU
1717458838.3458042,322,0.0,29.4,OCC_TO_CU
1717458838.5218744,273,14.3,29.5,CU_TO_DEV
1717458838.5225055,273,0.0,29.5,CU_TO_DEV
1717458848.3621922,322,3.6,29.5,OCC_TO_CU
1717458848.363402,322,100.0,29.5,OCC_TO_CU
1717458848.5307825,273,14.9,29.6,CU_TO_DEV
1717458848.5312357,273,100.0,29.6,CU_TO_DEV
1717458858.3629954,322,3.7,29.5,OCC_TO_CU
1717458858.3660448,322,50.0,29.5,OCC_TO_CU
1717458858.5436869,273,19.7,29.6,CU_TO_DEV
1717458858.5441728,273,0.0,29.6,CU_TO_DEV
1717458859.934892,154,5.2,29.6,OCC_TO_CU
1717458859.9467685,241,25.0,29.6,CU_TO_DEV
1717458859.9473972,241,100.0,29.6,CU_TO_DEV
1717458868.375048,322,3.8,29.6,OCC_TO_CU
1717458868.3757436,322,0.0,29.6,OCC_TO_CU
1717458868.552962,273,13.0,29.7,CU_TO_DEV
1717458868.5541337,273,0.0,29.7,CU_TO_DEV
1717458878.3953254,322,5.2,29.5,OCC_TO_CU
1717458878.3958805,322,0.0,29.5,OCC_TO_CU
1717458878.5640008,273,13.4,29.6,CU_TO_DEV
1717458878.564149,273,13.4,29.6,CU_TO_DEV
1717458888.4006054,322,4.0,29.4,OCC_TO_CU
1717458888.4011967,322,0.0,29.4,OCC_TO_CU
1717458888.5712988,273,10.4,29.5,CU_TO_DEV
1717458888.5726874,273,0.0,29.5,CU_TO_DEV
1717458898.4269328,322,4.4,29.4,OCC_TO_CU
1717458898.4276936,322,100.0,29.4,OCC_TO_CU
1717458898.57699,273,17.2,29.4,CU_TO_DEV
1717458898.578004,273,0.0,29.4,CU_TO_DEV
1717458908.4315686,322,3.7,29.4,OCC_TO_CU
1717458908.4328449,322,0.0,29.4,OCC_TO_CU
1717458908.5833623,273,16.9,29.5,CU_TO_DEV
1717458908.5834525,273,16.9,29.5,CU_TO_DEV
1717458909.7896855,154,6.4,29.5,OCC_TO_CU
1717458909.984915,241,8.9,29.5,CU_TO_DEV
1717458909.9847417,241,8.9,29.5,CU_TO_DEV
1717458918.4366934,322,3.8,29.4,OCC_TO_CU
1717458918.4373195,322,0.0,29.4,OCC_TO_CU
1717458918.5909038,273,20.6,29.5,CU_TO_DEV
1717458918.5912275,273,0.0,29.5,CU_TO_DEV
1717458928.4502964,322,4.5,29.4,OCC_TO_CU
1717458928.4509442,322,0.0,29.4,OCC_TO_CU
1717458928.5971992,273,17.5,29.5,CU_TO_DEV
1717458928.597518,273,0.0,29.5,CU_TO_DEV
1717458938.4784064,322,3.8,29.4,OCC_TO_CU
1717458938.479117,322,0.0,29.4,OCC_TO_CU
1717458938.6050744,273,21.6,29.5,CU_TO_DEV
1717458938.6054077,273,0.0,29.5,CU_TO_DEV
1717458948.4661338,322,4.8,29.5,OCC_TO_CU
1717458948.4669125,322,0.0,29.5,OCC_TO_CU
1717458948.612219,273,13.8,29.6,CU_TO_DEV
1717458948.612368,273,13.8,29.6,CU_TO_DEV
1717458958.476297,322,3.5,29.5,OCC_TO_CU
1717458958.4815466,322,0.0,29.5,OCC_TO_CU
1717458958.6182177,273,31.5,29.6,CU_TO_DEV
1717458958.6182761,273,31.5,29.6,CU_TO_DEV
1717458960.0661016,154,5.4,29.6,OCC_TO_CU
1717458960.2201855,241,16.1,29.7,CU_TO_DEV
1717458960.2201025,241,16.1,29.7,CU_TO_DEV
1717458968.4995255,322,3.8,29.5,OCC_TO_CU
1717458968.5025759,322,0.0,29.5,OCC_TO_CU
1717458968.627454,273,92.0,29.6,CU_TO_DEV
1717458968.6275191,273,92.0,29.6,CU_TO_DEV
1717458978.501109,322,4.7,29.4,OCC_TO_CU
1717458978.5030513,322,0.0,29.4,OCC_TO_CU
1717458978.633407,273,24.5,29.5,CU_TO_DEV
1717458978.6332588,273,24.5,29.5,CU_TO_DEV
1717458988.507574,322,3.8,29.4,OCC_TO_CU
1717458988.5087447,322,0.0,29.4,OCC_TO_CU
1717458988.638766,273,16.0,29.5,CU_TO_DEV
1717458988.639614,273,100.0,29.5,CU_TO_DEV
1717458998.5447505,322,3.8,29.5,OCC_TO_CU
1717458998.546473,322,0.0,29.5,OCC_TO_CU
1717458998.644084,273,28.2,29.6,CU_TO_DEV
1717458998.6467245,273,0.0,29.6,CU_TO_DEV
1717459008.5352194,322,4.0,29.5,OCC_TO_CU
1717459008.537417,322,0.0,29.5,OCC_TO_CU
1717459008.651667,273,22.2,29.6,CU_TO_DEV
1717459008.6517332,273,22.2,29.6,CU_TO_DEV
1717459010.1413894,154,4.7,29.7,OCC_TO_CU
1717459010.254391,241,87.0,29.7,CU_TO_DEV
1717459010.2551744,241,0.0,29.7,CU_TO_DEV
1717459018.5610833,322,5.5,29.3,OCC_TO_CU
1717459018.5642216,322,50.0,29.3,OCC_TO_CU
1717459018.6666293,273,22.0,29.4,CU_TO_DEV
1717459018.6664078,273,22.0,29.4,CU_TO_DEV
1717459028.5669358,322,4.0,29.4,OCC_TO_CU
1717459028.5745656,322,66.7,29.4,OCC_TO_CU
1717459028.6725934,273,32.5,29.5,CU_TO_DEV
1717459028.6730633,273,0.0,29.5,CU_TO_DEV
1717459038.5739384,322,3.7,29.5,OCC_TO_CU
1717459038.576228,322,100.0,29.5,OCC_TO_CU
1717459038.6788623,273,23.8,29.5,CU_TO_DEV
1717459038.6797783,273,50.0,29.5,CU_TO_DEV
1717459048.5867894,322,3.9,29.5,OCC_TO_CU
1717459048.591038,322,0.0,29.5,OCC_TO_CU
1717459048.6858168,273,17.1,29.6,CU_TO_DEV
1717459048.6862917,273,0.0,29.6,CU_TO_DEV
1717459058.5964584,322,3.8,29.6,OCC_TO_CU
1717459058.5984676,322,0.0,29.6,OCC_TO_CU
1717459058.6924572,273,23.7,29.7,CU_TO_DEV
1717459058.6928196,273,0.0,29.7,CU_TO_DEV
1717459059.9116662,154,6.7,29.7,OCC_TO_CU
1717459060.093919,241,8.2,29.7,CU_TO_DEV
1717459060.094411,241,0.0,29.7,CU_TO_DEV
1717459068.611413,322,4.6,29.5,OCC_TO_CU
1717459068.6121013,322,0.0,29.5,OCC_TO_CU
1717459068.7011635,273,17.1,29.6,CU_TO_DEV
1717459068.7010536,273,17.1,29.6,CU_TO_DEV
1717459078.6036334,322,5.1,29.4,OCC_TO_CU
1717459078.606646,322,0.0,29.4,OCC_TO_CU
1717459078.7069602,273,17.5,29.5,CU_TO_DEV
1717459078.707339,273,100.0,29.5,CU_TO_DEV
1717459088.6151083,322,3.7,29.4,OCC_TO_CU
1717459088.6182144,322,50.0,29.4,OCC_TO_CU
1717459088.7137794,273,23.7,29.4,CU_TO_DEV
1717459088.714303,273,0.0,29.4,CU_TO_DEV
1717459098.625989,322,4.1,29.4,OCC_TO_CU
1717459098.6269236,322,0.0,29.4,OCC_TO_CU
1717459098.7230034,273,21.1,29.5,CU_TO_DEV
1717459098.7237453,273,50.0,29.5,CU_TO_DEV
1717459108.657712,322,4.5,29.4,OCC_TO_CU
1717459108.6615887,322,0.0,29.4,OCC_TO_CU
1717459108.7318742,273,24.1,29.5,CU_TO_DEV
1717459108.7321396,273,0.0,29.5,CU_TO_DEV
1717459109.9856355,154,5.2,29.5,OCC_TO_CU
1717459110.1332805,241,8.5,29.6,CU_TO_DEV
1717459110.133643,241,0.0,29.6,CU_TO_DEV
1717459118.6713388,322,3.4,29.5,OCC_TO_CU
1717459118.6720245,322,0.0,29.5,OCC_TO_CU
1717459118.738467,273,30.8,29.6,CU_TO_DEV
1717459118.7389076,273,0.0,29.6,CU_TO_DEV
1717459128.6715076,322,3.7,29.5,OCC_TO_CU
1717459128.6721516,322,0.0,29.5,OCC_TO_CU
1717459128.7434628,273,15.4,29.6,CU_TO_DEV
1717459128.743693,273,0.0,29.6,CU_TO_DEV
1717459138.6786292,322,3.8,29.6,OCC_TO_CU
1717459138.6794257,322,100.0,29.6,OCC_TO_CU
1717459138.7485623,273,27.6,29.7,CU_TO_DEV
1717459138.748406,273,27.6,29.7,CU_TO_DEV
1717459148.699995,322,4.9,29.5,OCC_TO_CU
1717459148.7005696,322,0.0,29.5,OCC_TO_CU
1717459148.753208,273,28.6,29.5,CU_TO_DEV
1717459148.7534273,273,0.0,29.5,CU_TO_DEV
1717459158.7281828,322,4.4,29.4,OCC_TO_CU
1717459158.7294192,322,0.0,29.4,OCC_TO_CU
1717459158.7595105,273,0.0,29.5,CU_TO_DEV
1717459158.7590635,273,50.0,29.5,CU_TO_DEV
1717459159.9596741,154,6.1,29.5,OCC_TO_CU
1717459159.9607484,241,0.0,29.5,CU_TO_DEV
1717459159.9615152,241,0.0,29.5,CU_TO_DEV
1717459168.7125986,322,3.2,29.4,OCC_TO_CU
1717459168.7132566,322,0.0,29.4,OCC_TO_CU
1717459168.7655244,273,28.6,29.5,CU_TO_DEV
1717459168.765575,273,28.6,29.5,CU_TO_DEV
1717459178.7292433,322,4.3,29.4,OCC_TO_CU
1717459178.732473,322,0.0,29.4,OCC_TO_CU
1717459178.7705882,273,40.0,29.5,CU_TO_DEV
1717459178.7709796,273,40.0,29.5,CU_TO_DEV
1717459188.753806,322,3.9,29.5,OCC_TO_CU
1717459188.7544248,322,0.0,29.5,OCC_TO_CU
1717459188.7765732,273,50.0,29.5,CU_TO_DEV
1717459188.77678,273,50.0,29.5,CU_TO_DEV
1717459198.747557,322,4.7,29.5,OCC_TO_CU
1717459198.767897,322,50.0,29.5,OCC_TO_CU
1717459198.7852397,273,0.0,29.5,CU_TO_DEV
1717459198.7847974,273,42.9,29.5,CU_TO_DEV
1717459208.7649362,322,4.2,29.4,OCC_TO_CU
1717459208.7655015,322,0.0,29.4,OCC_TO_CU
1717459208.7914956,273,50.0,29.5,CU_TO_DEV
1717459208.791446,273,50.0,29.5,CU_TO_DEV
1717459210.0351064,154,5.4,29.5,OCC_TO_CU
1717459210.1930373,241,8.1,29.5,CU_TO_DEV
1717459210.1936753,241,0.0,29.5,CU_TO_DEV
1717459218.7652245,322,3.8,29.4,OCC_TO_CU
1717459218.7659502,322,0.0,29.4,OCC_TO_CU
1717459218.7980163,273,50.0,29.5,CU_TO_DEV
1717459218.7988405,273,0.0,29.5,CU_TO_DEV
1717459228.7734303,322,4.0,29.5,OCC_TO_CU
1717459228.774057,322,0.0,29.5,OCC_TO_CU
1717459228.8041315,273,45.5,29.6,CU_TO_DEV
1717459228.804,273,45.5,29.6,CU_TO_DEV
1717459238.7885423,322,4.0,29.6,OCC_TO_CU
1717459238.7892165,322,0.0,29.6,OCC_TO_CU
1717459238.809487,273,60.0,29.6,CU_TO_DEV
1717459238.8096178,273,60.0,29.6,CU_TO_DEV
1717459248.801492,322,4.6,29.5,OCC_TO_CU
1717459248.80337,322,50.0,29.5,OCC_TO_CU
1717459248.8173676,273,60.0,29.5,CU_TO_DEV
1717459248.8181806,273,0.0,29.5,CU_TO_DEV
1717459258.811931,322,4.3,29.5,OCC_TO_CU
1717459258.8139615,322,0.0,29.5,OCC_TO_CU
1717459258.826632,273,40.0,29.5,CU_TO_DEV
1717459258.82746,273,100.0,29.5,CU_TO_DEV
1717459260.1127708,154,7.2,29.5,OCC_TO_CU
1717459260.2308185,241,10.9,29.6,CU_TO_DEV
1717459260.2307708,241,10.9,29.6,CU_TO_DEV
1717459268.8155873,322,4.7,29.4,OCC_TO_CU
1717459268.8602176,322,23.5,29.5,OCC_TO_CU
1717459269.0357144,273,4.3,29.5,CU_TO_DEV
1717459269.0369265,273,0.0,29.5,CU_TO_DEV
1717459278.8283188,322,4.4,29.4,OCC_TO_CU
1717459278.8288593,322,0.0,29.4,OCC_TO_CU
1717459278.8423417,273,50.0,29.4,CU_TO_DEV
1717459278.8434312,273,100.0,29.4,CU_TO_DEV
1717459288.8510282,322,5.0,29.3,OCC_TO_CU
1717459288.8518858,322,100.0,29.3,OCC_TO_CU
1717459289.0487626,273,22.5,29.4,CU_TO_DEV
1717459289.0490403,273,0.0,29.4,CU_TO_DEV
1717459298.8681674,322,3.4,29.3,OCC_TO_CU
1717459298.8693194,322,0.0,29.3,OCC_TO_CU
1717459299.053763,273,8.3,29.4,CU_TO_DEV
1717459299.0537212,273,8.3,29.4,CU_TO_DEV
1717459308.8580346,322,4.1,29.3,OCC_TO_CU
1717459308.8588376,322,0.0,29.3,OCC_TO_CU
1717459308.8600495,273,0.0,29.3,CU_TO_DEV
1717459309.0588617,273,11.1,29.4,CU_TO_DEV
1717459310.0777035,154,6.1,29.4,OCC_TO_CU
1717459310.260723,241,16.4,29.5,CU_TO_DEV
1717459310.2610214,241,0.0,29.5,CU_TO_DEV
1717459318.865676,322,3.9,29.4,OCC_TO_CU
1717459318.8666666,322,0.0,29.4,OCC_TO_CU
1717459319.0666022,273,10.0,29.5,CU_TO_DEV
1717459319.0665562,273,10.0,29.5,CU_TO_DEV
1717459328.8939462,322,3.7,29.4,OCC_TO_CU
1717459328.8949635,322,0.0,29.4,OCC_TO_CU
1717459329.072314,273,9.9,29.5,CU_TO_DEV
1717459329.07259,273,0.0,29.5,CU_TO_DEV
1717459338.9029195,322,5.2,29.3,OCC_TO_CU
1717459338.90396,322,100.0,29.3,OCC_TO_CU
1717459339.0786781,273,8.7,29.4,CU_TO_DEV
1717459339.0785131,273,8.7,29.4,CU_TO_DEV
1717459348.9097106,322,3.7,29.4,OCC_TO_CU
1717459348.9107213,322,0.0,29.4,OCC_TO_CU
1717459349.0841932,273,11.4,29.5,CU_TO_DEV
1717459349.0844913,273,0.0,29.5,CU_TO_DEV
1717459358.9349632,322,3.9,29.4,OCC_TO_CU
1717459358.9358363,322,0.0,29.4,OCC_TO_CU
1717459359.089532,273,12.9,29.5,CU_TO_DEV
1717459359.090006,273,0.0,29.5,CU_TO_DEV
1717459360.1596484,154,6.3,29.5,OCC_TO_CU
1717459360.2911491,241,13.2,29.6,CU_TO_DEV
1717459360.290996,241,13.2,29.6,CU_TO_DEV
1717459368.9270191,322,3.8,29.5,OCC_TO_CU
1717459368.9280214,322,0.0,29.5,OCC_TO_CU
1717459369.0956445,273,11.8,29.6,CU_TO_DEV
1717459369.096,273,0.0,29.6,CU_TO_DEV
1717459378.9526873,322,3.8,29.5,OCC_TO_CU
1717459378.9535725,322,0.0,29.5,OCC_TO_CU
1717459379.101511,273,70.7,29.6,CU_TO_DEV
1717459379.1012108,273,70.7,29.6,CU_TO_DEV
1717459388.9442701,322,4.5,29.4,OCC_TO_CU
1717459388.9452524,322,0.0,29.4,OCC_TO_CU
1717459389.1062195,273,9.4,29.5,CU_TO_DEV
1717459389.1066663,273,0.0,29.5,CU_TO_DEV
1717459398.9602594,322,4.3,29.4,OCC_TO_CU
1717459398.960921,322,0.0,29.4,OCC_TO_CU
1717459399.111409,273,11.5,29.4,CU_TO_DEV
1717459399.1113462,273,11.5,29.4,CU_TO_DEV
1717459408.9767618,322,3.4,29.4,OCC_TO_CU
1717459408.97755,322,0.0,29.4,OCC_TO_CU
1717459409.1168933,273,15.5,29.5,CU_TO_DEV
1717459409.1168478,273,15.5,29.5,CU_TO_DEV
1717459410.1358209,154,5.4,29.5,OCC_TO_CU
1717459410.3182762,241,60.8,29.5,CU_TO_DEV
1717459410.3181567,241,60.8,29.5,CU_TO_DEV
1717459418.988863,322,3.4,29.3,OCC_TO_CU
1717459418.9896095,322,0.0,29.3,OCC_TO_CU
1717459419.1228063,273,16.1,29.4,CU_TO_DEV
1717459419.12314,273,100.0,29.4,CU_TO_DEV
1717459428.999572,322,4.5,29.3,OCC_TO_CU
1717459429.0002515,322,0.0,29.3,OCC_TO_CU
1717459429.1306353,273,9.6,29.4,CU_TO_DEV
1717459429.1319435,273,0.0,29.4,CU_TO_DEV
1717459439.0300348,322,3.5,29.4,OCC_TO_CU
1717459439.0306883,322,0.0,29.4,OCC_TO_CU
1717459439.1367083,273,16.3,29.5,CU_TO_DEV
1717459439.1365464,273,16.3,29.5,CU_TO_DEV
1717459449.0433948,322,3.9,29.4,OCC_TO_CU
1717459449.0504797,322,0.0,29.4,OCC_TO_CU
1717459449.1431732,273,35.9,29.5,CU_TO_DEV
1717459449.143365,273,37.5,29.5,CU_TO_DEV
1717459459.0473685,322,4.7,29.4,OCC_TO_CU
1717459459.048053,322,0.0,29.4,OCC_TO_CU
1717459459.149209,273,10.3,29.5,CU_TO_DEV
1717459459.1495898,273,0.0,29.5,CU_TO_DEV
1717459460.2156594,154,6.1,29.5,OCC_TO_CU
1717459460.3502378,241,11.3,29.6,CU_TO_DEV
1717459460.3504717,241,0.0,29.6,CU_TO_DEV
1717459469.0579531,322,3.5,29.4,OCC_TO_CU
1717459469.058781,322,0.0,29.4,OCC_TO_CU
1717459469.154912,273,17.9,29.5,CU_TO_DEV
1717459469.1554425,273,0.0,29.5,CU_TO_DEV
1717459479.0615904,322,4.5,29.4,OCC_TO_CU
1717459479.0622866,322,0.0,29.4,OCC_TO_CU
1717459479.1634917,273,92.7,29.5,CU_TO_DEV
1717459479.1644204,273,0.0,29.5,CU_TO_DEV
1717459489.0669146,322,3.7,29.3,OCC_TO_CU
1717459489.0730238,322,50.0,29.3,OCC_TO_CU
1717459489.169209,273,28.9,29.4,CU_TO_DEV
1717459489.169276,273,28.9,29.4,CU_TO_DEV
1717459499.0875206,322,3.8,29.3,OCC_TO_CU
1717459499.0884995,322,0.0,29.3,OCC_TO_CU
1717459499.1756978,273,22.9,29.4,CU_TO_DEV
1717459499.1754892,273,22.9,29.4,CU_TO_DEV
1717459509.11718,322,3.4,29.4,OCC_TO_CU
1717459509.1179805,322,0.0,29.4,OCC_TO_CU
1717459509.181859,273,34.5,29.4,CU_TO_DEV
1717459509.1821275,273,0.0,29.4,CU_TO_DEV
1717459511.319967,154,4.8,29.4,OCC_TO_CU
1717459511.383526,241,30.8,29.5,CU_TO_DEV
1717459511.3838794,241,0.0,29.5,CU_TO_DEV
1717459519.110819,322,4.8,29.4,OCC_TO_CU
1717459519.1114197,322,100.0,29.4,OCC_TO_CU
1717459519.1915348,273,16.7,29.5,CU_TO_DEV
1717459519.1918905,273,0.0,29.5,CU_TO_DEV
1717459529.1296852,322,4.0,29.3,OCC_TO_CU
1717459529.1303625,322,0.0,29.3,OCC_TO_CU
1717459529.1983984,273,88.9,29.4,CU_TO_DEV
1717459529.19964,273,100.0,29.4,CU_TO_DEV
1717459539.1340792,322,3.8,29.3,OCC_TO_CU
1717459539.1348915,322,0.0,29.3,OCC_TO_CU
1717459539.2080932,273,25.8,29.4,CU_TO_DEV
1717459539.20834,273,0.0,29.4,CU_TO_DEV
1717459549.1562974,322,3.8,29.3,OCC_TO_CU
1717459549.1570902,322,0.0,29.3,OCC_TO_CU
1717459549.2152243,273,32.0,29.4,CU_TO_DEV
1717459549.2151432,273,32.0,29.4,CU_TO_DEV
1717459559.1655684,322,3.7,29.4,OCC_TO_CU
1717459559.1662536,322,0.0,29.4,OCC_TO_CU
1717459559.2214177,273,23.8,29.4,CU_TO_DEV
1717459559.2223465,273,0.0,29.4,CU_TO_DEV
1717459561.2776637,154,5.5,29.4,OCC_TO_CU
1717459561.423524,241,10.3,29.5,CU_TO_DEV
1717459561.424039,241,0.0,29.5,CU_TO_DEV
1717459569.1720576,322,4.8,29.3,OCC_TO_CU
1717459569.1745799,322,0.0,29.3,OCC_TO_CU
1717459569.227993,273,28.6,29.4,CU_TO_DEV
1717459569.2282774,273,0.0,29.4,CU_TO_DEV
1717459579.1802757,322,3.7,29.4,OCC_TO_CU
1717459579.1809676,322,0.0,29.4,OCC_TO_CU
1717459579.2360847,273,86.4,29.5,CU_TO_DEV
1717459579.238373,273,0.0,29.5,CU_TO_DEV
1717459589.2059557,322,4.2,29.4,OCC_TO_CU
1717459589.2066133,322,0.0,29.4,OCC_TO_CU
1717459589.2470903,273,37.5,29.4,CU_TO_DEV
1717459589.2474334,273,41.2,29.4,CU_TO_DEV
1717459599.2222235,322,4.7,29.3,OCC_TO_CU
1717459599.2232301,322,100.0,29.3,OCC_TO_CU
1717459599.253542,273,36.4,29.4,CU_TO_DEV
1717459599.2538722,273,0.0,29.4,CU_TO_DEV
1717459609.2416668,322,4.1,29.4,OCC_TO_CU
1717459609.242339,322,0.0,29.4,OCC_TO_CU
1717459609.25948,273,62.5,29.4,CU_TO_DEV
1717459609.2595708,273,62.5,29.4,CU_TO_DEV
1717459611.3595936,154,10.0,29.3,OCC_TO_CU
1717459611.4638186,241,14.3,29.4,CU_TO_DEV
1717459611.4642153,241,0.0,29.4,CU_TO_DEV
1717459619.2442992,322,3.4,29.3,OCC_TO_CU
1717459619.2451558,322,0.0,29.3,OCC_TO_CU
1717459619.2690363,273,45.5,29.4,CU_TO_DEV
1717459619.2692072,273,45.5,29.4,CU_TO_DEV
1717459629.254511,322,3.9,29.3,OCC_TO_CU
1717459629.2637262,322,40.0,29.3,OCC_TO_CU
1717459629.2765458,273,60.0,29.4,CU_TO_DEV
1717459629.2771869,273,0.0,29.4,CU_TO_DEV
1717459639.2774365,322,4.2,29.4,OCC_TO_CU
1717459639.2780995,322,0.0,29.4,OCC_TO_CU
1717459639.2820523,273,0.0,29.4,CU_TO_DEV
1717459639.2837877,273,100.0,29.4,CU_TO_DEV
1717459649.2874324,322,3.8,29.5,OCC_TO_CU
1717459649.287952,322,0.0,29.5,OCC_TO_CU
1717459649.28949,273,0.0,29.5,CU_TO_DEV
1717459649.4877346,273,8.8,29.6,CU_TO_DEV
1717459659.2803748,322,5.2,29.4,OCC_TO_CU
1717459659.2808883,322,0.0,29.4,OCC_TO_CU
1717459659.2932065,273,40.0,29.4,CU_TO_DEV
1717459659.2959666,273,100.0,29.4,CU_TO_DEV
1717459661.2225833,154,5.7,29.4,OCC_TO_CU
1717459661.2978065,241,90.0,29.5,CU_TO_DEV
1717459661.2983418,241,0.0,29.5,CU_TO_DEV
1717459669.2973218,322,3.7,29.3,OCC_TO_CU
1717459669.297971,322,0.0,29.3,OCC_TO_CU
1717459669.3030424,273,0.0,29.3,CU_TO_DEV
1717459669.3032835,273,60.0,29.3,CU_TO_DEV
1717459679.3013809,322,3.8,29.3,OCC_TO_CU
1717459679.3019843,322,0.0,29.3,OCC_TO_CU
1717459679.309965,273,60.0,29.3,CU_TO_DEV
1717459679.3105826,273,0.0,29.3,CU_TO_DEV
1717459689.3219013,322,4.4,29.3,OCC_TO_CU
1717459689.322494,322,0.0,29.3,OCC_TO_CU
1717459689.5187976,273,8.7,29.4,CU_TO_DEV
1717459689.519189,273,0.0,29.4,CU_TO_DEV
1717459699.3357334,322,3.6,29.3,OCC_TO_CU
1717459699.3364856,322,0.0,29.3,OCC_TO_CU
1717459699.5248704,273,8.0,29.4,CU_TO_DEV
1717459699.5254734,273,0.0,29.4,CU_TO_DEV
1717459709.3570714,322,4.5,29.3,OCC_TO_CU
1717459709.357706,322,0.0,29.3,OCC_TO_CU
1717459709.5305107,273,11.4,29.4,CU_TO_DEV
1717459709.5315528,273,0.0,29.4,CU_TO_DEV
1717459711.1975336,154,6.2,29.4,OCC_TO_CU
1717459711.3331363,241,16.1,29.5,CU_TO_DEV
1717459711.3335187,241,0.0,29.5,CU_TO_DEV
1717459719.347897,322,3.8,29.4,OCC_TO_CU
1717459719.3489144,322,0.0,29.4,OCC_TO_CU
1717459719.5429006,273,6.7,29.5,CU_TO_DEV
1717459719.5431507,273,0.0,29.5,CU_TO_DEV
1717459729.3836534,322,4.4,29.3,OCC_TO_CU
1717459729.3843217,322,0.0,29.3,OCC_TO_CU
1717459729.5517774,273,7.7,29.4,CU_TO_DEV
1717459729.5520241,273,0.0,29.4,CU_TO_DEV
1717459739.3887434,322,3.9,29.4,OCC_TO_CU
1717459739.3893754,322,0.0,29.4,OCC_TO_CU
1717459739.5620403,273,11.6,29.5,CU_TO_DEV
1717459739.5622358,273,11.6,29.5,CU_TO_DEV
1717459749.4135067,322,4.8,29.4,OCC_TO_CU
1717459749.4140337,322,0.0,29.4,OCC_TO_CU
1717459749.5684745,273,9.7,29.5,CU_TO_DEV
1717459749.5687907,273,0.0,29.5,CU_TO_DEV
1717459759.4290752,322,3.3,29.4,OCC_TO_CU
1717459759.429858,322,0.0,29.4,OCC_TO_CU
1717459759.5773063,273,11.9,29.5,CU_TO_DEV
1717459759.5777879,273,0.0,29.5,CU_TO_DEV
1717459761.1836984,154,6.2,29.5,OCC_TO_CU
1717459761.3797355,241,17.1,29.6,CU_TO_DEV
1717459761.3799467,241,0.0,29.6,CU_TO_DEV
1717459769.420126,322,3.0,29.5,OCC_TO_CU
1717459769.4207966,322,0.0,29.5,OCC_TO_CU
1717459769.5855858,273,9.2,29.6,CU_TO_DEV
1717459769.5857577,273,9.2,29.6,CU_TO_DEV
1717459779.4319196,322,3.8,29.5,OCC_TO_CU
1717459779.4325383,322,0.0,29.5,OCC_TO_CU
1717459779.5931978,273,9.4,29.6,CU_TO_DEV
1717459779.5937324,273,0.0,29.6,CU_TO_DEV
1717459789.4423096,322,5.1,29.4,OCC_TO_CU
1717459789.44294,322,0.0,29.4,OCC_TO_CU
1717459789.5995808,273,63.5,29.4,CU_TO_DEV
1717459789.6000285,273,0.0,29.4,CU_TO_DEV
1717459799.4458144,322,4.4,29.3,OCC_TO_CU
1717459799.4466155,322,0.0,29.3,OCC_TO_CU
1717459799.606943,273,9.5,29.4,CU_TO_DEV
1717459799.6071155,273,9.5,29.4,CU_TO_DEV
1717459809.4763632,322,4.0,29.3,OCC_TO_CU
1717459809.4771326,322,0.0,29.3,OCC_TO_CU
1717459809.6132023,273,9.4,29.4,CU_TO_DEV
1717459809.6131587,273,9.4,29.4,CU_TO_DEV
1717459811.3526049,154,6.6,29.4,OCC_TO_CU
1717459811.414767,241,22.7,29.5,CU_TO_DEV
1717459811.4148188,241,22.7,29.5,CU_TO_DEV
1717459819.4746068,322,3.4,29.4,OCC_TO_CU
1717459819.4752777,322,100.0,29.4,OCC_TO_CU
1717459819.6201136,273,10.3,29.4,CU_TO_DEV
1717459819.6218672,273,0.0,29.4,CU_TO_DEV
1717459829.473969,322,3.6,29.5,OCC_TO_CU
1717459829.4747581,322,0.0,29.5,OCC_TO_CU
1717459829.6262076,273,16.9,29.5,CU_TO_DEV
1717459829.6266775,273,0.0,29.5,CU_TO_DEV
1717459839.4966094,322,3.6,29.4,OCC_TO_CU
1717459839.497414,322,0.0,29.4,OCC_TO_CU
1717459839.6357443,273,15.8,29.6,CU_TO_DEV
1717459839.6356843,273,15.8,29.6,CU_TO_DEV
1717459849.5036519,322,4.6,29.4,OCC_TO_CU
1717459849.5042932,322,0.0,29.4,OCC_TO_CU
1717459849.6413908,273,12.5,29.6,CU_TO_DEV
1717459849.6418471,273,0.0,29.6,CU_TO_DEV
1717459859.518796,322,4.2,29.4,OCC_TO_CU
1717459859.519455,322,100.0,29.4,OCC_TO_CU
1717459859.6476421,273,11.8,29.5,CU_TO_DEV
1717459859.6501741,273,0.0,29.5,CU_TO_DEV
1717459861.4215379,154,6.8,29.6,OCC_TO_CU
1717459861.4516637,241,46.2,29.6,CU_TO_DEV
1717459861.4507377,241,36.4,29.6,CU_TO_DEV
1717459869.5216143,322,3.6,29.5,OCC_TO_CU
1717459869.5223525,322,0.0,29.5,OCC_TO_CU
1717459869.6571052,273,14.8,29.6,CU_TO_DEV
1717459869.6577652,273,0.0,29.6,CU_TO_DEV
1717459879.5625477,322,4.1,29.6,OCC_TO_CU
1717459879.5632,322,0.0,29.6,OCC_TO_CU
1717459879.6641877,273,15.0,29.7,CU_TO_DEV
1717459879.664649,273,0.0,29.7,CU_TO_DEV
1717459889.5623727,322,5.2,29.4,OCC_TO_CU
1717459889.563151,322,0.0,29.4,OCC_TO_CU
1717459889.6715171,273,18.2,29.5,CU_TO_DEV
1717459889.6720138,273,0.0,29.5,CU_TO_DEV
1717459899.5742137,322,4.0,29.4,OCC_TO_CU
1717459899.574868,322,0.0,29.4,OCC_TO_CU
1717459899.6781507,273,19.0,29.5,CU_TO_DEV
1717459899.6786191,273,0.0,29.5,CU_TO_DEV
1717459909.5804386,322,3.8,29.6,OCC_TO_CU
1717459909.5810945,322,0.0,29.6,OCC_TO_CU
1717459909.68511,273,18.6,29.7,CU_TO_DEV
1717459909.6855779,273,0.0,29.7,CU_TO_DEV
1717459911.5043871,154,5.9,29.7,OCC_TO_CU
1717459911.6871974,241,15.3,29.8,CU_TO_DEV
1717459911.6877227,241,0.0,29.8,CU_TO_DEV
1717459919.5899658,322,4.0,29.6,OCC_TO_CU
1717459919.5905118,322,0.0,29.6,OCC_TO_CU
1717459919.6937702,273,83.3,29.6,CU_TO_DEV
1717459919.6958208,273,0.0,29.6,CU_TO_DEV
1717459929.6124866,322,4.0,29.5,OCC_TO_CU
1717459929.6137178,322,0.0,29.5,OCC_TO_CU
1717459929.7018328,273,17.6,29.6,CU_TO_DEV
1717459929.7044663,273,0.0,29.6,CU_TO_DEV
1717459939.6219246,322,4.3,29.5,OCC_TO_CU
1717459939.6225548,322,0.0,29.5,OCC_TO_CU
1717459939.7117097,273,23.7,29.6,CU_TO_DEV
1717459939.7122054,273,0.0,29.6,CU_TO_DEV
1717459949.6197202,322,3.7,29.5,OCC_TO_CU
1717459949.6204667,322,0.0,29.5,OCC_TO_CU
1717459949.7177315,273,13.5,29.6,CU_TO_DEV
1717459949.717898,273,13.5,29.6,CU_TO_DEV
1717459959.6454365,322,3.8,29.6,OCC_TO_CU
1717459959.64608,322,0.0,29.6,OCC_TO_CU
1717459959.7240562,273,24.2,29.7,CU_TO_DEV
1717459959.7243226,273,0.0,29.7,CU_TO_DEV
1717459961.3756757,154,5.9,29.7,OCC_TO_CU
1717459961.5263612,241,11.9,29.8,CU_TO_DEV
1717459961.526309,241,11.9,29.8,CU_TO_DEV
1717459969.656972,322,3.5,29.7,OCC_TO_CU
1717459969.6676965,322,40.0,29.7,OCC_TO_CU
1717459969.7333415,273,38.5,29.8,CU_TO_DEV
1717459969.737089,273,0.0,29.8,CU_TO_DEV
1717459979.658931,322,5.0,29.6,OCC_TO_CU
1717459979.6595554,322,100.0,29.6,OCC_TO_CU
1717459979.7433605,273,15.2,29.7,CU_TO_DEV
1717459979.744188,273,0.0,29.7,CU_TO_DEV
1717459989.6671243,322,5.2,29.5,OCC_TO_CU
1717459989.667973,322,66.7,29.5,OCC_TO_CU
1717459989.7524333,273,21.2,29.6,CU_TO_DEV
1717459989.752892,273,0.0,29.6,CU_TO_DEV
1717459999.6888247,322,4.0,29.5,OCC_TO_CU
1717459999.6897724,322,0.0,29.5,OCC_TO_CU
1717459999.7610114,273,25.0,29.6,CU_TO_DEV
1717459999.7611222,273,25.0,29.6,CU_TO_DEV
1717460009.7101512,322,3.9,29.5,OCC_TO_CU
1717460009.710884,322,0.0,29.5,OCC_TO_CU
1717460009.771618,273,30.8,29.6,CU_TO_DEV
1717460009.7715712,273,30.8,29.6,CU_TO_DEV
1717460011.6479664,154,5.9,29.7,OCC_TO_CU
1717460011.7742865,241,15.7,29.7,CU_TO_DEV
1717460011.7746654,241,0.0,29.7,CU_TO_DEV
1717460019.7190626,322,3.4,29.6,OCC_TO_CU
1717460019.7198503,322,0.0,29.6,OCC_TO_CU
1717460019.7796342,273,30.4,29.7,CU_TO_DEV
1717460019.7807205,273,0.0,29.7,CU_TO_DEV
1717460029.725583,322,4.4,29.6,OCC_TO_CU
1717460029.7263296,322,0.0,29.6,OCC_TO_CU
1717460029.785978,273,29.2,29.7,CU_TO_DEV
1717460029.7899113,273,0.0,29.7,CU_TO_DEV
1717460039.7363038,322,3.8,29.6,OCC_TO_CU
1717460039.736952,322,0.0,29.6,OCC_TO_CU
1717460039.7934933,273,27.3,29.7,CU_TO_DEV
1717460039.7945,273,0.0,29.7,CU_TO_DEV
1717460049.7775078,322,4.0,29.6,OCC_TO_CU
1717460049.7780542,322,0.0,29.6,OCC_TO_CU
1717460049.8013465,273,40.0,29.7,CU_TO_DEV
1717460049.801861,273,0.0,29.7,CU_TO_DEV
1717460059.7670517,322,3.5,29.6,OCC_TO_CU
1717460059.767796,322,100.0,29.6,OCC_TO_CU
1717460059.8086257,273,82.4,29.6,CU_TO_DEV
1717460059.8096738,273,0.0,29.6,CU_TO_DEV
1717460061.7287874,154,8.5,29.7,OCC_TO_CU
1717460061.8130462,241,15.6,29.7,CU_TO_DEV
1717460061.8161678,241,0.0,29.7,CU_TO_DEV
1717460069.7702563,322,4.6,29.6,OCC_TO_CU
1717460069.770849,322,0.0,29.6,OCC_TO_CU
1717460069.8182263,273,26.3,29.6,CU_TO_DEV
1717460069.8199205,273,0.0,29.6,CU_TO_DEV
1717460079.7747319,322,3.3,29.6,OCC_TO_CU
1717460079.775425,322,100.0,29.6,OCC_TO_CU
1717460079.8245058,273,27.8,29.6,CU_TO_DEV
1717460079.8249924,273,0.0,29.6,CU_TO_DEV
1717460089.7835884,322,4.7,29.5,OCC_TO_CU
1717460089.7845714,322,0.0,29.5,OCC_TO_CU
1717460089.8308775,273,40.0,29.5,CU_TO_DEV
1717460089.831156,273,100.0,29.5,CU_TO_DEV
1717460099.793958,322,3.8,29.6,OCC_TO_CU
1717460099.7960215,322,0.0,29.6,OCC_TO_CU
1717460099.8415287,273,31.2,29.6,CU_TO_DEV
1717460099.8416262,273,31.2,29.6,CU_TO_DEV
1717460109.8213646,322,4.1,29.6,OCC_TO_CU
1717460109.8230128,322,0.0,29.6,OCC_TO_CU
1717460109.8525996,273,45.5,29.7,CU_TO_DEV
1717460109.852222,273,45.5,29.7,CU_TO_DEV
1717460111.5018437,154,9.0,29.7,OCC_TO_CU
1717460111.6545427,241,60.7,29.7,CU_TO_DEV
1717460111.6559243,241,0.0,29.7,CU_TO_DEV
1717460119.8335352,322,4.0,29.5,OCC_TO_CU
1717460119.8341918,322,0.0,29.5,OCC_TO_CU
1717460119.860061,273,50.0,29.5,CU_TO_DEV
1717460119.8611207,273,0.0,29.5,CU_TO_DEV
1717460129.8460846,322,3.8,29.6,OCC_TO_CU
1717460129.8465912,322,0.0,29.6,OCC_TO_CU
1717460129.8680165,273,55.6,29.6,CU_TO_DEV
1717460129.8711603,273,66.7,29.7,CU_TO_DEV
1717460139.8645241,322,4.0,29.6,OCC_TO_CU
1717460139.8651695,322,0.0,29.6,OCC_TO_CU
1717460139.8802783,273,50.0,29.6,CU_TO_DEV
1717460139.8810291,273,0.0,29.6,CU_TO_DEV
1717460149.8662777,322,3.9,29.6,OCC_TO_CU
1717460149.8671033,322,0.0,29.6,OCC_TO_CU
1717460149.8871596,273,50.0,29.7,CU_TO_DEV
1717460149.8879194,273,0.0,29.7,CU_TO_DEV
1717460159.8793294,322,3.9,29.7,OCC_TO_CU
1717460159.880061,322,0.0,29.7,OCC_TO_CU
1717460159.895414,273,42.9,29.7,CU_TO_DEV
1717460159.8960097,273,0.0,29.7,CU_TO_DEV
1717460161.5794582,154,11.2,29.8,OCC_TO_CU
1717460161.6997294,241,59.2,29.8,CU_TO_DEV
1717460161.7002048,241,0.0,29.8,CU_TO_DEV
1717460169.8853648,322,2.8,29.7,OCC_TO_CU
1717460169.8861783,322,0.0,29.7,OCC_TO_CU
1717460169.9048193,273,50.0,29.7,CU_TO_DEV
1717460169.9054332,273,0.0,29.7,CU_TO_DEV
1717460179.8852491,322,4.5,29.6,OCC_TO_CU
1717460179.8862739,322,0.0,29.6,OCC_TO_CU
1717460179.9144835,273,0.0,29.6,CU_TO_DEV
1717460179.9140973,273,81.8,29.6,CU_TO_DEV
1717460189.9153693,322,4.0,29.6,OCC_TO_CU
1717460189.9160128,322,0.0,29.6,OCC_TO_CU
1717460189.9206817,273,0.0,29.6,CU_TO_DEV
1717460189.9221573,273,0.0,29.6,CU_TO_DEV
1717460199.9182003,322,4.8,29.5,OCC_TO_CU
1717460199.9194074,322,0.0,29.5,OCC_TO_CU
1717460199.9278002,273,33.3,29.5,CU_TO_DEV
1717460199.9287739,273,0.0,29.5,CU_TO_DEV
1717460209.9425044,322,5.2,29.5,OCC_TO_CU
1717460209.94308,322,0.0,29.5,OCC_TO_CU
1717460210.1342778,273,5.3,29.6,CU_TO_DEV
1717460210.135362,273,0.0,29.6,CU_TO_DEV
1717460211.643566,154,5.5,29.6,OCC_TO_CU
1717460211.7354863,241,11.1,29.7,CU_TO_DEV
1717460211.7368088,241,0.0,29.7,CU_TO_DEV
1717460219.9356878,322,3.3,29.6,OCC_TO_CU
1717460219.9364228,322,0.0,29.6,OCC_TO_CU
1717460219.9401953,273,0.0,29.6,CU_TO_DEV
1717460219.9409661,273,0.0,29.6,CU_TO_DEV
1717460229.9637167,322,3.8,29.6,OCC_TO_CU
1717460229.9645138,322,0.0,29.6,OCC_TO_CU
1717460230.146636,273,8.3,29.7,CU_TO_DEV
1717460230.1466913,273,8.3,29.7,CU_TO_DEV
1717460239.9675612,322,4.0,29.6,OCC_TO_CU
1717460239.9703903,322,0.0,29.6,OCC_TO_CU
1717460240.1529965,273,9.7,29.7,CU_TO_DEV
1717460240.15325,273,0.0,29.7,CU_TO_DEV
1717460249.971167,322,4.5,29.6,OCC_TO_CU
1717460249.971946,322,100.0,29.6,OCC_TO_CU
1717460250.1633568,273,9.1,29.7,CU_TO_DEV
1717460250.1634197,273,9.1,29.7,CU_TO_DEV
1717460259.9976509,322,4.7,29.6,OCC_TO_CU
1717460259.9984677,322,0.0,29.6,OCC_TO_CU
1717460260.1698558,273,10.1,29.6,CU_TO_DEV
1717460260.1700153,273,10.1,29.6,CU_TO_DEV
1717460261.7224784,154,7.6,29.6,OCC_TO_CU
1717460261.7715857,241,26.3,29.7,CU_TO_DEV
1717460261.7719867,241,0.0,29.7,CU_TO_DEV
1717460270.0014255,322,3.4,29.6,OCC_TO_CU
1717460270.0080218,322,33.3,29.6,OCC_TO_CU
1717460270.1766193,273,25.0,29.7,CU_TO_DEV
1717460270.176663,273,25.0,29.7,CU_TO_DEV
1717460280.007291,322,3.9,29.7,OCC_TO_CU
1717460280.007951,322,0.0,29.7,OCC_TO_CU
1717460280.184244,273,12.5,29.8,CU_TO_DEV
1717460280.184286,273,12.5,29.8,CU_TO_DEV
1717460290.0446987,322,3.8,29.7,OCC_TO_CU
1717460290.0453506,322,0.0,29.7,OCC_TO_CU
1717460290.1910431,273,12.1,29.8,CU_TO_DEV
1717460290.1909761,273,12.1,29.8,CU_TO_DEV
1717460300.0194378,322,5.7,29.4,OCC_TO_CU
1717460300.0200384,322,0.0,29.4,OCC_TO_CU
1717460300.2000225,273,8.2,29.5,CU_TO_DEV
1717460300.200489,273,0.0,29.5,CU_TO_DEV
1717460310.041863,322,4.2,29.3,OCC_TO_CU
1717460310.0425189,322,0.0,29.3,OCC_TO_CU
1717460310.2057567,273,53.8,29.3,CU_TO_DEV
1717460310.20639,273,0.0,29.3,CU_TO_DEV
1717460311.7970426,154,6.0,29.4,OCC_TO_CU
1717460311.8069582,241,0.0,29.4,CU_TO_DEV
1717460311.807553,241,100.0,29.4,CU_TO_DEV
1717460320.0516202,322,3.7,29.3,OCC_TO_CU
1717460320.0522676,322,0.0,29.3,OCC_TO_CU
1717460320.2121832,273,8.1,29.4,CU_TO_DEV
1717460320.212678,273,0.0,29.4,CU_TO_DEV
1717460330.0608263,322,3.8,29.3,OCC_TO_CU
1717460330.0614736,322,0.0,29.3,OCC_TO_CU
1717460330.2180285,273,9.8,29.4,CU_TO_DEV
1717460330.21845,273,0.0,29.4,CU_TO_DEV
1717460340.0623145,322,3.7,29.3,OCC_TO_CU
1717460340.0629685,322,0.0,29.3,OCC_TO_CU
1717460340.2262728,273,10.6,29.4,CU_TO_DEV
1717460340.226073,273,10.6,29.4,CU_TO_DEV
1717460350.096577,322,4.5,29.3,OCC_TO_CU
1717460350.097163,322,0.0,29.3,OCC_TO_CU
1717460350.2325845,273,9.3,29.4,CU_TO_DEV
1717460350.232975,273,0.0,29.4,CU_TO_DEV
1717460360.1003547,322,3.8,29.4,OCC_TO_CU
1717460360.1010005,322,0.0,29.4,OCC_TO_CU
1717460360.238842,273,11.1,29.5,CU_TO_DEV
1717460360.238679,273,11.1,29.5,CU_TO_DEV
1717460361.870556,154,6.6,29.5,OCC_TO_CU
1717460362.0406115,241,10.3,29.5,CU_TO_DEV
1717460362.0408456,241,0.0,29.5,CU_TO_DEV
1717460370.1027014,322,4.7,29.6,OCC_TO_CU
1717460370.1032987,322,100.0,29.6,OCC_TO_CU
1717460370.246847,273,7.3,29.7,CU_TO_DEV
1717460370.2466,273,7.3,29.7,CU_TO_DEV
1717460380.105882,322,4.1,29.4,OCC_TO_CU
1717460380.1065154,322,0.0,29.4,OCC_TO_CU
1717460380.2533808,273,15.0,29.5,CU_TO_DEV
1717460380.2538471,273,0.0,29.5,CU_TO_DEV
1717460390.1436808,322,4.8,29.4,OCC_TO_CU
1717460390.144278,322,0.0,29.4,OCC_TO_CU
1717460390.2607694,273,82.6,29.5,CU_TO_DEV
1717460390.2610939,273,80.9,29.5,CU_TO_DEV
1717460400.1437902,322,3.6,29.4,OCC_TO_CU
1717460400.144545,322,0.0,29.4,OCC_TO_CU
1717460400.2719116,273,12.2,29.4,CU_TO_DEV
1717460400.2718532,273,12.2,29.4,CU_TO_DEV
1717460410.156611,322,4.0,29.4,OCC_TO_CU
1717460410.157255,322,0.0,29.4,OCC_TO_CU
1717460410.28028,273,12.5,29.5,CU_TO_DEV
1717460410.2805412,273,0.0,29.5,CU_TO_DEV
1717460411.9455829,154,6.5,29.5,OCC_TO_CU
1717460412.082141,241,14.3,29.5,CU_TO_DEV
1717460412.0826247,241,0.0,29.5,CU_TO_DEV
1717460420.155271,322,3.6,29.5,OCC_TO_CU
1717460420.1560724,322,0.0,29.5,OCC_TO_CU
1717460420.287172,273,13.5,29.6,CU_TO_DEV
1717460420.287123,273,13.5,29.6,CU_TO_DEV
1717460430.1630547,322,3.5,29.5,OCC_TO_CU
1717460430.1637366,322,0.0,29.5,OCC_TO_CU
1717460430.2928503,273,13.5,29.6,CU_TO_DEV
1717460430.293585,273,0.0,29.6,CU_TO_DEV
1717460440.1855254,322,5.8,29.3,OCC_TO_CU
1717460440.1861784,322,0.0,29.3,OCC_TO_CU
1717460440.3033714,273,12.8,29.4,CU_TO_DEV
1717460440.308734,273,0.0,29.4,CU_TO_DEV
1717460450.203927,322,3.7,29.3,OCC_TO_CU
1717460450.20717,322,0.0,29.3,OCC_TO_CU
1717460450.3089824,273,10.5,29.4,CU_TO_DEV
1717460450.3152804,273,50.0,29.4,CU_TO_DEV
1717460460.2092514,322,4.2,29.3,OCC_TO_CU
1717460460.2098901,322,0.0,29.3,OCC_TO_CU
1717460460.3146462,273,12.5,29.4,CU_TO_DEV
1717460460.3200731,273,0.0,29.4,CU_TO_DEV
1717460462.0210981,154,6.9,29.5,OCC_TO_CU
1717460462.1163807,241,15.4,29.5,CU_TO_DEV
1717460462.1212444,241,0.0,29.5,CU_TO_DEV
1717460470.237868,322,3.7,29.4,OCC_TO_CU
1717460470.2386277,322,0.0,29.4,OCC_TO_CU
1717460470.3234708,273,18.2,29.5,CU_TO_DEV
1717460470.325279,273,0.0,29.5,CU_TO_DEV
1717460480.245912,322,3.7,29.5,OCC_TO_CU
1717460480.2465825,322,0.0,29.5,OCC_TO_CU
1717460480.3313928,273,0.0,29.6,CU_TO_DEV
1717460480.3310533,273,20.0,29.6,CU_TO_DEV
1717460490.2522511,322,4.5,29.4,OCC_TO_CU
1717460490.2528691,322,0.0,29.4,OCC_TO_CU
1717460490.3395455,273,88.6,29.5,CU_TO_DEV
1717460490.341966,273,0.0,29.5,CU_TO_DEV
1717460500.2585924,322,3.8,29.4,OCC_TO_CU
1717460500.259234,322,100.0,29.4,OCC_TO_CU
1717460500.3446522,273,18.2,29.5,CU_TO_DEV
1717460500.346407,273,0.0,29.5,CU_TO_DEV
1717460510.2642105,322,4.3,29.3,OCC_TO_CU
1717460510.27868,322,40.0,29.3,OCC_TO_CU
1717460510.3516793,273,30.0,29.4,CU_TO_DEV
1717460510.3524868,273,0.0,29.4,CU_TO_DEV
1717460511.971665,154,6.2,29.5,OCC_TO_CU
1717460512.1530142,241,7.0,29.5,CU_TO_DEV
1717460512.1536381,241,0.0,29.5,CU_TO_DEV
1717460520.2981763,322,3.4,29.4,OCC_TO_CU
1717460520.2988367,322,0.0,29.4,OCC_TO_CU
1717460520.3578804,273,22.7,29.5,CU_TO_DEV
1717460520.358722,273,0.0,29.5,CU_TO_DEV
1717460530.3506446,322,4.7,29.4,OCC_TO_CU
1717460530.358296,322,0.0,29.4,OCC_TO_CU
1717460530.3679554,273,100.0,29.4,CU_TO_DEV
1717460530.3692558,273,0.0,29.4,CU_TO_DEV
1717460540.3000803,322,3.7,29.4,OCC_TO_CU
1717460540.3008718,322,0.0,29.4,OCC_TO_CU
1717460540.3782306,273,20.7,29.5,CU_TO_DEV
1717460540.3785644,273,0.0,29.5,CU_TO_DEV
1717460550.3207753,322,3.8,29.4,OCC_TO_CU
1717460550.3214288,322,0.0,29.4,OCC_TO_CU
1717460550.3859732,273,32.0,29.5,CU_TO_DEV
1717460550.3858087,273,32.0,29.5,CU_TO_DEV
1717460560.346794,322,3.2,29.5,OCC_TO_CU
1717460560.3474667,322,100.0,29.5,OCC_TO_CU
1717460560.3912387,273,77.8,29.6,CU_TO_DEV
1717460560.3955517,273,100.0,29.6,CU_TO_DEV
1717460561.9549675,154,11.5,29.5,OCC_TO_CU
1717460561.996435,241,25.0,29.6,CU_TO_DEV
1717460561.9970248,241,0.0,29.6,CU_TO_DEV
1717460570.3375053,322,3.2,29.5,OCC_TO_CU
1717460570.3385026,322,0.0,29.5,OCC_TO_CU
1717460570.4018,273,45.8,29.5,CU_TO_DEV
1717460570.4015222,273,45.8,29.5,CU_TO_DEV
1717460580.3497925,322,5.0,29.3,OCC_TO_CU
1717460580.3504105,322,0.0,29.3,OCC_TO_CU
1717460580.4115922,273,52.0,29.4,CU_TO_DEV
1717460580.412092,273,0.0,29.4,CU_TO_DEV
1717460590.3581538,322,3.6,29.4,OCC_TO_CU
1717460590.3589585,322,0.0,29.4,OCC_TO_CU
1717460590.4175835,273,86.4,29.4,CU_TO_DEV
1717460590.4178152,273,86.4,29.4,CU_TO_DEV
1717460600.373072,322,4.2,29.3,OCC_TO_CU
1717460600.3744779,322,0.0,29.3,OCC_TO_CU
1717460600.4273531,273,50.0,29.4,CU_TO_DEV
1717460600.4279706,273,0.0,29.4,CU_TO_DEV
1717460610.3836775,322,3.2,29.4,OCC_TO_CU
1717460610.3847027,322,0.0,29.4,OCC_TO_CU
1717460610.4341636,273,36.8,29.5,CU_TO_DEV
1717460610.4338272,273,36.8,29.5,CU_TO_DEV
1717460611.9939568,154,6.3,29.5,OCC_TO_CU
1717460612.035845,241,25.0,29.6,CU_TO_DEV
1717460612.0360813,241,0.0,29.6,CU_TO_DEV
1717460620.3981102,322,4.2,29.4,OCC_TO_CU
1717460620.3991835,322,0.0,29.4,OCC_TO_CU
1717460620.4407613,273,26.7,29.5,CU_TO_DEV
1717460620.4405973,273,26.7,29.5,CU_TO_DEV
1717460630.4156215,322,3.4,29.4,OCC_TO_CU
1717460630.4175227,322,0.0,29.4,OCC_TO_CU
1717460630.4464548,273,36.4,29.5,CU_TO_DEV
1717460630.4471166,273,0.0,29.5,CU_TO_DEV
1717460640.4395719,322,4.6,29.4,OCC_TO_CU
1717460640.4402394,322,0.0,29.4,OCC_TO_CU
1717460640.4535768,273,40.0,29.4,CU_TO_DEV
1717460640.4580276,273,50.0,29.4,CU_TO_DEV
1717460650.4495456,322,3.8,29.4,OCC_TO_CU
1717460650.4502149,322,0.0,29.4,OCC_TO_CU
1717460650.4592292,273,40.0,29.4,CU_TO_DEV
1717460650.463143,273,0.0,29.4,CU_TO_DEV
1717460660.477156,322,3.8,29.5,OCC_TO_CU
1717460660.4777794,322,0.0,29.5,OCC_TO_CU
1717460660.6668437,273,10.8,29.6,CU_TO_DEV
1717460660.6689818,273,50.0,29.6,CU_TO_DEV
1717460662.1154063,154,6.8,29.6,OCC_TO_CU
1717460662.268438,241,9.8,29.7,CU_TO_DEV
1717460662.2705357,241,0.0,29.7,CU_TO_DEV
1717460670.5019097,322,4.3,29.5,OCC_TO_CU
1717460670.5026839,322,0.0,29.5,OCC_TO_CU
1717460670.6725879,273,17.4,29.6,CU_TO_DEV
1717460670.677414,273,0.0,29.6,CU_TO_DEV
1717460680.504288,322,3.8,29.5,OCC_TO_CU
1717460680.5049098,322,0.0,29.5,OCC_TO_CU
1717460680.6843233,273,19.2,29.6,CU_TO_DEV
1717460680.6847897,273,0.0,29.6,CU_TO_DEV
1717460690.4973493,322,3.3,29.6,OCC_TO_CU
1717460690.500452,322,0.0,29.6,OCC_TO_CU
1717460690.6909487,273,55.4,29.6,CU_TO_DEV
1717460690.6915557,273,0.0,29.6,CU_TO_DEV
1717460700.5174265,322,4.2,29.5,OCC_TO_CU
1717460700.518232,322,0.0,29.5,OCC_TO_CU
1717460700.6982083,273,15.3,29.5,CU_TO_DEV
1717460700.6984484,273,0.0,29.5,CU_TO_DEV
1717460710.5615246,322,5.1,29.3,OCC_TO_CU
1717460710.5655253,322,0.0,29.3,OCC_TO_CU
1717460710.7051625,273,17.5,29.4,CU_TO_DEV
1717460710.7057037,273,0.0,29.4,CU_TO_DEV
1717460712.1004052,154,6.1,29.4,OCC_TO_CU
1717460712.1064293,241,0.0,29.4,CU_TO_DEV
1717460712.1067681,241,0.0,29.4,CU_TO_DEV
1717460720.5430028,322,3.5,29.4,OCC_TO_CU
1717460720.5437353,322,100.0,29.4,OCC_TO_CU
1717460720.7123551,273,13.4,29.5,CU_TO_DEV
1717460720.7124035,273,13.4,29.5,CU_TO_DEV
1717460730.569453,322,4.0,29.4,OCC_TO_CU
1717460730.57008,322,0.0,29.4,OCC_TO_CU
1717460730.7198057,273,16.9,29.5,CU_TO_DEV
1717460730.7199893,273,16.9,29.5,CU_TO_DEV
1717460740.5721116,322,3.7,29.5,OCC_TO_CU
1717460740.5744007,322,0.0,29.5,OCC_TO_CU
1717460740.7268038,273,19.0,29.6,CU_TO_DEV
1717460740.727229,273,100.0,29.6,CU_TO_DEV
1717460750.5845945,322,3.8,29.6,OCC_TO_CU
1717460750.585219,322,0.0,29.6,OCC_TO_CU
1717460750.7327275,273,16.9,29.7,CU_TO_DEV
1717460750.7331853,273,0.0,29.7,CU_TO_DEV
1717460760.5914147,322,4.3,29.5,OCC_TO_CU
1717460760.5919816,322,0.0,29.5,OCC_TO_CU
1717460760.7394133,273,18.0,29.7,CU_TO_DEV
1717460760.7394526,273,18.0,29.7,CU_TO_DEV
1717460762.1698892,154,6.1,29.6,OCC_TO_CU
1717460762.3408833,241,10.1,29.7,CU_TO_DEV
1717460762.3413498,241,0.0,29.7,CU_TO_DEV
1717460770.6079004,322,4.4,29.5,OCC_TO_CU
1717460770.608435,322,0.0,29.5,OCC_TO_CU
1717460770.7478695,273,14.8,29.6,CU_TO_DEV
1717460770.748146,273,0.0,29.6,CU_TO_DEV
1717460780.6063292,322,3.4,29.5,OCC_TO_CU
1717460780.6069741,322,0.0,29.5,OCC_TO_CU
1717460780.7560062,273,18.3,29.6,CU_TO_DEV
1717460780.7558186,273,18.3,29.6,CU_TO_DEV
1717460790.6174946,322,3.8,29.7,OCC_TO_CU
1717460790.6181264,322,0.0,29.7,OCC_TO_CU
1717460790.76547,273,20.3,29.8,CU_TO_DEV
1717460790.7655506,273,20.3,29.8,CU_TO_DEV
1717460800.6281562,322,4.2,29.6,OCC_TO_CU
1717460800.6289678,322,0.0,29.6,OCC_TO_CU
1717460800.7724562,273,20.7,29.7,CU_TO_DEV
1717460800.7729988,273,0.0,29.7,CU_TO_DEV
1717460810.64761,322,4.4,29.6,OCC_TO_CU
1717460810.6484041,322,0.0,29.6,OCC_TO_CU
1717460810.7784896,273,19.2,29.6,CU_TO_DEV
1717460810.7787633,273,0.0,29.6,CU_TO_DEV
1717460812.2391248,154,7.2,29.7,OCC_TO_CU
1717460812.3803196,241,73.2,29.6,CU_TO_DEV
1717460812.3807487,241,0.0,29.6,CU_TO_DEV
1717460820.6594026,322,3.1,29.5,OCC_TO_CU
1717460820.6602433,322,0.0,29.5,OCC_TO_CU
1717460820.7876835,273,16.3,29.6,CU_TO_DEV
1717460820.7881448,273,0.0,29.6,CU_TO_DEV
1717460830.686923,322,3.8,29.6,OCC_TO_CU
1717460830.688145,322,0.0,29.6,OCC_TO_CU
1717460830.7940633,273,25.6,29.7,CU_TO_DEV
1717460830.794482,273,0.0,29.7,CU_TO_DEV
1717460840.6948867,322,4.3,29.5,OCC_TO_CU
1717460840.6979723,322,100.0,29.5,OCC_TO_CU
1717460840.8006692,273,28.6,29.6,CU_TO_DEV
1717460840.8007536,273,28.6,29.6,CU_TO_DEV
1717460850.700396,322,5.0,29.5,OCC_TO_CU
1717460850.7035177,322,0.0,29.5,OCC_TO_CU
1717460850.8090274,273,20.9,29.6,CU_TO_DEV
1717460850.8091893,273,20.9,29.6,CU_TO_DEV
1717460860.7206504,322,3.5,29.5,OCC_TO_CU
1717460860.7237165,322,0.0,29.5,OCC_TO_CU
1717460860.8153925,273,22.2,29.6,CU_TO_DEV
1717460860.8161094,273,0.0,29.6,CU_TO_DEV
1717460862.1690066,154,8.6,29.7,OCC_TO_CU
1717460862.2171392,241,22.2,29.7,CU_TO_DEV
1717460862.2170465,241,22.2,29.7,CU_TO_DEV
1717460870.72707,322,3.6,29.6,OCC_TO_CU
1717460870.7300684,322,100.0,29.6,OCC_TO_CU
1717460870.824395,273,27.0,29.7,CU_TO_DEV
1717460870.824833,273,0.0,29.7,CU_TO_DEV
1717460880.728092,322,3.9,29.6,OCC_TO_CU
1717460880.7331927,322,50.0,29.6,OCC_TO_CU
1717460880.8308818,273,41.0,29.7,CU_TO_DEV
1717460880.8310556,273,41.0,29.7,CU_TO_DEV
1717460890.7498574,322,3.9,29.7,OCC_TO_CU
1717460890.7526832,322,0.0,29.7,OCC_TO_CU
1717460890.8394625,273,94.3,29.8,CU_TO_DEV
1717460890.8399851,273,0.0,29.8,CU_TO_DEV
1717460900.7744896,322,5.7,29.6,OCC_TO_CU
1717460900.7751892,322,0.0,29.6,OCC_TO_CU
1717460900.8444672,273,22.2,29.6,CU_TO_DEV
1717460900.8451076,273,0.0,29.6,CU_TO_DEV
1717460910.7895055,322,3.8,29.5,OCC_TO_CU
1717460910.7903366,322,0.0,29.5,OCC_TO_CU
1717460910.8520513,273,29.2,29.6,CU_TO_DEV
1717460910.8521013,273,29.2,29.6,CU_TO_DEV
1717460912.2959964,154,6.3,29.7,OCC_TO_CU
1717460912.454257,241,10.9,29.7,CU_TO_DEV
1717460912.454504,241,0.0,29.7,CU_TO_DEV
1717460920.7951603,322,3.2,29.6,OCC_TO_CU
1717460920.7960863,322,100.0,29.6,OCC_TO_CU
1717460920.8598282,273,25.0,29.7,CU_TO_DEV
1717460920.860127,273,0.0,29.7,CU_TO_DEV
1717460930.814358,322,3.9,29.6,OCC_TO_CU
1717460930.8213754,322,0.0,29.6,OCC_TO_CU
1717460930.8665807,273,57.9,29.7,CU_TO_DEV
1717460930.8666222,273,57.9,29.7,CU_TO_DEV
1717460940.8292353,322,5.5,29.6,OCC_TO_CU
1717460940.8298137,322,0.0,29.6,OCC_TO_CU
1717460940.8799787,273,30.0,29.6,CU_TO_DEV
1717460940.8798025,273,30.0,29.6,CU_TO_DEV
1717460950.8483586,322,3.6,29.6,OCC_TO_CU
1717460950.8490596,322,0.0,29.6,OCC_TO_CU
1717460950.885288,273,38.5,29.6,CU_TO_DEV
1717460950.8862836,273,0.0,29.6,CU_TO_DEV
1717460960.8507018,322,4.0,29.6,OCC_TO_CU
1717460960.8514264,322,50.0,29.6,OCC_TO_CU
1717460960.8922207,273,0.0,29.7,CU_TO_DEV
1717460960.8919063,273,30.8,29.7,CU_TO_DEV
1717460962.2362084,154,7.3,29.7,OCC_TO_CU
1717460962.293578,241,29.2,29.8,CU_TO_DEV
1717460962.2946913,241,0.0,29.8,CU_TO_DEV
1717460970.8659124,322,3.9,29.6,OCC_TO_CU
1717460970.8665442,322,0.0,29.6,OCC_TO_CU
1717460970.900387,273,41.7,29.7,CU_TO_DEV
1717460970.9050965,273,0.0,29.7,CU_TO_DEV
1717460980.8727806,322,3.7,29.6,OCC_TO_CU
1717460980.873441,322,0.0,29.6,OCC_TO_CU
1717460980.907152,273,46.7,29.7,CU_TO_DEV
1717460980.91182,273,50.0,29.7,CU_TO_DEV
1717460990.8923776,322,5.2,29.6,OCC_TO_CU
1717460990.8929508,322,0.0,29.6,OCC_TO_CU
1717460990.9139829,273,37.5,29.6,CU_TO_DEV
1717460990.9180062,273,0.0,29.6,CU_TO_DEV
1717461000.917787,322,3.9,29.6,OCC_TO_CU
1717461000.9184275,322,0.0,29.6,OCC_TO_CU
1717461000.9201198,273,0.0,29.6,CU_TO_DEV
1717461000.9266505,273,50.0,29.6,CU_TO_DEV
1717461010.9249752,322,4.1,29.6,OCC_TO_CU
1717461010.925765,322,0.0,29.6,OCC_TO_CU
1717461010.9273708,273,0.0,29.6,CU_TO_DEV
1717461010.9324212,273,66.7,29.6,CU_TO_DEV
1717461012.2777514,154,8.6,29.7,OCC_TO_CU
1717461012.3297875,241,25.0,29.8,CU_TO_DEV
1717461012.3339937,241,0.0,29.8,CU_TO_DEV
1717461020.930615,322,3.3,29.6,OCC_TO_CU
1717461020.931884,322,50.0,29.6,OCC_TO_CU
1717461020.936082,273,0.0,29.6,CU_TO_DEV
1717461020.9388058,273,0.0,29.6,CU_TO_DEV
1717461030.9644783,322,3.8,29.7,OCC_TO_CU
1717461030.965097,322,0.0,29.7,OCC_TO_CU
1717461031.143371,273,16.7,29.8,CU_TO_DEV
1717461031.149995,273,100.0,29.8,CU_TO_DEV
1717461040.969139,322,5.4,29.6,OCC_TO_CU
1717461040.9698627,322,0.0,29.6,OCC_TO_CU
1717461041.1517787,273,13.7,29.6,CU_TO_DEV
1717461041.1564925,273,0.0,29.6,CU_TO_DEV
1717461050.981517,322,4.0,29.6,OCC_TO_CU
1717461050.9825346,322,0.0,29.6,OCC_TO_CU
1717461051.1594112,273,14.1,29.7,CU_TO_DEV
1717461051.1634831,273,50.0,29.7,CU_TO_DEV
1717461061.000456,322,3.9,29.7,OCC_TO_CU
1717461061.0011375,322,0.0,29.7,OCC_TO_CU
1717461061.1664279,273,64.2,29.7,CU_TO_DEV
1717461061.1734114,273,0.0,29.7,CU_TO_DEV
1717461062.3222337,154,7.8,29.7,OCC_TO_CU
1717461062.3683012,241,17.6,29.7,CU_TO_DEV
1717461062.3759594,241,25.0,29.7,CU_TO_DEV
1717461071.021355,322,3.0,29.6,OCC_TO_CU
1717461071.0220075,322,0.0,29.6,OCC_TO_CU
1717461071.1733117,273,16.7,29.7,CU_TO_DEV
1717461071.1808493,273,50.0,29.7,CU_TO_DEV
1717461081.0154793,322,4.9,29.6,OCC_TO_CU
1717461081.01602,322,0.0,29.6,OCC_TO_CU
1717461081.180244,273,12.3,29.7,CU_TO_DEV
1717461081.1894095,273,33.3,29.7,CU_TO_DEV
1717461091.0391986,322,3.6,29.6,OCC_TO_CU
1717461091.0397706,322,0.0,29.6,OCC_TO_CU
1717461091.1868045,273,73.7,29.7,CU_TO_DEV
1717461091.1951313,273,80.0,29.7,CU_TO_DEV
1717461101.0449584,322,4.0,29.5,OCC_TO_CU
1717461101.0557916,322,40.0,29.5,OCC_TO_CU
1717461101.1934822,273,24.1,29.6,CU_TO_DEV
1717461101.2021182,273,66.7,29.6,CU_TO_DEV
1717461111.0674288,322,4.2,29.6,OCC_TO_CU
1717461111.0680926,322,0.0,29.6,OCC_TO_CU
1717461111.2038949,273,18.5,29.6,CU_TO_DEV
1717461111.2080688,273,0.0,29.6,CU_TO_DEV
1717461112.3907976,154,7.6,29.7,OCC_TO_CU
1717461112.4052906,241,40.0,29.7,CU_TO_DEV
1717461112.4097395,241,0.0,29.7,CU_TO_DEV
1717461121.0660925,322,3.7,29.6,OCC_TO_CU
1717461121.0670702,322,0.0,29.6,OCC_TO_CU
1717461121.2120705,273,14.3,29.7,CU_TO_DEV
1717461121.2145348,273,0.0,29.7,CU_TO_DEV
1717461131.0909376,322,4.6,29.6,OCC_TO_CU
1717461131.092509,322,50.0,29.6,OCC_TO_CU
1717461131.2197404,273,18.0,29.7,CU_TO_DEV
1717461131.2263453,273,66.7,29.7,CU_TO_DEV
1717461141.1013427,322,4.0,29.6,OCC_TO_CU
1717461141.1027238,322,0.0,29.6,OCC_TO_CU
1717461141.225802,273,20.8,29.7,CU_TO_DEV
1717461141.2324367,273,75.0,29.7,CU_TO_DEV
1717461151.116073,322,3.8,29.6,OCC_TO_CU
1717461151.1167147,322,0.0,29.6,OCC_TO_CU
1717461151.2326303,273,23.9,29.8,CU_TO_DEV
1717461151.237766,273,0.0,29.8,CU_TO_DEV
1717461161.1334748,322,3.9,29.7,OCC_TO_CU
1717461161.135547,322,0.0,29.7,OCC_TO_CU
1717461161.2403862,273,24.4,29.8,CU_TO_DEV
1717461161.2432723,273,50.0,29.8,CU_TO_DEV
1717461162.4661784,154,13.7,29.8,OCC_TO_CU
1717461162.6421676,241,7.1,29.8,CU_TO_DEV
1717461162.6449287,241,0.0,29.8,CU_TO_DEV
1717461171.1358118,322,4.3,29.6,OCC_TO_CU
1717461171.1364179,322,0.0,29.6,OCC_TO_CU
1717461171.2472014,273,18.2,29.7,CU_TO_DEV
1717461171.2520673,273,100.0,29.7,CU_TO_DEV
1717461181.148025,322,3.6,29.6,OCC_TO_CU
1717461181.1505103,322,0.0,29.6,OCC_TO_CU
1717461181.2555103,273,21.4,29.8,CU_TO_DEV
1717461181.2579775,273,0.0,29.8,CU_TO_DEV
1717461191.1606128,322,4.0,29.7,OCC_TO_CU
1717461191.161264,322,0.0,29.7,OCC_TO_CU
1717461191.267532,273,93.2,29.8,CU_TO_DEV
1717461191.2694354,273,0.0,29.8,CU_TO_DEV
1717461201.1728868,322,4.4,29.5,OCC_TO_CU
1717461201.173587,322,0.0,29.5,OCC_TO_CU
1717461201.274422,273,29.3,29.6,CU_TO_DEV
1717461201.2747505,273,0.0,29.6,CU_TO_DEV
1717461211.209621,322,4.0,29.5,OCC_TO_CU
1717461211.2104018,322,0.0,29.5,OCC_TO_CU
1717461211.2803178,273,46.7,29.6,CU_TO_DEV
1717461211.2802558,273,46.7,29.6,CU_TO_DEV
1717461212.5402126,154,7.8,29.7,OCC_TO_CU
1717461212.682345,241,12.3,29.8,CU_TO_DEV
1717461212.6825974,241,0.0,29.8,CU_TO_DEV
1717461221.2116206,322,4.2,29.6,OCC_TO_CU
1717461221.2122557,322,0.0,29.6,OCC_TO_CU
1717461221.289467,273,34.5,29.6,CU_TO_DEV
1717461221.2898836,273,0.0,29.6,CU_TO_DEV
1717461231.2230406,322,4.5,29.5,OCC_TO_CU
1717461231.2235656,322,0.0,29.5,OCC_TO_CU
1717461231.297149,273,31.0,29.6,CU_TO_DEV
1717461231.2979689,273,0.0,29.6,CU_TO_DEV
1717461241.2236266,322,3.8,29.5,OCC_TO_CU
1717461241.224657,322,0.0,29.5,OCC_TO_CU
1717461241.303165,273,38.7,29.6,CU_TO_DEV
1717461241.3038769,273,0.0,29.6,CU_TO_DEV
1717461251.2427957,322,3.7,29.6,OCC_TO_CU
1717461251.2434723,322,100.0,29.6,OCC_TO_CU
1717461251.3109696,273,38.5,29.7,CU_TO_DEV
1717461251.311793,273,100.0,29.7,CU_TO_DEV
1717461261.2475493,322,3.8,29.7,OCC_TO_CU
1717461261.2507374,322,0.0,29.7,OCC_TO_CU
1717461261.3170469,273,42.3,29.7,CU_TO_DEV
1717461261.3177447,273,0.0,29.7,CU_TO_DEV
1717461262.6017907,154,14.5,29.7,OCC_TO_CU
1717461262.7189229,241,16.0,29.7,CU_TO_DEV
1717461262.7188833,241,16.0,29.7,CU_TO_DEV
1717461271.2578719,322,3.2,29.6,OCC_TO_CU
1717461271.2643325,322,0.0,29.6,OCC_TO_CU
1717461271.3230605,273,48.0,29.7,CU_TO_DEV
1717461271.3230095,273,48.0,29.7,CU_TO_DEV
1717461281.2715986,322,3.6,29.7,OCC_TO_CU
1717461281.2728384,322,0.0,29.7,OCC_TO_CU
1717461281.328414,273,55.0,29.8,CU_TO_DEV
1717461281.3292031,273,0.0,29.8,CU_TO_DEV
1717461291.2747126,322,3.9,29.7,OCC_TO_CU
1717461291.2756078,322,100.0,29.7,OCC_TO_CU
1717461291.3341987,273,52.4,29.8,CU_TO_DEV
1717461291.3340206,273,52.4,29.8,CU_TO_DEV
1717461301.2957766,322,5.2,29.6,OCC_TO_CU
1717461301.2964609,322,0.0,29.6,OCC_TO_CU
1717461301.3401015,273,64.7,29.7,CU_TO_DEV
1717461301.3400342,273,64.7,29.7,CU_TO_DEV
1717461311.2937284,322,4.7,29.6,OCC_TO_CU
1717461311.2943983,322,0.0,29.6,OCC_TO_CU
1717461311.3498132,273,86.4,29.6,CU_TO_DEV
1717461311.3495574,273,86.4,29.6,CU_TO_DEV
1717461312.6695662,154,11.9,29.6,OCC_TO_CU
1717461312.751812,241,22.9,29.6,CU_TO_DEV
1717461312.7559085,241,0.0,29.6,CU_TO_DEV
1717461321.2984536,322,3.8,29.5,OCC_TO_CU
1717461321.299075,322,0.0,29.5,OCC_TO_CU
1717461321.3559723,273,23.8,29.6,CU_TO_DEV
1717461321.3592393,273,0.0,29.6,CU_TO_DEV
1717461331.3345761,322,4.2,29.6,OCC_TO_CU
1717461331.344979,322,40.0,29.6,OCC_TO_CU
1717461331.3612185,273,66.7,29.6,CU_TO_DEV
1717461331.3648684,273,66.7,29.6,CU_TO_DEV
1717461341.3071582,322,3.9,29.6,OCC_TO_CU
1717461341.3079677,322,100.0,29.6,OCC_TO_CU
1717461341.3673542,273,29.2,29.7,CU_TO_DEV
1717461341.369469,273,0.0,29.7,CU_TO_DEV
1717461351.3102775,322,3.8,29.7,OCC_TO_CU
1717461351.311327,322,100.0,29.7,OCC_TO_CU
1717461351.3724983,273,21.7,29.8,CU_TO_DEV
1717461351.373486,273,0.0,29.8,CU_TO_DEV
1717461361.3341725,322,5.5,29.6,OCC_TO_CU
1717461361.334815,322,0.0,29.6,OCC_TO_CU
1717461361.3770802,273,29.4,29.7,CU_TO_DEV
1717461361.3771152,273,29.4,29.7,CU_TO_DEV
1717461362.7259982,154,6.8,29.6,OCC_TO_CU
1717461362.778406,241,15.0,29.7,CU_TO_DEV
1717461362.778721,241,0.0,29.7,CU_TO_DEV
1717461371.341066,322,3.2,29.6,OCC_TO_CU
1717461371.3416717,322,0.0,29.6,OCC_TO_CU
1717461371.382563,273,35.3,29.7,CU_TO_DEV
1717461371.3829505,273,0.0,29.7,CU_TO_DEV
1717461381.3602335,322,3.5,29.6,OCC_TO_CU
1717461381.3607419,322,0.0,29.6,OCC_TO_CU
1717461381.387464,273,41.7,29.7,CU_TO_DEV
1717461381.3873796,273,41.7,29.7,CU_TO_DEV
1717461391.3805044,322,3.4,29.7,OCC_TO_CU
1717461391.3858802,322,0.0,29.7,OCC_TO_CU
1717461391.3929706,273,75.0,29.7,CU_TO_DEV
1717461391.394217,273,0.0,29.7,CU_TO_DEV
1717461401.3802311,322,5.6,29.6,OCC_TO_CU
1717461401.3810365,322,0.0,29.6,OCC_TO_CU
1717461401.4014997,273,42.9,29.6,CU_TO_DEV
1717461401.4012675,273,42.9,29.6,CU_TO_DEV
1717461411.3843362,322,3.9,29.6,OCC_TO_CU
1717461411.3862426,322,0.0,29.6,OCC_TO_CU
1717461411.4069686,273,50.0,29.6,CU_TO_DEV
1717461411.406902,273,50.0,29.6,CU_TO_DEV
1717461412.5368972,154,8.6,29.7,OCC_TO_CU
1717461412.6085079,241,20.7,29.8,CU_TO_DEV
1717461412.6083796,241,20.7,29.8,CU_TO_DEV
1717461421.4031787,322,2.9,29.6,OCC_TO_CU
1717461421.4037898,322,0.0,29.6,OCC_TO_CU
1717461421.4129481,273,33.3,29.6,CU_TO_DEV
1717461421.4149532,273,0.0,29.6,CU_TO_DEV
1717461431.420392,322,4.3,29.6,OCC_TO_CU
1717461431.4218714,322,0.0,29.6,OCC_TO_CU
1717461431.6207085,273,67.5,29.7,CU_TO_DEV
1717461431.6209238,273,67.5,29.7,CU_TO_DEV
1717461441.429116,322,3.2,29.6,OCC_TO_CU
1717461441.4297404,322,0.0,29.6,OCC_TO_CU
1717461441.6258214,273,19.7,29.7,CU_TO_DEV
1717461441.626343,273,0.0,29.7,CU_TO_DEV
1717461451.4493177,322,4.4,29.5,OCC_TO_CU
1717461451.4500265,322,0.0,29.5,OCC_TO_CU
1717461451.631926,273,27.0,29.6,CU_TO_DEV
1717461451.6321335,273,27.0,29.6,CU_TO_DEV
1717461461.4305024,322,3.8,29.5,OCC_TO_CU
1717461461.4311583,322,0.0,29.5,OCC_TO_CU
1717461461.4375432,273,33.3,29.5,CU_TO_DEV
1717461461.4381292,273,0.0,29.5,CU_TO_DEV
1717461462.567501,154,9.1,29.6,OCC_TO_CU
1717461462.6395466,241,27.6,29.7,CU_TO_DEV
1717461462.6394956,241,27.6,29.7,CU_TO_DEV
1717461471.4588258,322,3.6,29.6,OCC_TO_CU
1717461471.459672,322,0.0,29.6,OCC_TO_CU
1717461471.644509,273,20.0,29.7,CU_TO_DEV
1717461471.6450312,273,0.0,29.7,CU_TO_DEV
1717461481.4617124,322,3.7,29.6,OCC_TO_CU
1717461481.4623475,322,0.0,29.6,OCC_TO_CU
1717461481.6495664,273,22.7,29.7,CU_TO_DEV
1717461481.6498148,273,0.0,29.7,CU_TO_DEV
1717461491.4623468,322,5.3,29.6,OCC_TO_CU
1717461491.4634125,322,100.0,29.6,OCC_TO_CU
1717461491.6551793,273,15.8,29.7,CU_TO_DEV
1717461491.6555002,273,0.0,29.7,CU_TO_DEV
1717461501.4955847,322,3.4,29.6,OCC_TO_CU
1717461501.496191,322,0.0,29.6,OCC_TO_CU
1717461501.6606479,273,83.3,29.6,CU_TO_DEV
1717461501.6611936,273,0.0,29.6,CU_TO_DEV
1717461511.5076778,322,3.6,29.5,OCC_TO_CU
1717461511.5083172,322,0.0,29.5,OCC_TO_CU
1717461511.6660798,273,32.3,29.6,CU_TO_DEV
1717461511.665925,273,32.3,29.6,CU_TO_DEV
1717461512.6141272,154,6.8,29.6,OCC_TO_CU
1717461512.667125,241,23.8,29.7,CU_TO_DEV
1717461512.6675076,241,100.0,29.7,CU_TO_DEV
1717461521.5071614,322,3.7,29.6,OCC_TO_CU
1717461521.5078344,322,100.0,29.6,OCC_TO_CU
1717461521.6722856,273,30.3,29.7,CU_TO_DEV
1717461521.6723228,273,30.3,29.7,CU_TO_DEV
1717461531.5316246,322,3.7,29.7,OCC_TO_CU
1717461531.5325186,322,0.0,29.7,OCC_TO_CU
1717461531.6776707,273,33.3,29.8,CU_TO_DEV
1717461531.6777494,273,33.3,29.8,CU_TO_DEV
1717461541.5282438,322,4.3,29.6,OCC_TO_CU
1717461541.5289166,322,0.0,29.6,OCC_TO_CU
1717461541.682718,273,32.2,29.7,CU_TO_DEV
1717461541.6828957,273,32.2,29.7,CU_TO_DEV
1717461551.5342224,322,3.6,29.7,OCC_TO_CU
1717461551.5348523,322,0.0,29.7,OCC_TO_CU
1717461551.6877246,273,32.2,29.8,CU_TO_DEV
1717461551.6879516,273,0.0,29.8,CU_TO_DEV
1717461561.5608912,322,4.3,29.6,OCC_TO_CU
1717461561.5616786,322,0.0,29.6,OCC_TO_CU
1717461561.692675,273,37.3,29.7,CU_TO_DEV
1717461561.6930642,273,0.0,29.7,CU_TO_DEV
1717461562.6855843,154,6.0,29.7,OCC_TO_CU
1717461562.6939173,241,33.3,29.7,CU_TO_DEV
1717461562.6948094,241,0.0,29.7,CU_TO_DEV
1717461571.5748973,322,4.4,29.7,OCC_TO_CU
1717461571.5823689,322,100.0,29.7,OCC_TO_CU
1717461571.702789,273,41.7,29.7,CU_TO_DEV
1717461571.7029576,273,41.7,29.7,CU_TO_DEV
1717461581.5755138,322,3.5,29.6,OCC_TO_CU
1717461581.5837698,322,75.0,29.6,OCC_TO_CU
1717461581.70744,273,36.2,29.7,CU_TO_DEV
1717461581.7078996,273,0.0,29.7,CU_TO_DEV
1717461591.5877883,322,4.7,29.6,OCC_TO_CU
1717461591.5919628,322,0.0,29.6,OCC_TO_CU
1717461591.7154167,273,23.4,29.7,CU_TO_DEV
1717461591.7153754,273,23.4,29.7,CU_TO_DEV
1717461601.5890877,322,3.9,29.7,OCC_TO_CU
1717461601.598437,322,66.7,29.7,OCC_TO_CU
1717461601.7234638,273,98.0,29.8,CU_TO_DEV
1717461601.7239878,273,0.0,29.8,CU_TO_DEV
1717461611.6279578,322,3.8,29.6,OCC_TO_CU
1717461611.6293406,322,0.0,29.6,OCC_TO_CU
1717461611.7282915,273,17.9,29.7,CU_TO_DEV
1717461611.7283504,273,17.9,29.7,CU_TO_DEV
1717461612.7557743,154,7.5,29.7,OCC_TO_CU
1717461612.9295077,241,10.1,29.8,CU_TO_DEV
1717461612.9294665,241,10.1,29.8,CU_TO_DEV
1717461621.6405668,322,4.7,29.6,OCC_TO_CU
1717461621.6411846,322,0.0,29.6,OCC_TO_CU
1717461621.7342644,273,13.9,29.7,CU_TO_DEV
1717461621.7345498,273,0.0,29.7,CU_TO_DEV
1717461631.640914,322,4.4,29.6,OCC_TO_CU
1717461631.6414223,322,0.0,29.6,OCC_TO_CU
1717461631.7396781,273,15.4,29.7,CU_TO_DEV
1717461631.7396066,273,15.4,29.7,CU_TO_DEV
1717461641.6397607,322,3.6,29.6,OCC_TO_CU
1717461641.6406467,322,0.0,29.6,OCC_TO_CU
1717461641.744754,273,17.5,29.7,CU_TO_DEV
1717461641.7447877,273,17.5,29.7,CU_TO_DEV
1717461651.6578028,322,3.9,29.6,OCC_TO_CU
1717461651.6584084,322,0.0,29.6,OCC_TO_CU
1717461651.7501917,273,17.1,29.7,CU_TO_DEV
1717461651.7499788,273,17.1,29.7,CU_TO_DEV
1717461661.6741676,322,3.6,29.7,OCC_TO_CU
1717461661.6759782,322,100.0,29.7,OCC_TO_CU
1717461661.7552934,273,21.9,29.8,CU_TO_DEV
1717461661.7553403,273,21.9,29.8,CU_TO_DEV
1717461662.8133292,154,6.0,29.8,OCC_TO_CU
1717461662.9566193,241,10.3,29.8,CU_TO_DEV
1717461662.9568422,241,0.0,29.8,CU_TO_DEV
1717461671.7043073,322,3.7,29.8,OCC_TO_CU
1717461671.7054873,322,0.0,29.8,OCC_TO_CU
1717461671.7611792,273,28.6,29.9,CU_TO_DEV
1717461671.7615218,273,0.0,29.9,CU_TO_DEV
1717461681.703921,322,4.5,29.7,OCC_TO_CU
1717461681.7045732,322,0.0,29.7,OCC_TO_CU
1717461681.7668905,273,25.0,29.8,CU_TO_DEV
1717461681.7670608,273,25.0,29.8,CU_TO_DEV
1717461691.6993587,322,4.3,29.6,OCC_TO_CU
1717461691.6999862,322,0.0,29.6,OCC_TO_CU
1717461691.772084,273,17.9,29.7,CU_TO_DEV
1717461691.7725384,273,0.0,29.7,CU_TO_DEV
1717461701.7493236,322,4.5,29.6,OCC_TO_CU
1717461701.7499878,322,0.0,29.6,OCC_TO_CU
1717461701.779857,273,100.0,29.6,CU_TO_DEV
1717461701.7777956,273,72.7,29.7,CU_TO_DEV
1717461711.745323,322,4.5,29.5,OCC_TO_CU
1717461711.7460618,322,0.0,29.5,OCC_TO_CU
1717461711.7884014,273,29.4,29.6,CU_TO_DEV
1717461711.788761,273,0.0,29.6,CU_TO_DEV
1717461712.8866196,154,6.2,29.7,OCC_TO_CU
1717461712.9900594,241,22.2,29.7,CU_TO_DEV
1717461712.9904754,241,0.0,29.7,CU_TO_DEV
1717461721.7539213,322,4.4,29.6,OCC_TO_CU
1717461721.7545125,322,0.0,29.6,OCC_TO_CU
1717461721.7957237,273,38.9,29.7,CU_TO_DEV
1717461721.7961516,273,0.0,29.7,CU_TO_DEV
1717461731.766876,322,3.6,29.4,OCC_TO_CU
1717461731.7675533,322,0.0,29.4,OCC_TO_CU
1717461731.801989,273,33.3,29.5,CU_TO_DEV
1717461731.8021357,273,33.3,29.5,CU_TO_DEV
1717461741.7707028,322,3.9,29.4,OCC_TO_CU
1717461741.7713962,322,100.0,29.4,OCC_TO_CU
1717461741.8076777,273,42.9,29.4,CU_TO_DEV
1717461741.8077385,273,42.9,29.4,CU_TO_DEV
1717461751.793505,322,4.5,29.4,OCC_TO_CU
1717461751.7940443,322,0.0,29.4,OCC_TO_CU
1717461751.8162131,273,50.0,29.4,CU_TO_DEV
1717461751.816362,273,50.0,29.4,CU_TO_DEV
1717461761.7909057,322,3.5,29.4,OCC_TO_CU
1717461761.7919395,322,0.0,29.4,OCC_TO_CU
1717461761.8214505,273,53.8,29.5,CU_TO_DEV
1717461761.8226588,273,0.0,29.5,CU_TO_DEV
1717461762.962334,154,6.8,29.5,OCC_TO_CU
1717461763.0239837,241,20.0,29.6,CU_TO_DEV
1717461763.0242338,241,0.0,29.6,CU_TO_DEV
1717461771.8077023,322,4.5,29.4,OCC_TO_CU
1717461771.8083692,322,0.0,29.4,OCC_TO_CU
1717461771.8302426,273,55.6,29.4,CU_TO_DEV
1717461771.830657,273,0.0,29.4,CU_TO_DEV
1717461781.8075025,322,3.8,29.4,OCC_TO_CU
1717461781.808184,322,0.0,29.4,OCC_TO_CU
1717461781.8373578,273,57.1,29.5,CU_TO_DEV
1717461781.838068,273,0.0,29.5,CU_TO_DEV
1717461791.8156078,322,3.6,29.5,OCC_TO_CU
1717461791.8162944,322,0.0,29.5,OCC_TO_CU
1717461791.8441436,273,0.0,29.6,CU_TO_DEV
1717461791.8436084,273,50.0,29.6,CU_TO_DEV
1717461801.8300064,322,3.5,29.5,OCC_TO_CU
1717461801.8307405,322,0.0,29.5,OCC_TO_CU
1717461801.8493104,273,42.9,29.6,CU_TO_DEV
1717461801.850702,273,0.0,29.6,CU_TO_DEV
1717461811.869653,322,4.6,29.5,OCC_TO_CU
1717461811.8948157,322,66.7,29.5,OCC_TO_CU
1717461812.0548732,273,71.9,29.6,CU_TO_DEV
1717461812.055986,273,100.0,29.6,CU_TO_DEV
1717461813.02426,154,4.9,29.6,OCC_TO_CU
1717461813.0558915,241,33.3,29.6,CU_TO_DEV
1717461813.0566416,241,0.0,29.6,CU_TO_DEV
1717461821.8476343,322,4.6,29.3,OCC_TO_CU
1717461821.8482904,322,0.0,29.3,OCC_TO_CU
1717461821.8604476,273,25.0,29.3,CU_TO_DEV
1717461821.8610597,273,0.0,29.3,CU_TO_DEV
1717461831.8858945,322,4.2,29.3,OCC_TO_CU
1717461831.8866782,322,0.0,29.3,OCC_TO_CU
1717461832.0652885,273,9.7,29.4,CU_TO_DEV
1717461832.0655725,273,0.0,29.4,CU_TO_DEV
1717461841.9247024,322,3.8,29.3,OCC_TO_CU
1717461841.9253325,322,0.0,29.3,OCC_TO_CU
1717461842.0706527,273,10.3,29.4,CU_TO_DEV
1717461842.0710807,273,0.0,29.4,CU_TO_DEV
1717461851.8995993,322,4.0,29.4,OCC_TO_CU
1717461851.9266598,322,40.0,29.5,OCC_TO_CU
1717461852.0762267,273,11.9,29.5,CU_TO_DEV
1717461852.0763974,273,11.9,29.5,CU_TO_DEV
1717461861.914249,322,4.5,29.3,OCC_TO_CU
1717461861.914794,322,0.0,29.3,OCC_TO_CU
1717461862.0839152,273,8.8,29.4,CU_TO_DEV
1717461862.0843308,273,0.0,29.4,CU_TO_DEV
1717461862.806372,154,5.5,29.4,OCC_TO_CU
1717461862.8849597,241,16.1,29.4,CU_TO_DEV
1717461862.8847997,241,16.1,29.4,CU_TO_DEV
1717461871.9065833,322,4.0,29.4,OCC_TO_CU
1717461871.9074435,322,100.0,29.4,OCC_TO_CU
1717461872.091121,273,8.2,29.5,CU_TO_DEV
1717461872.0908766,273,8.2,29.5,CU_TO_DEV
1717461881.9333878,322,4.7,29.4,OCC_TO_CU
1717461881.934052,322,0.0,29.4,OCC_TO_CU
1717461882.096621,273,7.8,29.5,CU_TO_DEV
1717461882.0980322,273,0.0,29.5,CU_TO_DEV
1717461891.9631016,322,3.6,29.4,OCC_TO_CU
1717461891.9639485,322,100.0,29.4,OCC_TO_CU
1717461892.1031547,273,12.5,29.5,CU_TO_DEV
1717461892.1032083,273,12.5,29.5,CU_TO_DEV
1717461901.9654737,322,3.9,29.5,OCC_TO_CU
1717461901.9664779,322,0.0,29.5,OCC_TO_CU
1717461902.108345,273,12.5,29.6,CU_TO_DEV
1717461902.108804,273,0.0,29.6,CU_TO_DEV
1717461911.9684107,322,5.6,29.4,OCC_TO_CU
1717461911.9690554,322,0.0,29.4,OCC_TO_CU
1717461912.1150684,273,8.9,29.5,CU_TO_DEV
1717461912.115284,273,10.5,29.5,CU_TO_DEV
1717461912.8429365,154,4.5,29.5,OCC_TO_CU
1717461912.9164565,241,14.3,29.5,CU_TO_DEV
1717461912.9166987,241,0.0,29.5,CU_TO_DEV
1717461921.9756248,322,3.8,29.4,OCC_TO_CU
1717461921.9762592,322,0.0,29.4,OCC_TO_CU
1717461922.123704,273,14.8,29.5,CU_TO_DEV
1717461922.1245146,273,0.0,29.5,CU_TO_DEV
1717461931.96871,322,3.9,29.5,OCC_TO_CU
1717461931.9693496,322,0.0,29.5,OCC_TO_CU
1717461932.1298716,273,12.3,29.6,CU_TO_DEV
1717461932.1297214,273,12.3,29.6,CU_TO_DEV
1717461941.9949534,322,3.6,29.5,OCC_TO_CU
1717461941.9956117,322,100.0,29.5,OCC_TO_CU
1717461942.1361384,273,12.5,29.6,CU_TO_DEV
1717461942.1382773,273,0.0,29.6,CU_TO_DEV
1717461952.0115259,322,5.2,29.4,OCC_TO_CU
1717461952.0121677,322,0.0,29.4,OCC_TO_CU
1717461952.1489887,273,72.2,29.4,CU_TO_DEV
1717461952.1489477,273,72.2,29.4,CU_TO_DEV
1717461962.0117922,322,3.5,29.3,OCC_TO_CU
1717461962.012435,322,0.0,29.3,OCC_TO_CU
1717461962.1539156,273,9.1,29.4,CU_TO_DEV
1717461962.154074,273,9.1,29.4,CU_TO_DEV
1717461962.9175785,154,5.2,29.4,OCC_TO_CU
1717461962.9552104,241,33.3,29.4,CU_TO_DEV
1717461962.9556973,241,0.0,29.4,CU_TO_DEV
1717461972.0420544,322,3.9,29.4,OCC_TO_CU
1717461972.043138,322,0.0,29.4,OCC_TO_CU
1717461972.1606083,273,16.7,29.5,CU_TO_DEV
1717461972.160913,273,0.0,29.5,CU_TO_DEV
1717461982.032095,322,3.8,29.4,OCC_TO_CU
1717461982.0327044,322,0.0,29.4,OCC_TO_CU
1717461982.166598,273,14.8,29.5,CU_TO_DEV
1717461982.1670847,273,0.0,29.5,CU_TO_DEV
1717461992.047693,322,3.6,29.5,OCC_TO_CU
1717461992.0483239,322,0.0,29.5,OCC_TO_CU
1717461992.172551,273,12.2,29.6,CU_TO_DEV
1717461992.1732736,273,0.0,29.6,CU_TO_DEV
1717462002.054214,322,4.5,29.5,OCC_TO_CU
1717462002.0583344,322,0.0,29.5,OCC_TO_CU
1717462002.1782033,273,10.6,29.6,CU_TO_DEV
1717462002.1826673,273,0.0,29.6,CU_TO_DEV
1717462012.0740345,322,5.4,29.4,OCC_TO_CU
1717462012.0748074,322,0.0,29.4,OCC_TO_CU
1717462012.1865523,273,11.1,29.5,CU_TO_DEV
1717462012.1875515,273,0.0,29.5,CU_TO_DEV
1717462012.9996474,154,3.4,29.5,OCC_TO_CU
1717462013.187489,241,14.9,29.5,CU_TO_DEV
1717462013.1883507,241,0.0,29.5,CU_TO_DEV
1717462022.0755467,322,3.5,29.3,OCC_TO_CU
1717462022.0761838,322,0.0,29.3,OCC_TO_CU
1717462022.1925948,273,13.3,29.5,CU_TO_DEV
1717462022.1933138,273,0.0,29.5,CU_TO_DEV
1717462032.0837424,322,3.8,29.4,OCC_TO_CU
1717462032.0845017,322,0.0,29.4,OCC_TO_CU
1717462032.1997986,273,13.3,29.5,CU_TO_DEV
1717462032.1998425,273,13.3,29.5,CU_TO_DEV
1717462042.0982037,322,4.6,29.4,OCC_TO_CU
1717462042.0988438,322,0.0,29.4,OCC_TO_CU
1717462042.2048137,273,11.9,29.5,CU_TO_DEV
1717462042.2049623,273,11.9,29.5,CU_TO_DEV
1717462052.1129053,322,3.6,29.4,OCC_TO_CU
1717462052.1136723,322,0.0,29.4,OCC_TO_CU
1717462052.2108593,273,13.5,29.5,CU_TO_DEV
1717462052.211025,273,13.5,29.5,CU_TO_DEV
1717462062.123292,322,4.1,29.5,OCC_TO_CU
1717462062.127827,322,0.0,29.5,OCC_TO_CU
1717462062.217569,273,23.5,29.5,CU_TO_DEV
1717462062.2176087,273,23.5,29.5,CU_TO_DEV
1717462063.0673373,154,5.5,29.6,OCC_TO_CU
1717462063.2187145,241,20.3,29.6,CU_TO_DEV
1717462063.218834,241,20.3,29.6,CU_TO_DEV
1717462072.1331372,322,3.6,29.5,OCC_TO_CU
1717462072.1337786,322,0.0,29.5,OCC_TO_CU
1717462072.2267535,273,89.2,29.7,CU_TO_DEV
1717462072.2267048,273,89.2,29.7,CU_TO_DEV
1717462082.1301444,322,4.3,29.4,OCC_TO_CU
1717462082.1307924,322,0.0,29.4,OCC_TO_CU
1717462082.2321103,273,17.1,29.5,CU_TO_DEV
1717462082.2325773,273,0.0,29.5,CU_TO_DEV
1717462092.149104,322,4.5,29.4,OCC_TO_CU
1717462092.1497555,322,0.0,29.4,OCC_TO_CU
1717462092.24245,273,16.7,29.5,CU_TO_DEV
1717462092.242393,273,16.7,29.5,CU_TO_DEV
1717462102.1555195,322,3.8,29.4,OCC_TO_CU
1717462102.1636448,322,25.0,29.4,OCC_TO_CU
1717462102.251607,273,94.4,29.5,CU_TO_DEV
1717462102.25153,273,94.4,29.5,CU_TO_DEV
1717462112.1896274,322,4.1,29.4,OCC_TO_CU
1717462112.190274,322,0.0,29.4,OCC_TO_CU
1717462112.2569914,273,25.9,29.4,CU_TO_DEV
1717462112.2568166,273,25.9,29.4,CU_TO_DEV
1717462113.1377127,154,4.5,29.5,OCC_TO_CU
1717462113.25805,241,28.6,29.5,CU_TO_DEV
1717462113.2587557,241,0.0,29.5,CU_TO_DEV
1717462122.179092,322,3.7,29.4,OCC_TO_CU
1717462122.1798031,322,100.0,29.4,OCC_TO_CU
1717462122.263134,273,18.2,29.5,CU_TO_DEV
1717462122.2631817,273,18.2,29.5,CU_TO_DEV
1717462132.1816943,322,4.9,29.5,OCC_TO_CU
1717462132.1823647,322,0.0,29.5,OCC_TO_CU
1717462132.2715755,273,16.7,29.5,CU_TO_DEV
1717462132.2718816,273,0.0,29.5,CU_TO_DEV
1717462142.1903875,322,3.4,29.4,OCC_TO_CU
1717462142.191454,322,0.0,29.4,OCC_TO_CU
1717462142.2776031,273,20.0,29.5,CU_TO_DEV
1717462142.2773874,273,20.0,29.5,CU_TO_DEV
1717462152.218449,322,4.3,29.4,OCC_TO_CU
1717462152.223517,322,0.0,29.4,OCC_TO_CU
1717462152.282925,273,47.8,29.5,CU_TO_DEV
1717462152.2830207,273,47.8,29.5,CU_TO_DEV
1717462162.2399879,322,3.4,29.4,OCC_TO_CU
1717462162.2407637,322,0.0,29.4,OCC_TO_CU
1717462162.2884767,273,40.0,29.5,CU_TO_DEV
1717462162.288542,273,40.0,29.5,CU_TO_DEV
1717462163.2083826,154,3.8,29.5,OCC_TO_CU
1717462163.2897758,241,40.0,29.6,CU_TO_DEV
1717462163.2897308,241,40.0,29.6,CU_TO_DEV
1717462172.2454216,322,3.5,29.5,OCC_TO_CU
1717462172.246055,322,0.0,29.5,OCC_TO_CU
1717462172.29449,273,27.8,29.6,CU_TO_DEV
1717462172.2950082,273,0.0,29.6,CU_TO_DEV
1717462182.2513957,322,4.4,29.5,OCC_TO_CU
1717462182.2519913,322,0.0,29.5,OCC_TO_CU
1717462182.30055,273,16.7,29.5,CU_TO_DEV
1717462182.3005989,273,16.7,29.5,CU_TO_DEV
1717462192.249588,322,3.9,29.5,OCC_TO_CU
1717462192.2503955,322,0.0,29.5,OCC_TO_CU
1717462192.306385,273,20.0,29.6,CU_TO_DEV
1717462192.306213,273,20.0,29.6,CU_TO_DEV
1717462202.2897375,322,4.3,29.5,OCC_TO_CU
1717462202.2904346,322,0.0,29.5,OCC_TO_CU
1717462202.3142884,273,62.5,29.5,CU_TO_DEV
1717462202.315035,273,0.0,29.5,CU_TO_DEV
1717462212.2779803,322,5.2,29.4,OCC_TO_CU
1717462212.2785559,322,0.0,29.4,OCC_TO_CU
1717462212.3213885,273,33.3,29.4,CU_TO_DEV
1717462212.3250098,273,0.0,29.4,CU_TO_DEV
1717462213.2805545,154,3.1,29.5,OCC_TO_CU
1717462213.322545,241,82.4,29.5,CU_TO_DEV
1717462213.3260276,241,100.0,29.5,CU_TO_DEV
1717462222.2870283,322,3.4,29.4,OCC_TO_CU
1717462222.2877028,322,100.0,29.4,OCC_TO_CU
1717462222.3294408,273,31.3,29.4,CU_TO_DEV
1717462222.3303924,273,0.0,29.4,CU_TO_DEV
1717462232.2930477,322,4.6,29.4,OCC_TO_CU
1717462232.2937748,322,0.0,29.4,OCC_TO_CU
1717462232.335894,273,44.4,29.4,CU_TO_DEV
1717462232.3358233,273,44.4,29.4,CU_TO_DEV
1717462242.3117206,322,3.6,29.4,OCC_TO_CU
1717462242.3124971,322,0.0,29.4,OCC_TO_CU
1717462242.3422346,273,36.4,29.5,CU_TO_DEV
1717462242.342477,273,36.4,29.5,CU_TO_DEV
1717462252.315065,322,3.9,29.4,OCC_TO_CU
1717462252.3157384,322,100.0,29.4,OCC_TO_CU
1717462252.348746,273,50.0,29.5,CU_TO_DEV
1717462252.3488493,273,50.0,29.5,CU_TO_DEV
1717462262.3380475,322,3.9,29.5,OCC_TO_CU
1717462262.3388116,322,0.0,29.5,OCC_TO_CU
1717462262.3546119,273,57.1,29.5,CU_TO_DEV
1717462262.3547072,273,57.1,29.5,CU_TO_DEV
1717462263.2998686,154,5.8,29.6,OCC_TO_CU
1717462263.357052,241,36.4,29.6,CU_TO_DEV
1717462263.3579726,241,0.0,29.6,CU_TO_DEV
1717462272.3445742,322,4.5,29.5,OCC_TO_CU
1717462272.3451056,322,0.0,29.5,OCC_TO_CU
1717462272.363152,273,42.9,29.5,CU_TO_DEV
1717462272.363238,273,55.6,29.5,CU_TO_DEV
1717462282.3507884,322,4.4,29.4,OCC_TO_CU
1717462282.35147,322,100.0,29.4,OCC_TO_CU
1717462282.3686397,273,33.3,29.4,CU_TO_DEV
1717462282.3687317,273,33.3,29.5,CU_TO_DEV
1717462292.3685067,322,4.3,29.5,OCC_TO_CU
1717462292.3692522,322,0.0,29.5,OCC_TO_CU
1717462292.3743088,273,0.0,29.5,CU_TO_DEV
1717462292.3748324,273,0.0,29.5,CU_TO_DEV
1717462302.402823,322,3.9,29.5,OCC_TO_CU
1717462302.403489,322,100.0,29.5,OCC_TO_CU
1717462302.5803013,273,8.6,29.6,CU_TO_DEV
1717462302.5806696,273,0.0,29.6,CU_TO_DEV
1717462312.4083898,322,4.0,29.6,OCC_TO_CU
1717462312.409021,322,0.0,29.6,OCC_TO_CU
1717462312.586012,273,62.9,29.6,CU_TO_DEV
1717462312.5863044,273,0.0,29.6,CU_TO_DEV
1717462313.1148207,154,5.2,29.7,OCC_TO_CU
1717462313.1874678,241,90.0,29.6,CU_TO_DEV
1717462313.1914988,241,100.0,29.6,CU_TO_DEV
1717462322.3981774,322,4.9,29.4,OCC_TO_CU
1717462322.3989394,322,0.0,29.4,OCC_TO_CU
1717462322.3998568,273,100.0,29.4,CU_TO_DEV
1717462322.3998919,273,100.0,29.4,CU_TO_DEV
1717462332.4078069,322,3.6,29.3,OCC_TO_CU
1717462332.4086554,322,0.0,29.3,OCC_TO_CU
1717462332.6052723,273,6.5,29.5,CU_TO_DEV
1717462332.605543,273,0.0,29.5,CU_TO_DEV
1717462342.4375756,322,4.6,29.4,OCC_TO_CU
1717462342.4380848,322,0.0,29.4,OCC_TO_CU
1717462342.613905,273,7.2,29.5,CU_TO_DEV
1717462342.6167493,273,0.0,29.5,CU_TO_DEV
1717462352.437875,322,3.6,29.4,OCC_TO_CU
1717462352.4385858,322,0.0,29.4,OCC_TO_CU
1717462352.6195397,273,12.2,29.5,CU_TO_DEV
1717462352.6210437,273,0.0,29.5,CU_TO_DEV
1717462362.4497159,322,4.8,29.4,OCC_TO_CU
1717462362.4503381,322,0.0,29.4,OCC_TO_CU
1717462362.6266105,273,7.2,29.5,CU_TO_DEV
1717462362.6265519,273,7.2,29.5,CU_TO_DEV
1717462363.1861935,154,4.9,29.4,OCC_TO_CU
1717462363.227633,241,20.0,29.4,CU_TO_DEV
1717462363.2276688,241,20.0,29.4,CU_TO_DEV
1717462372.447931,322,3.7,29.4,OCC_TO_CU
1717462372.4485621,322,0.0,29.4,OCC_TO_CU
1717462372.6327696,273,9.6,29.5,CU_TO_DEV
1717462372.63308,273,0.0,29.5,CU_TO_DEV
1717462382.4542518,322,3.7,29.4,OCC_TO_CU
1717462382.4553075,322,100.0,29.4,OCC_TO_CU
1717462382.638265,273,9.6,29.5,CU_TO_DEV
1717462382.638789,273,0.0,29.5,CU_TO_DEV
1717462392.4702473,322,3.8,29.5,OCC_TO_CU
1717462392.4710138,322,0.0,29.5,OCC_TO_CU
1717462392.6444418,273,10.1,29.6,CU_TO_DEV
1717462392.6446984,273,0.0,29.6,CU_TO_DEV
1717462402.4787996,322,3.6,29.6,OCC_TO_CU
1717462402.4795032,322,100.0,29.6,OCC_TO_CU
1717462402.6501606,273,10.3,29.7,CU_TO_DEV
1717462402.6500993,273,10.3,29.7,CU_TO_DEV
1717462412.5009542,322,5.2,29.4,OCC_TO_CU
1717462412.5053627,322,0.0,29.4,OCC_TO_CU
1717462412.657225,273,77.4,29.5,CU_TO_DEV
1717462412.6571674,273,77.4,29.5,CU_TO_DEV
1717462413.2563047,154,5.4,29.5,OCC_TO_CU
1717462413.2580066,241,0.0,29.5,CU_TO_DEV
1717462413.2579691,241,0.0,29.5,CU_TO_DEV
1717462422.5075755,322,3.7,29.4,OCC_TO_CU
1717462422.5082643,322,0.0,29.4,OCC_TO_CU
1717462422.6627572,273,11.5,29.5,CU_TO_DEV
1717462422.6628945,273,11.5,29.5,CU_TO_DEV
1717462432.5166838,322,3.8,29.5,OCC_TO_CU
1717462432.5181081,322,0.0,29.5,OCC_TO_CU
1717462432.6682866,273,10.2,29.5,CU_TO_DEV
1717462432.6685941,273,0.0,29.5,CU_TO_DEV
1717462442.5194306,322,4.1,29.5,OCC_TO_CU
1717462442.5306718,322,25.0,29.5,OCC_TO_CU
1717462442.6739638,273,82.5,29.5,CU_TO_DEV
1717462442.6739984,273,82.5,29.5,CU_TO_DEV
1717462452.536769,322,4.4,29.4,OCC_TO_CU
1717462452.5405555,322,0.0,29.4,OCC_TO_CU
1717462452.6836152,273,10.7,29.5,CU_TO_DEV
1717462452.6839957,273,0.0,29.5,CU_TO_DEV
1717462462.5407007,322,3.4,29.4,OCC_TO_CU
1717462462.541351,322,0.0,29.4,OCC_TO_CU
1717462462.689166,273,11.9,29.5,CU_TO_DEV
1717462462.6893163,273,11.9,29.5,CU_TO_DEV
1717462463.3286505,154,5.1,29.5,OCC_TO_CU
1717462463.4903095,241,10.6,29.5,CU_TO_DEV
1717462463.4903567,241,10.6,29.5,CU_TO_DEV
1717462472.5568707,322,4.5,29.4,OCC_TO_CU
1717462472.5573907,322,0.0,29.4,OCC_TO_CU
1717462472.7006958,273,13.6,29.5,CU_TO_DEV
1717462472.701094,273,0.0,29.5,CU_TO_DEV
1717462482.581695,322,3.5,29.4,OCC_TO_CU
1717462482.5823298,322,0.0,29.4,OCC_TO_CU
1717462482.7057278,273,20.8,29.5,CU_TO_DEV
1717462482.7059171,273,20.8,29.5,CU_TO_DEV
1717462492.5896924,322,3.8,29.5,OCC_TO_CU
1717462492.5934427,322,0.0,29.5,OCC_TO_CU
1717462492.7116754,273,15.2,29.6,CU_TO_DEV
1717462492.7116125,273,15.2,29.6,CU_TO_DEV
1717462502.6097949,322,4.4,29.5,OCC_TO_CU
1717462502.61038,322,0.0,29.5,OCC_TO_CU
1717462502.7182398,273,12.2,29.6,CU_TO_DEV
1717462502.7184684,273,0.0,29.6,CU_TO_DEV
1717462512.6048846,322,3.7,29.5,OCC_TO_CU
1717462512.605511,322,0.0,29.5,OCC_TO_CU
1717462512.7258806,273,89.6,29.6,CU_TO_DEV
1717462512.7271824,273,100.0,29.6,CU_TO_DEV
1717462513.4060476,154,6.2,29.6,OCC_TO_CU
1717462513.5275824,241,8.3,29.6,CU_TO_DEV
1717462513.5280771,241,0.0,29.6,CU_TO_DEV
1717462522.620988,322,3.7,29.4,OCC_TO_CU
1717462522.6216133,322,0.0,29.4,OCC_TO_CU
1717462522.732667,273,20.0,29.5,CU_TO_DEV
1717462522.733173,273,0.0,29.5,CU_TO_DEV
1717462532.6295235,322,3.7,29.5,OCC_TO_CU
1717462532.6307845,322,0.0,29.5,OCC_TO_CU
1717462532.73838,273,18.2,29.6,CU_TO_DEV
1717462532.7388568,273,0.0,29.6,CU_TO_DEV
1717462542.654253,322,4.4,29.4,OCC_TO_CU
1717462542.655039,322,0.0,29.4,OCC_TO_CU
1717462542.7441587,273,19.4,29.5,CU_TO_DEV
1717462542.7440846,273,19.4,29.5,CU_TO_DEV
1717462552.6556404,322,4.4,29.4,OCC_TO_CU
1717462552.6564214,322,0.0,29.4,OCC_TO_CU
1717462552.7518349,273,18.4,29.5,CU_TO_DEV
1717462552.7517886,273,18.4,29.5,CU_TO_DEV
1717462562.6907198,322,3.9,29.5,OCC_TO_CU
1717462562.6913571,322,0.0,29.5,OCC_TO_CU
1717462562.760061,273,89.3,29.6,CU_TO_DEV
1717462562.7635107,273,100.0,29.6,CU_TO_DEV
1717462563.4827678,154,9.5,29.5,OCC_TO_CU
1717462563.5637753,241,15.2,29.5,CU_TO_DEV
1717462563.5642967,241,0.0,29.5,CU_TO_DEV
1717462572.6748989,322,3.7,29.4,OCC_TO_CU
1717462572.6779046,322,50.0,29.4,OCC_TO_CU
1717462572.7688384,273,21.6,29.5,CU_TO_DEV
1717462572.768955,273,21.6,29.5,CU_TO_DEV
1717462582.6866324,322,3.6,29.5,OCC_TO_CU
1717462582.6874084,322,100.0,29.5,OCC_TO_CU
1717462582.7742476,273,22.2,29.6,CU_TO_DEV
1717462582.774287,273,22.2,29.6,CU_TO_DEV
1717462592.694107,322,4.5,29.4,OCC_TO_CU
1717462592.6946294,322,0.0,29.4,OCC_TO_CU
1717462592.7848752,273,18.4,29.5,CU_TO_DEV
1717462592.7852697,273,0.0,29.5,CU_TO_DEV
1717462602.7253764,322,4.2,29.4,OCC_TO_CU
1717462602.7259188,322,0.0,29.4,OCC_TO_CU
1717462602.7926238,273,22.2,29.5,CU_TO_DEV
1717462602.7925677,273,22.2,29.5,CU_TO_DEV
1717462612.741465,322,3.4,29.5,OCC_TO_CU
1717462612.7422042,322,0.0,29.5,OCC_TO_CU
1717462612.7979808,273,30.4,29.5,CU_TO_DEV
1717462612.798111,273,30.4,29.5,CU_TO_DEV
1717462613.551354,154,15.7,29.5,OCC_TO_CU
1717462613.5991251,241,16.7,29.5,CU_TO_DEV
1717462613.5996444,241,100.0,29.5,CU_TO_DEV
1717462622.7477822,322,3.5,29.4,OCC_TO_CU
1717462622.748555,322,0.0,29.4,OCC_TO_CU
1717462622.8043685,273,31.8,29.5,CU_TO_DEV
1717462622.804768,273,0.0,29.5,CU_TO_DEV
1717462632.769523,322,3.8,29.4,OCC_TO_CU
1717462632.77029,322,0.0,29.4,OCC_TO_CU
1717462632.8106852,273,0.0,29.5,CU_TO_DEV
1717462632.810205,273,37.5,29.5,CU_TO_DEV
1717462642.7802064,322,4.4,29.4,OCC_TO_CU
1717462642.7808387,322,0.0,29.4,OCC_TO_CU
1717462642.818915,273,43.8,29.5,CU_TO_DEV
1717462642.818857,273,43.8,29.5,CU_TO_DEV
1717462652.7832706,322,3.2,29.5,OCC_TO_CU
1717462652.7839053,322,0.0,29.5,OCC_TO_CU
1717462652.8249626,273,37.5,29.6,CU_TO_DEV
1717462652.8254895,273,0.0,29.6,CU_TO_DEV
1717462662.80066,322,3.3,29.5,OCC_TO_CU
1717462662.801324,322,0.0,29.5,OCC_TO_CU
1717462662.8310282,273,41.7,29.6,CU_TO_DEV
1717462662.8314037,273,50.0,29.6,CU_TO_DEV
1717462663.615275,154,4.8,29.6,OCC_TO_CU
1717462663.6328766,241,42.9,29.6,CU_TO_DEV
1717462663.6329508,241,42.9,29.6,CU_TO_DEV
1717462672.8122091,322,4.5,29.5,OCC_TO_CU
1717462672.8128755,322,0.0,29.5,OCC_TO_CU
1717462672.8381896,273,50.0,29.5,CU_TO_DEV
1717462672.8394887,273,0.0,29.5,CU_TO_DEV
1717462682.8063812,322,4.7,29.5,OCC_TO_CU
1717462682.806885,322,0.0,29.5,OCC_TO_CU
1717462682.8476696,273,35.3,29.5,CU_TO_DEV
1717462682.8481116,273,0.0,29.5,CU_TO_DEV
1717462692.8193364,322,3.5,29.5,OCC_TO_CU
1717462692.8199718,322,0.0,29.5,OCC_TO_CU
1717462692.8534763,273,38.5,29.6,CU_TO_DEV
1717462692.8535442,273,38.5,29.6,CU_TO_DEV
1717462702.8248758,322,3.9,29.4,OCC_TO_CU
1717462702.825875,322,0.0,29.4,OCC_TO_CU
1717462702.8614686,273,40.0,29.5,CU_TO_DEV
1717462702.8612995,273,40.0,29.5,CU_TO_DEV
1717462712.8407137,322,3.5,29.5,OCC_TO_CU
1717462712.8428926,322,0.0,29.5,OCC_TO_CU
1717462712.867852,273,54.5,29.6,CU_TO_DEV
1717462712.8680174,273,54.5,29.6,CU_TO_DEV
1717462713.6928084,154,4.9,29.6,OCC_TO_CU
1717462713.869213,241,14.3,29.6,CU_TO_DEV
1717462713.869703,241,0.0,29.6,CU_TO_DEV
1717462722.8663726,322,4.5,29.4,OCC_TO_CU
1717462722.8669982,322,0.0,29.4,OCC_TO_CU
1717462722.8744326,273,40.0,29.4,CU_TO_DEV
1717462722.875081,273,0.0,29.4,CU_TO_DEV
1717462732.8728597,322,5.8,29.3,OCC_TO_CU
1717462732.8740695,322,0.0,29.3,OCC_TO_CU
1717462732.8821929,273,0.0,29.3,CU_TO_DEV
1717462732.8816552,273,50.0,29.3,CU_TO_DEV
1717462742.899467,322,4.2,29.3,OCC_TO_CU
1717462742.90047,322,0.0,29.3,OCC_TO_CU
1717462743.0878038,273,13.3,29.4,CU_TO_DEV
1717462743.0883245,273,0.0,29.4,CU_TO_DEV
1717462752.9280162,322,4.0,29.4,OCC_TO_CU
1717462752.9286458,322,0.0,29.4,OCC_TO_CU
1717462753.093499,273,10.9,29.5,CU_TO_DEV
1717462753.0936,273,10.9,29.5,CU_TO_DEV
1717462762.9269333,322,3.8,29.4,OCC_TO_CU
1717462762.9289794,322,0.0,29.4,OCC_TO_CU
1717462763.0985627,273,15.9,29.5,CU_TO_DEV
1717462763.0989637,273,0.0,29.5,CU_TO_DEV
1717462763.46217,154,6.3,29.5,OCC_TO_CU
1717462763.499475,241,28.6,29.5,CU_TO_DEV
1717462763.499857,241,0.0,29.5,CU_TO_DEV
1717462772.9253507,322,3.7,29.5,OCC_TO_CU
1717462772.9259834,322,0.0,29.5,OCC_TO_CU
1717462773.1044495,273,15.3,29.6,CU_TO_DEV
1717462773.1046972,273,0.0,29.6,CU_TO_DEV
1717462782.9332595,322,4.5,29.5,OCC_TO_CU
1717462782.9338818,322,0.0,29.5,OCC_TO_CU
1717462783.110468,273,14.1,29.6,CU_TO_DEV
1717462783.110304,273,14.1,29.6,CU_TO_DEV
1717462792.9520724,322,3.7,29.5,OCC_TO_CU
1717462792.952703,322,0.0,29.5,OCC_TO_CU
1717462793.1160302,273,12.5,29.6,CU_TO_DEV
1717462793.11612,273,12.5,29.6,CU_TO_DEV
1717462802.979209,322,4.6,29.5,OCC_TO_CU
1717462802.9799643,322,0.0,29.5,OCC_TO_CU
1717462803.1213808,273,13.0,29.5,CU_TO_DEV
1717462803.1212916,273,13.0,29.5,CU_TO_DEV
1717462812.9759014,322,3.9,29.5,OCC_TO_CU
1717462812.9766288,322,0.0,29.5,OCC_TO_CU
1717462813.126757,273,15.3,29.6,CU_TO_DEV
1717462813.126911,273,15.3,29.6,CU_TO_DEV
1717462813.5258327,154,6.3,29.6,OCC_TO_CU
1717462813.52767,241,0.0,29.6,CU_TO_DEV
1717462813.5278616,241,0.0,29.6,CU_TO_DEV
1717462823.0001864,322,5.6,29.5,OCC_TO_CU
1717462823.000926,322,0.0,29.5,OCC_TO_CU
1717462823.139126,273,11.1,29.5,CU_TO_DEV
1717462823.1406748,273,50.0,29.5,CU_TO_DEV
1717462832.9991002,322,3.9,29.4,OCC_TO_CU
1717462832.9997432,322,100.0,29.4,OCC_TO_CU
1717462833.1443472,273,14.3,29.5,CU_TO_DEV
1717462833.1449056,273,0.0,29.5,CU_TO_DEV
1717462843.0170398,322,4.2,29.4,OCC_TO_CU
1717462843.0176797,322,0.0,29.4,OCC_TO_CU
1717462843.150335,273,17.3,29.5,CU_TO_DEV
1717462843.15109,273,0.0,29.5,CU_TO_DEV
1717462853.027049,322,3.9,29.4,OCC_TO_CU
1717462853.028268,322,100.0,29.4,OCC_TO_CU
1717462853.156489,273,19.2,29.5,CU_TO_DEV
1717462853.1564295,273,19.2,29.5,CU_TO_DEV
1717462863.0392163,322,5.0,29.4,OCC_TO_CU
1717462863.0464666,322,0.0,29.4,OCC_TO_CU
1717462863.1639729,273,24.0,29.5,CU_TO_DEV
1717462863.1672678,273,0.0,29.5,CU_TO_DEV
1717462863.503424,154,6.8,29.5,OCC_TO_CU
1717462863.564621,241,16.7,29.5,CU_TO_DEV
1717462863.5677385,241,0.0,29.5,CU_TO_DEV
1717462873.0411482,322,4.6,29.4,OCC_TO_CU
1717462873.0417838,322,0.0,29.4,OCC_TO_CU
1717462873.1726599,273,20.4,29.5,CU_TO_DEV
1717462873.1732244,273,0.0,29.5,CU_TO_DEV
1717462883.0550942,322,3.9,29.4,OCC_TO_CU
1717462883.0557623,322,0.0,29.4,OCC_TO_CU
1717462883.178545,273,20.4,29.5,CU_TO_DEV
1717462883.178453,273,20.4,29.5,CU_TO_DEV
1717462893.0818295,322,3.6,29.5,OCC_TO_CU
1717462893.0824752,322,0.0,29.5,OCC_TO_CU
1717462893.1839626,273,22.5,29.5,CU_TO_DEV
1717462893.1841502,273,22.5,29.5,CU_TO_DEV
1717462903.0762434,322,3.7,29.5,OCC_TO_CU
1717462903.076891,322,0.0,29.5,OCC_TO_CU
1717462903.1897354,273,20.0,29.6,CU_TO_DEV
1717462903.1895416,273,20.0,29.6,CU_TO_DEV
1717462913.0891535,322,4.8,29.5,OCC_TO_CU
1717462913.0896668,322,0.0,29.5,OCC_TO_CU
1717462913.195658,273,26.2,29.6,CU_TO_DEV
1717462913.1956136,273,26.2,29.6,CU_TO_DEV
1717462913.5734427,154,5.3,29.6,OCC_TO_CU
1717462913.59653,241,40.0,29.6,CU_TO_DEV
1717462913.5964868,241,40.0,29.6,CU_TO_DEV
1717462923.1379857,322,3.5,29.5,OCC_TO_CU
1717462923.138642,322,0.0,29.5,OCC_TO_CU
1717462923.2036295,273,88.0,29.6,CU_TO_DEV
1717462923.2044528,273,0.0,29.6,CU_TO_DEV
1717462933.1105843,322,5.0,29.4,OCC_TO_CU
1717462933.1113617,322,50.0,29.4,OCC_TO_CU
1717462933.2121353,273,23.1,29.5,CU_TO_DEV
1717462933.212257,273,23.1,29.5,CU_TO_DEV
1717462943.1336584,322,3.5,29.4,OCC_TO_CU
1717462943.1343389,322,0.0,29.4,OCC_TO_CU
1717462943.2179081,273,30.3,29.5,CU_TO_DEV
1717462943.2179754,273,30.3,29.5,CU_TO_DEV
1717462953.1478465,322,3.9,29.5,OCC_TO_CU
1717462953.14848,322,0.0,29.5,OCC_TO_CU
1717462953.2236083,273,29.0,29.5,CU_TO_DEV
1717462953.2233355,273,29.0,29.5,CU_TO_DEV
1717462963.163424,322,4.6,29.4,OCC_TO_CU
1717462963.1640818,322,0.0,29.4,OCC_TO_CU
1717462963.2328515,273,85.7,29.5,CU_TO_DEV
1717462963.2335958,273,0.0,29.5,CU_TO_DEV
1717462963.6462529,154,20.5,29.4,OCC_TO_CU
1717462963.8338172,241,5.5,29.4,CU_TO_DEV
1717462963.834274,241,0.0,29.4,CU_TO_DEV
1717462973.180094,322,3.3,29.3,OCC_TO_CU
1717462973.18071,322,0.0,29.3,OCC_TO_CU
1717462973.2383778,273,37.5,29.4,CU_TO_DEV
1717462973.238534,273,37.5,29.4,CU_TO_DEV
1717462983.1724424,322,3.6,29.4,OCC_TO_CU
1717462983.183701,322,25.0,29.4,OCC_TO_CU
1717462983.2448661,273,56.0,29.5,CU_TO_DEV
1717462983.2446103,273,56.0,29.5,CU_TO_DEV
1717462993.1805363,322,3.4,29.5,OCC_TO_CU
1717462993.1813283,322,0.0,29.5,OCC_TO_CU
1717462993.2527037,273,28.6,29.6,CU_TO_DEV
1717462993.25405,273,0.0,29.6,CU_TO_DEV
1717463003.1878843,322,5.0,29.4,OCC_TO_CU
1717463003.1887105,322,0.0,29.4,OCC_TO_CU
1717463003.259863,273,21.4,29.5,CU_TO_DEV
1717463003.2598112,273,21.4,29.5,CU_TO_DEV
1717463013.224798,322,3.8,29.4,OCC_TO_CU
1717463013.225421,322,0.0,29.4,OCC_TO_CU
1717463013.2671432,273,63.2,29.5,CU_TO_DEV
1717463013.2672076,273,63.2,29.5,CU_TO_DEV
1717463013.625489,154,9.1,29.5,OCC_TO_CU
1717463013.6682332,241,38.9,29.5,CU_TO_DEV
1717463013.6684813,241,0.0,29.5,CU_TO_DEV
1717463023.2267568,322,3.4,29.4,OCC_TO_CU
1717463023.2283883,322,100.0,29.4,OCC_TO_CU
1717463023.2735238,273,55.6,29.5,CU_TO_DEV
1717463023.2734604,273,55.6,29.5,CU_TO_DEV
1717463033.2325733,322,4.3,29.4,OCC_TO_CU
1717463033.2332125,322,0.0,29.4,OCC_TO_CU
1717463033.2790523,273,40.0,29.5,CU_TO_DEV
1717463033.2788167,273,40.0,29.5,CU_TO_DEV
1717463043.2439218,322,3.6,29.5,OCC_TO_CU
1717463043.2449303,322,0.0,29.5,OCC_TO_CU
1717463043.285263,273,56.3,29.5,CU_TO_DEV
1717463043.2867653,273,0.0,29.5,CU_TO_DEV
1717463053.2798758,322,4.5,29.4,OCC_TO_CU
1717463053.2806141,322,0.0,29.4,OCC_TO_CU
1717463053.2941418,273,0.0,29.4,CU_TO_DEV
1717463053.2938287,273,50.0,29.4,CU_TO_DEV
1717463063.2815332,322,4.6,29.4,OCC_TO_CU
1717463063.2821808,322,0.0,29.4,OCC_TO_CU
1717463063.2997966,273,62.5,29.4,CU_TO_DEV
1717463063.3019927,273,0.0,29.4,CU_TO_DEV
1717463063.6866803,154,10.0,29.5,OCC_TO_CU
1717463063.7006977,241,42.9,29.5,CU_TO_DEV
1717463063.703391,241,100.0,29.5,CU_TO_DEV
1717463073.291531,322,3.9,29.5,OCC_TO_CU
1717463073.299224,322,25.0,29.5,OCC_TO_CU
1717463073.309008,273,66.7,29.5,CU_TO_DEV
1717463073.3094802,273,0.0,29.5,CU_TO_DEV
1717463083.3086183,322,3.8,29.5,OCC_TO_CU
1717463083.3091908,322,0.0,29.5,OCC_TO_CU
1717463083.317177,273,0.0,29.5,CU_TO_DEV
1717463083.3177989,273,0.0,29.5,CU_TO_DEV
1717463093.3051145,322,4.0,29.6,OCC_TO_CU
1717463093.3058753,322,0.0,29.6,OCC_TO_CU
1717463093.3236854,273,87.5,29.6,CU_TO_DEV
1717463093.3242955,273,0.0,29.6,CU_TO_DEV
1717463103.3308845,322,5.6,29.4,OCC_TO_CU
1717463103.3339832,322,66.7,29.4,OCC_TO_CU
1717463103.3369935,273,0.0,29.4,CU_TO_DEV
1717463103.3382168,273,0.0,29.4,CU_TO_DEV
1717463113.338252,322,4.1,29.5,OCC_TO_CU
1717463113.3425217,322,0.0,29.5,OCC_TO_CU
1717463113.3428185,273,0.0,29.5,CU_TO_DEV
1717463113.344415,273,100.0,29.5,CU_TO_DEV
1717463113.543538,273,15.0,29.5,CU_TO_DEV
1717463113.7680817,154,7.9,29.6,OCC_TO_CU
1717463113.9441552,241,5.7,29.6,CU_TO_DEV
1717463113.9459004,241,0.0,29.6,CU_TO_DEV
1717463123.3453703,322,3.9,29.5,OCC_TO_CU
1717463123.3483784,322,0.0,29.5,OCC_TO_CU
1717463123.3490882,273,0.0,29.5,CU_TO_DEV
1717463123.350412,273,0.0,29.5,CU_TO_DEV
1717463123.549693,273,51.9,29.6,CU_TO_DEV
1717463133.3530955,322,3.8,29.5,OCC_TO_CU
1717463133.3546133,273,0.0,29.5,CU_TO_DEV
1717463133.3561316,322,0.0,29.5,OCC_TO_CU
1717463133.3573883,273,0.0,29.5,CU_TO_DEV
1717463133.5552182,273,59.3,29.5,CU_TO_DEV
1717463143.3835397,322,4.5,29.3,OCC_TO_CU
1717463143.384606,322,0.0,29.3,OCC_TO_CU
1717463143.5610015,273,7.2,29.4,CU_TO_DEV
1717463143.561398,273,0.0,29.4,CU_TO_DEV
1717463153.4001403,322,3.5,29.4,OCC_TO_CU
1717463153.4011934,322,0.0,29.4,OCC_TO_CU
1717463153.5669808,273,12.1,29.5,CU_TO_DEV
1717463153.5672545,273,100.0,29.5,CU_TO_DEV
1717463163.410641,322,3.5,29.4,OCC_TO_CU
1717463163.4115376,322,100.0,29.4,OCC_TO_CU
1717463163.5723164,273,6.5,29.5,CU_TO_DEV
1717463163.5721645,273,6.5,29.5,CU_TO_DEV
1717463163.7365365,154,16.2,29.5,OCC_TO_CU
1717463163.7729416,241,15.4,29.5,CU_TO_DEV
1717463163.772976,241,15.4,29.5,CU_TO_DEV
1717463173.4156084,322,3.7,29.5,OCC_TO_CU
1717463173.4166136,322,0.0,29.5,OCC_TO_CU
1717463173.57792,273,7.9,29.6,CU_TO_DEV
1717463173.5783904,273,0.0,29.6,CU_TO_DEV
1717463183.420678,322,3.7,29.6,OCC_TO_CU
1717463183.421752,322,0.0,29.6,OCC_TO_CU
1717463183.5826027,273,12.3,29.7,CU_TO_DEV
1717463183.5830717,273,0.0,29.7,CU_TO_DEV
1717463193.4399683,322,5.2,29.4,OCC_TO_CU
1717463193.440881,322,0.0,29.4,OCC_TO_CU
1717463193.588469,273,11.7,29.5,CU_TO_DEV
1717463193.5887709,273,0.0,29.5,CU_TO_DEV
1717463203.4615207,322,3.7,29.5,OCC_TO_CU
1717463203.4621832,322,0.0,29.5,OCC_TO_CU
1717463203.5940912,273,9.8,29.6,CU_TO_DEV
1717463203.5944672,273,0.0,29.6,CU_TO_DEV
1717463213.4739523,322,3.7,29.5,OCC_TO_CU
1717463213.4747586,322,0.0,29.5,OCC_TO_CU
1717463213.5994802,273,17.3,29.6,CU_TO_DEV
1717463213.5995653,273,17.3,29.6,CU_TO_DEV
1717463213.8296204,154,12.0,29.6,OCC_TO_CU
1717463214.0003521,241,10.1,29.6,CU_TO_DEV
1717463214.000439,241,10.1,29.6,CU_TO_DEV
1717463223.4783432,322,3.6,29.6,OCC_TO_CU
1717463223.4791732,322,0.0,29.6,OCC_TO_CU
1717463223.6062129,273,74.5,29.6,CU_TO_DEV
1717463223.6069343,273,0.0,29.6,CU_TO_DEV
1717463233.489468,322,4.5,29.5,OCC_TO_CU
1717463233.490051,322,0.0,29.5,OCC_TO_CU
1717463233.61354,273,12.2,29.5,CU_TO_DEV
1717463233.6135921,273,12.2,29.5,CU_TO_DEV
1717463243.5214367,322,4.3,29.4,OCC_TO_CU
1717463243.5220766,322,0.0,29.4,OCC_TO_CU
1717463243.6187272,273,16.2,29.5,CU_TO_DEV
1717463243.6192083,273,0.0,29.5,CU_TO_DEV
1717463253.5187426,322,3.7,29.4,OCC_TO_CU
1717463253.5194075,322,50.0,29.4,OCC_TO_CU
1717463253.624483,273,22.7,29.5,CU_TO_DEV
1717463253.6246479,273,22.7,29.5,CU_TO_DEV
1717463263.5202606,322,4.1,29.4,OCC_TO_CU
1717463263.5212505,322,0.0,29.4,OCC_TO_CU
1717463263.6310353,273,15.9,29.5,CU_TO_DEV
1717463263.6314392,273,100.0,29.5,CU_TO_DEV
1717463263.8874078,154,9.9,29.5,OCC_TO_CU
1717463264.031803,241,7.1,29.5,CU_TO_DEV
1717463264.0321918,241,0.0,29.5,CU_TO_DEV
1717463273.5475745,322,3.8,29.4,OCC_TO_CU
1717463273.548243,322,0.0,29.4,OCC_TO_CU
1717463273.6371217,273,17.6,29.5,CU_TO_DEV
1717463273.6372085,273,17.6,29.5,CU_TO_DEV
1717463283.5563738,322,4.4,29.4,OCC_TO_CU
1717463283.557003,322,0.0,29.4,OCC_TO_CU
1717463283.649965,273,18.9,29.5,CU_TO_DEV
1717463283.6504855,273,0.0,29.5,CU_TO_DEV
1717463293.5599616,322,3.7,29.4,OCC_TO_CU
1717463293.5609775,322,0.0,29.4,OCC_TO_CU
1717463293.6550238,273,18.9,29.5,CU_TO_DEV
1717463293.6551747,273,18.9,29.5,CU_TO_DEV
1717463303.6013615,322,3.8,29.5,OCC_TO_CU
1717463303.6045837,322,0.0,29.5,OCC_TO_CU
1717463303.6604114,273,28.6,29.6,CU_TO_DEV
1717463303.66084,273,0.0,29.6,CU_TO_DEV
1717463313.6053126,322,3.8,29.5,OCC_TO_CU
1717463313.6060529,322,0.0,29.5,OCC_TO_CU
1717463313.6656857,273,29.2,29.6,CU_TO_DEV
1717463313.668448,273,0.0,29.6,CU_TO_DEV
1717463313.8479621,154,15.3,29.7,OCC_TO_CU
1717463313.8675442,241,42.9,29.7,CU_TO_DEV
1717463313.8691776,241,0.0,29.7,CU_TO_DEV
1717463323.6004047,322,4.2,29.5,OCC_TO_CU
1717463323.600959,322,0.0,29.5,OCC_TO_CU
1717463323.6769445,273,17.2,29.6,CU_TO_DEV
1717463323.6770217,273,17.2,29.6,CU_TO_DEV
1717463333.6243157,322,4.5,29.5,OCC_TO_CU
1717463333.6249626,322,0.0,29.5,OCC_TO_CU
1717463333.6869242,273,28.0,29.5,CU_TO_DEV
1717463333.6890626,273,0.0,29.5,CU_TO_DEV
1717463343.6339645,322,4.4,29.4,OCC_TO_CU
1717463343.6351264,322,0.0,29.4,OCC_TO_CU
1717463343.693711,273,29.2,29.5,CU_TO_DEV
1717463343.693968,273,29.2,29.5,CU_TO_DEV
1717463353.6452959,322,3.4,29.5,OCC_TO_CU
1717463353.6458411,322,0.0,29.5,OCC_TO_CU
1717463353.700209,273,0.0,29.6,CU_TO_DEV
1717463353.6997023,273,81.8,29.6,CU_TO_DEV
1717463363.6594179,322,4.2,29.4,OCC_TO_CU
1717463363.6600785,322,0.0,29.4,OCC_TO_CU
1717463363.7050738,273,33.3,29.5,CU_TO_DEV
1717463363.7083008,273,50.0,29.5,CU_TO_DEV
1717463363.9237201,154,12.6,29.5,OCC_TO_CU
1717463364.1058114,241,6.9,29.5,CU_TO_DEV
1717463364.1090922,241,0.0,29.5,CU_TO_DEV
1717463373.6813235,322,4.6,29.4,OCC_TO_CU
1717463373.6818936,322,0.0,29.4,OCC_TO_CU
1717463373.7120495,273,46.2,29.5,CU_TO_DEV
1717463373.714509,273,0.0,29.5,CU_TO_DEV
1717463383.6666074,322,3.8,29.5,OCC_TO_CU
1717463383.667291,322,100.0,29.5,OCC_TO_CU
1717463383.7199905,273,28.6,29.6,CU_TO_DEV
1717463383.7206495,273,0.0,29.6,CU_TO_DEV
1717463393.694526,322,4.2,29.4,OCC_TO_CU
1717463393.6951509,322,0.0,29.4,OCC_TO_CU
1717463393.727963,273,41.7,29.5,CU_TO_DEV
1717463393.7277384,273,41.7,29.5,CU_TO_DEV
1717463403.6965988,322,3.4,29.4,OCC_TO_CU
1717463403.697264,322,0.0,29.4,OCC_TO_CU
1717463403.7336845,273,35.7,29.5,CU_TO_DEV
1717463403.7335653,273,35.7,29.5,CU_TO_DEV
1717463413.7094572,322,4.1,29.5,OCC_TO_CU
1717463413.7101126,322,0.0,29.5,OCC_TO_CU
1717463413.739571,273,50.0,29.6,CU_TO_DEV
1717463413.739647,273,50.0,29.6,CU_TO_DEV
1717463413.8954403,154,19.4,29.6,OCC_TO_CU
1717463413.940557,241,25.0,29.6,CU_TO_DEV
1717463413.9408145,241,0.0,29.6,CU_TO_DEV
1717463423.736802,322,4.4,29.5,OCC_TO_CU
1717463423.7375362,322,0.0,29.5,OCC_TO_CU
1717463423.7459927,273,25.0,29.5,CU_TO_DEV
1717463423.7466853,273,0.0,29.5,CU_TO_DEV
1717463433.7275362,322,4.2,29.5,OCC_TO_CU
1717463433.7283552,322,0.0,29.5,OCC_TO_CU
1717463433.751619,273,50.0,29.6,CU_TO_DEV
1717463433.7565658,273,50.0,29.6,CU_TO_DEV
1717463443.7369552,322,3.7,29.6,OCC_TO_CU
1717463443.7379603,322,0.0,29.6,OCC_TO_CU
1717463443.7636473,273,63.6,29.6,CU_TO_DEV
1717463443.7649505,273,0.0,29.6,CU_TO_DEV
1717463453.7506664,322,5.1,29.5,OCC_TO_CU
1717463453.7516446,322,0.0,29.5,OCC_TO_CU
1717463453.773488,273,37.5,29.5,CU_TO_DEV
1717463453.7733257,273,37.5,29.5,CU_TO_DEV
1717463463.781341,322,4.5,29.4,OCC_TO_CU
1717463463.7819757,322,0.0,29.4,OCC_TO_CU
1717463463.8868086,154,17.1,29.5,OCC_TO_CU
1717463463.979594,241,25.6,29.5,CU_TO_DEV
1717463463.9797494,241,25.6,29.5,CU_TO_DEV
1717463473.7992136,322,3.7,29.4,OCC_TO_CU
1717463473.7998564,322,0.0,29.4,OCC_TO_CU
1717463473.988554,273,67.1,29.5,CU_TO_DEV
1717463473.9885988,273,67.1,29.5,CU_TO_DEV
1717463483.7987883,322,3.2,29.4,OCC_TO_CU
1717463483.8016458,322,0.0,29.4,OCC_TO_CU
1717463483.9965308,273,14.3,29.4,CU_TO_DEV
1717463483.9966836,273,14.3,29.4,CU_TO_DEV
1717463493.8174205,322,3.8,29.4,OCC_TO_CU
1717463493.8180623,322,0.0,29.4,OCC_TO_CU
1717463494.0024836,273,15.3,29.5,CU_TO_DEV
1717463494.002413,273,15.3,29.5,CU_TO_DEV
1717463503.8176377,322,3.5,29.5,OCC_TO_CU
1717463503.8182988,322,0.0,29.5,OCC_TO_CU
1717463504.0084836,273,17.1,29.6,CU_TO_DEV
1717463504.0085278,273,17.1,29.6,CU_TO_DEV
1717463513.8340027,322,4.6,29.4,OCC_TO_CU
1717463513.8348148,322,0.0,29.4,OCC_TO_CU
1717463513.9184327,154,28.6,29.5,OCC_TO_CU
1717463514.0144083,241,28.2,29.5,CU_TO_DEV
1717463514.0146644,241,0.0,29.5,CU_TO_DEV
1717463523.8573754,322,4.2,29.4,OCC_TO_CU
1717463523.8582444,322,0.0,29.4,OCC_TO_CU
1717463524.0202215,273,20.3,29.5,CU_TO_DEV
1717463524.0206885,273,0.0,29.5,CU_TO_DEV
1717463533.8580124,322,3.8,29.4,OCC_TO_CU
1717463533.8586645,322,0.0,29.4,OCC_TO_CU
1717463534.0251682,273,19.4,29.5,CU_TO_DEV
1717463534.0257924,273,0.0,29.5,CU_TO_DEV
1717463543.8838036,322,3.5,29.5,OCC_TO_CU
1717463543.8848703,322,0.0,29.5,OCC_TO_CU
1717463544.0305436,273,21.1,29.6,CU_TO_DEV
1717463544.0307157,273,21.1,29.6,CU_TO_DEV
1717463553.895822,322,4.9,29.5,OCC_TO_CU
1717463553.8965375,322,0.0,29.5,OCC_TO_CU
1717463554.0398722,273,84.2,29.5,CU_TO_DEV
1717463554.040314,273,0.0,29.5,CU_TO_DEV
1717463563.9231017,322,3.2,29.4,OCC_TO_CU
1717463563.9239948,322,100.0,29.4,OCC_TO_CU
1717463563.9551647,154,69.2,29.5,OCC_TO_CU
1717463564.0451274,241,40.0,29.5,CU_TO_DEV
1717463564.0450823,241,40.0,29.5,CU_TO_DEV
1717463573.9193423,322,3.5,29.5,OCC_TO_CU
1717463573.920095,322,0.0,29.5,OCC_TO_CU
1717463574.052524,273,28.8,29.6,CU_TO_DEV
1717463574.052566,273,28.8,29.6,CU_TO_DEV
1717463583.9241745,322,4.6,29.5,OCC_TO_CU
1717463583.9247985,322,0.0,29.5,OCC_TO_CU
1717463584.0604742,273,22.2,29.6,CU_TO_DEV
1717463584.0606966,273,0.0,29.6,CU_TO_DEV
1717463593.9317482,322,3.6,29.5,OCC_TO_CU
1717463593.9325674,322,0.0,29.5,OCC_TO_CU
1717463594.0654168,273,29.6,29.6,CU_TO_DEV
1717463594.0654535,273,29.6,29.6,CU_TO_DEV
1717463603.9671216,322,4.3,29.4,OCC_TO_CU
1717463603.9676995,322,100.0,29.4,OCC_TO_CU
1717463604.0704417,273,27.5,29.5,CU_TO_DEV
1717463604.070386,273,26.8,29.5,CU_TO_DEV
1717463613.9631925,322,3.9,29.5,OCC_TO_CU
1717463613.9638479,322,0.0,29.5,OCC_TO_CU
1717463613.9979582,154,76.9,29.6,OCC_TO_CU
1717463614.0769935,241,100.0,29.6,CU_TO_DEV
1717463614.07681,241,100.0,29.6,CU_TO_DEV
1717463623.9714766,322,3.9,29.4,OCC_TO_CU
1717463623.974689,322,0.0,29.4,OCC_TO_CU
1717463624.0833359,273,32.6,29.5,CU_TO_DEV
1717463624.0837579,273,32.6,29.5,CU_TO_DEV
1717463633.986781,322,3.9,29.5,OCC_TO_CU
1717463633.9884937,322,100.0,29.5,OCC_TO_CU
1717463634.088736,273,39.0,29.5,CU_TO_DEV
1717463634.0892184,273,0.0,29.5,CU_TO_DEV
1717463644.0174816,322,4.1,29.5,OCC_TO_CU
1717463644.0329745,322,50.0,29.5,OCC_TO_CU
1717463644.0943217,273,48.0,29.6,CU_TO_DEV
1717463644.0946233,273,48.0,29.6,CU_TO_DEV
1717463654.0339038,322,5.5,29.4,OCC_TO_CU
1717463654.0345838,322,0.0,29.4,OCC_TO_CU
1717463654.1008914,273,26.9,29.5,CU_TO_DEV
1717463654.1009545,273,26.9,29.5,CU_TO_DEV
1717463664.0308769,322,4.2,29.4,OCC_TO_CU
1717463664.0321372,322,100.0,29.4,OCC_TO_CU
1717463664.0435205,154,57.1,29.4,OCC_TO_CU
1717463664.109984,241,47.8,29.4,CU_TO_DEV
1717463664.1102376,241,0.0,29.4,CU_TO_DEV
1717463674.0343213,322,3.7,29.4,OCC_TO_CU
1717463674.035112,322,0.0,29.4,OCC_TO_CU
1717463674.1148982,273,30.0,29.5,CU_TO_DEV
1717463674.1154194,273,0.0,29.5,CU_TO_DEV
1717463684.06535,322,3.7,29.5,OCC_TO_CU
1717463684.0659912,322,0.0,29.5,OCC_TO_CU
1717463684.1201205,273,33.3,29.5,CU_TO_DEV
1717463684.1203218,273,33.3,29.5,CU_TO_DEV
1717463694.0776606,322,4.7,29.5,OCC_TO_CU
1717463694.0785193,322,0.0,29.5,OCC_TO_CU
1717463694.1287744,273,30.0,29.5,CU_TO_DEV
1717463694.1293485,273,0.0,29.5,CU_TO_DEV
1717463704.101703,322,3.7,29.5,OCC_TO_CU
1717463704.1024837,322,0.0,29.5,OCC_TO_CU
1717463704.1340415,273,57.1,29.6,CU_TO_DEV
1717463704.1343775,273,0.0,29.6,CU_TO_DEV
1717463714.1037965,322,4.6,29.5,OCC_TO_CU
1717463714.1043696,322,0.0,29.5,OCC_TO_CU
1717463714.1155765,154,40.0,29.5,OCC_TO_CU
1717463714.1442435,241,60.0,29.6,CU_TO_DEV
1717463714.1440544,241,60.0,29.6,CU_TO_DEV
1717463724.1124198,322,3.7,29.5,OCC_TO_CU
1717463724.1130416,322,0.0,29.5,OCC_TO_CU
1717463724.149627,273,42.9,29.6,CU_TO_DEV
1717463724.1503234,273,0.0,29.6,CU_TO_DEV
1717463734.1346076,322,3.6,29.5,OCC_TO_CU
1717463734.135247,322,100.0,29.5,OCC_TO_CU
1717463734.1556745,273,50.0,29.6,CU_TO_DEV
1717463734.1567612,273,0.0,29.6,CU_TO_DEV
1717463744.1345634,322,4.3,29.5,OCC_TO_CU
1717463744.1352537,322,50.0,29.5,OCC_TO_CU
1717463744.1666803,273,45.5,29.6,CU_TO_DEV
1717463744.1667495,273,45.5,29.6,CU_TO_DEV
1717463754.157636,322,3.7,29.6,OCC_TO_CU
1717463754.1582904,322,0.0,29.6,OCC_TO_CU
1717463754.1724994,273,66.7,29.6,CU_TO_DEV
1717463754.1751013,273,0.0,29.6,CU_TO_DEV
1717463764.162611,322,4.6,29.5,OCC_TO_CU
1717463764.1634176,322,100.0,29.5,OCC_TO_CU
1717463764.1809454,273,50.0,29.5,CU_TO_DEV
1717463764.183542,273,100.0,29.5,CU_TO_DEV
1717463764.5035563,154,34.9,29.5,OCC_TO_CU
1717463764.5829182,241,15.2,29.5,CU_TO_DEV
1717463764.584393,241,0.0,29.5,CU_TO_DEV
1717463774.1596332,322,3.5,29.5,OCC_TO_CU
1717463774.1606631,322,0.0,29.5,OCC_TO_CU
1717463774.189659,273,50.0,29.6,CU_TO_DEV
1717463774.189844,273,50.0,29.6,CU_TO_DEV
1717463784.1949089,322,5.3,29.3,OCC_TO_CU
1717463784.1957188,322,0.0,29.3,OCC_TO_CU
1717463784.1995707,273,0.0,29.3,CU_TO_DEV
1717463784.1997437,273,0.0,29.3,CU_TO_DEV
1717463794.2189095,322,4.2,29.4,OCC_TO_CU
1717463794.219541,322,0.0,29.4,OCC_TO_CU
1717463794.4047809,273,9.6,29.5,CU_TO_DEV
1717463794.4046185,273,9.6,29.5,CU_TO_DEV
1717463804.2204678,322,3.9,29.4,OCC_TO_CU
1717463804.2211072,322,0.0,29.4,OCC_TO_CU
1717463804.4102628,273,9.2,29.5,CU_TO_DEV
1717463804.4107733,273,0.0,29.5,CU_TO_DEV
1717463814.2357295,322,3.6,29.5,OCC_TO_CU
1717463814.2363834,322,0.0,29.5,OCC_TO_CU
1717463814.4153595,273,8.5,29.6,CU_TO_DEV
1717463814.4154053,273,8.5,29.6,CU_TO_DEV
1717463814.5816402,154,7.6,29.6,OCC_TO_CU
1717463814.6162302,241,35.7,29.6,CU_TO_DEV
1717463814.6161742,241,35.7,29.6,CU_TO_DEV
1717463824.230974,322,3.8,29.6,OCC_TO_CU
1717463824.231982,322,0.0,29.6,OCC_TO_CU
1717463824.421376,273,10.5,29.7,CU_TO_DEV
1717463824.4215884,273,10.4,29.7,CU_TO_DEV
1717463834.2727633,322,4.6,29.5,OCC_TO_CU
1717463834.2734437,322,0.0,29.5,OCC_TO_CU
1717463834.4295993,273,9.7,29.6,CU_TO_DEV
1717463834.4297783,273,9.7,29.6,CU_TO_DEV
1717463844.2704341,322,4.7,29.5,OCC_TO_CU
1717463844.2710629,322,0.0,29.5,OCC_TO_CU
1717463844.4396262,273,10.3,29.6,CU_TO_DEV
1717463844.4396615,273,10.3,29.6,CU_TO_DEV
1717463854.2864623,322,3.3,29.5,OCC_TO_CU
1717463854.2871213,322,0.0,29.5,OCC_TO_CU
1717463854.4446297,273,11.1,29.6,CU_TO_DEV
1717463854.44481,273,11.1,29.6,CU_TO_DEV
1717463864.2931175,322,3.8,29.6,OCC_TO_CU
1717463864.2938068,322,0.0,29.6,OCC_TO_CU
1717463864.4500442,273,9.7,29.7,CU_TO_DEV
1717463864.450232,273,9.7,29.7,CU_TO_DEV
1717463864.5468996,154,10.5,29.7,OCC_TO_CU
1717463864.6509445,241,85.4,29.7,CU_TO_DEV
1717463864.6516023,241,100.0,29.7,CU_TO_DEV
1717463874.2903404,322,3.7,29.5,OCC_TO_CU
1717463874.2909527,322,0.0,29.5,OCC_TO_CU
1717463874.4564638,273,9.2,29.6,CU_TO_DEV
1717463874.4564154,273,9.2,29.6,CU_TO_DEV
1717463884.3087087,322,4.3,29.5,OCC_TO_CU
1717463884.309332,322,0.0,29.5,OCC_TO_CU
1717463884.4639432,273,9.8,29.6,CU_TO_DEV
1717463884.4641848,273,0.0,29.6,CU_TO_DEV
1717463894.3088212,322,3.6,29.3,OCC_TO_CU
1717463894.3096058,322,0.0,29.3,OCC_TO_CU
1717463894.4712386,273,69.7,29.3,CU_TO_DEV
1717463894.471684,273,69.7,29.3,CU_TO_DEV
1717463904.3376625,322,3.4,29.3,OCC_TO_CU
1717463904.338426,322,0.0,29.3,OCC_TO_CU
1717463904.477013,273,10.9,29.4,CU_TO_DEV
1717463904.477098,273,10.9,29.4,CU_TO_DEV
1717463914.345358,322,4.3,29.2,OCC_TO_CU
1717463914.3458896,322,0.0,29.2,OCC_TO_CU
1717463914.4852312,273,10.7,29.3,CU_TO_DEV
1717463914.485189,273,10.7,29.3,CU_TO_DEV
1717463914.6406684,154,14.1,29.3,OCC_TO_CU
1717463914.6858203,241,17.6,29.3,CU_TO_DEV
1717463914.685857,241,17.6,29.3,CU_TO_DEV
1717463924.3695996,322,4.7,29.2,OCC_TO_CU
1717463924.3701334,322,0.0,29.2,OCC_TO_CU
1717463924.493528,273,13.7,29.3,CU_TO_DEV
1717463924.493771,273,0.0,29.3,CU_TO_DEV
1717463934.3684642,322,3.5,29.2,OCC_TO_CU
1717463934.3691208,322,0.0,29.2,OCC_TO_CU
1717463934.4985824,273,10.0,29.3,CU_TO_DEV
1717463934.4990764,273,0.0,29.3,CU_TO_DEV
1717463944.376561,322,3.8,29.3,OCC_TO_CU
1717463944.377189,322,0.0,29.3,OCC_TO_CU
1717463944.5050733,273,11.8,29.4,CU_TO_DEV
1717463944.5055707,273,0.0,29.4,CU_TO_DEV
1717463954.3893752,322,3.7,29.4,OCC_TO_CU
1717463954.3900096,322,0.0,29.4,OCC_TO_CU
1717463954.5104778,273,16.7,29.4,CU_TO_DEV
1717463954.5104177,273,16.7,29.4,CU_TO_DEV
1717463964.4087155,322,4.8,29.8,OCC_TO_CU
1717463964.4092276,322,0.0,29.8,OCC_TO_CU
1717463964.516308,273,11.4,29.8,CU_TO_DEV
1717463964.516151,273,11.6,29.8,CU_TO_DEV
1717463964.5915086,154,10.0,29.8,OCC_TO_CU
1717463964.717004,241,76.5,29.8,CU_TO_DEV
1717463964.717076,241,76.5,29.8,CU_TO_DEV
1717463974.4206579,322,4.7,29.3,OCC_TO_CU
1717463974.4212925,322,0.0,29.3,OCC_TO_CU
1717463974.5224788,273,90.0,29.4,CU_TO_DEV
1717463974.5220942,273,90.0,29.4,CU_TO_DEV
1717463984.4292448,322,3.8,29.2,OCC_TO_CU
1717463984.4298816,322,0.0,29.2,OCC_TO_CU
1717463984.5298133,273,17.5,29.3,CU_TO_DEV
1717463984.5322278,273,0.0,29.3,CU_TO_DEV
1717463994.4348736,322,3.7,29.3,OCC_TO_CU
1717463994.4356155,322,100.0,29.3,OCC_TO_CU
1717463994.534867,273,17.5,29.4,CU_TO_DEV
1717463994.5373712,273,0.0,29.4,CU_TO_DEV
1717464004.4662104,322,3.8,29.4,OCC_TO_CU
1717464004.4674962,322,0.0,29.4,OCC_TO_CU
1717464004.540024,273,24.1,29.5,CU_TO_DEV
1717464004.5417724,273,0.0,29.5,CU_TO_DEV
1717464014.4808586,322,4.9,29.4,OCC_TO_CU
1717464014.4814336,322,0.0,29.4,OCC_TO_CU
1717464014.5452657,273,23.1,29.5,CU_TO_DEV
1717464014.5462072,273,0.0,29.5,CU_TO_DEV
1717464015.700472,154,6.5,29.5,OCC_TO_CU
1717464015.7473922,241,100.0,29.6,CU_TO_DEV
1717464015.7469523,241,83.3,29.6,CU_TO_DEV
1717464024.4735682,322,4.0,29.3,OCC_TO_CU
1717464024.4742193,322,0.0,29.3,OCC_TO_CU
1717464024.5554264,273,26.5,29.4,CU_TO_DEV
1717464024.5554874,273,26.5,29.4,CU_TO_DEV
1717464034.5030098,322,3.7,29.4,OCC_TO_CU
1717464034.5038052,322,0.0,29.4,OCC_TO_CU
1717464034.5605872,273,30.4,29.5,CU_TO_DEV
1717464034.5604877,273,30.4,29.5,CU_TO_DEV
1717464044.5124662,322,4.4,29.3,OCC_TO_CU
1717464044.5155272,322,50.0,29.3,OCC_TO_CU
1717464044.56741,273,28.6,29.4,CU_TO_DEV
1717464044.5674667,273,28.6,29.4,CU_TO_DEV
1717464054.5164092,322,3.9,29.3,OCC_TO_CU
1717464054.5176375,322,0.0,29.3,OCC_TO_CU
1717464054.5728216,273,27.3,29.4,CU_TO_DEV
1717464054.5726485,273,27.3,29.4,CU_TO_DEV
1717464064.5510402,322,4.6,29.3,OCC_TO_CU
1717464064.5517967,322,100.0,29.3,OCC_TO_CU
1717464064.57899,273,63.6,29.4,CU_TO_DEV
1717464064.5804803,273,100.0,29.4,CU_TO_DEV
1717464065.6723192,154,15.1,29.3,OCC_TO_CU
1717464065.7805963,241,11.6,29.4,CU_TO_DEV
1717464065.782599,241,0.0,29.4,CU_TO_DEV
1717464074.5395665,322,3.2,29.3,OCC_TO_CU
1717464074.5416107,322,0.0,29.3,OCC_TO_CU
1717464074.5852365,273,35.3,29.4,CU_TO_DEV
1717464074.5870955,273,0.0,29.4,CU_TO_DEV
1717464084.554129,322,3.9,29.3,OCC_TO_CU
1717464084.5549374,322,0.0,29.3,OCC_TO_CU
1717464084.5902567,273,38.5,29.4,CU_TO_DEV
1717464084.591345,273,100.0,29.4,CU_TO_DEV
1717464094.5838115,322,3.9,29.4,OCC_TO_CU
1717464094.5844579,322,0.0,29.4,OCC_TO_CU
1717464094.5963326,273,0.0,29.4,CU_TO_DEV
1717464094.5960298,273,40.0,29.4,CU_TO_DEV
1717464104.5929487,322,5.8,29.3,OCC_TO_CU
1717464104.593486,322,0.0,29.3,OCC_TO_CU
1717464104.6051097,273,50.0,29.3,CU_TO_DEV
1717464104.605523,273,0.0,29.3,CU_TO_DEV
1717464114.5879526,322,3.8,29.3,OCC_TO_CU
1717464114.5886111,322,0.0,29.3,OCC_TO_CU
1717464114.611524,273,44.4,29.3,CU_TO_DEV
1717464114.6107028,273,37.5,29.3,CU_TO_DEV
1717464115.7317593,154,8.1,29.4,OCC_TO_CU
1717464115.8131466,241,20.6,29.5,CU_TO_DEV
1717464115.8133376,241,20.6,29.5,CU_TO_DEV
1717464124.605183,322,3.6,29.4,OCC_TO_CU
1717464124.605828,322,0.0,29.4,OCC_TO_CU
1717464124.6181395,273,50.0,29.4,CU_TO_DEV
1717464124.6186898,273,0.0,29.4,CU_TO_DEV
1717464134.6224775,322,4.0,29.4,OCC_TO_CU
1717464134.6231127,322,0.0,29.4,OCC_TO_CU
1717464134.6250591,273,0.0,29.4,CU_TO_DEV
1717464134.6252644,273,0.0,29.4,CU_TO_DEV
1717464144.625629,322,4.0,29.4,OCC_TO_CU
1717464144.6262794,322,0.0,29.4,OCC_TO_CU
1717464144.6300447,273,50.0,29.4,CU_TO_DEV
1717464144.630002,273,50.0,29.4,CU_TO_DEV
1717464154.6591194,322,5.5,29.4,OCC_TO_CU
1717464154.6597955,322,100.0,29.4,OCC_TO_CU
1717464154.8363807,273,11.3,29.5,CU_TO_DEV
1717464154.837865,273,0.0,29.5,CU_TO_DEV
1717464164.6572926,322,3.9,29.4,OCC_TO_CU
1717464164.6603272,322,0.0,29.4,OCC_TO_CU
1717464164.8417099,273,9.6,29.5,CU_TO_DEV
1717464164.8421729,273,0.0,29.5,CU_TO_DEV
1717464166.4532743,154,6.7,29.5,OCC_TO_CU
1717464166.6433418,241,8.0,29.6,CU_TO_DEV
1717464166.6437805,241,0.0,29.6,CU_TO_DEV
1717464174.6792817,322,5.3,29.2,OCC_TO_CU
1717464174.680103,322,0.0,29.2,OCC_TO_CU
1717464174.8506367,273,9.0,29.3,CU_TO_DEV
1717464174.8507056,273,9.0,29.3,CU_TO_DEV
1717464184.6751351,322,3.9,29.3,OCC_TO_CU
1717464184.6759226,322,100.0,29.3,OCC_TO_CU
1717464184.8560953,273,11.0,29.4,CU_TO_DEV
1717464184.8565948,273,0.0,29.4,CU_TO_DEV
1717464194.69361,322,4.8,29.3,OCC_TO_CU
1717464194.6941764,322,0.0,29.3,OCC_TO_CU
1717464194.8641708,273,8.7,29.4,CU_TO_DEV
1717464194.8640113,273,8.7,29.4,CU_TO_DEV
1717464204.709446,322,3.4,29.3,OCC_TO_CU
1717464204.710208,322,0.0,29.3,OCC_TO_CU
1717464204.8689458,273,10.9,29.4,CU_TO_DEV
1717464204.869037,273,10.9,29.4,CU_TO_DEV
1717464214.712,322,3.8,29.4,OCC_TO_CU
1717464214.7126243,322,0.0,29.4,OCC_TO_CU
1717464214.8754466,273,12.1,29.5,CU_TO_DEV
1717464214.875513,273,12.1,29.5,CU_TO_DEV
1717464217.3392212,154,5.9,29.4,OCC_TO_CU
1717464217.477423,241,14.5,29.5,CU_TO_DEV
1717464217.477912,241,0.0,29.5,CU_TO_DEV
1717464224.728693,322,3.2,29.5,OCC_TO_CU
1717464224.7293239,322,0.0,29.5,OCC_TO_CU
1717464224.881211,273,10.0,29.6,CU_TO_DEV
1717464224.8828235,273,0.0,29.6,CU_TO_DEV
1717464234.7440379,322,4.6,29.4,OCC_TO_CU
1717464234.744594,322,0.0,29.4,OCC_TO_CU
1717464234.8890896,273,7.1,29.5,CU_TO_DEV
1717464234.8889575,273,7.1,29.5,CU_TO_DEV
1717464244.7487848,322,4.4,29.3,OCC_TO_CU
1717464244.7494097,322,0.0,29.3,OCC_TO_CU
1717464244.8953981,273,12.1,29.4,CU_TO_DEV
1717464244.8952756,273,12.1,29.4,CU_TO_DEV
1717464254.7593818,322,3.7,29.4,OCC_TO_CU
1717464254.7600021,322,0.0,29.4,OCC_TO_CU
1717464254.9016638,273,12.3,29.5,CU_TO_DEV
1717464254.90149,273,12.3,29.5,CU_TO_DEV
1717464264.7824044,322,3.9,29.5,OCC_TO_CU
1717464264.783212,322,66.7,29.5,OCC_TO_CU
1717464264.9069386,273,12.5,29.6,CU_TO_DEV
1717464264.90722,273,100.0,29.6,CU_TO_DEV
1717464267.5006452,154,5.7,29.6,OCC_TO_CU
1717464267.509962,241,33.3,29.6,CU_TO_DEV
1717464267.5106766,241,0.0,29.6,CU_TO_DEV
1717464274.7834654,322,5.5,29.4,OCC_TO_CU
1717464274.784107,322,0.0,29.4,OCC_TO_CU
1717464274.9140286,273,12.0,29.4,CU_TO_DEV
1717464274.9152508,273,0.0,29.4,CU_TO_DEV
1717464284.788438,322,4.2,29.4,OCC_TO_CU
1717464284.7890952,322,0.0,29.4,OCC_TO_CU
1717464284.9192157,273,13.5,29.5,CU_TO_DEV
1717464284.9197812,273,0.0,29.5,CU_TO_DEV
1717464294.8083928,322,5.6,29.3,OCC_TO_CU
1717464294.809027,322,0.0,29.3,OCC_TO_CU
1717464294.927341,273,13.0,29.4,CU_TO_DEV
1717464294.9316964,273,0.0,29.4,CU_TO_DEV
1717464304.8306491,322,4.1,29.3,OCC_TO_CU
1717464304.8313642,322,100.0,29.3,OCC_TO_CU
1717464304.933593,273,19.5,29.4,CU_TO_DEV
1717464304.93603,273,0.0,29.4,CU_TO_DEV
1717464314.8239763,322,4.1,29.4,OCC_TO_CU
1717464314.8289878,322,0.0,29.4,OCC_TO_CU
1717464314.9387677,273,16.7,29.4,CU_TO_DEV
1717464314.9406118,273,100.0,29.4,CU_TO_DEV
1717464317.58221,154,5.6,29.4,OCC_TO_CU
1717464317.7406595,241,10.9,29.5,CU_TO_DEV
1717464317.7421072,241,0.0,29.5,CU_TO_DEV
1717464324.8304763,322,3.4,29.5,OCC_TO_CU
1717464324.8311136,322,0.0,29.5,OCC_TO_CU
1717464324.9443278,273,20.5,29.6,CU_TO_DEV
1717464324.945168,273,0.0,29.6,CU_TO_DEV
1717464334.838408,322,4.7,29.4,OCC_TO_CU
1717464334.8438559,322,0.0,29.4,OCC_TO_CU
1717464334.9491234,273,26.2,29.5,CU_TO_DEV
1717464334.949506,273,0.0,29.5,CU_TO_DEV
1717464344.8493953,322,3.6,29.5,OCC_TO_CU
1717464344.849965,322,0.0,29.5,OCC_TO_CU
1717464344.9541287,273,12.2,29.6,CU_TO_DEV
1717464344.9540539,273,12.2,29.6,CU_TO_DEV
1717464354.8544953,322,3.7,29.5,OCC_TO_CU
1717464354.8553646,322,100.0,29.5,OCC_TO_CU
1717464354.958976,273,16.7,29.6,CU_TO_DEV
1717464354.9594574,273,100.0,29.6,CU_TO_DEV
1717464364.8815181,322,4.4,29.5,OCC_TO_CU
1717464364.8821735,322,0.0,29.5,OCC_TO_CU
1717464364.964652,273,19.4,29.6,CU_TO_DEV
1717464364.9646006,273,19.4,29.6,CU_TO_DEV
1717464367.3353643,154,9.4,29.5,OCC_TO_CU
1717464367.3683715,241,30.8,29.6,CU_TO_DEV
1717464367.368807,241,0.0,29.6,CU_TO_DEV
1717464374.8820088,322,3.4,29.5,OCC_TO_CU
1717464374.8826606,322,0.0,29.5,OCC_TO_CU
1717464374.9724228,273,20.0,29.6,CU_TO_DEV
1717464374.97247,273,20.0,29.6,CU_TO_DEV
1717464384.895395,322,4.6,29.6,OCC_TO_CU
1717464384.8961918,322,0.0,29.6,OCC_TO_CU
1717464384.9831793,273,15.2,29.6,CU_TO_DEV
1717464384.9834766,273,100.0,29.6,CU_TO_DEV
1717464394.9077532,322,3.9,29.6,OCC_TO_CU
1717464394.9085827,322,0.0,29.6,OCC_TO_CU
1717464394.989342,273,90.6,29.6,CU_TO_DEV
1717464394.9899385,273,0.0,29.6,CU_TO_DEV
1717464404.9064906,322,3.9,29.5,OCC_TO_CU
1717464404.9071488,322,0.0,29.5,OCC_TO_CU
1717464404.9994268,273,25.0,29.6,CU_TO_DEV
1717464404.999537,273,25.0,29.6,CU_TO_DEV
1717464414.9379287,322,4.1,29.6,OCC_TO_CU
1717464414.9385903,322,0.0,29.6,OCC_TO_CU
1717464415.0045102,273,24.0,29.6,CU_TO_DEV
1717464415.004575,273,24.0,29.6,CU_TO_DEV
1717464417.4119093,154,5.1,29.6,OCC_TO_CU
1717464417.6065447,241,10.3,29.7,CU_TO_DEV
1717464417.6066244,241,10.3,29.7,CU_TO_DEV
1717464424.9412763,322,5.3,29.6,OCC_TO_CU
1717464424.941852,322,0.0,29.6,OCC_TO_CU
1717464425.0130424,273,23.3,29.7,CU_TO_DEV
1717464425.0134842,273,0.0,29.7,CU_TO_DEV
1717464434.957438,322,3.4,29.5,OCC_TO_CU
1717464434.9581895,322,0.0,29.5,OCC_TO_CU
1717464435.018011,273,32.0,29.6,CU_TO_DEV
1717464435.0183325,273,0.0,29.6,CU_TO_DEV
1717464444.9620097,322,4.1,29.6,OCC_TO_CU
1717464444.9656825,322,0.0,29.6,OCC_TO_CU
1717464445.023441,273,29.2,29.6,CU_TO_DEV
1717464445.0235488,273,29.2,29.6,CU_TO_DEV
1717464454.9710543,322,3.6,29.6,OCC_TO_CU
1717464454.974824,322,0.0,29.6,OCC_TO_CU
1717464455.0285754,273,20.0,29.7,CU_TO_DEV
1717464455.0289679,273,0.0,29.7,CU_TO_DEV
1717464464.9748278,322,3.4,29.6,OCC_TO_CU
1717464464.9752917,322,100.0,29.6,OCC_TO_CU
1717464465.0334108,273,25.0,29.7,CU_TO_DEV
1717464465.0334494,273,25.0,29.7,CU_TO_DEV
1717464467.4766076,154,8.4,29.6,OCC_TO_CU
1717464467.6353064,241,15.4,29.7,CU_TO_DEV
1717464467.6353812,241,15.4,29.7,CU_TO_DEV
1717464474.9962566,322,4.4,29.6,OCC_TO_CU
1717464474.9969995,322,0.0,29.6,OCC_TO_CU
1717464475.0423071,273,29.4,29.7,CU_TO_DEV
1717464475.0424294,273,29.4,29.7,CU_TO_DEV
1717464484.9994724,322,3.7,29.6,OCC_TO_CU
1717464485.0002422,322,0.0,29.6,OCC_TO_CU
1717464485.0478206,273,27.8,29.7,CU_TO_DEV
1717464485.0478764,273,27.8,29.7,CU_TO_DEV
1717464495.0039713,322,4.3,29.5,OCC_TO_CU
1717464495.0047078,322,0.0,29.5,OCC_TO_CU
1717464495.0539887,273,27.8,29.6,CU_TO_DEV
1717464495.054445,273,0.0,29.6,CU_TO_DEV
1717464505.0149307,322,3.7,29.6,OCC_TO_CU
1717464505.0181582,322,50.0,29.6,OCC_TO_CU
1717464505.0607593,273,25.0,29.6,CU_TO_DEV
1717464505.0612118,273,0.0,29.6,CU_TO_DEV
1717464515.0379138,322,4.4,29.6,OCC_TO_CU
1717464515.0384297,322,0.0,29.6,OCC_TO_CU
1717464515.0678303,273,41.7,29.6,CU_TO_DEV
1717464515.0679321,273,41.7,29.6,CU_TO_DEV
1717464517.5590546,154,4.5,29.6,OCC_TO_CU
1717464517.669873,241,15.6,29.7,CU_TO_DEV
1717464517.6698194,241,15.6,29.7,CU_TO_DEV
1717464525.042169,322,4.7,29.6,OCC_TO_CU
1717464525.0427005,322,0.0,29.6,OCC_TO_CU
1717464525.0741148,273,36.4,29.6,CU_TO_DEV
1717464525.0744927,273,0.0,29.6,CU_TO_DEV
1717464535.0977771,322,3.4,29.5,OCC_TO_CU
1717464535.0984309,322,0.0,29.5,OCC_TO_CU
1717464535.2800143,273,10.8,29.6,CU_TO_DEV
1717464535.279948,273,10.8,29.6,CU_TO_DEV
1717464545.0725107,322,3.8,29.6,OCC_TO_CU
1717464545.0732744,322,0.0,29.6,OCC_TO_CU
1717464545.0852578,273,40.0,29.6,CU_TO_DEV
1717464545.0860283,273,0.0,29.6,CU_TO_DEV
1717464555.0870874,322,4.1,29.5,OCC_TO_CU
1717464555.0877786,322,100.0,29.5,OCC_TO_CU
1717464555.093927,273,0.0,29.5,CU_TO_DEV
1717464555.0947711,273,0.0,29.5,CU_TO_DEV
1717464565.1014082,322,4.5,29.5,OCC_TO_CU
1717464565.1019278,322,0.0,29.5,OCC_TO_CU
1717464565.1046395,273,0.0,29.5,CU_TO_DEV
1717464565.1047661,273,0.0,29.5,CU_TO_DEV
1717464567.5346162,154,6.1,29.6,OCC_TO_CU
1717464567.707839,241,58.6,29.6,CU_TO_DEV
1717464567.708184,241,0.0,29.6,CU_TO_DEV
1717464575.1041546,322,3.2,29.5,OCC_TO_CU
1717464575.1047752,322,0.0,29.5,OCC_TO_CU
1717464575.1118548,273,33.3,29.5,CU_TO_DEV
1717464575.1124468,273,0.0,29.5,CU_TO_DEV
1717464585.11081,322,3.7,29.5,OCC_TO_CU
1717464585.11149,322,100.0,29.5,OCC_TO_CU
1717464585.11956,273,33.3,29.5,CU_TO_DEV
1717464585.1199083,273,0.0,29.5,CU_TO_DEV
1717464595.1327243,322,4.0,29.6,OCC_TO_CU
1717464595.1333592,322,0.0,29.6,OCC_TO_CU
1717464595.325652,273,9.2,29.7,CU_TO_DEV
1717464595.3254712,273,9.2,29.7,CU_TO_DEV
1717464605.1597946,322,4.2,29.7,OCC_TO_CU
1717464605.1604311,322,0.0,29.7,OCC_TO_CU
1717464605.3310568,273,10.3,29.8,CU_TO_DEV
1717464605.331352,273,0.0,29.8,CU_TO_DEV
1717464615.1622188,322,5.2,29.6,OCC_TO_CU
1717464615.1628156,322,0.0,29.6,OCC_TO_CU
1717464615.3379252,273,8.6,29.6,CU_TO_DEV
1717464615.3378906,273,8.6,29.6,CU_TO_DEV
1717464617.7056432,154,4.7,29.6,OCC_TO_CU
1717464617.7396152,241,66.7,29.7,CU_TO_DEV
1717464617.7398582,241,66.7,29.7,CU_TO_DEV
1717464625.1673036,322,3.3,29.6,OCC_TO_CU
1717464625.1680706,322,0.0,29.6,OCC_TO_CU
1717464625.3439436,273,11.1,29.7,CU_TO_DEV
1717464625.3444047,273,0.0,29.7,CU_TO_DEV
1717464635.1689546,322,4.1,29.6,OCC_TO_CU
1717464635.169615,322,0.0,29.6,OCC_TO_CU
1717464635.3499978,273,11.0,29.7,CU_TO_DEV
1717464635.3500555,273,11.0,29.7,CU_TO_DEV
1717464645.1908069,322,3.7,29.7,OCC_TO_CU
1717464645.1914716,322,100.0,29.7,OCC_TO_CU
1717464645.3551836,273,63.1,29.7,CU_TO_DEV
1717464645.355444,273,100.0,29.7,CU_TO_DEV
1717464655.213813,322,4.6,29.6,OCC_TO_CU
1717464655.214317,322,0.0,29.6,OCC_TO_CU
1717464655.3647943,273,8.5,29.7,CU_TO_DEV
1717464655.3646252,273,8.5,29.7,CU_TO_DEV
1717464665.234106,322,3.7,29.6,OCC_TO_CU
1717464665.234758,322,0.0,29.6,OCC_TO_CU
1717464665.3699088,273,14.3,29.7,CU_TO_DEV
1717464665.3698614,273,14.3,29.7,CU_TO_DEV
1717464667.789624,154,6.4,29.6,OCC_TO_CU
1717464667.9718494,241,57.5,29.6,CU_TO_DEV
1717464667.972094,241,0.0,29.6,CU_TO_DEV
1717464675.2108576,322,3.1,29.6,OCC_TO_CU
1717464675.2116854,322,50.0,29.6,OCC_TO_CU
1717464675.3756378,273,7.9,29.6,CU_TO_DEV
1717464675.3758736,273,7.9,29.6,CU_TO_DEV
1717464685.2351468,322,4.3,29.5,OCC_TO_CU
1717464685.23901,322,33.3,29.5,OCC_TO_CU
1717464685.381477,273,12.3,29.6,CU_TO_DEV
1717464685.3815355,273,12.3,29.6,CU_TO_DEV
1717464695.25225,322,4.1,29.5,OCC_TO_CU
1717464695.2533147,322,0.0,29.5,OCC_TO_CU
1717464695.3867376,273,13.0,29.6,CU_TO_DEV
1717464695.3872235,273,0.0,29.6,CU_TO_DEV
1717464705.25889,322,4.6,29.5,OCC_TO_CU
1717464705.2595317,322,100.0,29.5,OCC_TO_CU
1717464705.3945246,273,13.0,29.6,CU_TO_DEV
1717464705.3946388,273,13.0,29.6,CU_TO_DEV
1717464715.2706344,322,3.6,29.5,OCC_TO_CU
1717464715.2742422,322,50.0,29.5,OCC_TO_CU
1717464715.399587,273,13.7,29.6,CU_TO_DEV
1717464715.3999033,273,0.0,29.6,CU_TO_DEV
1717464717.84834,154,6.0,29.6,OCC_TO_CU
1717464718.0014188,241,12.7,29.7,CU_TO_DEV
1717464718.0014672,241,12.7,29.7,CU_TO_DEV
1717464725.291833,322,3.6,29.6,OCC_TO_CU
1717464725.2924736,322,0.0,29.6,OCC_TO_CU
1717464725.405959,273,11.6,29.7,CU_TO_DEV
1717464725.4064243,273,0.0,29.7,CU_TO_DEV
1717464735.3006284,322,3.9,29.7,OCC_TO_CU
1717464735.3012538,322,0.0,29.7,OCC_TO_CU
1717464735.4112453,273,17.8,29.7,CU_TO_DEV
1717464735.4118602,273,0.0,29.7,CU_TO_DEV
1717464745.313438,322,5.4,29.6,OCC_TO_CU
1717464745.3139496,322,0.0,29.6,OCC_TO_CU
1717464745.4224577,273,13.6,29.7,CU_TO_DEV
1717464745.4223788,273,13.6,29.7,CU_TO_DEV
1717464755.3358824,322,3.7,29.6,OCC_TO_CU
1717464755.3365252,322,0.0,29.6,OCC_TO_CU
1717464755.427931,273,21.1,29.7,CU_TO_DEV
1717464755.4278781,273,21.1,29.7,CU_TO_DEV
1717464765.3336768,322,3.7,29.6,OCC_TO_CU
1717464765.3343387,322,0.0,29.6,OCC_TO_CU
1717464765.4333298,273,15.4,29.7,CU_TO_DEV
1717464765.4332864,273,15.4,29.7,CU_TO_DEV
1717464767.9184215,154,9.2,29.6,OCC_TO_CU
1717464768.0367975,241,72.9,29.6,CU_TO_DEV
1717464768.0370238,241,0.0,29.6,CU_TO_DEV
1717464775.4353034,322,3.1,29.6,OCC_TO_CU
1717464775.435945,322,0.0,29.6,OCC_TO_CU
1717464775.4405844,273,0.0,29.6,CU_TO_DEV
1717464775.440993,273,0.0,29.6,CU_TO_DEV
1717464785.3865435,322,4.0,29.5,OCC_TO_CU
1717464785.3873014,322,0.0,29.5,OCC_TO_CU
1717464785.446009,273,30.4,29.6,CU_TO_DEV
1717464785.4465332,273,0.0,29.6,CU_TO_DEV
1717464795.3719368,322,4.5,29.5,OCC_TO_CU
1717464795.372693,322,0.0,29.5,OCC_TO_CU
1717464795.4540706,273,19.4,29.6,CU_TO_DEV
1717464795.4542594,273,19.4,29.6,CU_TO_DEV
1717464805.3813343,322,4.0,29.5,OCC_TO_CU
1717464805.382165,322,0.0,29.5,OCC_TO_CU
1717464805.4605248,273,22.6,29.6,CU_TO_DEV
1717464805.460796,273,0.0,29.6,CU_TO_DEV
1717464815.3937173,322,4.1,29.5,OCC_TO_CU
1717464815.394226,322,0.0,29.5,OCC_TO_CU
1717464815.467795,273,20.7,29.6,CU_TO_DEV
1717464815.4682393,273,0.0,29.6,CU_TO_DEV
1717464817.6918387,154,5.7,29.6,OCC_TO_CU
1717464817.87006,241,11.4,29.6,CU_TO_DEV
1717464817.8702137,241,11.4,29.6,CU_TO_DEV
1717464825.3972118,322,3.4,29.6,OCC_TO_CU
1717464825.397827,322,0.0,29.6,OCC_TO_CU
1717464825.4748542,273,25.0,29.7,CU_TO_DEV
1717464825.474622,273,25.0,29.7,CU_TO_DEV
1717464835.4370496,322,3.2,29.6,OCC_TO_CU
1717464835.4376922,322,0.0,29.6,OCC_TO_CU
1717464835.480237,273,38.9,29.7,CU_TO_DEV
1717464835.4799953,273,38.9,29.7,CU_TO_DEV
1717464845.433164,322,4.8,29.6,OCC_TO_CU
1717464845.433942,322,0.0,29.6,OCC_TO_CU
1717464845.4888425,273,31.8,29.7,CU_TO_DEV
1717464845.4890966,273,0.0,29.7,CU_TO_DEV
1717464855.4530182,322,3.6,29.6,OCC_TO_CU
1717464855.453673,322,0.0,29.6,OCC_TO_CU
1717464855.4945745,273,33.3,29.7,CU_TO_DEV
1717464855.4944818,273,33.3,29.7,CU_TO_DEV
1717464865.4582407,322,3.5,29.7,OCC_TO_CU
1717464865.4590638,322,0.0,29.7,OCC_TO_CU
1717464865.5003219,273,35.3,29.8,CU_TO_DEV
1717464865.5002675,273,35.3,29.8,CU_TO_DEV
1717464867.666744,154,10.2,29.7,OCC_TO_CU
1717464867.7030137,241,43.8,29.7,CU_TO_DEV
1717464867.704292,241,100.0,29.7,CU_TO_DEV
1717464875.471927,322,4.0,29.6,OCC_TO_CU
1717464875.4725776,322,0.0,29.6,OCC_TO_CU
1717464875.5117636,273,46.7,29.7,CU_TO_DEV
1717464875.511914,273,46.7,29.7,CU_TO_DEV
1717464885.4830556,322,4.6,29.5,OCC_TO_CU
1717464885.4835677,322,0.0,29.5,OCC_TO_CU
1717464885.5207014,273,53.3,29.6,CU_TO_DEV
1717464885.521784,273,0.0,29.6,CU_TO_DEV
1717464895.4942608,322,3.5,29.6,OCC_TO_CU
1717464895.496306,322,0.0,29.6,OCC_TO_CU
1717464895.529818,273,80.0,29.6,CU_TO_DEV
1717464895.529105,273,84.6,29.6,CU_TO_DEV
1717464905.5568707,322,4.5,29.5,OCC_TO_CU
1717464905.560207,322,0.0,29.5,OCC_TO_CU
1717464905.738843,273,13.4,29.6,CU_TO_DEV
1717464905.7392223,273,100.0,29.6,CU_TO_DEV
1717464915.5236852,322,3.7,29.5,OCC_TO_CU
1717464915.5252445,322,0.0,29.5,OCC_TO_CU
1717464915.5441175,273,75.0,29.5,CU_TO_DEV
1717464915.5441942,273,75.0,29.5,CU_TO_DEV
1717464917.8314717,154,6.6,29.6,OCC_TO_CU
1717464917.9462187,241,15.6,29.7,CU_TO_DEV
1717464917.9465053,241,15.6,29.7,CU_TO_DEV
1717464925.5476675,322,3.2,29.6,OCC_TO_CU
1717464925.5486333,322,0.0,29.6,OCC_TO_CU
1717464925.5521123,273,0.0,29.6,CU_TO_DEV
1717464925.552168,273,0.0,29.6,CU_TO_DEV
1717464935.5856104,322,5.1,29.6,OCC_TO_CU
1717464935.5875692,322,0.0,29.6,OCC_TO_CU
1717464935.7608707,273,17.4,29.6,CU_TO_DEV
1717464935.7656827,273,0.0,29.6,CU_TO_DEV
1717464945.5557435,322,3.6,29.5,OCC_TO_CU
1717464945.5566232,322,0.0,29.5,OCC_TO_CU
1717464945.5658777,273,33.3,29.5,CU_TO_DEV
1717464945.57279,273,66.7,29.5,CU_TO_DEV
1717464955.5545135,322,3.5,29.5,OCC_TO_CU
1717464955.555535,322,100.0,29.5,OCC_TO_CU
1717464955.5713782,273,33.3,29.5,CU_TO_DEV
1717464955.5784435,273,50.0,29.6,CU_TO_DEV
1717464965.5916564,322,4.2,29.7,OCC_TO_CU
1717464965.5927098,322,0.0,29.7,OCC_TO_CU
1717464965.7784004,273,17.1,29.7,CU_TO_DEV
1717464965.7862995,273,0.0,29.7,CU_TO_DEV
1717464967.9174275,154,5.5,29.7,OCC_TO_CU
1717464967.980578,241,84.0,29.7,CU_TO_DEV
1717464967.991498,241,100.0,29.7,CU_TO_DEV
1717464975.5997796,322,4.8,29.6,OCC_TO_CU
1717464975.6004848,322,0.0,29.6,OCC_TO_CU
1717464975.6012206,273,0.0,29.6,CU_TO_DEV
1717464975.7851639,273,16.2,29.6,CU_TO_DEV
1717464985.5917325,322,3.4,29.5,OCC_TO_CU
1717464985.5923715,322,0.0,29.5,OCC_TO_CU
1717464985.606981,273,50.0,29.5,CU_TO_DEV
1717464985.7917914,273,21.3,29.6,CU_TO_DEV
1717464995.6251633,322,3.5,29.6,OCC_TO_CU
1717464995.625804,322,0.0,29.6,OCC_TO_CU
1717464995.796785,273,14.9,29.7,CU_TO_DEV
1717464995.8119967,273,33.3,29.7,CU_TO_DEV
1717465005.6214926,322,4.3,29.6,OCC_TO_CU
1717465005.6227012,322,0.0,29.6,OCC_TO_CU
1717465005.6234376,273,0.0,29.6,CU_TO_DEV
1717465005.8028302,273,18.3,29.7,CU_TO_DEV
1717465015.644637,322,3.7,29.6,OCC_TO_CU
1717465015.6454382,322,0.0,29.6,OCC_TO_CU
1717465015.8086534,273,18.5,29.7,CU_TO_DEV
1717465015.8302834,273,33.3,29.7,CU_TO_DEV
1717465017.9828773,154,4.9,29.7,OCC_TO_CU
1717465018.01045,241,54.5,29.7,CU_TO_DEV
1717465018.0319526,241,60.0,29.8,CU_TO_DEV
1717465025.6472225,322,4.3,29.6,OCC_TO_CU
1717465025.6509545,322,0.0,29.6,OCC_TO_CU
1717465025.8177502,273,73.1,29.6,CU_TO_DEV
1717465025.838998,273,33.3,29.6,CU_TO_DEV
1717465035.6753314,322,3.3,29.5,OCC_TO_CU
1717465035.675959,322,0.0,29.5,OCC_TO_CU
1717465035.8224802,273,20.7,29.6,CU_TO_DEV
1717465035.8437405,273,33.3,29.6,CU_TO_DEV
1717465045.6857738,322,3.7,29.6,OCC_TO_CU
1717465045.6864445,322,0.0,29.6,OCC_TO_CU
1717465045.8288217,273,24.1,29.6,CU_TO_DEV
1717465045.849271,273,25.0,29.6,CU_TO_DEV
1717465055.712059,322,3.7,29.7,OCC_TO_CU
1717465055.7127178,322,0.0,29.7,OCC_TO_CU
1717465055.8343346,273,32.0,29.8,CU_TO_DEV
1717465055.8540218,273,14.3,29.8,CU_TO_DEV
1717465065.7333164,322,5.1,29.6,OCC_TO_CU
1717465065.7363756,322,0.0,29.6,OCC_TO_CU
1717465065.841412,273,31.8,29.6,CU_TO_DEV
1717465065.862402,273,33.3,29.6,CU_TO_DEV
1717465068.0463111,154,9.6,29.5,OCC_TO_CU
1717465068.0641677,241,66.7,29.5,CU_TO_DEV
1717465068.244005,241,8.6,29.6,CU_TO_DEV
1717465075.6947148,322,3.2,29.5,OCC_TO_CU
1717465075.6955261,322,100.0,29.5,OCC_TO_CU
1717465075.8481972,273,21.3,29.5,CU_TO_DEV
1717465075.8681679,273,25.0,29.5,CU_TO_DEV
1717465085.7131727,322,3.4,29.5,OCC_TO_CU
1717465085.7138464,322,0.0,29.5,OCC_TO_CU
1717465085.8530734,273,22.2,29.5,CU_TO_DEV
1717465085.8727546,273,25.0,29.5,CU_TO_DEV
1717465095.7440367,322,3.6,29.6,OCC_TO_CU
1717465095.7446105,322,0.0,29.6,OCC_TO_CU
1717465095.8581893,273,26.1,29.7,CU_TO_DEV
1717465095.878373,273,25.0,29.7,CU_TO_DEV
1717465105.7608933,322,3.6,29.6,OCC_TO_CU
1717465105.7615662,322,0.0,29.6,OCC_TO_CU
1717465105.8666224,273,35.9,29.7,CU_TO_DEV
1717465105.8832479,273,37.5,29.7,CU_TO_DEV
1717465115.7596738,322,4.6,29.6,OCC_TO_CU
1717465115.7609398,322,0.0,29.6,OCC_TO_CU
1717465115.8791842,273,29.2,29.7,CU_TO_DEV
1717465115.8889499,273,25.0,29.7,CU_TO_DEV
1717465118.1300306,154,6.4,29.6,OCC_TO_CU
1717465118.2807872,241,10.0,29.7,CU_TO_DEV
1717465118.2914906,241,0.0,29.7,CU_TO_DEV
1717465125.766823,322,4.7,29.6,OCC_TO_CU
1717465125.7674966,322,100.0,29.6,OCC_TO_CU
1717465125.8846602,273,28.9,29.7,CU_TO_DEV
1717465125.900002,273,42.9,29.7,CU_TO_DEV
1717465135.7970839,322,3.8,29.6,OCC_TO_CU
1717465135.7977223,322,0.0,29.6,OCC_TO_CU
1717465135.8903272,273,40.0,29.7,CU_TO_DEV
1717465135.904775,273,16.7,29.7,CU_TO_DEV
1717465145.8020835,322,3.9,29.6,OCC_TO_CU
1717465145.802669,322,0.0,29.6,OCC_TO_CU
1717465145.8963408,273,42.5,29.7,CU_TO_DEV
1717465145.9105978,273,20.0,29.7,CU_TO_DEV
1717465155.8065002,322,3.6,29.7,OCC_TO_CU
1717465155.807161,322,0.0,29.7,OCC_TO_CU
1717465155.907548,273,92.7,29.8,CU_TO_DEV
1717465155.916973,273,100.0,29.8,CU_TO_DEV
1717465165.8316228,322,4.7,29.5,OCC_TO_CU
1717465165.8324933,322,0.0,29.5,OCC_TO_CU
1717465165.914611,273,90.6,29.6,CU_TO_DEV
1717465165.9275553,273,100.0,29.6,CU_TO_DEV
1717465168.203331,154,8.0,29.5,OCC_TO_CU
1717465168.3165429,241,13.3,29.6,CU_TO_DEV
1717465168.3313053,241,42.9,29.6,CU_TO_DEV
1717465175.8452728,322,3.4,29.5,OCC_TO_CU
1717465175.8521214,322,75.0,29.5,OCC_TO_CU
1717465175.9223342,273,64.0,29.6,CU_TO_DEV
1717465175.9367087,273,42.9,29.6,CU_TO_DEV
1717465185.842164,322,3.6,29.6,OCC_TO_CU
1717465185.844964,322,100.0,29.6,OCC_TO_CU
1717465185.9284613,273,44.1,29.6,CU_TO_DEV
1717465185.9430404,273,16.7,29.6,CU_TO_DEV
1717465195.8630624,322,4.5,29.5,OCC_TO_CU
1717465195.8658454,322,66.7,29.5,OCC_TO_CU
1717465195.939078,273,35.7,29.6,CU_TO_DEV
1717465195.9482758,273,25.0,29.6,CU_TO_DEV
1717465205.878619,322,4.7,29.5,OCC_TO_CU
1717465205.8810608,322,0.0,29.5,OCC_TO_CU
1717465205.9460561,273,26.9,29.6,CU_TO_DEV
1717465205.9568875,273,25.0,29.6,CU_TO_DEV
1717465215.8716202,322,3.9,29.5,OCC_TO_CU
1717465215.8749712,322,0.0,29.5,OCC_TO_CU
1717465215.9522417,273,38.7,29.6,CU_TO_DEV
1717465215.9613326,273,25.0,29.6,CU_TO_DEV
1717465218.2690246,154,5.9,29.6,OCC_TO_CU
1717465218.354012,241,12.5,29.7,CU_TO_DEV
1717465218.3630693,241,25.0,29.7,CU_TO_DEV
1717465225.886574,322,3.7,29.6,OCC_TO_CU
1717465225.8896663,322,100.0,29.6,OCC_TO_CU
1717465225.9589357,273,35.7,29.6,CU_TO_DEV
1717465225.9668367,273,0.0,29.6,CU_TO_DEV
1717465235.9001765,322,3.9,29.7,OCC_TO_CU
1717465235.9028447,322,0.0,29.7,OCC_TO_CU
1717465235.9642751,273,30.4,29.7,CU_TO_DEV
1717465235.973073,273,25.0,29.7,CU_TO_DEV
1717465245.9124854,322,4.0,29.7,OCC_TO_CU
1717465245.9133627,322,0.0,29.7,OCC_TO_CU
1717465245.9699242,273,39.1,29.8,CU_TO_DEV
1717465245.9792156,273,40.0,29.8,CU_TO_DEV
1717465255.918119,322,5.3,29.6,OCC_TO_CU
1717465255.9207945,322,100.0,29.6,OCC_TO_CU
1717465255.9773974,273,40.9,29.7,CU_TO_DEV
1717465255.9878917,273,25.0,29.7,CU_TO_DEV
1717465265.9380212,322,4.2,29.6,OCC_TO_CU
1717465265.9385629,322,0.0,29.6,OCC_TO_CU
1717465265.9829237,273,40.0,29.6,CU_TO_DEV
1717465265.9942236,273,40.0,29.6,CU_TO_DEV
1717465268.34561,154,4.7,29.6,OCC_TO_CU
1717465268.38553,241,41.2,29.6,CU_TO_DEV
1717465268.3959332,241,0.0,29.6,CU_TO_DEV
1717465275.9498127,322,3.3,29.6,OCC_TO_CU
1717465275.9503417,322,0.0,29.6,OCC_TO_CU
1717465275.9903092,273,82.4,29.7,CU_TO_DEV
1717465275.9995959,273,100.0,29.7,CU_TO_DEV
1717465285.984676,322,4.1,29.6,OCC_TO_CU
1717465285.985517,322,0.0,29.6,OCC_TO_CU
1717465285.999072,273,50.0,29.6,CU_TO_DEV
1717465286.0087857,273,80.0,29.6,CU_TO_DEV
1717465295.9936628,322,4.3,29.6,OCC_TO_CU
1717465295.9942446,322,0.0,29.6,OCC_TO_CU
1717465296.005172,273,50.0,29.6,CU_TO_DEV
1717465296.0153844,273,75.0,29.6,CU_TO_DEV
1717465305.9892523,322,3.5,29.6,OCC_TO_CU
1717465305.9900885,322,0.0,29.6,OCC_TO_CU
1717465306.0107563,273,62.5,29.6,CU_TO_DEV
1717465306.0217202,273,60.0,29.7,CU_TO_DEV
1717465316.0153935,322,4.4,29.6,OCC_TO_CU
1717465316.016376,322,0.0,29.6,OCC_TO_CU
1717465316.0233946,273,100.0,29.6,CU_TO_DEV
1717465316.0278075,273,100.0,29.6,CU_TO_DEV
1717465318.3155143,154,7.0,29.6,OCC_TO_CU
1717465318.427237,241,13.0,29.7,CU_TO_DEV
1717465318.4343843,241,0.0,29.7,CU_TO_DEV
1717465326.0191107,322,3.3,29.6,OCC_TO_CU
1717465326.0197465,322,100.0,29.6,OCC_TO_CU
1717465326.0334544,273,40.0,29.6,CU_TO_DEV
1717465326.0390944,273,0.0,29.6,CU_TO_DEV
1717465336.0261676,322,4.0,29.6,OCC_TO_CU
1717465336.026832,322,0.0,29.6,OCC_TO_CU
1717465336.0391836,273,50.0,29.6,CU_TO_DEV
1717465336.0477707,273,75.0,29.7,CU_TO_DEV
1717465346.0477176,322,4.4,29.6,OCC_TO_CU
1717465346.048657,322,0.0,29.6,OCC_TO_CU
1717465346.0537922,273,0.0,29.6,CU_TO_DEV
1717465346.246957,273,17.9,29.7,CU_TO_DEV
1717465356.0687628,322,3.8,29.6,OCC_TO_CU
1717465356.0694847,322,0.0,29.6,OCC_TO_CU
1717465356.2529187,273,12.3,29.7,CU_TO_DEV
1717465356.258648,273,0.0,29.7,CU_TO_DEV
1717465366.0799413,322,4.7,29.6,OCC_TO_CU
1717465366.0805647,322,0.0,29.6,OCC_TO_CU
1717465366.260915,273,8.3,29.7,CU_TO_DEV
1717465366.2674596,273,0.0,29.7,CU_TO_DEV
1717465368.3862615,154,4.7,29.6,OCC_TO_CU
1717465368.4625306,241,20.0,29.7,CU_TO_DEV
1717465368.46917,241,0.0,29.7,CU_TO_DEV
1717465376.0689006,322,3.8,29.7,OCC_TO_CU
1717465376.0695326,322,0.0,29.7,OCC_TO_CU
1717465376.0751128,273,0.0,29.7,CU_TO_DEV
1717465376.2668471,273,15.8,29.8,CU_TO_DEV
1717465386.0898538,322,5.0,29.6,OCC_TO_CU
1717465386.0904922,322,0.0,29.6,OCC_TO_CU
1717465386.280534,273,11.8,29.6,CU_TO_DEV
1717465386.2824318,273,0.0,29.6,CU_TO_DEV
1717465396.1004682,322,3.8,29.6,OCC_TO_CU
1717465396.1013663,322,0.0,29.6,OCC_TO_CU
1717465396.2861478,273,14.7,29.7,CU_TO_DEV
1717465396.2881095,273,0.0,29.7,CU_TO_DEV
1717465406.1167495,322,3.7,29.6,OCC_TO_CU
1717465406.1176703,322,0.0,29.6,OCC_TO_CU
1717465406.2919035,273,14.1,29.7,CU_TO_DEV
1717465406.2924838,273,0.0,29.7,CU_TO_DEV
1717465416.182445,322,4.2,29.6,OCC_TO_CU
1717465416.1906488,322,0.0,29.6,OCC_TO_CU
1717465416.297783,273,37.8,29.6,CU_TO_DEV
1717465416.2976067,273,37.8,29.6,CU_TO_DEV
1717465418.3378458,154,6.1,29.6,OCC_TO_CU
1717465418.4995897,241,14.1,29.7,CU_TO_DEV
1717465418.49997,241,0.0,29.7,CU_TO_DEV
1717465426.1538274,322,3.6,29.6,OCC_TO_CU
1717465426.1545115,322,0.0,29.6,OCC_TO_CU
1717465426.303888,273,15.3,29.7,CU_TO_DEV
1717465426.3039613,273,15.3,29.7,CU_TO_DEV
1717465436.1615162,322,4.3,29.6,OCC_TO_CU
1717465436.1621716,322,0.0,29.6,OCC_TO_CU
1717465436.3098252,273,15.5,29.6,CU_TO_DEV
1717465436.3098886,273,15.5,29.6,CU_TO_DEV
1717465446.1662803,322,4.5,29.6,OCC_TO_CU
1717465446.1669147,322,0.0,29.6,OCC_TO_CU
1717465446.3210478,273,13.1,29.7,CU_TO_DEV
1717465446.320898,273,13.1,29.7,CU_TO_DEV
1717465456.1699433,322,3.7,29.6,OCC_TO_CU
1717465456.1705494,322,0.0,29.6,OCC_TO_CU
1717465456.3266163,273,13.1,29.7,CU_TO_DEV
1717465456.3266933,273,13.1,29.7,CU_TO_DEV
1717465466.1865633,322,3.9,29.6,OCC_TO_CU
1717465466.187427,322,100.0,29.6,OCC_TO_CU
1717465466.3345127,273,0.0,29.7,CU_TO_DEV
1717465466.3340828,273,74.6,29.7,CU_TO_DEV
1717465468.3795962,154,4.8,29.5,OCC_TO_CU
1717465468.5359614,241,6.6,29.6,CU_TO_DEV
1717465468.5359948,241,6.6,29.6,CU_TO_DEV
1717465476.2556682,322,4.6,29.6,OCC_TO_CU
1717465476.2562516,322,0.0,29.6,OCC_TO_CU
1717465476.3435655,273,22.9,29.6,CU_TO_DEV
1717465476.344148,273,0.0,29.6,CU_TO_DEV
1717465486.1990972,322,3.4,29.5,OCC_TO_CU
1717465486.2001717,322,100.0,29.5,OCC_TO_CU
1717465486.3487866,273,16.9,29.6,CU_TO_DEV
1717465486.3497198,273,0.0,29.6,CU_TO_DEV
1717465496.2401812,322,3.8,29.6,OCC_TO_CU
1717465496.2407913,322,0.0,29.6,OCC_TO_CU
1717465496.357273,273,20.8,29.7,CU_TO_DEV
1717465496.3572192,273,20.8,29.7,CU_TO_DEV
1717465506.2477152,322,4.6,29.6,OCC_TO_CU
1717465506.2485561,322,0.0,29.6,OCC_TO_CU
1717465506.3678086,273,13.0,29.7,CU_TO_DEV
1717465506.3677278,273,13.0,29.7,CU_TO_DEV
1717465516.2533503,322,3.4,29.6,OCC_TO_CU
1717465516.2539797,322,0.0,29.6,OCC_TO_CU
1717465516.3732967,273,19.1,29.7,CU_TO_DEV
1717465516.3739417,273,0.0,29.7,CU_TO_DEV
1717465518.426049,154,5.7,29.7,OCC_TO_CU
1717465518.5757315,241,11.7,29.8,CU_TO_DEV
1717465518.5758245,241,11.5,29.8,CU_TO_DEV
1717465526.2618906,322,4.6,29.6,OCC_TO_CU
1717465526.2624264,322,0.0,29.6,OCC_TO_CU
1717465526.3809595,273,14.9,29.7,CU_TO_DEV
1717465526.381331,273,0.0,29.7,CU_TO_DEV
1717465536.276485,322,3.8,29.6,OCC_TO_CU
1717465536.2777894,322,0.0,29.6,OCC_TO_CU
1717465536.3874497,273,88.6,29.7,CU_TO_DEV
1717465536.388943,273,0.0,29.7,CU_TO_DEV
1717465546.2860796,322,3.8,29.6,OCC_TO_CU
1717465546.2867093,322,0.0,29.6,OCC_TO_CU
1717465546.3959908,273,18.6,29.7,CU_TO_DEV
1717465546.3963187,273,0.0,29.7,CU_TO_DEV
1717465556.3025465,322,4.0,29.6,OCC_TO_CU
1717465556.3032222,322,100.0,29.6,OCC_TO_CU
1717465556.401618,273,26.8,29.7,CU_TO_DEV
1717465556.4022572,273,0.0,29.7,CU_TO_DEV
1717465566.3188717,322,3.7,29.7,OCC_TO_CU
1717465566.3195238,322,0.0,29.7,OCC_TO_CU
1717465566.409176,273,88.6,29.8,CU_TO_DEV
1717465566.4102561,273,0.0,29.8,CU_TO_DEV
1717465568.4754174,154,11.9,29.6,OCC_TO_CU
1717465568.6139157,241,9.1,29.7,CU_TO_DEV
1717465568.6159275,241,0.0,29.7,CU_TO_DEV
1717465576.3132818,322,4.4,29.5,OCC_TO_CU
1717465576.3139858,322,0.0,29.5,OCC_TO_CU
1717465576.4178176,273,27.3,29.5,CU_TO_DEV
1717465576.4191804,273,0.0,29.5,CU_TO_DEV
1717465586.3430445,322,3.4,29.5,OCC_TO_CU
1717465586.3436701,322,0.0,29.5,OCC_TO_CU
1717465586.4230556,273,25.8,29.6,CU_TO_DEV
1717465586.4242177,273,100.0,29.6,CU_TO_DEV
1717465596.3497028,322,3.7,29.6,OCC_TO_CU
1717465596.3503728,322,0.0,29.6,OCC_TO_CU
1717465596.4284956,273,32.3,29.6,CU_TO_DEV
1717465596.4288938,273,0.0,29.6,CU_TO_DEV
1717465606.3715756,322,3.6,29.6,OCC_TO_CU
1717465606.3726554,322,0.0,29.6,OCC_TO_CU
1717465606.4339962,273,37.5,29.7,CU_TO_DEV
1717465606.434114,273,37.5,29.7,CU_TO_DEV
1717465616.372876,322,4.2,29.6,OCC_TO_CU
1717465616.3735013,322,0.0,29.6,OCC_TO_CU
1717465616.4410582,273,33.3,29.7,CU_TO_DEV
1717465616.4408712,273,33.3,29.7,CU_TO_DEV
1717465618.5510104,154,5.1,29.5,OCC_TO_CU
1717465618.6426492,241,16.2,29.6,CU_TO_DEV
1717465618.642975,241,0.0,29.6,CU_TO_DEV
1717465626.4015927,322,3.2,29.6,OCC_TO_CU
1717465626.4021084,322,0.0,29.6,OCC_TO_CU
1717465626.4470382,273,36.8,29.7,CU_TO_DEV
1717465626.4468136,273,36.8,29.7,CU_TO_DEV
1717465636.4072895,322,4.4,29.6,OCC_TO_CU
1717465636.407806,322,0.0,29.6,OCC_TO_CU
1717465636.4530501,273,44.4,29.7,CU_TO_DEV
1717465636.4529266,273,44.4,29.7,CU_TO_DEV
1717465646.4042828,322,3.7,29.6,OCC_TO_CU
1717465646.404911,322,0.0,29.6,OCC_TO_CU
1717465646.4589498,273,40.9,29.7,CU_TO_DEV
1717465646.4593737,273,100.0,29.7,CU_TO_DEV
1717465656.4088883,322,3.9,29.7,OCC_TO_CU
1717465656.4095745,322,0.0,29.7,OCC_TO_CU
1717465656.4649363,273,38.1,29.8,CU_TO_DEV
1717465656.4648407,273,38.1,29.8,CU_TO_DEV
1717465666.424869,322,4.5,29.6,OCC_TO_CU
1717465666.4255154,322,0.0,29.6,OCC_TO_CU
1717465666.4750156,273,42.1,29.7,CU_TO_DEV
1717465666.4749138,273,42.1,29.7,CU_TO_DEV
1717465668.6231265,154,9.2,29.7,OCC_TO_CU
1717465668.6776047,241,86.4,29.7,CU_TO_DEV
1717465668.6798964,241,100.0,29.7,CU_TO_DEV
1717465676.453275,322,4.0,29.6,OCC_TO_CU
1717465676.453973,322,0.0,29.6,OCC_TO_CU
1717465676.4837823,273,61.5,29.5,CU_TO_DEV
1717465676.4838696,273,61.5,29.5,CU_TO_DEV
1717465686.4433343,322,3.7,29.5,OCC_TO_CU
1717465686.443971,322,0.0,29.5,OCC_TO_CU
1717465686.490112,273,47.1,29.6,CU_TO_DEV
1717465686.4899387,273,47.1,29.6,CU_TO_DEV
1717465696.4433477,322,3.5,29.6,OCC_TO_CU
1717465696.4443834,322,0.0,29.6,OCC_TO_CU
1717465696.496048,273,38.1,29.7,CU_TO_DEV
1717465696.4959805,273,38.1,29.7,CU_TO_DEV
1717465706.4726727,322,5.7,29.5,OCC_TO_CU
1717465706.4733603,322,0.0,29.5,OCC_TO_CU
1717465706.5040586,273,69.2,29.6,CU_TO_DEV
1717465706.5046804,273,0.0,29.6,CU_TO_DEV
1717465716.4924505,322,3.5,29.5,OCC_TO_CU
1717465716.493103,322,0.0,29.5,OCC_TO_CU
1717465716.5098968,273,66.7,29.5,CU_TO_DEV
1717465716.511744,273,100.0,29.5,CU_TO_DEV
1717465718.595572,154,6.4,29.6,OCC_TO_CU
1717465718.7146688,241,10.6,29.6,CU_TO_DEV
1717465718.7158518,241,0.0,29.6,CU_TO_DEV
1717465726.4931765,322,3.2,29.6,OCC_TO_CU
1717465726.493851,322,0.0,29.6,OCC_TO_CU
1717465726.5196958,273,63.6,29.6,CU_TO_DEV
1717465726.5195062,273,63.6,29.6,CU_TO_DEV
1717465736.5292451,322,3.7,29.6,OCC_TO_CU
1717465736.5300403,322,0.0,29.6,OCC_TO_CU
1717465736.7262402,273,19.2,29.7,CU_TO_DEV
1717465736.726289,273,19.2,29.7,CU_TO_DEV
1717465746.5121884,322,3.7,29.7,OCC_TO_CU
1717465746.5136273,322,0.0,29.7,OCC_TO_CU
1717465746.5337481,273,0.0,29.7,CU_TO_DEV
1717465746.5326772,273,66.7,29.7,CU_TO_DEV
1717465756.5256813,322,4.6,29.7,OCC_TO_CU
1717465756.5264704,322,0.0,29.7,OCC_TO_CU
1717465756.5397685,273,50.0,29.7,CU_TO_DEV
1717465756.5430825,273,0.0,29.7,CU_TO_DEV
1717465766.5452118,322,4.8,29.6,OCC_TO_CU
1717465766.5462463,322,0.0,29.6,OCC_TO_CU
1717465766.5488138,273,0.0,29.6,CU_TO_DEV
1717465766.5496163,273,0.0,29.6,CU_TO_DEV
1717465768.6696155,154,6.5,29.7,OCC_TO_CU
1717465768.750489,241,12.9,29.7,CU_TO_DEV
1717465768.750856,241,0.0,29.7,CU_TO_DEV
1717465776.5555277,322,4.3,29.6,OCC_TO_CU
1717465776.5614562,322,0.0,29.6,OCC_TO_CU
1717465776.754569,273,28.6,29.7,CU_TO_DEV
1717465776.7549503,273,0.0,29.7,CU_TO_DEV
1717465786.5636358,322,4.2,29.6,OCC_TO_CU
1717465786.5661151,322,0.0,29.6,OCC_TO_CU
1717465786.7601619,273,22.1,29.7,CU_TO_DEV
1717465786.7606413,273,0.0,29.7,CU_TO_DEV
1717465796.57732,322,5.4,29.6,OCC_TO_CU
1717465796.580403,322,0.0,29.6,OCC_TO_CU
1717465796.7735627,273,14.3,29.6,CU_TO_DEV
1717465796.7736607,273,14.3,29.6,CU_TO_DEV
1717465806.5819702,322,3.8,29.5,OCC_TO_CU
1717465806.5840826,322,100.0,29.5,OCC_TO_CU
1717465806.778863,273,16.9,29.6,CU_TO_DEV
1717465806.7790473,273,16.9,29.6,CU_TO_DEV
1717465816.5818079,322,3.9,29.6,OCC_TO_CU
1717465816.5847008,273,0.0,29.6,CU_TO_DEV
1717465816.5849237,273,0.0,29.6,CU_TO_DEV
1717465816.5898774,322,50.0,29.6,OCC_TO_CU
1717465816.7854328,273,29.1,29.7,CU_TO_DEV
1717465816.7858813,273,0.0,29.7,CU_TO_DEV
1717465818.7450027,154,4.5,29.7,OCC_TO_CU
1717465818.7872238,241,38.9,29.7,CU_TO_DEV
1717465818.7873113,241,38.9,29.7,CU_TO_DEV
1717465826.6005182,322,4.3,29.6,OCC_TO_CU
1717465826.6035917,322,50.0,29.6,OCC_TO_CU
1717465826.796185,273,11.7,29.7,CU_TO_DEV
1717465826.7963116,273,11.7,29.7,CU_TO_DEV
1717465836.6076388,322,3.5,29.6,OCC_TO_CU
1717465836.6109622,322,0.0,29.6,OCC_TO_CU
1717465836.8014941,273,17.1,29.7,CU_TO_DEV
1717465836.8017523,273,0.0,29.7,CU_TO_DEV
1717465846.63439,322,4.4,29.6,OCC_TO_CU
1717465846.6349282,322,0.0,29.6,OCC_TO_CU
1717465846.8105016,273,14.1,29.7,CU_TO_DEV
1717465846.8108335,273,0.0,29.7,CU_TO_DEV
1717465856.643584,322,3.9,29.6,OCC_TO_CU
1717465856.6442587,322,0.0,29.6,OCC_TO_CU
1717465856.816922,273,13.2,29.7,CU_TO_DEV
1717465856.8168683,273,13.2,29.7,CU_TO_DEV
1717465866.6436093,322,3.4,29.7,OCC_TO_CU
1717465866.6443331,322,0.0,29.7,OCC_TO_CU
1717465866.8222697,273,16.7,29.8,CU_TO_DEV
1717465866.8225207,273,0.0,29.8,CU_TO_DEV
1717465868.6627967,154,9.8,29.7,OCC_TO_CU
1717465868.823977,241,12.7,29.8,CU_TO_DEV
1717465868.8240175,241,12.7,29.8,CU_TO_DEV
1717465876.6534958,322,3.3,29.6,OCC_TO_CU
1717465876.65417,322,0.0,29.6,OCC_TO_CU
1717465876.8284981,273,19.2,29.7,CU_TO_DEV
1717465876.828449,273,19.2,29.7,CU_TO_DEV
1717465886.6590996,322,4.0,29.6,OCC_TO_CU
1717465886.6597726,322,100.0,29.6,OCC_TO_CU
1717465886.8333886,273,15.9,29.7,CU_TO_DEV
1717465886.8340507,273,0.0,29.7,CU_TO_DEV
1717465896.6660116,322,5.3,29.5,OCC_TO_CU
1717465896.6666474,322,0.0,29.5,OCC_TO_CU
1717465896.8400843,273,12.1,29.6,CU_TO_DEV
1717465896.8417196,273,0.0,29.6,CU_TO_DEV
1717465906.6766968,322,4.0,29.6,OCC_TO_CU
1717465906.677375,322,0.0,29.6,OCC_TO_CU
1717465906.8454573,273,20.0,29.6,CU_TO_DEV
1717465906.8479464,273,0.0,29.6,CU_TO_DEV
1717465916.703124,322,3.6,29.6,OCC_TO_CU
1717465916.7037854,322,0.0,29.6,OCC_TO_CU
1717465916.8539348,273,19.0,29.7,CU_TO_DEV
1717465916.8540864,273,19.0,29.7,CU_TO_DEV
1717465918.7038128,154,5.9,29.7,OCC_TO_CU
1717465918.8556743,241,79.7,29.7,CU_TO_DEV
1717465918.8561032,241,0.0,29.7,CU_TO_DEV
1717465926.695551,322,3.0,29.6,OCC_TO_CU
1717465926.6962023,322,0.0,29.6,OCC_TO_CU
1717465926.8597937,273,26.2,29.7,CU_TO_DEV
1717465926.859673,273,26.2,29.7,CU_TO_DEV
1717465936.7066667,322,4.3,29.5,OCC_TO_CU
1717465936.7107913,322,50.0,29.5,OCC_TO_CU
1717465936.8688765,273,21.3,29.6,CU_TO_DEV
1717465936.8688383,273,21.3,29.6,CU_TO_DEV
1717465946.725397,322,3.6,29.6,OCC_TO_CU
1717465946.7268326,322,0.0,29.6,OCC_TO_CU
1717465946.873715,273,24.6,29.7,CU_TO_DEV
1717465946.8740695,273,0.0,29.7,CU_TO_DEV
1717465956.746087,322,4.5,29.6,OCC_TO_CU
1717465956.7468312,322,0.0,29.6,OCC_TO_CU
1717465956.8805804,273,21.1,29.7,CU_TO_DEV
1717465956.8809767,273,0.0,29.7,CU_TO_DEV
1717465966.747391,322,3.9,29.6,OCC_TO_CU
1717465966.751206,322,100.0,29.6,OCC_TO_CU
1717465966.8853714,273,92.3,29.7,CU_TO_DEV
1717465966.8857746,273,0.0,29.7,CU_TO_DEV
1717465968.7552187,154,4.4,29.6,OCC_TO_CU
1717465968.8867164,241,13.7,29.7,CU_TO_DEV
1717465968.8875434,241,0.0,29.7,CU_TO_DEV
1717465976.748012,322,3.5,29.6,OCC_TO_CU
1717465976.7489815,322,0.0,29.6,OCC_TO_CU
1717465976.8905385,273,18.2,29.7,CU_TO_DEV
1717465976.890861,273,0.0,29.7,CU_TO_DEV
1717465986.7558017,322,4.7,29.5,OCC_TO_CU
1717465986.7588706,322,0.0,29.5,OCC_TO_CU
1717465986.8984537,273,19.6,29.6,CU_TO_DEV
1717465986.898821,273,0.0,29.6,CU_TO_DEV
1717465996.781951,322,3.8,29.6,OCC_TO_CU
1717465996.782993,322,0.0,29.6,OCC_TO_CU
1717465996.9037945,273,24.5,29.7,CU_TO_DEV
1717465996.90414,273,0.0,29.7,CU_TO_DEV
1717466006.797409,322,3.9,29.6,OCC_TO_CU
1717466006.8001935,322,0.0,29.6,OCC_TO_CU
1717466006.9091527,273,14.3,29.7,CU_TO_DEV
1717466006.9095783,273,0.0,29.7,CU_TO_DEV
1717466016.7909555,322,4.9,29.6,OCC_TO_CU
1717466016.7943895,322,0.0,29.6,OCC_TO_CU
1717466016.918907,273,14.3,29.7,CU_TO_DEV
1717466016.918947,273,14.3,29.7,CU_TO_DEV
1717466018.8287432,154,3.9,29.6,OCC_TO_CU
1717466018.920241,241,21.6,29.7,CU_TO_DEV
1717466018.9206386,241,0.0,29.7,CU_TO_DEV
1717466026.8159554,322,4.7,29.6,OCC_TO_CU
1717466026.8193095,322,50.0,29.6,OCC_TO_CU
1717466026.925425,273,14.3,29.7,CU_TO_DEV
1717466026.9258044,273,0.0,29.7,CU_TO_DEV
1717466036.827831,322,3.5,29.6,OCC_TO_CU
1717466036.8287878,322,0.0,29.6,OCC_TO_CU
1717466036.9312143,273,20.9,29.7,CU_TO_DEV
1717466036.9313712,273,20.9,29.7,CU_TO_DEV
1717466046.8336217,322,4.0,29.6,OCC_TO_CU
1717466046.8364518,322,0.0,29.6,OCC_TO_CU
1717466046.9395952,273,88.1,29.7,CU_TO_DEV
1717466046.9410136,273,0.0,29.7,CU_TO_DEV
1717466056.8394043,322,3.8,29.6,OCC_TO_CU
1717466056.8469384,322,33.3,29.6,OCC_TO_CU
1717466056.94522,273,42.9,29.7,CU_TO_DEV
1717466056.946379,273,0.0,29.7,CU_TO_DEV
1717466066.867388,322,3.8,29.7,OCC_TO_CU
1717466066.8682387,322,0.0,29.7,OCC_TO_CU
1717466066.951238,273,87.9,29.8,CU_TO_DEV
1717466066.9554632,273,100.0,29.8,CU_TO_DEV
1717466068.9061325,154,5.2,29.7,OCC_TO_CU
1717466068.952783,241,27.8,29.7,CU_TO_DEV
1717466068.9566317,241,0.0,29.7,CU_TO_DEV
1717466076.8699517,322,4.6,29.6,OCC_TO_CU
1717466076.870853,322,0.0,29.6,OCC_TO_CU
1717466076.9587228,273,20.6,29.6,CU_TO_DEV
1717466076.9601822,273,0.0,29.6,CU_TO_DEV
1717466086.8728886,322,4.4,29.5,OCC_TO_CU
1717466086.8738017,322,0.0,29.5,OCC_TO_CU
1717466086.9633534,273,21.6,29.6,CU_TO_DEV
1717466086.966606,273,0.0,29.6,CU_TO_DEV
1717466096.9145284,322,3.6,29.5,OCC_TO_CU
1717466096.9324508,322,50.0,29.5,OCC_TO_CU
1717466096.9695742,273,46.7,29.6,CU_TO_DEV
1717466096.970735,273,0.0,29.6,CU_TO_DEV
1717466106.9063866,322,3.8,29.6,OCC_TO_CU
1717466106.9071817,322,0.0,29.6,OCC_TO_CU
1717466106.9745748,273,28.6,29.7,CU_TO_DEV
1717466106.9758897,273,0.0,29.7,CU_TO_DEV
1717466116.9192333,322,3.5,29.6,OCC_TO_CU
1717466116.919872,322,0.0,29.6,OCC_TO_CU
1717466116.9792535,273,30.4,29.7,CU_TO_DEV
1717466116.9803402,273,0.0,29.7,CU_TO_DEV
1717466118.8745909,154,9.6,29.6,OCC_TO_CU
1717466118.9816852,241,20.9,29.7,CU_TO_DEV
1717466118.981764,241,20.9,29.7,CU_TO_DEV
1717466126.942792,322,3.5,29.6,OCC_TO_CU
1717466126.9434545,322,100.0,29.6,OCC_TO_CU
1717466126.9859798,273,21.4,29.7,CU_TO_DEV
1717466126.9862735,273,0.0,29.7,CU_TO_DEV
1717466136.9391925,322,4.0,29.7,OCC_TO_CU
1717466136.9398754,322,0.0,29.7,OCC_TO_CU
1717466136.9910493,273,33.3,29.8,CU_TO_DEV
1717466136.9911315,273,33.3,29.8,CU_TO_DEV
1717466146.935642,322,4.4,29.6,OCC_TO_CU
1717466146.9362543,322,0.0,29.6,OCC_TO_CU
1717466146.9967582,273,21.7,29.7,CU_TO_DEV
1717466146.9971542,273,0.0,29.7,CU_TO_DEV
1717466156.9678745,322,3.7,29.7,OCC_TO_CU
1717466156.9688737,322,0.0,29.7,OCC_TO_CU
1717466157.0014853,273,38.5,29.8,CU_TO_DEV
1717466157.0015993,273,38.5,29.8,CU_TO_DEV
1717466166.9732974,322,4.5,29.7,OCC_TO_CU
1717466166.973814,322,0.0,29.7,OCC_TO_CU
1717466167.0105896,273,73.3,29.7,CU_TO_DEV
1717466167.0114384,273,100.0,29.7,CU_TO_DEV
1717466168.9515588,154,8.9,29.7,OCC_TO_CU
1717466169.0145004,241,87.5,29.7,CU_TO_DEV
1717466169.0152495,241,100.0,29.7,CU_TO_DEV
1717466176.9732113,322,3.8,29.5,OCC_TO_CU
1717466176.978677,322,0.0,29.5,OCC_TO_CU
1717466177.0187511,273,68.7,29.6,CU_TO_DEV
1717466177.0190516,273,68.7,29.6,CU_TO_DEV
1717466186.9900608,322,3.6,29.5,OCC_TO_CU
1717466186.9933338,322,0.0,29.5,OCC_TO_CU
1717466187.0246413,273,41.7,29.6,CU_TO_DEV
1717466187.0243785,273,41.7,29.6,CU_TO_DEV
1717466197.0079048,322,3.6,29.6,OCC_TO_CU
1717466197.0089295,322,0.0,29.6,OCC_TO_CU
1717466197.0301528,273,50.0,29.6,CU_TO_DEV
1717466197.030254,273,50.0,29.6,CU_TO_DEV
1717466207.0078118,322,4.5,29.6,OCC_TO_CU
1717466207.0083737,322,0.0,29.6,OCC_TO_CU
1717466207.0381296,273,50.0,29.7,CU_TO_DEV
1717466207.038022,273,50.0,29.7,CU_TO_DEV
1717466217.0278504,322,4.4,29.5,OCC_TO_CU
1717466217.0284796,322,0.0,29.5,OCC_TO_CU
1717466217.0442657,273,0.0,29.5,CU_TO_DEV
1717466217.0439284,273,57.1,29.5,CU_TO_DEV
1717466218.9194677,154,5.9,29.6,OCC_TO_CU
1717466219.0458903,241,19.6,29.7,CU_TO_DEV
1717466219.0463674,241,0.0,29.7,CU_TO_DEV
1717466227.041212,322,3.8,29.6,OCC_TO_CU
1717466227.042,322,0.0,29.6,OCC_TO_CU
1717466227.0514922,273,50.0,29.6,CU_TO_DEV
1717466227.0523455,273,0.0,29.6,CU_TO_DEV
1717466237.0772538,322,3.9,29.6,OCC_TO_CU
1717466237.077895,322,0.0,29.6,OCC_TO_CU
1717466237.2563581,273,7.1,29.7,CU_TO_DEV
1717466237.2576504,273,0.0,29.7,CU_TO_DEV
1717466247.0715883,322,3.9,29.7,OCC_TO_CU
1717466247.0728168,322,0.0,29.7,OCC_TO_CU
1717466247.2629626,273,5.4,29.8,CU_TO_DEV
1717466247.2634664,273,100.0,29.8,CU_TO_DEV
1717466257.074278,322,4.7,29.6,OCC_TO_CU
1717466257.0773468,322,0.0,29.6,OCC_TO_CU
1717466257.2713466,273,7.7,29.7,CU_TO_DEV
1717466257.2722626,273,0.0,29.7,CU_TO_DEV
1717466267.0754392,322,3.8,29.7,OCC_TO_CU
1717466267.076254,273,0.0,29.7,CU_TO_DEV
1717466267.076151,273,0.0,29.7,CU_TO_DEV
1717466267.0785072,322,0.0,29.7,OCC_TO_CU
1717466267.2767859,273,7.9,29.8,CU_TO_DEV
1717466267.2771063,273,0.0,29.8,CU_TO_DEV
1717466268.958668,154,9.7,29.8,OCC_TO_CU
1717466269.078673,241,16.7,29.8,CU_TO_DEV
1717466269.0785513,241,16.7,29.8,CU_TO_DEV
1717466277.1079159,322,4.3,29.6,OCC_TO_CU
1717466277.1085408,322,0.0,29.6,OCC_TO_CU
1717466277.2867696,273,11.1,29.6,CU_TO_DEV
1717466277.2869704,273,11.1,29.6,CU_TO_DEV
1717466287.1110973,322,3.9,29.6,OCC_TO_CU
1717466287.111858,322,100.0,29.6,OCC_TO_CU
1717466287.2920344,273,9.7,29.7,CU_TO_DEV
1717466287.2919874,273,9.7,29.7,CU_TO_DEV
1717466297.1144226,322,3.6,29.6,OCC_TO_CU
1717466297.115489,322,0.0,29.6,OCC_TO_CU
1717466297.2972972,273,7.0,29.7,CU_TO_DEV
1717466297.2977693,273,0.0,29.7,CU_TO_DEV
1717466307.1493268,322,5.2,29.5,OCC_TO_CU
1717466307.1499786,322,0.0,29.5,OCC_TO_CU
1717466307.3062675,273,11.1,29.6,CU_TO_DEV
1717466307.3061142,273,11.1,29.6,CU_TO_DEV
1717466317.1602266,322,3.8,29.5,OCC_TO_CU
1717466317.1608884,322,0.0,29.5,OCC_TO_CU
1717466317.311445,273,10.2,29.6,CU_TO_DEV
1717466317.311375,273,10.2,29.6,CU_TO_DEV
1717466319.0817883,154,5.0,29.7,OCC_TO_CU
1717466319.1131654,241,41.7,29.7,CU_TO_DEV
1717466319.1129987,241,41.7,29.7,CU_TO_DEV
1717466327.1691208,322,3.7,29.6,OCC_TO_CU
1717466327.1697335,322,0.0,29.6,OCC_TO_CU
1717466327.317427,273,11.7,29.7,CU_TO_DEV
1717466327.3175094,273,11.7,29.7,CU_TO_DEV
1717466337.180377,322,4.5,29.6,OCC_TO_CU
1717466337.1814892,322,0.0,29.6,OCC_TO_CU
1717466337.3286119,273,8.8,29.7,CU_TO_DEV
1717466337.3285542,273,8.8,29.7,CU_TO_DEV
1717466347.1955848,322,4.6,29.6,OCC_TO_CU
1717466347.1961496,322,0.0,29.6,OCC_TO_CU
1717466347.3357203,273,12.7,29.7,CU_TO_DEV
1717466347.3361356,273,0.0,29.7,CU_TO_DEV
1717466357.225184,322,3.5,29.6,OCC_TO_CU
1717466357.226134,322,0.0,29.6,OCC_TO_CU
1717466357.340566,273,13.3,29.7,CU_TO_DEV
1717466357.3407464,273,13.3,29.7,CU_TO_DEV
1717466367.2346623,322,3.6,29.6,OCC_TO_CU
1717466367.235305,322,100.0,29.6,OCC_TO_CU
1717466367.3459318,273,15.9,29.7,CU_TO_DEV
1717466367.346314,273,0.0,29.7,CU_TO_DEV
1717466369.0294194,154,10.1,29.7,OCC_TO_CU
1717466369.1475217,241,18.7,29.8,CU_TO_DEV
1717466369.1475718,241,18.7,29.8,CU_TO_DEV
1717466377.2350724,322,3.6,29.6,OCC_TO_CU
1717466377.2357407,322,0.0,29.6,OCC_TO_CU
1717466377.352917,273,11.4,29.7,CU_TO_DEV
1717466377.353368,273,0.0,29.7,CU_TO_DEV
1717466387.235009,322,3.8,29.7,OCC_TO_CU
1717466387.235747,322,100.0,29.7,OCC_TO_CU
1717466387.3594537,273,12.2,29.8,CU_TO_DEV
1717466387.3600047,273,0.0,29.8,CU_TO_DEV
1717466397.2848244,322,4.6,29.6,OCC_TO_CU
1717466397.285474,322,0.0,29.6,OCC_TO_CU
1717466397.3656633,273,16.1,29.7,CU_TO_DEV
1717466397.3671918,273,0.0,29.7,CU_TO_DEV
1717466407.282027,322,4.6,29.6,OCC_TO_CU
1717466407.2827852,322,0.0,29.6,OCC_TO_CU
1717466407.373596,273,23.1,29.7,CU_TO_DEV
1717466407.3761277,273,0.0,29.7,CU_TO_DEV
1717466417.2978554,322,4.0,29.6,OCC_TO_CU
1717466417.2985215,322,0.0,29.6,OCC_TO_CU
1717466417.3848875,273,22.9,29.7,CU_TO_DEV
1717466417.3850737,273,22.9,29.7,CU_TO_DEV
1717466419.1340451,154,5.6,29.7,OCC_TO_CU
1717466419.1870391,241,20.0,29.8,CU_TO_DEV
1717466419.1871932,241,20.0,29.8,CU_TO_DEV
1717466427.3060856,322,3.8,29.7,OCC_TO_CU
1717466427.3067493,322,0.0,29.7,OCC_TO_CU
1717466427.3929083,273,18.2,29.8,CU_TO_DEV
1717466427.3935025,273,0.0,29.8,CU_TO_DEV
1717466437.3345666,322,4.5,29.7,OCC_TO_CU
1717466437.3352077,322,0.0,29.7,OCC_TO_CU
1717466437.4017553,273,28.6,29.7,CU_TO_DEV
1717466437.4019113,273,28.6,29.7,CU_TO_DEV
1717466447.3428311,322,4.4,29.6,OCC_TO_CU
1717466447.3434882,322,100.0,29.6,OCC_TO_CU
1717466447.4086168,273,23.1,29.7,CU_TO_DEV
1717466447.4092748,273,0.0,29.7,CU_TO_DEV
1717466457.3688447,322,3.7,29.6,OCC_TO_CU
1717466457.3702874,322,0.0,29.6,OCC_TO_CU
1717466457.4151092,273,29.4,29.7,CU_TO_DEV
1717466457.4160588,273,100.0,29.7,CU_TO_DEV
1717466467.3795187,322,4.3,29.6,OCC_TO_CU
1717466467.3802578,322,0.0,29.6,OCC_TO_CU
1717466467.4206352,273,33.3,29.7,CU_TO_DEV
1717466467.42055,273,33.3,29.7,CU_TO_DEV
1717466469.228655,154,9.0,29.7,OCC_TO_CU
1717466469.4225879,241,7.8,29.7,CU_TO_DEV
1717466469.4228168,241,0.0,29.7,CU_TO_DEV
1717466477.3854296,322,3.3,29.6,OCC_TO_CU
1717466477.3865201,322,0.0,29.6,OCC_TO_CU
1717466477.4276335,273,41.2,29.7,CU_TO_DEV
1717466477.4270887,273,37.5,29.7,CU_TO_DEV
1717466487.4257524,322,4.6,29.5,OCC_TO_CU
1717466487.4262626,322,0.0,29.5,OCC_TO_CU
1717466487.4377763,273,0.0,29.5,CU_TO_DEV
1717466487.4374142,273,50.0,29.5,CU_TO_DEV
1717466497.4324775,322,3.9,29.6,OCC_TO_CU
1717466497.4419909,322,50.0,29.6,OCC_TO_CU
1717466497.443406,273,100.0,29.6,CU_TO_DEV
1717466497.4434752,273,100.0,29.6,CU_TO_DEV
1717466507.431132,322,4.2,29.6,OCC_TO_CU
1717466507.432021,322,0.0,29.6,OCC_TO_CU
1717466507.4493709,273,50.0,29.7,CU_TO_DEV
1717466507.4494708,273,50.0,29.7,CU_TO_DEV
1717466517.4493432,322,4.0,29.7,OCC_TO_CU
1717466517.450001,322,0.0,29.7,OCC_TO_CU
1717466517.4562132,273,33.3,29.7,CU_TO_DEV
1717466517.456852,273,0.0,29.7,CU_TO_DEV
1717466519.2082958,154,6.7,29.8,OCC_TO_CU
1717466519.2588046,241,47.6,29.8,CU_TO_DEV
1717466519.2586968,241,47.6,29.8,CU_TO_DEV
1717466527.4647644,322,4.8,29.7,OCC_TO_CU
1717466527.465388,322,0.0,29.7,OCC_TO_CU
1717466527.6635852,273,7.6,29.7,CU_TO_DEV
1717466527.6636226,273,7.6,29.7,CU_TO_DEV
1717466537.480873,322,4.6,29.6,OCC_TO_CU
1717466537.4820888,322,0.0,29.6,OCC_TO_CU
1717466537.6690936,273,8.1,29.7,CU_TO_DEV
1717466537.6691551,273,8.1,29.7,CU_TO_DEV
1717466547.4993565,322,4.0,29.6,OCC_TO_CU
1717466547.5000021,322,0.0,29.6,OCC_TO_CU
1717466547.6749406,273,11.3,29.8,CU_TO_DEV
1717466547.6754625,273,100.0,29.8,CU_TO_DEV
1717466557.4975622,322,3.8,29.7,OCC_TO_CU
1717466557.4996552,322,100.0,29.7,OCC_TO_CU
1717466557.681031,273,13.5,29.8,CU_TO_DEV
1717466557.6811192,273,13.5,29.8,CU_TO_DEV
1717466567.5154326,322,4.6,29.7,OCC_TO_CU
1717466567.515978,322,0.0,29.7,OCC_TO_CU
1717466567.686726,273,8.7,29.8,CU_TO_DEV
1717466567.6866083,273,8.7,29.8,CU_TO_DEV
1717466569.2977977,154,4.5,29.7,OCC_TO_CU
1717466569.488093,241,50.0,29.8,CU_TO_DEV
1717466569.4883416,241,0.0,29.8,CU_TO_DEV
1717466577.5382912,322,4.8,29.6,OCC_TO_CU
1717466577.5387843,322,0.0,29.6,OCC_TO_CU
1717466577.692681,273,9.7,29.6,CU_TO_DEV
1717466577.6927366,273,9.7,29.6,CU_TO_DEV
1717466587.5973706,322,3.6,29.6,OCC_TO_CU
1717466587.5980036,322,0.0,29.6,OCC_TO_CU
1717466587.6987305,273,17.5,29.6,CU_TO_DEV
1717466587.6987948,273,17.5,29.6,CU_TO_DEV
1717466597.55156,322,4.4,29.5,OCC_TO_CU
1717466597.552226,322,0.0,29.5,OCC_TO_CU
1717466597.7046797,273,11.5,29.6,CU_TO_DEV
1717466597.70484,273,11.5,29.6,CU_TO_DEV
1717466607.560456,322,3.7,29.6,OCC_TO_CU
1717466607.5611062,322,0.0,29.6,OCC_TO_CU
1717466607.710465,273,10.2,29.7,CU_TO_DEV
1717466607.7109997,273,0.0,29.7,CU_TO_DEV
1717466617.6028185,322,3.7,29.6,OCC_TO_CU
1717466617.6034513,322,100.0,29.6,OCC_TO_CU
1717466617.718021,273,15.2,29.7,CU_TO_DEV
1717466617.7183883,273,0.0,29.7,CU_TO_DEV
1717466619.3829648,154,5.9,29.8,OCC_TO_CU
1717466619.519569,241,11.1,29.8,CU_TO_DEV
1717466619.5198705,241,0.0,29.8,CU_TO_DEV
1717466627.5987024,322,4.6,29.6,OCC_TO_CU
1717466627.5993605,322,100.0,29.6,OCC_TO_CU
1717466627.7244282,273,12.2,29.7,CU_TO_DEV
1717466627.7249289,273,0.0,29.7,CU_TO_DEV
1717466637.6207154,322,3.6,29.6,OCC_TO_CU
1717466637.6213398,322,0.0,29.6,OCC_TO_CU
1717466637.734226,273,17.4,29.8,CU_TO_DEV
1717466637.7347145,273,0.0,29.8,CU_TO_DEV
1717466647.6392858,322,3.8,29.7,OCC_TO_CU
1717466647.6405485,322,0.0,29.7,OCC_TO_CU
1717466647.743367,273,16.7,29.7,CU_TO_DEV
1717466647.74317,273,14.6,29.7,CU_TO_DEV
1717466657.6496432,322,4.5,29.7,OCC_TO_CU
1717466657.650232,322,0.0,29.7,OCC_TO_CU
1717466657.7495933,273,8.1,29.8,CU_TO_DEV
1717466657.7500656,273,0.0,29.8,CU_TO_DEV
1717466667.665838,322,4.9,29.6,OCC_TO_CU
1717466667.6664946,322,0.0,29.6,OCC_TO_CU
1717466667.755633,273,16.7,29.7,CU_TO_DEV
1717466667.7558854,273,0.0,29.7,CU_TO_DEV
1717466669.3604012,154,9.7,29.7,OCC_TO_CU
1717466669.5572429,241,13.6,29.7,CU_TO_DEV
1717466669.5570898,241,13.6,29.7,CU_TO_DEV
1717466677.6811028,322,3.5,29.6,OCC_TO_CU
1717466677.6817431,322,0.0,29.6,OCC_TO_CU
1717466677.7615488,273,24.2,29.7,CU_TO_DEV
1717466677.7620149,273,0.0,29.7,CU_TO_DEV
1717466687.6949644,322,3.8,29.6,OCC_TO_CU
1717466687.6956162,322,100.0,29.6,OCC_TO_CU
1717466687.7684493,273,89.7,29.7,CU_TO_DEV
1717466687.7692814,273,0.0,29.7,CU_TO_DEV
1717466697.6967168,322,4.0,29.6,OCC_TO_CU
1717466697.6974738,322,0.0,29.6,OCC_TO_CU
1717466697.776187,273,29.4,29.7,CU_TO_DEV
1717466697.7766988,273,0.0,29.7,CU_TO_DEV
1717466707.7223547,322,3.9,29.6,OCC_TO_CU
1717466707.7229953,322,0.0,29.6,OCC_TO_CU
1717466707.782038,273,29.2,29.7,CU_TO_DEV
1717466707.7824843,273,0.0,29.7,CU_TO_DEV
1717466717.744652,322,5.2,29.6,OCC_TO_CU
1717466717.7452705,322,0.0,29.6,OCC_TO_CU
1717466717.7896562,273,38.9,29.6,CU_TO_DEV
1717466717.7898915,273,0.0,29.6,CU_TO_DEV
1717466719.372062,154,5.5,29.6,OCC_TO_CU
1717466719.3910716,241,42.9,29.6,CU_TO_DEV
1717466719.3911278,241,42.9,29.6,CU_TO_DEV
1717466727.736541,322,3.9,29.6,OCC_TO_CU
1717466727.7373145,322,0.0,29.6,OCC_TO_CU
1717466727.7962897,273,27.3,29.6,CU_TO_DEV
1717466727.796756,273,0.0,29.6,CU_TO_DEV
1717466737.758536,322,3.5,29.6,OCC_TO_CU
1717466737.7593346,322,0.0,29.6,OCC_TO_CU
1717466737.801655,273,41.2,29.7,CU_TO_DEV
1717466737.8023543,273,0.0,29.7,CU_TO_DEV
1717466747.7741208,322,3.8,29.6,OCC_TO_CU
1717466747.774876,322,0.0,29.6,OCC_TO_CU
1717466747.8074524,273,50.0,29.7,CU_TO_DEV
1717466747.808354,273,0.0,29.7,CU_TO_DEV
1717466757.782818,322,3.9,29.7,OCC_TO_CU
1717466757.7848783,322,100.0,29.7,OCC_TO_CU
1717466757.8135664,273,66.7,29.8,CU_TO_DEV
1717466757.814999,273,0.0,29.8,CU_TO_DEV
1717466767.8506649,322,4.2,29.7,OCC_TO_CU
1717466767.8512907,322,100.0,29.7,OCC_TO_CU
1717466768.0193706,273,6.1,29.8,CU_TO_DEV
1717466768.01967,273,0.0,29.8,CU_TO_DEV
1717466769.5256863,154,11.3,29.7,OCC_TO_CU
1717466769.6206093,241,17.9,29.8,CU_TO_DEV
1717466769.6214423,241,0.0,29.8,CU_TO_DEV
1717466777.8036041,322,3.7,29.7,OCC_TO_CU
1717466777.8046336,322,0.0,29.7,OCC_TO_CU
1717466777.8248665,273,50.0,29.7,CU_TO_DEV
1717466777.8253486,273,0.0,29.7,CU_TO_DEV
1717466787.8268888,322,4.1,29.6,OCC_TO_CU
1717466787.827569,322,100.0,29.6,OCC_TO_CU
1717466787.8321369,273,0.0,29.6,CU_TO_DEV
1717466787.8321683,273,0.0,29.6,CU_TO_DEV
1717466797.8420398,322,4.0,29.6,OCC_TO_CU
1717466797.8427186,322,0.0,29.6,OCC_TO_CU
1717466798.0377264,273,7.8,29.7,CU_TO_DEV
1717466798.0380242,273,0.0,29.7,CU_TO_DEV
1717466807.8561506,322,4.7,29.6,OCC_TO_CU
1717466807.8566782,322,0.0,29.6,OCC_TO_CU
1717466808.0431876,273,8.0,29.7,CU_TO_DEV
1717466808.0431125,273,8.0,29.7,CU_TO_DEV
1717466817.8675237,322,3.7,29.6,OCC_TO_CU
1717466817.8681934,322,0.0,29.6,OCC_TO_CU
1717466818.0481582,273,55.6,29.6,CU_TO_DEV
1717466818.048192,273,55.6,29.6,CU_TO_DEV
1717466819.6052833,154,5.1,29.7,OCC_TO_CU
1717466819.6492505,241,27.8,29.7,CU_TO_DEV
1717466819.6494644,241,0.0,29.7,CU_TO_DEV
1717466827.8828063,322,3.6,29.6,OCC_TO_CU
1717466827.8838313,322,100.0,29.6,OCC_TO_CU
1717466828.0535846,273,9.0,29.7,CU_TO_DEV
1717466828.053666,273,9.0,29.7,CU_TO_DEV
1717466837.8957086,322,4.0,29.6,OCC_TO_CU
1717466837.8966293,322,0.0,29.6,OCC_TO_CU
1717466838.0586698,273,12.3,29.7,CU_TO_DEV
1717466838.059161,273,0.0,29.7,CU_TO_DEV
1717466847.916424,322,4.1,29.6,OCC_TO_CU
1717466847.9170535,322,0.0,29.6,OCC_TO_CU
1717466848.0690598,273,6.7,29.7,CU_TO_DEV
1717466848.0692203,273,6.7,29.7,CU_TO_DEV
1717466857.9042299,322,4.4,29.5,OCC_TO_CU
1717466857.9062765,322,0.0,29.5,OCC_TO_CU
1717466858.078874,273,10.1,29.6,CU_TO_DEV
1717466858.0793908,273,0.0,29.6,CU_TO_DEV
1717466867.936641,322,3.9,29.6,OCC_TO_CU
1717466867.937294,322,0.0,29.6,OCC_TO_CU
1717466868.084166,273,11.9,29.7,CU_TO_DEV
1717466868.084411,273,0.0,29.7,CU_TO_DEV
1717466869.6858082,154,11.4,29.7,OCC_TO_CU
1717466869.6865022,241,0.0,29.7,CU_TO_DEV
1717466869.885567,241,7.5,29.7,CU_TO_DEV
1717466877.941532,322,3.4,29.6,OCC_TO_CU
1717466877.9425395,322,0.0,29.6,OCC_TO_CU
1717466878.0896223,273,16.1,29.7,CU_TO_DEV
1717466878.0900686,273,0.0,29.7,CU_TO_DEV
1717466887.9637976,322,3.8,29.6,OCC_TO_CU
1717466887.9644396,322,0.0,29.6,OCC_TO_CU
1717466888.0948565,273,11.8,29.7,CU_TO_DEV
1717466888.0948126,273,11.8,29.7,CU_TO_DEV
1717466897.9719734,322,4.6,29.7,OCC_TO_CU
1717466897.972499,322,0.0,29.7,OCC_TO_CU
1717466898.1000996,273,12.0,29.7,CU_TO_DEV
1717466898.1000507,273,12.0,29.7,CU_TO_DEV
1717466907.980266,322,3.4,29.6,OCC_TO_CU
1717466907.9809036,322,0.0,29.6,OCC_TO_CU
1717466908.1052508,273,14.3,29.7,CU_TO_DEV
1717466908.1052904,273,14.3,29.7,CU_TO_DEV
1717466917.993783,322,4.2,29.6,OCC_TO_CU
1717466917.9944181,322,0.0,29.6,OCC_TO_CU
1717466918.110757,273,13.0,29.7,CU_TO_DEV
1717466918.1112175,273,100.0,29.7,CU_TO_DEV
1717466919.8647048,154,5.7,29.7,OCC_TO_CU
1717466919.912229,241,27.8,29.8,CU_TO_DEV
1717466919.9133675,241,0.0,29.8,CU_TO_DEV
1717466928.0062788,322,3.5,29.6,OCC_TO_CU
1717466928.0069072,322,0.0,29.6,OCC_TO_CU
1717466928.1168797,273,19.6,29.7,CU_TO_DEV
1717466928.1169956,273,19.6,29.7,CU_TO_DEV
1717466938.021394,322,3.7,29.6,OCC_TO_CU
1717466938.0253887,322,0.0,29.6,OCC_TO_CU
1717466938.1245852,273,90.0,29.7,CU_TO_DEV
1717466938.1275976,273,100.0,29.7,CU_TO_DEV
1717466948.040342,322,4.6,29.5,OCC_TO_CU
1717466948.041005,322,0.0,29.5,OCC_TO_CU
1717466948.1299791,273,19.4,29.6,CU_TO_DEV
1717466948.1344688,273,0.0,29.6,CU_TO_DEV
1717466958.0463378,322,4.0,29.5,OCC_TO_CU
1717466958.0471065,322,0.0,29.5,OCC_TO_CU
1717466958.134976,273,24.3,29.6,CU_TO_DEV
1717466958.1390893,273,0.0,29.6,CU_TO_DEV
1717466968.0639205,322,4.0,29.6,OCC_TO_CU
1717466968.06462,322,0.0,29.6,OCC_TO_CU
1717466968.1414664,273,22.6,29.7,CU_TO_DEV
1717466968.1433756,273,0.0,29.7,CU_TO_DEV
1717466969.9418597,154,9.3,29.6,OCC_TO_CU
1717466969.942661,241,0.0,29.6,CU_TO_DEV
1717466969.9443586,241,0.0,29.6,CU_TO_DEV
1717466978.0662234,322,4.0,29.5,OCC_TO_CU
1717466978.0672364,322,0.0,29.5,OCC_TO_CU
1717466978.1503615,273,17.6,29.6,CU_TO_DEV
1717466978.1530185,273,0.0,29.6,CU_TO_DEV
1717466988.0629265,322,4.0,29.5,OCC_TO_CU
1717466988.0636103,322,0.0,29.5,OCC_TO_CU
1717466988.1554255,273,18.9,29.6,CU_TO_DEV
1717466988.1569316,273,0.0,29.6,CU_TO_DEV
1717466998.0735981,322,4.4,29.5,OCC_TO_CU
1717466998.0742438,322,0.0,29.5,OCC_TO_CU
1717466998.1636407,273,19.4,29.6,CU_TO_DEV
1717466998.1641164,273,0.0,29.6,CU_TO_DEV
1717467008.0960438,322,3.7,29.5,OCC_TO_CU
1717467008.0984335,322,0.0,29.5,OCC_TO_CU
1717467008.1691732,273,25.0,29.6,CU_TO_DEV
1717467008.1692278,273,25.0,29.6,CU_TO_DEV
1717467018.1196284,322,4.0,29.6,OCC_TO_CU
1717467018.1202826,322,0.0,29.6,OCC_TO_CU
1717467018.1741204,273,25.0,29.7,CU_TO_DEV
1717467018.1740637,273,25.0,29.7,CU_TO_DEV
1717467019.9187376,154,5.3,29.7,OCC_TO_CU
1717467019.9756756,241,22.7,29.8,CU_TO_DEV
1717467019.9761095,241,0.0,29.8,CU_TO_DEV
1717467028.1204545,322,3.7,29.7,OCC_TO_CU
1717467028.1212075,322,0.0,29.7,OCC_TO_CU
1717467028.1802003,273,32.0,29.8,CU_TO_DEV
1717467028.1806598,273,0.0,29.8,CU_TO_DEV
1717467038.1143107,322,4.4,29.6,OCC_TO_CU
1717467038.1148248,322,0.0,29.6,OCC_TO_CU
1717467038.1877177,273,20.0,29.7,CU_TO_DEV
1717467038.1890457,273,0.0,29.7,CU_TO_DEV
1717467048.1286428,322,4.3,29.6,OCC_TO_CU
1717467048.1294014,322,0.0,29.6,OCC_TO_CU
1717467048.1927922,273,28.0,29.7,CU_TO_DEV
1717467048.193413,273,0.0,29.7,CU_TO_DEV
1717467058.1584153,322,3.7,29.6,OCC_TO_CU
1717467058.1591163,322,0.0,29.6,OCC_TO_CU
1717467058.1984677,273,81.2,29.7,CU_TO_DEV
1717467058.2002847,273,100.0,29.7,CU_TO_DEV
1717467068.1847045,322,4.3,29.6,OCC_TO_CU
1717467068.1853688,322,0.0,29.6,OCC_TO_CU
1717467068.208111,273,66.7,29.6,CU_TO_DEV
1717467068.2087457,273,0.0,29.6,CU_TO_DEV
1717467069.96055,154,10.2,29.6,OCC_TO_CU
1717467070.010847,241,23.8,29.6,CU_TO_DEV
1717467070.0110002,241,23.8,29.6,CU_TO_DEV
1717467078.1844573,322,3.3,29.5,OCC_TO_CU
1717467078.1952374,322,50.0,29.5,OCC_TO_CU
1717467078.2166715,273,50.0,29.6,CU_TO_DEV
1717467078.2167761,273,50.0,29.6,CU_TO_DEV
1717467088.1826673,322,4.6,29.5,OCC_TO_CU
1717467088.1833227,322,0.0,29.5,OCC_TO_CU
1717467088.2237208,273,37.5,29.6,CU_TO_DEV
1717467088.2269824,273,0.0,29.6,CU_TO_DEV
1717467098.2094734,322,3.2,29.5,OCC_TO_CU
1717467098.210097,322,0.0,29.5,OCC_TO_CU
1717467098.2289944,273,42.9,29.6,CU_TO_DEV
1717467098.2318673,273,50.0,29.6,CU_TO_DEV
1717467108.2241647,322,4.5,29.5,OCC_TO_CU
1717467108.2247255,322,0.0,29.5,OCC_TO_CU
1717467108.2403576,273,50.0,29.5,CU_TO_DEV
1717467108.2405174,273,50.0,29.5,CU_TO_DEV
1717467118.225125,322,3.7,29.5,OCC_TO_CU
1717467118.2257695,322,0.0,29.5,OCC_TO_CU
1717467118.2457342,273,60.0,29.6,CU_TO_DEV
1717467118.2463355,273,0.0,29.6,CU_TO_DEV
1717467120.0163395,154,5.5,29.6,OCC_TO_CU
1717467120.051489,241,35.7,29.7,CU_TO_DEV
1717467120.051396,241,35.7,29.7,CU_TO_DEV
1717467128.226695,322,4.8,29.5,OCC_TO_CU
1717467128.2272704,322,100.0,29.5,OCC_TO_CU
1717467128.2606387,273,36.4,29.6,CU_TO_DEV
1717467128.260959,273,0.0,29.6,CU_TO_DEV
1717467138.2278082,322,3.5,29.6,OCC_TO_CU
1717467138.2284944,322,0.0,29.6,OCC_TO_CU
1717467138.266272,273,40.0,29.6,CU_TO_DEV
1717467138.2661893,273,40.0,29.6,CU_TO_DEV
1717467148.2594817,322,3.5,29.6,OCC_TO_CU
1717467148.2601533,322,0.0,29.6,OCC_TO_CU
1717467148.2718682,273,25.0,29.6,CU_TO_DEV
1717467148.2727573,273,0.0,29.6,CU_TO_DEV
1717467158.2622242,322,3.7,29.7,OCC_TO_CU
1717467158.2799673,273,50.0,29.7,CU_TO_DEV
1717467158.2796996,273,50.0,29.7,CU_TO_DEV
1717467158.2811253,322,0.0,29.7,OCC_TO_CU
1717467158.4810603,273,16.7,29.8,CU_TO_DEV
1717467158.4817765,273,0.0,29.8,CU_TO_DEV
1717467168.2735045,322,3.8,29.7,OCC_TO_CU
1717467168.27416,322,0.0,29.7,OCC_TO_CU
1717467168.2866938,273,40.0,29.7,CU_TO_DEV
1717467168.2878864,273,100.0,29.8,CU_TO_DEV
1717467170.9675493,154,8.2,29.7,OCC_TO_CU
1717467171.0888608,241,80.0,29.8,CU_TO_DEV
1717467171.0896459,241,0.0,29.8,CU_TO_DEV
1717467178.279846,322,4.3,29.6,OCC_TO_CU
1717467178.2806075,322,0.0,29.6,OCC_TO_CU
1717467178.2933557,273,40.0,29.6,CU_TO_DEV
1717467178.2941682,273,0.0,29.6,CU_TO_DEV
1717467188.3440545,322,4.0,29.6,OCC_TO_CU
1717467188.3446898,322,0.0,29.6,OCC_TO_CU
1717467188.4994838,273,67.7,29.6,CU_TO_DEV
1717467188.4995534,273,67.7,29.6,CU_TO_DEV
1717467198.304686,322,3.4,29.5,OCC_TO_CU
1717467198.305335,322,0.0,29.5,OCC_TO_CU
1717467198.5046053,273,10.3,29.6,CU_TO_DEV
1717467198.504527,273,10.3,29.6,CU_TO_DEV
1717467208.3302677,322,3.9,29.5,OCC_TO_CU
1717467208.3314784,322,0.0,29.5,OCC_TO_CU
1717467208.5105383,273,13.9,29.6,CU_TO_DEV
1717467208.5104244,273,13.9,29.6,CU_TO_DEV
1717467218.3399005,322,5.0,29.5,OCC_TO_CU
1717467218.3411415,322,0.0,29.5,OCC_TO_CU
1717467218.5157285,273,10.1,29.7,CU_TO_DEV
1717467218.515858,273,10.1,29.7,CU_TO_DEV
1717467220.8428094,154,4.3,29.6,OCC_TO_CU
1717467220.9173412,241,17.2,29.7,CU_TO_DEV
1717467220.9177437,241,0.0,29.7,CU_TO_DEV
1717467228.3391619,322,3.5,29.6,OCC_TO_CU
1717467228.3398554,322,50.0,29.6,OCC_TO_CU
1717467228.5212288,273,12.7,29.7,CU_TO_DEV
1717467228.5212798,273,12.7,29.7,CU_TO_DEV
1717467238.3726447,322,4.5,29.5,OCC_TO_CU
1717467238.373263,322,0.0,29.5,OCC_TO_CU
1717467238.528949,273,8.3,29.7,CU_TO_DEV
1717467238.5293214,273,0.0,29.7,CU_TO_DEV
1717467248.3983376,322,3.7,29.6,OCC_TO_CU
1717467248.3990374,322,0.0,29.6,OCC_TO_CU
1717467248.535043,273,17.0,29.7,CU_TO_DEV
1717467248.534959,273,17.0,29.7,CU_TO_DEV
1717467258.391563,322,3.7,29.6,OCC_TO_CU
1717467258.3921869,322,0.0,29.6,OCC_TO_CU
1717467258.5403035,273,12.3,29.7,CU_TO_DEV
1717467258.5406246,273,0.0,29.7,CU_TO_DEV
1717467268.4094753,322,4.6,29.6,OCC_TO_CU
1717467268.4101126,322,0.0,29.6,OCC_TO_CU
1717467268.5466306,273,16.7,29.7,CU_TO_DEV
1717467268.5495858,273,0.0,29.7,CU_TO_DEV
1717467270.9230223,154,5.1,29.6,OCC_TO_CU
1717467270.9489467,241,60.0,29.7,CU_TO_DEV
1717467270.952705,241,100.0,29.7,CU_TO_DEV
1717467278.4234393,322,4.1,29.6,OCC_TO_CU
1717467278.4240696,322,0.0,29.6,OCC_TO_CU
1717467278.5541732,273,19.2,29.7,CU_TO_DEV
1717467278.5587466,273,0.0,29.7,CU_TO_DEV
1717467288.4349427,322,3.6,29.6,OCC_TO_CU
1717467288.4355965,322,0.0,29.6,OCC_TO_CU
1717467288.5600076,273,16.7,29.7,CU_TO_DEV
1717467288.5632944,273,50.0,29.7,CU_TO_DEV
1717467298.4550061,322,3.7,29.6,OCC_TO_CU
1717467298.4556606,322,100.0,29.6,OCC_TO_CU
1717467298.565165,273,20.9,29.7,CU_TO_DEV
1717467298.5687847,273,50.0,29.7,CU_TO_DEV
1717467308.4691658,322,4.3,29.6,OCC_TO_CU
1717467308.4778383,322,33.3,29.6,OCC_TO_CU
1717467308.5755508,273,97.4,29.7,CU_TO_DEV
1717467308.5787446,273,0.0,29.7,CU_TO_DEV
1717467318.4675536,322,4.8,29.5,OCC_TO_CU
1717467318.468176,322,0.0,29.5,OCC_TO_CU
1717467318.5826776,273,17.0,29.5,CU_TO_DEV
1717467318.5828998,273,17.0,29.5,CU_TO_DEV
1717467321.2019331,154,5.6,29.5,OCC_TO_CU
1717467321.3847964,241,6.9,29.6,CU_TO_DEV
1717467321.385045,241,0.0,29.6,CU_TO_DEV
1717467328.486695,322,3.8,29.5,OCC_TO_CU
1717467328.4874501,322,100.0,29.5,OCC_TO_CU
1717467328.588825,273,17.1,29.6,CU_TO_DEV
1717467328.5893035,273,0.0,29.6,CU_TO_DEV
1717467338.489759,322,4.2,29.6,OCC_TO_CU
1717467338.493355,322,50.0,29.6,OCC_TO_CU
1717467338.5945404,273,17.1,29.7,CU_TO_DEV
1717467338.5951595,273,0.0,29.7,CU_TO_DEV
1717467348.5057793,322,4.4,29.6,OCC_TO_CU
1717467348.509207,322,0.0,29.6,OCC_TO_CU
1717467348.600316,273,19.4,29.7,CU_TO_DEV
1717467348.6008344,273,0.0,29.7,CU_TO_DEV
1717467358.5219376,322,5.3,29.5,OCC_TO_CU
1717467358.5224383,322,0.0,29.5,OCC_TO_CU
1717467358.6093838,273,14.7,29.6,CU_TO_DEV
1717467358.6092398,273,14.7,29.6,CU_TO_DEV
1717467368.5450096,322,4.7,29.5,OCC_TO_CU
1717467368.5455313,322,0.0,29.5,OCC_TO_CU
1717467368.6140769,273,21.4,29.6,CU_TO_DEV
1717467368.6142137,273,21.4,29.6,CU_TO_DEV
1717467370.9671144,154,8.8,29.5,OCC_TO_CU
1717467371.0160055,241,35.0,29.6,CU_TO_DEV
1717467371.0162296,241,0.0,29.6,CU_TO_DEV
1717467378.5516434,322,3.3,29.5,OCC_TO_CU
1717467378.5521617,322,0.0,29.5,OCC_TO_CU
1717467378.6203964,273,19.2,29.5,CU_TO_DEV
1717467378.620675,273,0.0,29.5,CU_TO_DEV
1717467388.554117,322,3.8,29.5,OCC_TO_CU
1717467388.554759,322,0.0,29.5,OCC_TO_CU
1717467388.6253114,273,27.6,29.6,CU_TO_DEV
1717467388.6253612,273,27.6,29.6,CU_TO_DEV
1717467398.5821364,322,3.6,29.6,OCC_TO_CU
1717467398.5826766,322,0.0,29.6,OCC_TO_CU
1717467398.6308258,273,26.3,29.6,CU_TO_DEV
1717467398.6312008,273,0.0,29.6,CU_TO_DEV
1717467408.5802183,322,4.4,29.5,OCC_TO_CU
1717467408.5808604,322,0.0,29.5,OCC_TO_CU
1717467408.635804,273,31.8,29.6,CU_TO_DEV
1717467408.6357572,273,31.8,29.6,CU_TO_DEV
1717467418.5910058,322,3.5,29.6,OCC_TO_CU
1717467418.5916586,322,100.0,29.6,OCC_TO_CU
1717467418.641007,273,30.0,29.7,CU_TO_DEV
1717467418.6414783,273,0.0,29.7,CU_TO_DEV
1717467421.0479445,154,6.0,29.6,OCC_TO_CU
1717467421.243038,241,6.6,29.7,CU_TO_DEV
1717467421.2432292,241,7.8,29.7,CU_TO_DEV
1717467428.6093721,322,3.5,29.6,OCC_TO_CU
1717467428.6099017,322,0.0,29.6,OCC_TO_CU
1717467428.6472464,273,28.6,29.7,CU_TO_DEV
1717467428.6473708,273,28.6,29.7,CU_TO_DEV
1717467438.6215835,322,4.0,29.6,OCC_TO_CU
1717467438.6222234,322,0.0,29.6,OCC_TO_CU
1717467438.6556876,273,76.9,29.6,CU_TO_DEV
1717467438.657031,273,0.0,29.6,CU_TO_DEV
1717467448.6377566,322,5.2,29.5,OCC_TO_CU
1717467448.6382563,322,0.0,29.5,OCC_TO_CU
1717467448.6650245,273,50.0,29.5,CU_TO_DEV
1717467448.6650796,273,50.0,29.5,CU_TO_DEV
1717467458.652877,322,3.5,29.5,OCC_TO_CU
1717467458.653401,322,0.0,29.5,OCC_TO_CU
1717467458.6702473,273,33.3,29.5,CU_TO_DEV
1717467458.6718059,273,100.0,29.5,CU_TO_DEV
1717467468.6507792,322,4.0,29.5,OCC_TO_CU
1717467468.651605,322,0.0,29.5,OCC_TO_CU
1717467468.6775818,273,45.5,29.6,CU_TO_DEV
1717467468.678536,273,0.0,29.6,CU_TO_DEV
1717467471.1197283,154,5.7,29.6,OCC_TO_CU
1717467471.2801666,241,58.1,29.7,CU_TO_DEV
1717467471.280628,241,0.0,29.7,CU_TO_DEV
1717467478.659802,322,3.4,29.6,OCC_TO_CU
1717467478.6604698,322,0.0,29.6,OCC_TO_CU
1717467478.6838217,273,55.6,29.6,CU_TO_DEV
1717467478.684963,273,0.0,29.6,CU_TO_DEV
1717467488.6776667,322,3.6,29.5,OCC_TO_CU
1717467488.6782932,322,0.0,29.5,OCC_TO_CU
1717467488.6915383,273,40.0,29.5,CU_TO_DEV
1717467488.6920693,273,0.0,29.5,CU_TO_DEV
1717467498.689637,322,5.5,29.1,OCC_TO_CU
1717467498.6901762,322,0.0,29.1,OCC_TO_CU
1717467498.6987574,273,33.3,29.1,CU_TO_DEV
1717467498.6993341,273,100.0,29.1,CU_TO_DEV
1717467508.711649,322,3.9,29.2,OCC_TO_CU
1717467508.7122738,322,0.0,29.2,OCC_TO_CU
1717467508.905278,273,14.3,29.3,CU_TO_DEV
1717467508.9053185,273,14.3,29.3,CU_TO_DEV
1717467518.725909,322,4.2,29.3,OCC_TO_CU
1717467518.729519,322,0.0,29.3,OCC_TO_CU
1717467518.9104748,273,14.1,29.3,CU_TO_DEV
1717467518.9109235,273,0.0,29.3,CU_TO_DEV
1717467521.0512192,154,6.4,29.3,OCC_TO_CU
1717467521.1120505,241,45.5,29.4,CU_TO_DEV
1717467521.1124055,241,0.0,29.4,CU_TO_DEV
1717467528.729069,322,3.8,29.4,OCC_TO_CU
1717467528.7297175,322,0.0,29.4,OCC_TO_CU
1717467528.916197,273,12.3,29.5,CU_TO_DEV
1717467528.9162383,273,12.3,29.5,CU_TO_DEV
1717467538.7342317,322,4.8,29.4,OCC_TO_CU
1717467538.73486,322,0.0,29.4,OCC_TO_CU
1717467538.9211123,273,12.3,29.4,CU_TO_DEV
1717467538.9210727,273,12.3,29.4,CU_TO_DEV
1717467548.7623754,322,3.7,29.4,OCC_TO_CU
1717467548.7633946,322,100.0,29.4,OCC_TO_CU
1717467548.9258382,273,14.1,29.5,CU_TO_DEV
1717467548.926105,273,0.0,29.5,CU_TO_DEV
1717467558.772517,322,3.9,29.4,OCC_TO_CU
1717467558.7733796,322,0.0,29.4,OCC_TO_CU
1717467558.9307356,273,22.2,29.5,CU_TO_DEV
1717467558.9308183,273,22.2,29.5,CU_TO_DEV
1717467568.7918286,322,6.2,29.4,OCC_TO_CU
1717467568.7948115,322,0.0,29.4,OCC_TO_CU
1717467568.9373913,273,17.5,29.5,CU_TO_DEV
1717467568.9390168,273,0.0,29.5,CU_TO_DEV
1717467571.1755056,154,6.4,29.4,OCC_TO_CU
1717467571.3401053,241,9.2,29.5,CU_TO_DEV
1717467571.3414814,241,0.0,29.5,CU_TO_DEV
1717467578.8015745,322,4.5,29.3,OCC_TO_CU
1717467578.8027442,322,0.0,29.3,OCC_TO_CU
1717467578.9440737,273,20.7,29.3,CU_TO_DEV
1717467578.9445431,273,0.0,29.3,CU_TO_DEV
1717467588.8033981,322,4.6,29.2,OCC_TO_CU
1717467588.80461,322,0.0,29.2,OCC_TO_CU
1717467588.9508913,273,20.0,29.3,CU_TO_DEV
1717467588.9555233,273,0.0,29.3,CU_TO_DEV
1717467598.8260107,322,4.0,29.2,OCC_TO_CU
1717467598.8272977,322,50.0,29.2,OCC_TO_CU
1717467598.9563162,273,20.0,29.3,CU_TO_DEV
1717467598.9600437,273,0.0,29.3,CU_TO_DEV
1717467608.8417647,322,4.0,29.3,OCC_TO_CU
1717467608.849684,322,50.0,29.3,OCC_TO_CU
1717467608.9611197,273,34.8,29.4,CU_TO_DEV
1717467608.9649792,273,0.0,29.4,CU_TO_DEV
1717467618.8597596,322,3.5,29.4,OCC_TO_CU
1717467618.8604379,322,0.0,29.4,OCC_TO_CU
1717467618.9687908,273,16.7,29.5,CU_TO_DEV
1717467618.9693282,273,0.0,29.5,CU_TO_DEV
1717467621.2496154,154,5.5,29.4,OCC_TO_CU
1717467621.3703434,241,14.3,29.5,CU_TO_DEV
1717467621.3708634,241,0.0,29.5,CU_TO_DEV
1717467628.8653061,322,5.1,29.4,OCC_TO_CU
1717467628.8675287,322,100.0,29.4,OCC_TO_CU
1717467628.9752057,273,81.4,29.5,CU_TO_DEV
1717467628.980076,273,0.0,29.5,CU_TO_DEV
1717467638.8935692,322,3.6,29.3,OCC_TO_CU
1717467638.8945985,322,0.0,29.3,OCC_TO_CU
1717467638.9811583,273,22.9,29.4,CU_TO_DEV
1717467638.9847467,273,0.0,29.4,CU_TO_DEV
1717467648.9149196,322,3.5,29.4,OCC_TO_CU
1717467648.9157598,322,0.0,29.4,OCC_TO_CU
1717467648.986604,273,21.4,29.5,CU_TO_DEV
1717467648.9895217,273,0.0,29.5,CU_TO_DEV
1717467658.9101245,322,3.9,29.5,OCC_TO_CU
1717467658.9111147,322,0.0,29.5,OCC_TO_CU
1717467658.9916086,273,26.5,29.6,CU_TO_DEV
1717467658.9936035,273,0.0,29.6,CU_TO_DEV
1717467668.9455762,322,3.6,29.5,OCC_TO_CU
1717467668.9463055,322,0.0,29.5,OCC_TO_CU
1717467668.99634,273,30.0,29.6,CU_TO_DEV
1717467668.9976614,273,0.0,29.6,CU_TO_DEV
1717467671.3261864,154,8.6,29.5,OCC_TO_CU
1717467671.3984349,241,16.7,29.6,CU_TO_DEV
1717467671.3995023,241,0.0,29.6,CU_TO_DEV
1717467678.929361,322,4.1,29.4,OCC_TO_CU
1717467678.9299464,322,0.0,29.4,OCC_TO_CU
1717467679.0019345,273,20.7,29.5,CU_TO_DEV
1717467679.0026171,273,0.0,29.5,CU_TO_DEV
1717467688.934367,322,3.5,29.4,OCC_TO_CU
1717467688.9351134,322,0.0,29.4,OCC_TO_CU
1717467689.0074496,273,86.7,29.5,CU_TO_DEV
1717467689.0079117,273,0.0,29.5,CU_TO_DEV
1717467698.9653435,322,4.4,29.3,OCC_TO_CU
1717467698.9776459,322,25.0,29.3,OCC_TO_CU
1717467699.0139375,273,84.6,29.3,CU_TO_DEV
1717467699.0147805,273,0.0,29.3,CU_TO_DEV
1717467708.9819798,322,4.3,29.3,OCC_TO_CU
1717467708.9826448,322,0.0,29.3,OCC_TO_CU
1717467709.021341,273,43.7,29.4,CU_TO_DEV
1717467709.0221517,273,0.0,29.4,CU_TO_DEV
1717467718.979467,322,4.3,29.4,OCC_TO_CU
1717467718.980307,322,0.0,29.4,OCC_TO_CU
1717467719.0282931,273,85.0,29.5,CU_TO_DEV
1717467719.0288277,273,0.0,29.5,CU_TO_DEV
1717467721.2651093,154,5.8,29.4,OCC_TO_CU
1717467721.430368,241,7.6,29.5,CU_TO_DEV
1717467721.434827,241,0.0,29.5,CU_TO_DEV
1717467728.9844446,322,3.5,29.4,OCC_TO_CU
1717467728.9854853,322,0.0,29.4,OCC_TO_CU
1717467729.0345817,273,40.9,29.5,CU_TO_DEV
1717467729.0379548,273,0.0,29.5,CU_TO_DEV
1717467739.0048344,322,3.8,29.4,OCC_TO_CU
1717467739.0054662,322,0.0,29.4,OCC_TO_CU
1717467739.0398412,273,46.7,29.5,CU_TO_DEV
1717467739.042579,273,0.0,29.5,CU_TO_DEV
1717467749.0141199,322,3.9,29.4,OCC_TO_CU
1717467749.0147805,322,0.0,29.4,OCC_TO_CU
1717467749.0457313,273,45.5,29.5,CU_TO_DEV
1717467749.0472865,273,0.0,29.5,CU_TO_DEV
1717467759.0255191,322,4.7,29.5,OCC_TO_CU
1717467759.026066,322,0.0,29.5,OCC_TO_CU
1717467759.053559,273,0.0,29.5,CU_TO_DEV
1717467759.0531101,273,45.5,29.5,CU_TO_DEV
1717467769.06429,322,4.4,29.4,OCC_TO_CU
1717467769.0649102,322,0.0,29.4,OCC_TO_CU
1717467769.259296,273,11.3,29.5,CU_TO_DEV
1717467769.2595346,273,11.3,29.5,CU_TO_DEV
1717467771.3968222,154,9.2,29.4,OCC_TO_CU
1717467771.4610703,241,24.0,29.5,CU_TO_DEV
1717467771.461423,241,0.0,29.5,CU_TO_DEV
1717467779.0625587,322,3.8,29.4,OCC_TO_CU
1717467779.0633175,322,0.0,29.4,OCC_TO_CU
1717467779.065637,273,0.0,29.4,CU_TO_DEV
1717467779.0659816,273,0.0,29.4,CU_TO_DEV
1717467789.075582,322,3.8,29.4,OCC_TO_CU
1717467789.0762248,322,0.0,29.4,OCC_TO_CU
1717467789.2733939,273,10.4,29.5,CU_TO_DEV
1717467789.273272,273,10.4,29.5,CU_TO_DEV
1717467799.0942278,322,3.7,29.5,OCC_TO_CU
1717467799.094853,322,0.0,29.5,OCC_TO_CU
1717467799.27898,273,12.2,29.6,CU_TO_DEV
1717467799.2791488,273,12.2,29.6,CU_TO_DEV
1717467809.0965726,322,3.8,29.5,OCC_TO_CU
1717467809.1000955,322,0.0,29.5,OCC_TO_CU
1717467809.2847772,273,6.9,29.6,CU_TO_DEV
1717467809.2848308,273,6.9,29.6,CU_TO_DEV
1717467819.1242628,322,4.5,29.5,OCC_TO_CU
1717467819.1253083,322,0.0,29.5,OCC_TO_CU
1717467819.2902422,273,65.2,29.5,CU_TO_DEV
1717467819.2901723,273,65.2,29.5,CU_TO_DEV
1717467821.4545372,154,8.2,29.4,OCC_TO_CU
1717467821.4920464,241,53.3,29.5,CU_TO_DEV
1717467821.4919775,241,53.3,29.5,CU_TO_DEV
1717467829.129761,322,3.4,29.3,OCC_TO_CU
1717467829.1309965,322,0.0,29.3,OCC_TO_CU
1717467829.2965848,273,11.9,29.4,CU_TO_DEV
1717467829.2971048,273,0.0,29.4,CU_TO_DEV
1717467839.158488,322,4.1,29.4,OCC_TO_CU
1717467839.1590846,322,0.0,29.4,OCC_TO_CU
1717467839.3022418,273,12.5,29.5,CU_TO_DEV
1717467839.302594,273,0.0,29.5,CU_TO_DEV
1717467849.1613865,322,3.8,29.4,OCC_TO_CU
1717467849.1620028,322,0.0,29.4,OCC_TO_CU
1717467849.309651,273,13.6,29.5,CU_TO_DEV
1717467849.3095844,273,13.6,29.5,CU_TO_DEV
1717467859.190831,322,4.8,29.3,OCC_TO_CU
1717467859.191857,322,0.0,29.3,OCC_TO_CU
1717467859.3204908,273,18.9,29.5,CU_TO_DEV
1717467859.3211396,273,0.0,29.5,CU_TO_DEV
1717467869.2006907,322,3.7,29.5,OCC_TO_CU
1717467869.2013052,322,0.0,29.5,OCC_TO_CU
1717467869.3280594,273,15.7,29.6,CU_TO_DEV
1717467869.3282425,273,15.7,29.6,CU_TO_DEV
1717467871.4261107,154,9.7,29.5,OCC_TO_CU
1717467871.5298214,241,14.3,29.5,CU_TO_DEV
1717467871.5305254,241,0.0,29.5,CU_TO_DEV
1717467879.2077098,322,3.5,29.5,OCC_TO_CU
1717467879.2083738,322,0.0,29.5,OCC_TO_CU
1717467879.334151,273,16.3,29.5,CU_TO_DEV
1717467879.333927,273,16.3,29.5,CU_TO_DEV
1717467889.2155335,322,4.4,29.4,OCC_TO_CU
1717467889.2161403,322,0.0,29.4,OCC_TO_CU
1717467889.3423567,273,15.7,29.5,CU_TO_DEV
1717467889.3427036,273,0.0,29.5,CU_TO_DEV
1717467899.219303,322,3.8,29.4,OCC_TO_CU
1717467899.219906,322,0.0,29.4,OCC_TO_CU
1717467899.348884,273,17.0,29.5,CU_TO_DEV
1717467899.3489397,273,17.0,29.5,CU_TO_DEV
1717467909.2453537,322,4.6,29.4,OCC_TO_CU
1717467909.2464218,322,0.0,29.4,OCC_TO_CU
1717467909.3586416,273,19.6,29.5,CU_TO_DEV
1717467909.3592143,273,100.0,29.5,CU_TO_DEV
1717467919.278961,322,3.9,29.5,OCC_TO_CU
1717467919.2796128,322,100.0,29.5,OCC_TO_CU
1717467919.3648567,273,26.5,29.6,CU_TO_DEV
1717467919.3655233,273,0.0,29.6,CU_TO_DEV
1717467921.50792,154,6.2,29.6,OCC_TO_CU
1717467921.5674329,241,18.2,29.6,CU_TO_DEV
1717467921.5677786,241,0.0,29.6,CU_TO_DEV
1717467929.269448,322,3.4,29.6,OCC_TO_CU
1717467929.2700543,322,0.0,29.6,OCC_TO_CU
1717467929.3720617,273,19.5,29.7,CU_TO_DEV
1717467929.373443,273,0.0,29.7,CU_TO_DEV
1717467939.292202,322,3.9,29.6,OCC_TO_CU
1717467939.2930362,322,0.0,29.6,OCC_TO_CU
1717467939.3785646,273,21.2,29.7,CU_TO_DEV
1717467939.3791158,273,0.0,29.7,CU_TO_DEV
1717467949.2938266,322,5.4,29.6,OCC_TO_CU
1717467949.2945266,322,0.0,29.6,OCC_TO_CU
1717467949.395527,273,90.2,29.5,CU_TO_DEV
1717467949.396307,273,0.0,29.5,CU_TO_DEV
1717467959.307181,322,3.5,29.4,OCC_TO_CU
1717467959.3078055,322,0.0,29.4,OCC_TO_CU
1717467959.4017103,273,24.3,29.5,CU_TO_DEV
1717467959.402039,273,0.0,29.5,CU_TO_DEV
1717467969.315924,322,5.0,29.4,OCC_TO_CU
1717467969.3171797,322,0.0,29.4,OCC_TO_CU
1717467969.412018,273,21.1,29.5,CU_TO_DEV
1717467969.4125485,273,0.0,29.5,CU_TO_DEV
1717467971.4995556,154,4.8,29.5,OCC_TO_CU
1717467971.6139882,241,13.0,29.5,CU_TO_DEV
1717467971.6143878,241,0.0,29.5,CU_TO_DEV
1717467979.3173687,322,3.2,29.5,OCC_TO_CU
1717467979.3179832,322,0.0,29.5,OCC_TO_CU
1717467979.4188354,273,0.0,29.6,CU_TO_DEV
1717467979.4180987,273,24.4,29.6,CU_TO_DEV
1717467989.3437262,322,3.9,29.6,OCC_TO_CU
1717467989.3443737,322,0.0,29.6,OCC_TO_CU
1717467989.425537,273,21.9,29.7,CU_TO_DEV
1717467989.4254074,273,21.9,29.7,CU_TO_DEV
1717467999.3500733,322,4.6,29.6,OCC_TO_CU
1717467999.3506768,322,0.0,29.6,OCC_TO_CU
1717467999.432947,273,21.9,29.6,CU_TO_DEV
1717467999.4328632,273,21.9,29.6,CU_TO_DEV
1717468009.3618796,322,3.7,29.6,OCC_TO_CU
1717468009.3626788,322,0.0,29.6,OCC_TO_CU
1717468009.439437,273,23.3,29.7,CU_TO_DEV
1717468009.4392366,273,23.3,29.7,CU_TO_DEV
1717468019.3839595,322,4.4,29.6,OCC_TO_CU
1717468019.3846068,322,0.0,29.6,OCC_TO_CU
1717468019.4476442,273,100.0,29.6,CU_TO_DEV
1717468019.4469142,273,30.4,29.6,CU_TO_DEV
1717468021.5535085,154,5.6,29.6,OCC_TO_CU
1717468021.649843,241,15.8,29.7,CU_TO_DEV
1717468021.6497984,241,15.8,29.7,CU_TO_DEV
1717468029.3882735,322,3.5,29.6,OCC_TO_CU
1717468029.3889334,322,0.0,29.6,OCC_TO_CU
1717468029.4555254,273,33.3,29.7,CU_TO_DEV
1717468029.4556322,273,33.3,29.7,CU_TO_DEV
1717468039.4077432,322,3.6,29.7,OCC_TO_CU
1717468039.4084039,322,0.0,29.7,OCC_TO_CU
1717468039.46104,273,36.4,29.7,CU_TO_DEV
1717468039.4619093,273,0.0,29.7,CU_TO_DEV
1717468049.4019954,322,4.4,29.6,OCC_TO_CU
1717468049.4027565,322,0.0,29.6,OCC_TO_CU
1717468049.4693396,273,25.0,29.7,CU_TO_DEV
1717468049.4702923,273,0.0,29.7,CU_TO_DEV
1717468059.424595,322,3.9,29.7,OCC_TO_CU
1717468059.4252522,322,0.0,29.7,OCC_TO_CU
1717468059.4754107,273,100.0,29.8,CU_TO_DEV
1717468059.4750667,273,27.8,29.8,CU_TO_DEV
1717468069.424587,322,3.5,29.7,OCC_TO_CU
1717468069.4254842,322,0.0,29.7,OCC_TO_CU
1717468069.4827187,273,82.6,29.8,CU_TO_DEV
1717468069.4850295,273,100.0,29.8,CU_TO_DEV
1717468071.6235712,154,7.9,29.7,OCC_TO_CU
1717468071.689282,241,85.7,29.8,CU_TO_DEV
1717468071.6916385,241,100.0,29.8,CU_TO_DEV
1717468079.430416,322,4.3,29.5,OCC_TO_CU
1717468079.4309676,322,0.0,29.5,OCC_TO_CU
1717468079.493347,273,26.1,29.5,CU_TO_DEV
1717468079.4968987,273,100.0,29.5,CU_TO_DEV
1717468089.4583821,322,4.8,29.5,OCC_TO_CU
1717468089.4589221,322,0.0,29.5,OCC_TO_CU
1717468089.5034587,273,52.9,29.6,CU_TO_DEV
1717468089.5056174,273,0.0,29.6,CU_TO_DEV
1717468099.4534996,322,3.4,29.5,OCC_TO_CU
1717468099.454037,322,0.0,29.5,OCC_TO_CU
1717468099.511366,273,36.0,29.6,CU_TO_DEV
1717468099.5114284,273,36.0,29.6,CU_TO_DEV
1717468109.4754555,322,3.7,29.5,OCC_TO_CU
1717468109.4761078,322,0.0,29.5,OCC_TO_CU
1717468109.5188034,273,53.3,29.6,CU_TO_DEV
1717468109.5197804,273,100.0,29.6,CU_TO_DEV
1717468119.4910722,322,3.7,29.6,OCC_TO_CU
1717468119.4941149,322,0.0,29.6,OCC_TO_CU
1717468119.5266318,273,66.7,29.7,CU_TO_DEV
1717468119.5287435,273,100.0,29.7,CU_TO_DEV
1717468121.8060956,154,5.5,29.7,OCC_TO_CU
1717468121.930725,241,18.4,29.7,CU_TO_DEV
1717468121.931166,241,0.0,29.7,CU_TO_DEV
1717468129.5478778,322,3.0,29.6,OCC_TO_CU
1717468129.549775,322,0.0,29.6,OCC_TO_CU
1717468129.735114,273,12.3,29.7,CU_TO_DEV
1717468129.737042,273,0.0,29.7,CU_TO_DEV
1717468139.5228388,322,4.6,29.6,OCC_TO_CU
1717468139.5235221,322,0.0,29.6,OCC_TO_CU
1717468139.5429885,273,71.4,29.6,CU_TO_DEV
1717468139.5434618,273,100.0,29.6,CU_TO_DEV
1717468149.533593,322,4.2,29.6,OCC_TO_CU
1717468149.5343995,322,0.0,29.6,OCC_TO_CU
1717468149.551715,273,77.8,29.6,CU_TO_DEV
1717468149.5523555,273,0.0,29.6,CU_TO_DEV
1717468159.5499752,322,3.6,29.6,OCC_TO_CU
1717468159.5505705,322,0.0,29.6,OCC_TO_CU
1717468159.5603347,273,50.0,29.6,CU_TO_DEV
1717468159.5611796,273,0.0,29.6,CU_TO_DEV
1717468169.565012,322,4.0,29.6,OCC_TO_CU
1717468169.5656676,322,0.0,29.6,OCC_TO_CU
1717468169.5662253,273,0.0,29.6,CU_TO_DEV
1717468169.566424,273,0.0,29.6,CU_TO_DEV
1717468171.6082468,154,6.0,29.7,OCC_TO_CU
1717468171.7677698,241,72.3,29.7,CU_TO_DEV
1717468171.7680218,241,0.0,29.7,CU_TO_DEV
1717468179.5729895,322,4.6,29.5,OCC_TO_CU
1717468179.5763087,322,100.0,29.5,OCC_TO_CU
1717468179.772594,273,12.7,29.6,CU_TO_DEV
1717468179.7724311,273,12.7,29.6,CU_TO_DEV
1717468189.599651,322,3.5,29.5,OCC_TO_CU
1717468189.600312,322,0.0,29.5,OCC_TO_CU
1717468189.778999,273,17.1,29.6,CU_TO_DEV
1717468189.7794821,273,100.0,29.6,CU_TO_DEV
1717468199.5994732,322,4.0,29.6,OCC_TO_CU
1717468199.602674,322,0.0,29.6,OCC_TO_CU
1717468199.7853396,273,56.0,29.6,CU_TO_DEV
1717468199.785555,273,0.0,29.6,CU_TO_DEV
1717468209.6151888,322,4.0,29.5,OCC_TO_CU
1717468209.6159286,322,0.0,29.5,OCC_TO_CU
1717468209.7920237,273,11.3,29.6,CU_TO_DEV
1717468209.7919428,273,11.3,29.6,CU_TO_DEV
1717468219.6270645,322,3.8,29.5,OCC_TO_CU
1717468219.627741,322,100.0,29.5,OCC_TO_CU
1717468219.7981524,273,12.9,29.6,CU_TO_DEV
1717468219.7983453,273,12.9,29.6,CU_TO_DEV
1717468221.6515846,154,5.7,29.6,OCC_TO_CU
1717468221.8025143,241,16.9,29.7,CU_TO_DEV
1717468221.8029666,241,0.0,29.7,CU_TO_DEV
1717468229.6422627,322,4.8,29.5,OCC_TO_CU
1717468229.6427948,322,0.0,29.5,OCC_TO_CU
1717468229.8073938,273,10.4,29.5,CU_TO_DEV
1717468229.8072026,273,10.4,29.5,CU_TO_DEV
1717468239.651598,322,4.0,29.5,OCC_TO_CU
1717468239.6525755,322,0.0,29.5,OCC_TO_CU
1717468239.8135312,273,9.5,29.6,CU_TO_DEV
1717468239.8139923,273,0.0,29.6,CU_TO_DEV
1717468249.673925,322,3.8,29.6,OCC_TO_CU
1717468249.6747274,322,0.0,29.6,OCC_TO_CU
1717468249.820051,273,10.5,29.7,CU_TO_DEV
1717468249.8205137,273,0.0,29.7,CU_TO_DEV
1717468259.6844227,322,3.7,29.7,OCC_TO_CU
1717468259.6854138,322,0.0,29.7,OCC_TO_CU
1717468259.8285327,273,10.7,29.8,CU_TO_DEV
1717468259.8289027,273,0.0,29.8,CU_TO_DEV
1717468269.6991782,322,4.0,29.7,OCC_TO_CU
1717468269.699812,322,0.0,29.7,OCC_TO_CU
1717468269.8347325,273,14.5,29.8,CU_TO_DEV
1717468269.8349102,273,14.5,29.8,CU_TO_DEV
1717468271.7276258,154,18.6,29.6,OCC_TO_CU
1717468271.8403835,241,13.6,29.7,CU_TO_DEV
1717468271.841977,241,0.0,29.7,CU_TO_DEV
1717468279.6916053,322,3.6,29.5,OCC_TO_CU
1717468279.6923642,322,0.0,29.5,OCC_TO_CU
1717468279.8462234,273,11.5,29.5,CU_TO_DEV
1717468279.8467479,273,0.0,29.5,CU_TO_DEV
1717468289.714447,322,3.8,29.5,OCC_TO_CU
1717468289.715094,322,0.0,29.5,OCC_TO_CU
1717468289.8523867,273,13.0,29.6,CU_TO_DEV
1717468289.8526282,273,0.0,29.6,CU_TO_DEV
1717468299.7291067,322,3.9,29.6,OCC_TO_CU
1717468299.7297575,322,0.0,29.6,OCC_TO_CU
1717468299.859401,273,13.5,29.7,CU_TO_DEV
1717468299.859445,273,13.5,29.7,CU_TO_DEV
1717468309.7285373,322,3.6,29.7,OCC_TO_CU
1717468309.72951,322,0.0,29.7,OCC_TO_CU
1717468309.8659282,273,12.7,29.7,CU_TO_DEV
1717468309.8659706,273,12.7,29.7,CU_TO_DEV
1717468319.7546425,322,4.5,29.6,OCC_TO_CU
1717468319.7552419,322,100.0,29.6,OCC_TO_CU
1717468319.8718398,273,11.1,29.7,CU_TO_DEV
1717468319.8722353,273,0.0,29.7,CU_TO_DEV
1717468322.727429,154,4.5,29.6,OCC_TO_CU
1717468322.874148,241,64.4,29.7,CU_TO_DEV
1717468322.8741095,241,64.4,29.7,CU_TO_DEV
1717468329.7657814,322,2.9,29.6,OCC_TO_CU
1717468329.7664568,322,0.0,29.6,OCC_TO_CU
1717468329.8778324,273,17.8,29.7,CU_TO_DEV
1717468329.8791354,273,0.0,29.7,CU_TO_DEV
1717468339.7883148,322,4.7,29.6,OCC_TO_CU
1717468339.7893336,322,0.0,29.6,OCC_TO_CU
1717468339.888361,273,19.0,29.6,CU_TO_DEV
1717468339.8884,273,19.0,29.6,CU_TO_DEV
1717468349.7875993,322,3.6,29.6,OCC_TO_CU
1717468349.7882237,322,0.0,29.6,OCC_TO_CU
1717468349.8947303,273,16.7,29.7,CU_TO_DEV
1717468349.8952138,273,100.0,29.7,CU_TO_DEV
1717468359.8257508,322,3.6,29.7,OCC_TO_CU
1717468359.826531,322,0.0,29.7,OCC_TO_CU
1717468359.9005728,273,20.7,29.8,CU_TO_DEV
1717468359.900979,273,0.0,29.8,CU_TO_DEV
1717468369.7962744,322,4.6,29.6,OCC_TO_CU
1717468369.7981825,322,0.0,29.6,OCC_TO_CU
1717468369.9069855,273,88.1,29.6,CU_TO_DEV
1717468369.9073563,273,88.4,29.6,CU_TO_DEV
1717468372.8646908,154,5.2,29.6,OCC_TO_CU
1717468372.9099314,241,35.3,29.6,CU_TO_DEV
1717468372.9139214,241,0.0,29.6,CU_TO_DEV
1717468379.8120785,322,3.3,29.6,OCC_TO_CU
1717468379.81279,322,0.0,29.6,OCC_TO_CU
1717468379.91651,273,16.7,29.7,CU_TO_DEV
1717468379.9174378,273,0.0,29.7,CU_TO_DEV
1717468389.8629036,322,3.8,29.6,OCC_TO_CU
1717468389.863573,322,100.0,29.6,OCC_TO_CU
1717468389.922678,273,26.1,29.7,CU_TO_DEV
1717468389.9226258,273,26.1,29.7,CU_TO_DEV
1717468399.8361938,322,4.0,29.7,OCC_TO_CU
1717468399.8368227,322,0.0,29.7,OCC_TO_CU
1717468399.9315639,273,16.7,29.8,CU_TO_DEV
1717468399.931614,273,16.7,29.8,CU_TO_DEV
1717468409.844636,322,5.1,29.6,OCC_TO_CU
1717468409.84519,322,0.0,29.6,OCC_TO_CU
1717468409.939651,273,15.8,29.6,CU_TO_DEV
1717468409.939821,273,15.8,29.6,CU_TO_DEV
1717468419.859477,322,3.4,29.6,OCC_TO_CU
1717468419.8601031,322,0.0,29.6,OCC_TO_CU
1717468419.9452126,273,21.2,29.7,CU_TO_DEV
1717468419.945678,273,0.0,29.7,CU_TO_DEV
1717468422.876614,154,5.2,29.7,OCC_TO_CU
1717468422.9474955,241,19.2,29.7,CU_TO_DEV
1717468422.9477592,241,0.0,29.7,CU_TO_DEV
1717468429.8702383,322,3.7,29.7,OCC_TO_CU
1717468429.8708818,322,0.0,29.7,OCC_TO_CU
1717468429.9518547,273,16.1,29.8,CU_TO_DEV
1717468429.951963,273,16.1,29.8,CU_TO_DEV
1717468439.8955896,322,3.7,29.7,OCC_TO_CU
1717468439.896211,322,0.0,29.7,OCC_TO_CU
1717468439.9599414,273,30.8,29.8,CU_TO_DEV
1717468439.9610822,273,0.0,29.8,CU_TO_DEV
1717468449.9029703,322,3.9,29.7,OCC_TO_CU
1717468449.9036186,322,0.0,29.7,OCC_TO_CU
1717468449.9702911,273,20.0,29.8,CU_TO_DEV
1717468449.9709666,273,0.0,29.8,CU_TO_DEV
1717468459.9382813,322,4.4,29.7,OCC_TO_CU
1717468459.9389317,322,0.0,29.7,OCC_TO_CU
1717468459.97708,273,81.3,29.8,CU_TO_DEV
1717468459.9798863,273,100.0,29.8,CU_TO_DEV
1717468469.9112318,322,4.9,29.5,OCC_TO_CU
1717468469.9118679,322,0.0,29.5,OCC_TO_CU
1717468469.991587,273,87.5,29.6,CU_TO_DEV
1717468469.9915373,273,87.5,29.6,CU_TO_DEV
1717468472.9526722,154,5.8,29.5,OCC_TO_CU
1717468472.9936032,241,25.0,29.6,CU_TO_DEV
1717468472.993734,241,25.0,29.6,CU_TO_DEV
1717468479.913232,322,3.5,29.5,OCC_TO_CU
1717468479.913873,322,0.0,29.5,OCC_TO_CU
1717468479.9980342,273,20.6,29.6,CU_TO_DEV
1717468479.9980974,273,20.6,29.6,CU_TO_DEV
1717468489.942611,322,3.8,29.5,OCC_TO_CU
1717468489.9432495,322,100.0,29.5,OCC_TO_CU
1717468490.0044408,273,18.2,29.6,CU_TO_DEV
1717468490.0043523,273,18.2,29.6,CU_TO_DEV
1717468499.9676852,322,3.5,29.6,OCC_TO_CU
1717468499.96832,322,0.0,29.6,OCC_TO_CU
1717468500.0109408,273,33.3,29.7,CU_TO_DEV
1717468500.0108736,273,33.3,29.7,CU_TO_DEV
1717468509.9838045,322,4.4,29.5,OCC_TO_CU
1717468509.9844537,322,0.0,29.5,OCC_TO_CU
1717468510.0184598,273,33.3,29.6,CU_TO_DEV
1717468510.0205424,273,50.0,29.6,CU_TO_DEV
1717468519.9708188,322,3.5,29.6,OCC_TO_CU
1717468519.9717586,322,0.0,29.6,OCC_TO_CU
1717468520.0259511,273,27.3,29.7,CU_TO_DEV
1717468520.0264478,273,0.0,29.7,CU_TO_DEV
1717468523.0311518,154,4.9,29.7,OCC_TO_CU
1717468523.2292209,241,8.9,29.7,CU_TO_DEV
1717468523.229383,241,8.9,29.7,CU_TO_DEV
1717468529.9949834,322,4.8,29.6,OCC_TO_CU
1717468529.9956958,322,50.0,29.6,OCC_TO_CU
1717468530.0359511,273,37.5,29.7,CU_TO_DEV
1717468530.0363364,273,0.0,29.7,CU_TO_DEV
1717468540.0267751,322,3.3,29.6,OCC_TO_CU
1717468540.0276732,322,66.7,29.6,OCC_TO_CU
1717468540.0428877,273,25.0,29.6,CU_TO_DEV
1717468540.0445166,273,100.0,29.6,CU_TO_DEV
1717468550.0097845,322,4.9,29.6,OCC_TO_CU
1717468550.0104692,322,0.0,29.6,OCC_TO_CU
1717468550.052498,273,29.4,29.7,CU_TO_DEV
1717468550.0541916,273,0.0,29.7,CU_TO_DEV
1717468560.0371456,322,3.6,29.7,OCC_TO_CU
1717468560.0380569,322,0.0,29.7,OCC_TO_CU
1717468560.059079,273,58.3,29.7,CU_TO_DEV
1717468560.0605788,273,0.0,29.7,CU_TO_DEV
1717468570.0367785,322,3.9,29.7,OCC_TO_CU
1717468570.0374603,322,0.0,29.7,OCC_TO_CU
1717468570.0664175,273,45.5,29.7,CU_TO_DEV
1717468570.0681918,273,0.0,29.7,CU_TO_DEV
1717468573.0022588,154,7.6,29.7,OCC_TO_CU
1717468573.0686364,241,22.2,29.8,CU_TO_DEV
1717468573.0698273,241,0.0,29.8,CU_TO_DEV
1717468580.038174,322,3.3,29.7,OCC_TO_CU
1717468580.0388112,322,0.0,29.7,OCC_TO_CU
1717468580.0731559,273,46.7,29.7,CU_TO_DEV
1717468580.0732312,273,46.7,29.7,CU_TO_DEV
1717468590.042736,322,3.8,29.7,OCC_TO_CU
1717468590.0434027,322,0.0,29.7,OCC_TO_CU
1717468590.082901,273,80.0,29.8,CU_TO_DEV
1717468590.0834231,273,100.0,29.8,CU_TO_DEV
1717468600.0762045,322,5.9,29.5,OCC_TO_CU
1717468600.0769641,322,0.0,29.5,OCC_TO_CU
1717468600.0936165,273,50.0,29.5,CU_TO_DEV
1717468600.0971851,273,50.0,29.5,CU_TO_DEV
1717468610.0793867,322,3.5,29.5,OCC_TO_CU
1717468610.0800128,322,0.0,29.5,OCC_TO_CU
1717468610.0999775,273,37.5,29.5,CU_TO_DEV
1717468610.1035786,273,100.0,29.5,CU_TO_DEV
1717468620.1018152,322,4.0,29.5,OCC_TO_CU
1717468620.1024864,322,0.0,29.5,OCC_TO_CU
1717468620.1087706,273,0.0,29.5,CU_TO_DEV
1717468620.1101606,273,0.0,29.5,CU_TO_DEV
1717468623.078535,154,5.9,29.6,OCC_TO_CU
1717468623.1119187,241,41.7,29.7,CU_TO_DEV
1717468623.1130078,241,0.0,29.7,CU_TO_DEV
1717468630.1019626,322,3.5,29.6,OCC_TO_CU
1717468630.1026063,322,0.0,29.6,OCC_TO_CU
1717468630.1171172,273,50.0,29.6,CU_TO_DEV
1717468630.1172972,273,50.0,29.6,CU_TO_DEV
1717468640.1179013,322,5.1,29.6,OCC_TO_CU
1717468640.1199782,322,0.0,29.6,OCC_TO_CU
1717468640.12756,273,50.0,29.6,CU_TO_DEV
1717468640.1277304,273,50.0,29.6,CU_TO_DEV
1717468650.1357048,322,3.7,29.6,OCC_TO_CU
1717468650.1368232,322,0.0,29.6,OCC_TO_CU
1717468650.3348227,273,8.9,29.7,CU_TO_DEV
1717468650.3350754,273,0.0,29.7,CU_TO_DEV
1717468660.1267447,322,4.5,29.5,OCC_TO_CU
1717468660.1273131,322,100.0,29.5,OCC_TO_CU
1717468660.140838,273,50.0,29.6,CU_TO_DEV
1717468660.140617,273,50.0,29.6,CU_TO_DEV
1717468670.1622818,322,3.5,29.6,OCC_TO_CU
1717468670.162925,322,0.0,29.6,OCC_TO_CU
1717468670.346755,273,10.7,29.7,CU_TO_DEV
1717468670.3465786,273,10.7,29.7,CU_TO_DEV
1717468673.0305157,154,5.6,29.7,OCC_TO_CU
1717468673.1489124,241,16.3,29.8,CU_TO_DEV
1717468673.1489594,241,16.3,29.8,CU_TO_DEV
1717468680.162032,322,4.3,29.7,OCC_TO_CU
1717468680.1626737,322,0.0,29.7,OCC_TO_CU
1717468680.3532295,273,8.0,29.7,CU_TO_DEV
1717468680.3533359,273,8.0,29.7,CU_TO_DEV
1717468690.1554646,322,4.7,29.5,OCC_TO_CU
1717468690.1559727,322,0.0,29.5,OCC_TO_CU
1717468690.158992,273,0.0,29.5,CU_TO_DEV
1717468690.1619806,273,0.0,29.5,CU_TO_DEV
1717468700.175043,322,3.8,29.6,OCC_TO_CU
1717468700.175859,322,50.0,29.6,OCC_TO_CU
1717468700.3658545,273,5.5,29.7,CU_TO_DEV
1717468700.3673182,273,100.0,29.7,CU_TO_DEV
1717468710.2082703,322,3.9,29.6,OCC_TO_CU
1717468710.2089179,322,0.0,29.6,OCC_TO_CU
1717468710.3719232,273,9.4,29.7,CU_TO_DEV
1717468710.3725169,273,0.0,29.7,CU_TO_DEV
1717468720.207288,322,4.7,29.7,OCC_TO_CU
1717468720.2077894,322,0.0,29.7,OCC_TO_CU
1717468720.379084,273,7.5,29.8,CU_TO_DEV
1717468720.379235,273,8.8,29.8,CU_TO_DEV
1717468723.0666125,154,4.2,29.7,OCC_TO_CU
1717468723.1811044,241,74.5,29.7,CU_TO_DEV
1717468723.181328,241,0.0,29.7,CU_TO_DEV
1717468730.2438958,322,3.4,29.6,OCC_TO_CU
1717468730.2445464,322,0.0,29.6,OCC_TO_CU
1717468730.3853915,273,10.7,29.7,CU_TO_DEV
1717468730.3858998,273,0.0,29.7,CU_TO_DEV
1717468740.2295809,322,4.6,29.5,OCC_TO_CU
1717468740.230214,322,0.0,29.5,OCC_TO_CU
1717468740.3935547,273,10.8,29.6,CU_TO_DEV
1717468740.3936095,273,10.8,29.6,CU_TO_DEV
1717468750.2439632,322,3.9,29.6,OCC_TO_CU
1717468750.244617,322,0.0,29.6,OCC_TO_CU
1717468750.4005399,273,9.8,29.7,CU_TO_DEV
1717468750.4007962,273,0.0,29.7,CU_TO_DEV
1717468760.2397015,322,3.8,29.6,OCC_TO_CU
1717468760.2403288,322,0.0,29.6,OCC_TO_CU
1717468760.4069154,273,11.9,29.7,CU_TO_DEV
1717468760.4102972,273,0.0,29.7,CU_TO_DEV
1717468770.262534,322,3.9,29.7,OCC_TO_CU
1717468770.2633002,322,100.0,29.7,OCC_TO_CU
1717468770.4156768,273,12.9,29.8,CU_TO_DEV
1717468770.4156332,273,12.9,29.8,CU_TO_DEV
1717468773.1060834,154,5.3,29.8,OCC_TO_CU
1717468773.2193816,241,15.2,29.8,CU_TO_DEV
1717468773.2192316,241,15.2,29.8,CU_TO_DEV
1717468780.2641816,322,5.7,29.6,OCC_TO_CU
1717468780.2648258,322,0.0,29.6,OCC_TO_CU
1717468780.4273689,273,12.1,29.6,CU_TO_DEV
1717468780.4310367,273,0.0,29.6,CU_TO_DEV
1717468790.2786946,322,4.3,29.5,OCC_TO_CU
1717468790.2799551,322,100.0,29.5,OCC_TO_CU
1717468790.4357333,273,9.7,29.6,CU_TO_DEV
1717468790.4408083,273,0.0,29.6,CU_TO_DEV
1717468800.296825,322,3.9,29.5,OCC_TO_CU
1717468800.2974474,322,0.0,29.5,OCC_TO_CU
1717468800.4422336,273,8.9,29.6,CU_TO_DEV
1717468800.447198,273,0.0,29.6,CU_TO_DEV
1717468810.3169298,322,3.9,29.6,OCC_TO_CU
1717468810.3175752,322,0.0,29.6,OCC_TO_CU
1717468810.448097,273,10.0,29.7,CU_TO_DEV
1717468810.4530752,273,0.0,29.7,CU_TO_DEV
1717468820.309863,322,3.8,29.7,OCC_TO_CU
1717468820.310873,322,0.0,29.7,OCC_TO_CU
1717468820.4557986,273,15.0,29.8,CU_TO_DEV
1717468820.461046,273,0.0,29.8,CU_TO_DEV
1717468823.1776564,154,5.8,29.7,OCC_TO_CU
1717468823.2591062,241,20.6,29.8,CU_TO_DEV
1717468823.26298,241,0.0,29.8,CU_TO_DEV
1717468830.3398266,322,4.1,29.7,OCC_TO_CU
1717468830.3404596,322,0.0,29.7,OCC_TO_CU
1717468830.4642158,273,14.3,29.8,CU_TO_DEV
1717468830.4662383,273,0.0,29.8,CU_TO_DEV
1717468840.3828726,322,3.7,29.7,OCC_TO_CU
1717468840.3835542,322,100.0,29.7,OCC_TO_CU
1717468840.4712121,273,20.0,29.8,CU_TO_DEV
1717468840.4714096,273,20.0,29.8,CU_TO_DEV
1717468850.3551478,322,4.5,29.7,OCC_TO_CU
1717468850.3582113,322,50.0,29.7,OCC_TO_CU
1717468850.4775748,273,73.5,29.7,CU_TO_DEV
1717468850.4780285,273,0.0,29.7,CU_TO_DEV
1717468860.389792,322,3.7,29.6,OCC_TO_CU
1717468860.3904536,322,0.0,29.6,OCC_TO_CU
1717468860.4853113,273,18.4,29.7,CU_TO_DEV
1717468860.4853992,273,18.4,29.7,CU_TO_DEV
1717468870.398186,322,4.8,29.5,OCC_TO_CU
1717468870.3987298,322,0.0,29.5,OCC_TO_CU
1717468870.4936965,273,17.5,29.6,CU_TO_DEV
1717468870.4936354,273,17.5,29.6,CU_TO_DEV
1717468873.2595422,154,7.4,29.6,OCC_TO_CU
1717468873.2988837,241,29.4,29.6,CU_TO_DEV
1717468873.2998762,241,0.0,29.6,CU_TO_DEV
1717468880.392109,322,3.4,29.6,OCC_TO_CU
1717468880.393091,322,0.0,29.6,OCC_TO_CU
1717468880.502987,273,14.3,29.6,CU_TO_DEV
1717468880.5036254,273,100.0,29.6,CU_TO_DEV
1717468890.401481,322,3.7,29.6,OCC_TO_CU
1717468890.4021294,322,0.0,29.6,OCC_TO_CU
1717468890.5092983,273,16.3,29.7,CU_TO_DEV
1717468890.5109885,273,0.0,29.7,CU_TO_DEV
1717468900.4322078,322,4.0,29.6,OCC_TO_CU
1717468900.4328687,322,0.0,29.6,OCC_TO_CU
1717468900.5171804,273,15.6,29.7,CU_TO_DEV
1717468900.5174513,273,0.0,29.7,CU_TO_DEV
1717468910.4252532,322,3.9,29.7,OCC_TO_CU
1717468910.4258935,322,0.0,29.7,OCC_TO_CU
1717468910.5238864,273,20.0,29.8,CU_TO_DEV
1717468910.5238252,273,20.0,29.8,CU_TO_DEV
1717468920.4867582,322,5.0,29.6,OCC_TO_CU
1717468920.4874215,322,100.0,29.6,OCC_TO_CU
1717468920.5308318,273,35.3,29.6,CU_TO_DEV
1717468920.5312011,273,100.0,29.6,CU_TO_DEV
1717468923.230028,154,5.2,29.6,OCC_TO_CU
1717468923.3335557,241,16.3,29.7,CU_TO_DEV
1717468923.3340597,241,0.0,29.7,CU_TO_DEV
1717468930.4712725,322,3.1,29.7,OCC_TO_CU
1717468930.4718962,322,0.0,29.7,OCC_TO_CU
1717468930.5376236,273,25.9,29.7,CU_TO_DEV
1717468930.538013,273,0.0,29.7,CU_TO_DEV
1717468940.4601958,322,3.8,29.7,OCC_TO_CU
1717468940.4608614,322,0.0,29.7,OCC_TO_CU
1717468940.5443501,273,18.7,29.8,CU_TO_DEV
1717468940.5448835,273,0.0,29.8,CU_TO_DEV
1717468950.4967885,322,3.5,29.7,OCC_TO_CU
1717468950.4973066,322,0.0,29.7,OCC_TO_CU
1717468950.5500958,273,23.8,29.8,CU_TO_DEV
1717468950.5499928,273,23.8,29.8,CU_TO_DEV
1717468960.4972415,322,4.4,29.7,OCC_TO_CU
1717468960.4977684,322,0.0,29.7,OCC_TO_CU
1717468960.5558338,273,18.2,29.8,CU_TO_DEV
1717468960.5557876,273,18.2,29.8,CU_TO_DEV
1717468970.5026524,322,3.6,29.7,OCC_TO_CU
1717468970.5057127,322,0.0,29.7,OCC_TO_CU
1717468970.5623155,273,30.4,29.8,CU_TO_DEV
1717468970.562696,273,0.0,29.8,CU_TO_DEV
1717468973.2462442,154,7.9,29.7,OCC_TO_CU
1717468973.3656385,241,69.6,29.7,CU_TO_DEV
1717468973.3663146,241,0.0,29.7,CU_TO_DEV
1717468980.5185719,322,4.5,29.5,OCC_TO_CU
1717468980.519233,322,100.0,29.5,OCC_TO_CU
1717468980.5714438,273,19.0,29.5,CU_TO_DEV
1717468980.5745506,273,0.0,29.5,CU_TO_DEV
1717468990.5331752,322,3.7,29.5,OCC_TO_CU
1717468990.5338333,322,0.0,29.5,OCC_TO_CU
1717468990.5787163,273,33.3,29.6,CU_TO_DEV
1717468990.5813138,273,50.0,29.6,CU_TO_DEV
1717469000.549038,322,3.3,29.6,OCC_TO_CU
1717469000.5497108,322,0.0,29.6,OCC_TO_CU
1717469000.5855124,273,46.7,29.6,CU_TO_DEV
1717469000.5874279,273,0.0,29.6,CU_TO_DEV
1717469010.560222,322,4.3,29.5,OCC_TO_CU
1717469010.5609698,322,0.0,29.5,OCC_TO_CU
1717469010.592303,273,46.2,29.6,CU_TO_DEV
1717469010.594721,273,0.0,29.6,CU_TO_DEV
1717469020.5725014,322,3.8,29.5,OCC_TO_CU
1717469020.5730388,322,0.0,29.5,OCC_TO_CU
1717469020.5999496,273,40.0,29.6,CU_TO_DEV
1717469020.6018724,273,0.0,29.6,CU_TO_DEV
1717469023.2758627,154,4.7,29.6,OCC_TO_CU
1717469023.4023144,241,8.2,29.7,CU_TO_DEV
1717469023.4038515,241,0.0,29.7,CU_TO_DEV
1717469030.5728166,322,3.1,29.6,OCC_TO_CU
1717469030.5735092,322,0.0,29.6,OCC_TO_CU
1717469030.6080742,273,38.5,29.7,CU_TO_DEV
1717469030.607882,273,38.5,29.7,CU_TO_DEV
1717469040.6106856,322,4.4,29.7,OCC_TO_CU
1717469040.6112952,322,100.0,29.7,OCC_TO_CU
1717469040.617548,273,0.0,29.7,CU_TO_DEV
1717469040.620992,273,100.0,29.7,CU_TO_DEV
1717469050.6181226,322,3.6,29.7,OCC_TO_CU
1717469050.6189315,322,0.0,29.7,OCC_TO_CU
1717469050.625583,273,50.0,29.7,CU_TO_DEV
1717469050.6267102,273,0.0,29.7,CU_TO_DEV
1717469060.6210508,322,4.6,29.6,OCC_TO_CU
1717469060.6217055,322,0.0,29.6,OCC_TO_CU
1717469060.6331708,273,40.0,29.6,CU_TO_DEV
1717469060.6341057,273,0.0,29.6,CU_TO_DEV
1717469070.6661296,322,3.8,29.7,OCC_TO_CU
1717469070.6667652,322,0.0,29.7,OCC_TO_CU
1717469070.8393595,273,14.7,29.8,CU_TO_DEV
1717469070.839929,273,0.0,29.8,CU_TO_DEV
1717469073.8689945,154,4.4,29.7,OCC_TO_CU
1717469074.0415187,241,65.2,29.7,CU_TO_DEV
1717469074.0416517,241,65.2,29.7,CU_TO_DEV
1717469080.6539283,322,3.1,29.7,OCC_TO_CU
1717469080.6545591,322,0.0,29.7,OCC_TO_CU
1717469080.8471773,273,16.5,29.8,CU_TO_DEV
1717469080.8475225,273,0.0,29.8,CU_TO_DEV
1717469090.666173,322,3.7,29.7,OCC_TO_CU
1717469090.6668935,322,0.0,29.7,OCC_TO_CU
1717469090.8542213,273,13.3,29.8,CU_TO_DEV
1717469090.8543203,273,13.3,29.8,CU_TO_DEV
1717469100.6881776,322,4.8,29.7,OCC_TO_CU
1717469100.6887069,322,0.0,29.7,OCC_TO_CU
1717469100.8606179,273,9.0,29.8,CU_TO_DEV
1717469100.8610096,273,0.0,29.8,CU_TO_DEV
1717469110.7032433,322,4.2,29.6,OCC_TO_CU
1717469110.703907,322,0.0,29.6,OCC_TO_CU
1717469110.866551,273,65.6,29.7,CU_TO_DEV
1717469110.8664079,273,65.6,29.7,CU_TO_DEV
1717469120.738049,322,3.2,29.6,OCC_TO_CU
1717469120.7386785,322,0.0,29.6,OCC_TO_CU
1717469120.8768334,273,16.7,29.7,CU_TO_DEV
1717469120.8773117,273,0.0,29.7,CU_TO_DEV
1717469123.9460871,154,4.6,29.6,OCC_TO_CU
1717469124.079155,241,17.0,29.7,CU_TO_DEV
1717469124.0800817,241,100.0,29.7,CU_TO_DEV
1717469130.7104335,322,3.3,29.7,OCC_TO_CU
1717469130.7110846,322,0.0,29.7,OCC_TO_CU
1717469130.8852296,273,14.5,29.7,CU_TO_DEV
1717469130.8853607,273,14.5,29.7,CU_TO_DEV
1717469140.7445421,322,3.7,29.6,OCC_TO_CU
1717469140.74518,322,0.0,29.6,OCC_TO_CU
1717469140.891715,273,17.5,29.7,CU_TO_DEV
1717469140.8915203,273,17.5,29.7,CU_TO_DEV
1717469150.7514877,322,4.1,29.6,OCC_TO_CU
1717469150.7521167,322,0.0,29.6,OCC_TO_CU
1717469150.8981218,273,17.9,29.7,CU_TO_DEV
1717469150.898053,273,17.9,29.7,CU_TO_DEV
1717469160.7671099,322,3.7,29.6,OCC_TO_CU
1717469160.7678137,322,100.0,29.6,OCC_TO_CU
1717469160.903511,273,20.8,29.7,CU_TO_DEV
1717469160.903995,273,0.0,29.7,CU_TO_DEV
1717469170.7661893,322,4.5,29.7,OCC_TO_CU
1717469170.766755,322,0.0,29.7,OCC_TO_CU
1717469170.9123275,273,17.5,29.7,CU_TO_DEV
1717469170.9121904,273,17.5,29.7,CU_TO_DEV
1717469173.7126975,154,7.8,29.6,OCC_TO_CU
1717469173.7141376,241,0.0,29.6,CU_TO_DEV
1717469173.715633,241,0.0,29.6,CU_TO_DEV
1717469180.770091,322,3.6,29.7,OCC_TO_CU
1717469180.7707245,322,0.0,29.7,OCC_TO_CU
1717469180.9234338,273,0.0,29.7,CU_TO_DEV
1717469180.92313,273,22.6,29.7,CU_TO_DEV
1717469190.7811635,322,4.8,29.6,OCC_TO_CU
1717469190.7831142,322,0.0,29.6,OCC_TO_CU
1717469190.9293797,273,15.5,29.7,CU_TO_DEV
1717469190.9297915,273,0.0,29.7,CU_TO_DEV
1717469200.8079894,322,3.4,29.5,OCC_TO_CU
1717469200.8092172,322,0.0,29.5,OCC_TO_CU
1717469200.9364946,273,14.0,29.6,CU_TO_DEV
1717469200.9367537,273,0.0,29.6,CU_TO_DEV
1717469210.8156967,322,3.8,29.6,OCC_TO_CU
1717469210.816371,322,0.0,29.6,OCC_TO_CU
1717469210.9447143,273,12.0,29.7,CU_TO_DEV
1717469210.9451652,273,0.0,29.7,CU_TO_DEV
1717469220.8272653,322,3.9,29.6,OCC_TO_CU
1717469220.8279622,322,0.0,29.6,OCC_TO_CU
1717469220.9518259,273,14.0,29.7,CU_TO_DEV
1717469220.9524176,273,0.0,29.7,CU_TO_DEV
1717469224.4405122,154,4.7,29.7,OCC_TO_CU
1717469224.5558598,241,13.0,29.8,CU_TO_DEV
1717469224.5558984,241,13.0,29.8,CU_TO_DEV
1717469230.8461847,322,4.9,29.7,OCC_TO_CU
1717469230.846751,322,0.0,29.7,OCC_TO_CU
1717469230.9602714,273,9.1,29.8,CU_TO_DEV
1717469230.9602273,273,9.1,29.8,CU_TO_DEV
1717469240.8549094,322,5.0,29.5,OCC_TO_CU
1717469240.8555737,322,100.0,29.5,OCC_TO_CU
1717469240.9679909,273,9.3,29.6,CU_TO_DEV
1717469240.9733458,273,0.0,29.6,CU_TO_DEV
1717469250.8665497,322,4.0,29.6,OCC_TO_CU
1717469250.8673267,322,0.0,29.6,OCC_TO_CU
1717469250.9789245,273,11.6,29.7,CU_TO_DEV
1717469250.9793673,273,100.0,29.7,CU_TO_DEV
1717469260.87524,322,3.9,29.6,OCC_TO_CU
1717469260.875891,322,0.0,29.6,OCC_TO_CU
1717469260.9871583,273,13.6,29.7,CU_TO_DEV
1717469260.987624,273,0.0,29.7,CU_TO_DEV
1717469270.8875463,322,3.4,29.7,OCC_TO_CU
1717469270.8881073,322,0.0,29.7,OCC_TO_CU
1717469270.9929194,273,9.8,29.8,CU_TO_DEV
1717469270.9933207,273,0.0,29.8,CU_TO_DEV
1717469274.4862375,154,6.9,29.6,OCC_TO_CU
1717469274.596009,241,14.0,29.7,CU_TO_DEV
1717469274.5959532,241,14.0,29.7,CU_TO_DEV
1717469280.8918047,322,3.5,29.6,OCC_TO_CU
1717469280.8928673,322,0.0,29.6,OCC_TO_CU
1717469280.9998674,273,14.6,29.7,CU_TO_DEV
1717469281.0001647,273,0.0,29.7,CU_TO_DEV
1717469290.9135869,322,4.5,29.6,OCC_TO_CU
1717469290.9145877,322,0.0,29.6,OCC_TO_CU
1717469291.006596,273,18.9,29.7,CU_TO_DEV
1717469291.007084,273,0.0,29.7,CU_TO_DEV
1717469300.9243383,322,4.5,29.5,OCC_TO_CU
1717469300.924961,322,0.0,29.5,OCC_TO_CU
1717469301.013783,273,17.1,29.6,CU_TO_DEV
1717469301.0139544,273,17.1,29.6,CU_TO_DEV
1717469310.9353788,322,3.8,29.6,OCC_TO_CU
1717469310.93604,322,0.0,29.6,OCC_TO_CU
1717469311.0206394,273,20.6,29.7,CU_TO_DEV
1717469311.0207956,273,20.6,29.7,CU_TO_DEV
1717469320.954027,322,4.0,29.6,OCC_TO_CU
1717469320.9546375,322,0.0,29.6,OCC_TO_CU
1717469321.027926,273,20.7,29.8,CU_TO_DEV
1717469321.0279741,273,20.7,29.8,CU_TO_DEV
1717469324.5579123,154,4.7,29.6,OCC_TO_CU
1717469324.6308093,241,23.3,29.8,CU_TO_DEV
1717469324.6306446,241,23.3,29.8,CU_TO_DEV
1717469330.9600778,322,4.9,29.6,OCC_TO_CU
1717469330.9607923,322,0.0,29.6,OCC_TO_CU
1717469331.0348973,273,20.0,29.7,CU_TO_DEV
1717469331.0360758,273,0.0,29.7,CU_TO_DEV
1717469340.9630983,322,3.6,29.7,OCC_TO_CU
1717469340.963765,322,100.0,29.7,OCC_TO_CU
1717469341.0409257,273,20.0,29.8,CU_TO_DEV
1717469341.0417967,273,0.0,29.8,CU_TO_DEV
1717469350.9916983,322,3.7,29.7,OCC_TO_CU
1717469350.9922886,322,0.0,29.7,OCC_TO_CU
1717469351.0473363,273,28.6,29.8,CU_TO_DEV
1717469351.0487714,273,0.0,29.8,CU_TO_DEV
1717469360.9979906,322,5.0,29.6,OCC_TO_CU
1717469360.9985225,322,0.0,29.6,OCC_TO_CU
1717469361.0594106,273,25.0,29.7,CU_TO_DEV
1717469361.0637066,273,0.0,29.7,CU_TO_DEV
1717469371.013444,322,3.6,29.6,OCC_TO_CU
1717469371.0140953,322,0.0,29.6,OCC_TO_CU
1717469371.0657341,273,26.3,29.7,CU_TO_DEV
1717469371.0697954,273,0.0,29.7,CU_TO_DEV
1717469374.6324563,154,9.1,29.5,OCC_TO_CU
1717469374.6717658,241,31.2,29.6,CU_TO_DEV
1717469374.673095,241,0.0,29.6,CU_TO_DEV
1717469381.012389,322,3.1,29.6,OCC_TO_CU
1717469381.0129495,322,0.0,29.6,OCC_TO_CU
1717469381.0754175,273,17.4,29.6,CU_TO_DEV
1717469381.0758986,273,0.0,29.6,CU_TO_DEV
1717469391.0322688,322,3.7,29.6,OCC_TO_CU
1717469391.0330956,322,0.0,29.6,OCC_TO_CU
1717469391.0804808,273,35.0,29.6,CU_TO_DEV
1717469391.081199,273,0.0,29.6,CU_TO_DEV
1717469401.052095,322,3.9,29.6,OCC_TO_CU
1717469401.0529177,322,0.0,29.6,OCC_TO_CU
1717469401.087175,273,41.7,29.7,CU_TO_DEV
1717469401.0869684,273,41.7,29.7,CU_TO_DEV
1717469411.0682704,322,3.4,29.6,OCC_TO_CU
1717469411.0689163,322,0.0,29.6,OCC_TO_CU
1717469411.092772,273,54.5,29.7,CU_TO_DEV
1717469411.0926812,273,54.5,29.7,CU_TO_DEV
1717469421.0794508,322,5.7,29.5,OCC_TO_CU
1717469421.0799627,322,0.0,29.5,OCC_TO_CU
1717469421.0993989,273,37.5,29.6,CU_TO_DEV
1717469421.0999942,273,0.0,29.6,CU_TO_DEV
1717469424.6089234,154,4.1,29.6,OCC_TO_CU
1717469424.7024295,241,16.7,29.7,CU_TO_DEV
1717469424.7025,241,16.7,29.7,CU_TO_DEV
1717469431.093465,322,3.9,29.6,OCC_TO_CU
1717469431.0941563,322,0.0,29.6,OCC_TO_CU
1717469431.106423,273,40.0,29.6,CU_TO_DEV
1717469431.1071286,273,0.0,29.6,CU_TO_DEV
1717469441.0200586,322,4.1,29.6,OCC_TO_CU
1717469441.0206692,322,0.0,29.6,OCC_TO_CU
1717469441.1131914,273,16.7,29.7,CU_TO_DEV
1717469441.113285,273,16.7,29.7,CU_TO_DEV
1717469450.9224014,322,3.6,29.7,OCC_TO_CU
1717469450.9230306,322,0.0,29.7,OCC_TO_CU
1717469451.117918,273,10.1,29.8,CU_TO_DEV
1717469451.118001,273,10.1,29.8,CU_TO_DEV
1717469460.9105422,322,3.7,29.8,OCC_TO_CU
1717469460.9111109,322,0.0,29.8,OCC_TO_CU
1717469460.9227312,273,25.0,29.8,CU_TO_DEV
1717469460.9237118,273,100.0,29.8,CU_TO_DEV
1717469470.9243686,322,4.3,29.7,OCC_TO_CU
1717469470.9252706,322,0.0,29.7,OCC_TO_CU
1717469470.932317,273,33.3,29.7,CU_TO_DEV
1717469470.9330337,273,0.0,29.7,CU_TO_DEV
1717469474.4799893,154,6.6,29.7,OCC_TO_CU
1717469474.5388384,241,21.7,29.8,CU_TO_DEV
1717469474.539392,241,100.0,29.8,CU_TO_DEV
1717469480.9757411,322,3.3,29.7,OCC_TO_CU
1717469480.976268,322,0.0,29.7,OCC_TO_CU
1717469481.147148,273,51.5,29.7,CU_TO_DEV
1717469481.1544821,273,25.0,29.7,CU_TO_DEV
1717469491.005641,322,4.4,29.5,OCC_TO_CU
1717469491.0062902,322,0.0,29.5,OCC_TO_CU
1717469491.1560764,273,11.7,29.6,CU_TO_DEV
1717469491.1631823,273,50.0,29.6,CU_TO_DEV
1717469501.0123785,322,3.6,29.5,OCC_TO_CU
1717469501.0131252,322,0.0,29.5,OCC_TO_CU
1717469501.1645584,273,12.9,29.6,CU_TO_DEV
1717469501.1701064,273,0.0,29.6,CU_TO_DEV
1717469511.0372648,322,4.8,29.5,OCC_TO_CU
1717469511.0377958,322,0.0,29.5,OCC_TO_CU
1717469511.170377,273,11.3,29.6,CU_TO_DEV
1717469511.17345,273,0.0,29.6,CU_TO_DEV
1717469521.0449815,322,3.5,29.6,OCC_TO_CU
1717469521.0470238,322,0.0,29.6,OCC_TO_CU
1717469521.1752064,273,15.4,29.7,CU_TO_DEV
1717469521.177517,273,0.0,29.7,CU_TO_DEV
1717469524.5983176,154,4.8,29.6,OCC_TO_CU
1717469524.7774847,241,11.0,29.7,CU_TO_DEV
1717469524.7795923,241,0.0,29.7,CU_TO_DEV
1717469531.0510325,322,3.9,29.6,OCC_TO_CU
1717469531.051688,322,100.0,29.6,OCC_TO_CU
1717469531.181484,273,10.0,29.7,CU_TO_DEV
1717469531.183506,273,0.0,29.7,CU_TO_DEV
1717469541.063806,322,3.8,29.6,OCC_TO_CU
1717469541.0645053,322,0.0,29.6,OCC_TO_CU
1717469541.186714,273,14.6,29.7,CU_TO_DEV
1717469541.1888397,273,0.0,29.7,CU_TO_DEV
1717469551.0944443,322,4.5,29.6,OCC_TO_CU
1717469551.0949826,322,0.0,29.6,OCC_TO_CU
1717469551.1922054,273,15.4,29.7,CU_TO_DEV
1717469551.1938024,273,0.0,29.7,CU_TO_DEV
1717469561.1247952,322,3.9,29.6,OCC_TO_CU
1717469561.1254337,322,0.0,29.6,OCC_TO_CU
1717469561.198263,273,29.0,29.7,CU_TO_DEV
1717469561.1988254,273,0.0,29.7,CU_TO_DEV
1717469571.126174,322,4.0,29.6,OCC_TO_CU
1717469571.1294096,322,0.0,29.6,OCC_TO_CU
1717469571.207511,273,93.5,29.7,CU_TO_DEV
1717469571.2081234,273,0.0,29.7,CU_TO_DEV
1717469574.5432498,154,5.5,29.6,OCC_TO_CU
1717469574.609543,241,22.2,29.7,CU_TO_DEV
1717469574.6095095,241,22.2,29.7,CU_TO_DEV
1717469581.1204386,322,3.4,29.6,OCC_TO_CU
1717469581.1210685,322,0.0,29.6,OCC_TO_CU
1717469581.2126787,273,11.8,29.7,CU_TO_DEV
1717469581.2129323,273,11.8,29.7,CU_TO_DEV
1717469591.1478488,322,3.7,29.7,OCC_TO_CU
1717469591.148595,322,0.0,29.7,OCC_TO_CU
1717469591.217706,273,22.2,29.7,CU_TO_DEV
1717469591.2182372,273,0.0,29.7,CU_TO_DEV
1717469601.1502786,322,3.8,29.7,OCC_TO_CU
1717469601.1509378,322,0.0,29.7,OCC_TO_CU
1717469601.223752,273,23.3,29.8,CU_TO_DEV
1717469601.223692,273,23.3,29.8,CU_TO_DEV
1717469611.1803555,322,4.3,29.6,OCC_TO_CU
1717469611.181037,322,0.0,29.6,OCC_TO_CU
1717469611.2292335,273,31.6,29.7,CU_TO_DEV
1717469611.2296145,273,0.0,29.7,CU_TO_DEV
1717469621.210975,322,4.3,29.6,OCC_TO_CU
1717469621.2117565,322,0.0,29.6,OCC_TO_CU
1717469621.2354612,273,100.0,29.6,CU_TO_DEV
1717469621.234831,273,75.0,29.6,CU_TO_DEV
1717469624.8648524,154,6.3,29.6,OCC_TO_CU
1717469625.0383692,241,5.9,29.7,CU_TO_DEV
1717469625.038702,241,0.0,29.7,CU_TO_DEV
1717469631.1976578,322,3.7,29.6,OCC_TO_CU
1717469631.200672,322,0.0,29.6,OCC_TO_CU
1717469631.2420835,273,28.6,29.7,CU_TO_DEV
1717469631.242006,273,28.6,29.7,CU_TO_DEV
1717469641.2018466,322,3.5,29.6,OCC_TO_CU
1717469641.2026014,322,0.0,29.6,OCC_TO_CU
1717469641.2477264,273,42.1,29.7,CU_TO_DEV
1717469641.2476604,273,42.1,29.7,CU_TO_DEV
1717469651.230006,322,4.7,29.6,OCC_TO_CU
1717469651.230663,322,0.0,29.6,OCC_TO_CU
1717469651.2530656,273,50.0,29.6,CU_TO_DEV
1717469651.2568521,273,50.0,29.7,CU_TO_DEV
1717469661.248543,322,3.9,29.6,OCC_TO_CU
1717469661.249546,322,0.0,29.6,OCC_TO_CU
1717469661.2589128,273,25.0,29.6,CU_TO_DEV
1717469661.261682,273,100.0,29.6,CU_TO_DEV
1717469671.3006132,322,3.4,29.7,OCC_TO_CU
1717469671.3012528,322,0.0,29.7,OCC_TO_CU
1717469671.4654398,273,14.1,29.8,CU_TO_DEV
1717469671.4674354,273,0.0,29.8,CU_TO_DEV
1717469674.9359007,154,6.8,29.5,OCC_TO_CU
1717469675.0675697,241,9.4,29.6,CU_TO_DEV
1717469675.0690703,241,0.0,29.6,CU_TO_DEV
1717469681.2678566,322,4.8,29.5,OCC_TO_CU
1717469681.2684805,322,0.0,29.5,OCC_TO_CU
1717469681.2738862,273,0.0,29.5,CU_TO_DEV
1717469681.274755,273,0.0,29.5,CU_TO_DEV
1717469691.2735147,322,3.6,29.5,OCC_TO_CU
1717469691.2743082,322,0.0,29.5,OCC_TO_CU
1717469691.2801545,273,33.3,29.5,CU_TO_DEV
1717469691.2802222,273,33.3,29.5,CU_TO_DEV
1717469701.3076289,322,4.8,29.4,OCC_TO_CU
1717469701.3086376,322,0.0,29.4,OCC_TO_CU
1717469701.4862378,273,20.5,29.5,CU_TO_DEV
1717469701.4866972,273,0.0,29.5,CU_TO_DEV
1717469711.305667,322,3.7,29.4,OCC_TO_CU
1717469711.3063066,322,0.0,29.4,OCC_TO_CU
1717469711.4904962,273,16.4,29.5,CU_TO_DEV
1717469711.4904356,273,16.4,29.5,CU_TO_DEV
1717469721.310337,322,3.5,29.5,OCC_TO_CU
1717469721.312388,322,0.0,29.5,OCC_TO_CU
1717469721.4947085,273,17.8,29.6,CU_TO_DEV
1717469721.4946647,273,17.8,29.6,CU_TO_DEV
1717469725.418618,154,3.8,29.6,OCC_TO_CU
1717469725.4969292,241,25.8,29.6,CU_TO_DEV
1717469725.496976,241,25.8,29.6,CU_TO_DEV
1717469731.3217711,322,3.9,29.6,OCC_TO_CU
1717469731.3224523,322,0.0,29.6,OCC_TO_CU
1717469731.5001256,273,17.1,29.7,CU_TO_DEV
1717469731.500203,273,17.1,29.7,CU_TO_DEV
1717469741.3398564,322,5.1,29.5,OCC_TO_CU
1717469741.3428385,322,0.0,29.5,OCC_TO_CU
1717469741.5079722,273,14.1,29.6,CU_TO_DEV
1717469741.5078387,273,14.1,29.6,CU_TO_DEV
1717469751.344353,322,4.3,29.4,OCC_TO_CU
1717469751.344981,322,0.0,29.4,OCC_TO_CU
1717469751.5127099,273,19.7,29.5,CU_TO_DEV
1717469751.5127952,273,19.7,29.5,CU_TO_DEV
1717469761.3678045,322,3.8,29.5,OCC_TO_CU
1717469761.368462,322,0.0,29.5,OCC_TO_CU
1717469761.5177217,273,20.7,29.6,CU_TO_DEV
1717469761.5182211,273,0.0,29.6,CU_TO_DEV
1717469771.3722498,322,3.6,29.6,OCC_TO_CU
1717469771.3729045,322,0.0,29.6,OCC_TO_CU
1717469771.5226965,273,24.2,29.7,CU_TO_DEV
1717469771.5229719,273,0.0,29.7,CU_TO_DEV
1717469775.4896784,154,6.2,29.6,OCC_TO_CU
1717469775.5252156,241,40.0,29.6,CU_TO_DEV
1717469775.5251458,241,40.0,29.6,CU_TO_DEV
1717469781.3733158,322,3.5,29.5,OCC_TO_CU
1717469781.3739467,322,0.0,29.5,OCC_TO_CU
1717469781.528387,273,22.6,29.6,CU_TO_DEV
1717469781.5284328,273,22.6,29.6,CU_TO_DEV
1717469791.3972175,322,4.3,29.4,OCC_TO_CU
1717469791.3978796,322,0.0,29.4,OCC_TO_CU
1717469791.53613,273,26.8,29.5,CU_TO_DEV
1717469791.5376978,273,0.0,29.5,CU_TO_DEV
1717469801.4108176,322,3.8,29.5,OCC_TO_CU
1717469801.4114828,322,100.0,29.5,OCC_TO_CU
1717469801.5410104,273,31.4,29.5,CU_TO_DEV
1717469801.5427768,273,0.0,29.5,CU_TO_DEV
1717469811.421305,322,4.4,29.5,OCC_TO_CU
1717469811.422022,322,0.0,29.5,OCC_TO_CU
1717469811.5504797,273,21.2,29.6,CU_TO_DEV
1717469811.550734,273,0.0,29.6,CU_TO_DEV
1717469821.4375455,322,3.8,29.5,OCC_TO_CU
1717469821.4382641,322,0.0,29.5,OCC_TO_CU
1717469821.5570955,273,25.0,29.6,CU_TO_DEV
1717469821.557206,273,25.0,29.6,CU_TO_DEV
1717469825.7822413,154,4.6,29.5,OCC_TO_CU
1717469825.9598548,241,13.0,29.6,CU_TO_DEV
1717469825.9598062,241,13.0,29.6,CU_TO_DEV
1717469831.4518597,322,3.7,29.6,OCC_TO_CU
1717469831.4561236,322,0.0,29.6,OCC_TO_CU
1717469831.5631695,273,31.0,29.7,CU_TO_DEV
1717469831.563561,273,100.0,29.7,CU_TO_DEV
1717469841.468212,322,4.6,29.5,OCC_TO_CU
1717469841.4689577,322,0.0,29.5,OCC_TO_CU
1717469841.5693772,273,25.0,29.6,CU_TO_DEV
1717469841.5693293,273,25.0,29.6,CU_TO_DEV
1717469851.4755864,322,3.7,29.6,OCC_TO_CU
1717469851.476233,322,0.0,29.6,OCC_TO_CU
1717469851.5759304,273,25.0,29.7,CU_TO_DEV
1717469851.5760126,273,25.0,29.7,CU_TO_DEV
1717469861.4920824,322,4.1,29.6,OCC_TO_CU
1717469861.4952881,322,50.0,29.6,OCC_TO_CU
1717469861.5812943,273,26.5,29.7,CU_TO_DEV
1717469861.58175,273,0.0,29.7,CU_TO_DEV
1717469871.5165427,322,4.4,29.6,OCC_TO_CU
1717469871.517176,322,0.0,29.6,OCC_TO_CU
1717469871.5954762,273,90.6,29.7,CU_TO_DEV
1717469871.5959492,273,0.0,29.7,CU_TO_DEV
1717469876.0974112,154,6.1,29.4,OCC_TO_CU
1717469876.1979399,241,15.0,29.5,CU_TO_DEV
1717469876.198369,241,0.0,29.5,CU_TO_DEV
1717469881.510128,322,5.3,29.3,OCC_TO_CU
1717469881.5137649,322,0.0,29.3,OCC_TO_CU
1717469881.6011024,273,20.6,29.4,CU_TO_DEV
1717469881.6024418,273,0.0,29.4,CU_TO_DEV
1717469891.52532,322,3.5,29.3,OCC_TO_CU
1717469891.5286632,322,100.0,29.3,OCC_TO_CU
1717469891.606597,273,28.1,29.4,CU_TO_DEV
1717469891.6067572,273,28.1,29.4,CU_TO_DEV
1717469901.5553865,322,3.8,29.4,OCC_TO_CU
1717469901.55608,322,0.0,29.4,OCC_TO_CU
1717469901.6122005,273,31.8,29.5,CU_TO_DEV
1717469901.612062,273,31.8,29.5,CU_TO_DEV
1717469911.5688381,322,3.6,29.4,OCC_TO_CU
1717469911.5695326,322,0.0,29.4,OCC_TO_CU
1717469911.617648,273,40.0,29.5,CU_TO_DEV
1717469911.6181073,273,0.0,29.5,CU_TO_DEV
1717469921.5797288,322,3.8,29.5,OCC_TO_CU
1717469921.5807593,322,0.0,29.5,OCC_TO_CU
1717469921.6227336,273,47.4,29.6,CU_TO_DEV
1717469921.6230767,273,0.0,29.6,CU_TO_DEV
1717469926.252477,154,6.2,29.5,OCC_TO_CU
1717469926.4271991,241,4.4,29.6,CU_TO_DEV
1717469926.4282107,241,0.0,29.6,CU_TO_DEV
1717469931.5930367,322,3.4,29.5,OCC_TO_CU
1717469931.5937474,322,0.0,29.5,OCC_TO_CU
1717469931.6308236,273,50.0,29.6,CU_TO_DEV
1717469931.6316068,273,50.0,29.6,CU_TO_DEV
1717469941.6289513,322,4.2,29.4,OCC_TO_CU
1717469941.6297014,322,0.0,29.4,OCC_TO_CU
1717469941.63688,273,33.3,29.4,CU_TO_DEV
1717469941.6366475,273,33.3,29.4,CU_TO_DEV
1717469951.6372352,322,3.9,29.5,OCC_TO_CU
1717469951.638029,322,0.0,29.5,OCC_TO_CU
1717469951.6424148,273,0.0,29.5,CU_TO_DEV
1717469951.6442451,273,100.0,29.5,CU_TO_DEV
1717469961.6445014,322,3.8,29.5,OCC_TO_CU
1717469961.6451125,322,0.0,29.5,OCC_TO_CU
1717469961.6470451,273,0.0,29.5,CU_TO_DEV
1717469961.6487298,273,0.0,29.5,CU_TO_DEV
1717469971.6567802,322,4.6,29.5,OCC_TO_CU
1717469971.6588464,322,0.0,29.5,OCC_TO_CU
1717469971.8558812,273,9.1,29.6,CU_TO_DEV
1717469971.85626,273,0.0,29.6,CU_TO_DEV
1717469977.2478642,154,3.5,29.6,OCC_TO_CU
1717469977.258524,241,25.0,29.6,CU_TO_DEV
1717469977.2591114,241,0.0,29.6,CU_TO_DEV
1717469981.6471405,322,5.9,29.5,OCC_TO_CU
1717469981.6478772,322,100.0,29.5,OCC_TO_CU
1717469981.660897,273,40.0,29.5,CU_TO_DEV
1717469981.6613984,273,0.0,29.5,CU_TO_DEV
1717469991.6706426,322,3.6,29.5,OCC_TO_CU
1717469991.6742713,322,0.0,29.5,OCC_TO_CU
1717469991.8659363,273,14.1,29.6,CU_TO_DEV
1717469991.8661864,273,0.0,29.6,CU_TO_DEV
1717470001.6803367,322,5.0,29.4,OCC_TO_CU
1717470001.680955,322,0.0,29.4,OCC_TO_CU
1717470001.8734457,273,10.5,29.5,CU_TO_DEV
1717470001.873398,273,10.5,29.5,CU_TO_DEV
1717470011.6890626,322,3.5,29.4,OCC_TO_CU
1717470011.7061071,322,42.9,29.4,OCC_TO_CU
1717470011.8780255,273,18.8,29.5,CU_TO_DEV
1717470011.878472,273,0.0,29.5,CU_TO_DEV
1717470021.6993365,322,4.7,29.4,OCC_TO_CU
1717470021.6999881,322,0.0,29.4,OCC_TO_CU
1717470021.8857102,273,14.9,29.5,CU_TO_DEV
1717470021.8855493,273,14.9,29.5,CU_TO_DEV
1717470027.3131511,154,3.9,29.5,OCC_TO_CU
1717470027.4889827,241,8.7,29.5,CU_TO_DEV
1717470027.4889002,241,8.7,29.5,CU_TO_DEV
1717470031.7555842,322,4.4,29.5,OCC_TO_CU
1717470031.75622,322,0.0,29.5,OCC_TO_CU
1717470031.891675,273,18.9,29.6,CU_TO_DEV
1717470031.892375,273,0.0,29.6,CU_TO_DEV
1717470041.7170594,322,3.5,29.5,OCC_TO_CU
1717470041.7176614,322,0.0,29.5,OCC_TO_CU
1717470041.8972063,273,14.1,29.6,CU_TO_DEV
1717470041.8971317,273,14.1,29.6,CU_TO_DEV
1717470051.7426932,322,3.5,29.6,OCC_TO_CU
1717470051.7432926,322,100.0,29.6,OCC_TO_CU
1717470051.9021962,273,14.5,29.7,CU_TO_DEV
1717470051.9026592,273,0.0,29.7,CU_TO_DEV
1717470061.7462168,322,3.8,29.6,OCC_TO_CU
1717470061.7468402,322,0.0,29.6,OCC_TO_CU
1717470061.9071364,273,16.9,29.7,CU_TO_DEV
1717470061.9073012,273,16.9,29.7,CU_TO_DEV
1717470071.7755241,322,5.2,29.5,OCC_TO_CU
1717470071.7765448,322,0.0,29.5,OCC_TO_CU
1717470071.9145298,273,18.9,29.6,CU_TO_DEV
1717470071.9144747,273,18.9,29.6,CU_TO_DEV
1717470078.9287097,154,4.3,29.6,OCC_TO_CU
1717470079.118392,241,61.3,29.6,CU_TO_DEV
1717470079.1188362,241,0.0,29.6,CU_TO_DEV
1717470081.7642176,322,2.4,29.4,OCC_TO_CU
1717470081.7647536,322,0.0,29.4,OCC_TO_CU
1717470081.920368,273,12.9,29.5,CU_TO_DEV
1717470081.9207501,273,0.0,29.5,CU_TO_DEV
1717470091.8558626,322,3.6,29.5,OCC_TO_CU
1717470091.8568282,322,0.0,29.5,OCC_TO_CU
1717470091.9257405,273,34.6,29.6,CU_TO_DEV
1717470091.9254766,273,34.6,29.6,CU_TO_DEV
1717470101.7923338,322,3.9,29.5,OCC_TO_CU
1717470101.7930958,322,0.0,29.5,OCC_TO_CU
1717470101.9310024,273,15.1,29.6,CU_TO_DEV
1717470101.9314458,273,100.0,29.6,CU_TO_DEV
1717470111.8121734,322,4.8,29.5,OCC_TO_CU
1717470111.8128102,322,0.0,29.5,OCC_TO_CU
1717470111.9369974,273,16.3,29.6,CU_TO_DEV
1717470111.9395087,273,0.0,29.6,CU_TO_DEV
1717470121.835814,322,3.7,29.6,OCC_TO_CU
1717470121.8365493,322,0.0,29.6,OCC_TO_CU
1717470121.9421604,273,93.0,29.6,CU_TO_DEV
1717470121.9441206,273,0.0,29.6,CU_TO_DEV
1717470128.7047088,154,4.1,29.5,OCC_TO_CU
1717470128.7472832,241,100.0,29.5,CU_TO_DEV
1717470128.7487035,241,0.0,29.5,CU_TO_DEV
1717470131.8298564,322,4.9,29.5,OCC_TO_CU
1717470131.8305695,322,0.0,29.5,OCC_TO_CU
1717470131.9494736,273,17.4,29.5,CU_TO_DEV
1717470131.950612,273,0.0,29.5,CU_TO_DEV
1717470141.8630025,322,3.6,29.5,OCC_TO_CU
1717470141.8637483,322,50.0,29.5,OCC_TO_CU
1717470141.95744,273,27.0,29.6,CU_TO_DEV
1717470141.9579132,273,0.0,29.6,CU_TO_DEV
1717470151.9027848,322,3.9,29.5,OCC_TO_CU
1717470151.9064896,322,50.0,29.5,OCC_TO_CU
1717470151.9635825,273,58.3,29.6,CU_TO_DEV
1717470151.9635196,273,58.3,29.6,CU_TO_DEV
1717470161.885657,322,4.4,29.5,OCC_TO_CU
1717470161.8861916,322,0.0,29.5,OCC_TO_CU
1717470161.9739878,273,35.3,29.6,CU_TO_DEV
1717470161.9743981,273,0.0,29.6,CU_TO_DEV
1717470171.894894,322,3.3,29.5,OCC_TO_CU
1717470171.8955674,322,100.0,29.5,OCC_TO_CU
1717470171.9790325,273,38.7,29.6,CU_TO_DEV
1717470171.9789839,273,38.7,29.6,CU_TO_DEV
1717470178.7651567,154,4.3,29.6,OCC_TO_CU
1717470178.783503,241,42.9,29.7,CU_TO_DEV
1717470178.7851107,241,0.0,29.7,CU_TO_DEV
1717470181.8892558,322,5.7,29.6,OCC_TO_CU
1717470181.8902144,322,0.0,29.6,OCC_TO_CU
1717470181.9895403,273,30.0,29.6,CU_TO_DEV
1717470181.9897406,273,0.0,29.6,CU_TO_DEV
1717470191.931475,322,3.5,29.5,OCC_TO_CU
1717470191.932138,322,0.0,29.5,OCC_TO_CU
1717470191.9945407,273,62.5,29.6,CU_TO_DEV
1717470191.9946702,273,62.5,29.6,CU_TO_DEV
1717470201.9102767,322,5.0,29.5,OCC_TO_CU
1717470201.910939,322,0.0,29.5,OCC_TO_CU
1717470202.0030656,273,36.1,29.6,CU_TO_DEV
1717470202.0041451,273,100.0,29.6,CU_TO_DEV
1717470211.9636178,322,3.5,29.5,OCC_TO_CU
1717470211.9646552,322,0.0,29.5,OCC_TO_CU
1717470212.0080802,273,66.7,29.6,CU_TO_DEV
1717470212.008951,273,0.0,29.6,CU_TO_DEV
1717470221.9437757,322,3.4,29.5,OCC_TO_CU
1717470221.944454,322,0.0,29.5,OCC_TO_CU
1717470222.0140746,273,80.8,29.6,CU_TO_DEV
1717470222.0142903,273,80.8,29.6,CU_TO_DEV
1717470229.1545796,154,3.6,29.5,OCC_TO_CU
1717470229.2184908,241,20.0,29.6,CU_TO_DEV
1717470229.2185462,241,20.0,29.6,CU_TO_DEV
1717470231.9672868,322,3.7,29.6,OCC_TO_CU
1717470231.9685407,322,0.0,29.6,OCC_TO_CU
1717470232.0206242,273,85.7,29.6,CU_TO_DEV
1717470232.021516,273,0.0,29.6,CU_TO_DEV
1717470241.9838126,322,3.7,29.6,OCC_TO_CU
1717470241.9848282,322,0.0,29.6,OCC_TO_CU
1717470242.0267406,273,68.7,29.7,CU_TO_DEV
1717470242.0269632,273,68.7,29.7,CU_TO_DEV
1717470251.9797163,322,4.7,29.6,OCC_TO_CU
1717470251.9807093,322,0.0,29.6,OCC_TO_CU
1717470252.0366473,273,86.4,29.7,CU_TO_DEV
1717470252.0379074,273,0.0,29.7,CU_TO_DEV
1717470261.994011,322,4.9,29.5,OCC_TO_CU
1717470261.9947128,322,0.0,29.5,OCC_TO_CU
1717470262.046213,273,66.7,29.6,CU_TO_DEV
1717470262.046009,273,63.2,29.6,CU_TO_DEV
1717470272.0235107,322,3.3,29.5,OCC_TO_CU
1717470272.0262232,322,0.0,29.5,OCC_TO_CU
1717470272.0515654,273,83.3,29.5,CU_TO_DEV
1717470272.0533924,273,0.0,29.5,CU_TO_DEV
1717470279.2341845,154,3.9,29.6,OCC_TO_CU
1717470279.2561219,241,37.5,29.6,CU_TO_DEV
1717470279.2586944,241,0.0,29.6,CU_TO_DEV
1717470282.027609,322,6.0,29.5,OCC_TO_CU
1717470282.0296931,322,0.0,29.5,OCC_TO_CU
1717470282.0587358,273,75.0,29.5,CU_TO_DEV
1717470282.0609508,273,100.0,29.5,CU_TO_DEV
1717470292.0354357,322,3.5,29.5,OCC_TO_CU
1717470292.036058,322,0.0,29.5,OCC_TO_CU
1717470292.0661485,273,83.3,29.4,CU_TO_DEV
1717470292.0755944,273,100.0,29.4,CU_TO_DEV
1717470302.0656328,322,4.8,29.5,OCC_TO_CU
1717470302.068303,322,0.0,29.5,OCC_TO_CU
1717470302.0738938,273,0.0,29.5,CU_TO_DEV
1717470302.0811057,273,100.0,29.5,CU_TO_DEV
1717470312.0877178,322,3.8,29.5,OCC_TO_CU
1717470312.0888507,322,0.0,29.5,OCC_TO_CU
1717470312.2802317,273,10.4,29.6,CU_TO_DEV
1717470312.288108,273,0.0,29.6,CU_TO_DEV
1717470322.1123567,322,4.1,29.6,OCC_TO_CU
1717470322.114864,322,0.0,29.6,OCC_TO_CU
1717470322.288643,273,49.3,29.6,CU_TO_DEV
1717470322.294621,273,0.0,29.6,CU_TO_DEV
1717470329.3162498,154,3.4,29.5,OCC_TO_CU
1717470329.4927032,241,15.5,29.6,CU_TO_DEV
1717470329.498561,241,0.0,29.6,CU_TO_DEV
1717470332.1157362,322,4.4,29.5,OCC_TO_CU
1717470332.116575,322,0.0,29.5,OCC_TO_CU
1717470332.2946286,273,8.6,29.6,CU_TO_DEV
1717470332.3000798,273,0.0,29.6,CU_TO_DEV
1717470342.113244,322,4.8,29.5,OCC_TO_CU
1717470342.1140924,322,0.0,29.5,OCC_TO_CU
1717470342.301395,273,8.0,29.6,CU_TO_DEV
1717470342.3086736,273,33.3,29.6,CU_TO_DEV
1717470352.1370687,322,3.8,29.5,OCC_TO_CU
1717470352.1378982,322,0.0,29.5,OCC_TO_CU
1717470352.3066726,273,10.4,29.6,CU_TO_DEV
1717470352.3143158,273,0.0,29.6,CU_TO_DEV
1717470362.1651907,322,4.1,29.6,OCC_TO_CU
1717470362.1662529,322,0.0,29.6,OCC_TO_CU
1717470362.3127182,273,10.5,29.7,CU_TO_DEV
1717470362.3224268,273,25.0,29.7,CU_TO_DEV
1717470372.1715746,322,3.8,29.6,OCC_TO_CU
1717470372.1726077,322,0.0,29.6,OCC_TO_CU
1717470372.3183255,273,10.5,29.7,CU_TO_DEV
1717470372.330424,273,20.0,29.7,CU_TO_DEV
1717470379.3956563,154,4.9,29.6,OCC_TO_CU
1717470379.5230932,241,90.0,29.6,CU_TO_DEV
1717470379.5354247,241,33.3,29.6,CU_TO_DEV
1717470382.1616418,322,3.2,29.5,OCC_TO_CU
1717470382.1626253,322,0.0,29.5,OCC_TO_CU
1717470382.3254595,273,9.2,29.5,CU_TO_DEV
1717470382.3388574,273,20.0,29.5,CU_TO_DEV
1717470392.252624,322,5.6,29.3,OCC_TO_CU
1717470392.2532487,322,0.0,29.3,OCC_TO_CU
1717470392.3372068,273,23.5,29.4,CU_TO_DEV
1717470392.3497527,273,25.0,29.4,CU_TO_DEV
1717470402.1913087,322,3.9,29.3,OCC_TO_CU
1717470402.192036,322,0.0,29.3,OCC_TO_CU
1717470402.3433113,273,11.5,29.5,CU_TO_DEV
1717470402.3556952,273,40.0,29.5,CU_TO_DEV
1717470412.2286065,322,3.6,29.5,OCC_TO_CU
1717470412.229238,322,0.0,29.5,OCC_TO_CU
1717470412.3526495,273,19.6,29.5,CU_TO_DEV
1717470412.3617697,273,40.0,29.5,CU_TO_DEV
1717470422.2350414,322,3.7,29.5,OCC_TO_CU
1717470422.2356958,322,100.0,29.5,OCC_TO_CU
1717470422.3609374,273,10.4,29.6,CU_TO_DEV
1717470422.3694153,273,25.0,29.6,CU_TO_DEV
1717470429.4774878,154,5.6,29.5,OCC_TO_CU
1717470429.5666113,241,16.7,29.6,CU_TO_DEV
1717470429.5755186,241,25.0,29.6,CU_TO_DEV
1717470432.2391949,322,3.9,29.5,OCC_TO_CU
1717470432.239727,322,0.0,29.5,OCC_TO_CU
1717470432.3683994,273,13.2,29.6,CU_TO_DEV
1717470432.3773043,273,25.0,29.6,CU_TO_DEV
1717470442.24619,322,3.4,29.5,OCC_TO_CU
1717470442.2469912,322,0.0,29.5,OCC_TO_CU
1717470442.3757489,273,13.7,29.6,CU_TO_DEV
1717470442.3847792,273,25.0,29.6,CU_TO_DEV
1717470452.281174,322,4.4,29.5,OCC_TO_CU
1717470452.281892,322,0.0,29.5,OCC_TO_CU
1717470452.3855288,273,10.3,29.6,CU_TO_DEV
1717470452.395544,273,40.0,29.6,CU_TO_DEV
1717470462.267569,322,3.8,29.5,OCC_TO_CU
1717470462.268225,322,0.0,29.5,OCC_TO_CU
1717470462.3960338,273,10.2,29.6,CU_TO_DEV
1717470462.4024727,273,0.0,29.6,CU_TO_DEV
1717470472.280966,322,3.9,29.5,OCC_TO_CU
1717470472.2816176,322,0.0,29.5,OCC_TO_CU
1717470472.404973,273,10.6,29.6,CU_TO_DEV
1717470472.40862,273,0.0,29.6,CU_TO_DEV
1717470479.3494935,154,5.1,29.6,OCC_TO_CU
1717470479.411308,241,92.0,29.7,CU_TO_DEV
1717470479.412202,241,0.0,29.7,CU_TO_DEV
1717470482.2977638,322,6.2,29.4,OCC_TO_CU
1717470482.2983804,322,0.0,29.4,OCC_TO_CU
1717470482.41367,273,17.4,29.5,CU_TO_DEV
1717470482.4163983,273,0.0,29.5,CU_TO_DEV
1717470492.3102717,322,3.6,29.5,OCC_TO_CU
1717470492.3110151,322,0.0,29.5,OCC_TO_CU
1717470492.4227254,273,14.0,29.6,CU_TO_DEV
1717470492.4238803,273,0.0,29.6,CU_TO_DEV
1717470502.3250928,322,3.8,29.5,OCC_TO_CU
1717470502.3258073,322,0.0,29.5,OCC_TO_CU
1717470502.430932,273,88.1,29.5,CU_TO_DEV
1717470502.4315858,273,100.0,29.5,CU_TO_DEV
1717470512.3691187,322,3.2,29.4,OCC_TO_CU
1717470512.3697925,322,0.0,29.4,OCC_TO_CU
1717470512.4368327,273,26.9,29.5,CU_TO_DEV
1717470512.4383051,273,0.0,29.5,CU_TO_DEV
1717470522.3661227,322,5.3,29.4,OCC_TO_CU
1717470522.3667705,322,0.0,29.4,OCC_TO_CU
1717470522.4435189,273,22.6,29.5,CU_TO_DEV
1717470522.4448519,273,0.0,29.5,CU_TO_DEV
1717470530.5648134,154,3.9,29.4,OCC_TO_CU
1717470530.6522026,241,22.2,29.5,CU_TO_DEV
1717470530.655579,241,0.0,29.5,CU_TO_DEV
1717470532.374136,322,5.0,29.5,OCC_TO_CU
1717470532.3747761,322,0.0,29.5,OCC_TO_CU
1717470532.4546344,273,18.8,29.5,CU_TO_DEV
1717470532.4600575,273,0.0,29.5,CU_TO_DEV
1717470542.3953946,322,3.7,29.5,OCC_TO_CU
1717470542.3960302,322,0.0,29.5,OCC_TO_CU
1717470542.4635978,273,31.0,29.5,CU_TO_DEV
1717470542.4702008,273,0.0,29.5,CU_TO_DEV
1717470552.4320571,322,3.7,29.6,OCC_TO_CU
1717470552.432785,322,0.0,29.6,OCC_TO_CU
1717470552.4707603,273,33.3,29.7,CU_TO_DEV
1717470552.4766166,273,50.0,29.7,CU_TO_DEV
1717470562.4153974,322,3.9,29.6,OCC_TO_CU
1717470562.4165022,322,0.0,29.6,OCC_TO_CU
1717470562.4816947,273,24.0,29.7,CU_TO_DEV
1717470562.4823596,273,0.0,29.7,CU_TO_DEV
1717470572.4489057,322,4.6,29.6,OCC_TO_CU
1717470572.4494798,322,0.0,29.6,OCC_TO_CU
1717470572.4885066,273,31.2,29.7,CU_TO_DEV
1717470572.4890442,273,0.0,29.7,CU_TO_DEV
1717470580.3490782,154,3.5,29.6,OCC_TO_CU
1717470580.494049,241,72.4,29.6,CU_TO_DEV
1717470580.4944668,241,0.0,29.6,CU_TO_DEV
1717470582.4460392,322,7.7,29.4,OCC_TO_CU
1717470582.4466197,322,0.0,29.4,OCC_TO_CU
1717470582.4962068,273,21.1,29.5,CU_TO_DEV
1717470582.4973423,273,0.0,29.5,CU_TO_DEV
1717470592.4690707,322,3.4,29.4,OCC_TO_CU
1717470592.4697568,322,0.0,29.4,OCC_TO_CU
1717470592.505626,273,40.0,29.5,CU_TO_DEV
1717470592.5062416,273,0.0,29.5,CU_TO_DEV
1717470602.4919817,322,3.2,29.5,OCC_TO_CU
1717470602.492744,322,0.0,29.5,OCC_TO_CU
1717470602.5125465,273,42.9,29.5,CU_TO_DEV
1717470602.5128112,273,42.9,29.5,CU_TO_DEV
1717470612.490229,322,3.8,29.5,OCC_TO_CU
1717470612.4908235,322,0.0,29.5,OCC_TO_CU
1717470612.5210145,273,41.7,29.6,CU_TO_DEV
1717470612.5213215,273,0.0,29.6,CU_TO_DEV
1717470622.4916785,322,4.4,29.5,OCC_TO_CU
1717470622.4923081,322,0.0,29.5,OCC_TO_CU
1717470622.528026,273,40.0,29.6,CU_TO_DEV
1717470622.5282528,273,40.0,29.6,CU_TO_DEV
1717470630.408431,154,4.0,29.5,OCC_TO_CU
1717470630.5345807,241,76.0,29.5,CU_TO_DEV
1717470630.534624,241,76.0,29.5,CU_TO_DEV
1717470632.5060785,322,4.1,29.5,OCC_TO_CU
1717470632.5091422,322,0.0,29.5,OCC_TO_CU
1717470632.536105,273,45.5,29.5,CU_TO_DEV
1717470632.5375574,273,0.0,29.5,CU_TO_DEV
1717470642.5197666,322,3.5,29.5,OCC_TO_CU
1717470642.521721,322,0.0,29.5,OCC_TO_CU
1717470642.5461044,273,44.4,29.5,CU_TO_DEV
1717470642.5460305,273,44.4,29.5,CU_TO_DEV
1717470652.526439,322,4.3,29.5,OCC_TO_CU
1717470652.5271583,322,0.0,29.5,OCC_TO_CU
1717470652.5571291,273,45.5,29.6,CU_TO_DEV
1717470652.557752,273,0.0,29.6,CU_TO_DEV
1717470662.5491858,322,4.8,29.4,OCC_TO_CU
1717470662.5499086,322,0.0,29.4,OCC_TO_CU
1717470662.5641198,273,40.0,29.4,CU_TO_DEV
1717470662.5654917,273,0.0,29.4,CU_TO_DEV
1717470672.5765593,322,3.4,29.5,OCC_TO_CU
1717470672.5773497,322,0.0,29.5,OCC_TO_CU
1717470672.5772674,273,0.0,29.5,CU_TO_DEV
1717470672.5776458,273,0.0,29.5,CU_TO_DEV
1717470672.7783763,273,12.3,29.6,CU_TO_DEV
1717470672.7786298,273,0.0,29.6,CU_TO_DEV
1717470682.0291414,154,4.0,29.6,OCC_TO_CU
1717470682.1845188,241,20.3,29.7,CU_TO_DEV
1717470682.185452,241,0.0,29.7,CU_TO_DEV
1717470682.5834992,322,27.0,29.6,OCC_TO_CU
1717470682.5840616,322,0.0,29.6,OCC_TO_CU
1717470682.5853376,273,0.0,29.6,CU_TO_DEV
1717470682.5860667,273,0.0,29.6,CU_TO_DEV
1717470692.5886729,322,3.7,29.5,OCC_TO_CU
1717470692.5893514,322,0.0,29.5,OCC_TO_CU
1717470692.5918663,273,0.0,29.5,CU_TO_DEV
1717470692.5920815,273,0.0,29.5,CU_TO_DEV
1717470702.5968049,322,3.8,29.6,OCC_TO_CU
1717470702.5974562,322,0.0,29.6,OCC_TO_CU
1717470702.6008487,273,0.0,29.6,CU_TO_DEV
1717470702.6012092,273,0.0,29.6,CU_TO_DEV
1717470712.6306412,322,5.4,29.4,OCC_TO_CU
1717470712.6314151,322,100.0,29.4,OCC_TO_CU
1717470712.806987,273,11.3,29.5,CU_TO_DEV
1717470712.8102217,273,0.0,29.5,CU_TO_DEV
1717470722.6439855,322,4.0,29.5,OCC_TO_CU
1717470722.6450307,322,0.0,29.5,OCC_TO_CU
1717470722.814931,273,7.6,29.6,CU_TO_DEV
1717470722.8176122,273,0.0,29.6,CU_TO_DEV
1717470732.0947232,154,4.0,29.5,OCC_TO_CU
1717470732.2214093,241,20.4,29.6,CU_TO_DEV
1717470732.2225451,241,0.0,29.6,CU_TO_DEV
1717470732.6531613,322,5.2,29.6,OCC_TO_CU
1717470732.6538172,322,0.0,29.6,OCC_TO_CU
1717470732.822365,273,7.6,29.6,CU_TO_DEV
1717470732.8232136,273,0.0,29.6,CU_TO_DEV
1717470742.6322415,322,3.7,29.6,OCC_TO_CU
1717470742.6329703,322,0.0,29.6,OCC_TO_CU
1717470742.828026,273,7.8,29.7,CU_TO_DEV
1717470742.827958,273,7.8,29.7,CU_TO_DEV
1717470752.635699,322,5.0,29.7,OCC_TO_CU
1717470752.6363275,322,0.0,29.7,OCC_TO_CU
1717470752.8339038,273,3.9,29.8,CU_TO_DEV
1717470752.8344066,273,0.0,29.8,CU_TO_DEV
1717470762.6500123,322,3.5,29.6,OCC_TO_CU
1717470762.6509552,322,0.0,29.6,OCC_TO_CU
1717470762.8387344,273,10.5,29.7,CU_TO_DEV
1717470762.8392131,273,0.0,29.7,CU_TO_DEV
1717470772.6506808,322,4.7,29.6,OCC_TO_CU
1717470772.6540272,322,0.0,29.6,OCC_TO_CU
1717470772.8437715,273,7.8,29.7,CU_TO_DEV
1717470772.8443084,273,0.0,29.7,CU_TO_DEV
1717470781.9214456,154,4.4,29.5,OCC_TO_CU
1717470782.0481532,241,22.0,29.6,CU_TO_DEV
1717470782.050949,241,0.0,29.6,CU_TO_DEV
1717470782.711328,322,19.2,29.6,OCC_TO_CU
1717470782.711849,322,0.0,29.6,OCC_TO_CU
1717470782.849308,273,5.6,29.6,CU_TO_DEV
1717470782.8525038,273,0.0,29.6,CU_TO_DEV
1717470792.6705663,322,3.6,29.5,OCC_TO_CU
1717470792.671207,322,100.0,29.5,OCC_TO_CU
1717470792.854181,273,8.3,29.6,CU_TO_DEV
1717470792.8566113,273,0.0,29.6,CU_TO_DEV
1717470802.6773443,322,4.5,29.4,OCC_TO_CU
1717470802.6778698,322,0.0,29.4,OCC_TO_CU
1717470802.8598025,273,9.5,29.5,CU_TO_DEV
1717470802.863977,273,0.0,29.5,CU_TO_DEV
1717470812.7055178,322,3.9,29.5,OCC_TO_CU
1717470812.7061555,322,0.0,29.5,OCC_TO_CU
1717470812.8648992,273,12.3,29.6,CU_TO_DEV
1717470812.868323,273,0.0,29.6,CU_TO_DEV
1717470822.6904898,322,3.9,29.5,OCC_TO_CU
1717470822.6911404,322,0.0,29.5,OCC_TO_CU
1717470822.8699765,273,8.6,29.6,CU_TO_DEV
1717470822.8741517,273,0.0,29.6,CU_TO_DEV
1717470832.1826384,154,3.8,29.6,OCC_TO_CU
1717470832.2761807,241,40.0,29.7,CU_TO_DEV
1717470832.278098,241,0.0,29.7,CU_TO_DEV
1717470832.7233322,322,4.0,29.7,OCC_TO_CU
1717470832.7239718,322,0.0,29.7,OCC_TO_CU
1717470832.8769112,273,6.8,29.7,CU_TO_DEV
1717470832.8790145,273,0.0,29.7,CU_TO_DEV
1717470842.7094927,322,4.6,29.6,OCC_TO_CU
1717470842.710021,322,0.0,29.6,OCC_TO_CU
1717470842.8841732,273,7.2,29.6,CU_TO_DEV
1717470842.8841307,273,7.2,29.6,CU_TO_DEV
1717470852.7174551,322,4.7,29.6,OCC_TO_CU
1717470852.7181184,322,0.0,29.6,OCC_TO_CU
1717470852.8891766,273,10.3,29.6,CU_TO_DEV
1717470852.8894377,273,0.0,29.6,CU_TO_DEV
1717470862.7397668,322,4.0,29.5,OCC_TO_CU
1717470862.7407227,322,0.0,29.5,OCC_TO_CU
1717470862.8946738,273,12.9,29.6,CU_TO_DEV
1717470862.8947186,273,12.9,29.6,CU_TO_DEV
1717470872.7590914,322,4.0,29.6,OCC_TO_CU
1717470872.7598693,322,0.0,29.6,OCC_TO_CU
1717470872.9008944,273,12.3,29.7,CU_TO_DEV
1717470872.901397,273,0.0,29.7,CU_TO_DEV
1717470882.043066,154,3.8,29.7,OCC_TO_CU
1717470882.106103,241,24.0,29.8,CU_TO_DEV
1717470882.1065795,241,0.0,29.8,CU_TO_DEV
1717470882.7541704,322,17.8,29.7,OCC_TO_CU
1717470882.754679,322,0.0,29.7,OCC_TO_CU
1717470882.9070632,273,6.6,29.7,CU_TO_DEV
1717470882.9075606,273,100.0,29.7,CU_TO_DEV
1717470892.7585495,322,4.2,29.6,OCC_TO_CU
1717470892.759051,322,0.0,29.6,OCC_TO_CU
1717470892.9122403,273,11.1,29.6,CU_TO_DEV
1717470892.9123268,273,11.1,29.6,CU_TO_DEV
1717470902.865773,322,4.4,29.6,OCC_TO_CU
1717470902.8662684,322,0.0,29.6,OCC_TO_CU
1717470902.9177687,273,90.5,29.7,CU_TO_DEV
1717470902.9207745,273,100.0,29.7,CU_TO_DEV
1717470912.8010254,322,3.9,29.5,OCC_TO_CU
1717470912.8016932,322,0.0,29.5,OCC_TO_CU
1717470912.9240386,273,12.5,29.5,CU_TO_DEV
1717470912.9252694,273,0.0,29.5,CU_TO_DEV
1717470922.8052971,322,3.7,29.5,OCC_TO_CU
1717470922.8059378,322,0.0,29.5,OCC_TO_CU
1717470922.9290683,273,17.6,29.6,CU_TO_DEV
1717470922.9295652,273,0.0,29.6,CU_TO_DEV
1717470932.0209868,154,3.5,29.6,OCC_TO_CU
1717470932.1341739,241,13.3,29.7,CU_TO_DEV
1717470932.134207,241,13.3,29.7,CU_TO_DEV
1717470932.8259692,322,5.1,29.7,OCC_TO_CU
1717470932.8266299,322,0.0,29.7,OCC_TO_CU
1717470932.935102,273,11.6,29.7,CU_TO_DEV
1717470932.935452,273,100.0,29.7,CU_TO_DEV
1717470942.8215308,322,4.6,29.5,OCC_TO_CU
1717470942.822187,322,0.0,29.5,OCC_TO_CU
1717470942.9405499,273,16.7,29.6,CU_TO_DEV
1717470942.9408906,273,0.0,29.6,CU_TO_DEV
1717470952.8333805,322,3.6,29.5,OCC_TO_CU
1717470952.8340595,322,0.0,29.5,OCC_TO_CU
1717470952.9460983,273,13.6,29.6,CU_TO_DEV
1717470952.9461405,273,13.6,29.6,CU_TO_DEV
1717470962.8654618,322,3.8,29.6,OCC_TO_CU
1717470962.866105,322,0.0,29.6,OCC_TO_CU
1717470962.9516478,273,24.3,29.7,CU_TO_DEV
1717470962.9520192,273,0.0,29.7,CU_TO_DEV
1717470972.8682945,322,4.1,29.6,OCC_TO_CU
1717470972.86905,322,0.0,29.6,OCC_TO_CU
1717470972.958955,273,17.1,29.7,CU_TO_DEV
1717470972.9589064,273,17.1,29.7,CU_TO_DEV
1717470982.5916226,154,4.8,29.6,OCC_TO_CU
1717470982.7648196,241,55.1,29.6,CU_TO_DEV
1717470982.7648563,241,55.1,29.6,CU_TO_DEV
1717470982.8693426,322,7.3,29.6,OCC_TO_CU
1717470982.872503,322,0.0,29.6,OCC_TO_CU
1717470982.9654918,273,15.8,29.6,CU_TO_DEV
1717470982.9655337,273,15.8,29.6,CU_TO_DEV
1717470992.8818643,322,3.4,29.5,OCC_TO_CU
1717470992.8824952,322,0.0,29.5,OCC_TO_CU
1717470992.970934,273,22.2,29.6,CU_TO_DEV
1717470992.97077,273,22.2,29.6,CU_TO_DEV
1717471002.9187303,322,3.5,29.6,OCC_TO_CU
1717471002.919402,322,100.0,29.6,OCC_TO_CU
1717471002.9769287,273,22.7,29.6,CU_TO_DEV
1717471002.977284,273,0.0,29.6,CU_TO_DEV
1717471012.9139442,322,3.9,29.6,OCC_TO_CU
1717471012.9146297,322,0.0,29.6,OCC_TO_CU
1717471012.9831138,273,22.2,29.7,CU_TO_DEV
1717471012.9831667,273,22.2,29.7,CU_TO_DEV
1717471022.93161,322,3.7,29.7,OCC_TO_CU
1717471022.9323187,322,0.0,29.7,OCC_TO_CU
1717471022.9919765,273,25.0,29.7,CU_TO_DEV
1717471022.992029,273,25.0,29.7,CU_TO_DEV
1717471032.7737598,154,5.3,29.5,OCC_TO_CU
1717471032.7988567,241,45.5,29.6,CU_TO_DEV
1717471032.799301,241,100.0,29.6,CU_TO_DEV
1717471032.937124,322,9.3,29.6,OCC_TO_CU
1717471032.9377656,322,0.0,29.6,OCC_TO_CU
1717471033.0036166,273,88.9,29.6,CU_TO_DEV
1717471033.0034828,273,88.9,29.6,CU_TO_DEV
1717471042.9454296,322,3.9,29.5,OCC_TO_CU
1717471042.9460611,322,0.0,29.5,OCC_TO_CU
1717471043.009505,273,26.9,29.6,CU_TO_DEV
1717471043.009444,273,26.9,29.6,CU_TO_DEV
1717471052.9498923,322,3.7,29.5,OCC_TO_CU
1717471052.9509354,322,0.0,29.5,OCC_TO_CU
1717471053.0148714,273,29.6,29.6,CU_TO_DEV
1717471053.0149567,273,29.6,29.6,CU_TO_DEV
1717471062.975544,322,3.8,29.6,OCC_TO_CU
1717471062.9761772,322,0.0,29.6,OCC_TO_CU
1717471063.0208154,273,45.0,29.6,CU_TO_DEV
1717471063.020728,273,45.0,29.6,CU_TO_DEV
1717471072.9915824,322,3.8,29.6,OCC_TO_CU
1717471072.9926283,322,0.0,29.6,OCC_TO_CU
1717471073.0268848,273,53.8,29.7,CU_TO_DEV
1717471073.0267286,273,53.8,29.7,CU_TO_DEV
1717471082.846316,154,4.6,29.6,OCC_TO_CU
1717471082.9890268,322,77.2,29.6,OCC_TO_CU
1717471082.9895911,322,0.0,29.6,OCC_TO_CU
1717471083.0329785,273,29.4,29.6,CU_TO_DEV
1717471083.0334015,273,0.0,29.6,CU_TO_DEV
1717471092.9873738,322,3.4,29.6,OCC_TO_CU
1717471092.9883947,322,0.0,29.6,OCC_TO_CU
1717471093.0388339,273,42.9,29.7,CU_TO_DEV
1717471093.039376,273,0.0,29.7,CU_TO_DEV
1717471103.0211146,322,4.2,29.2,OCC_TO_CU
1717471103.0217843,322,0.0,29.2,OCC_TO_CU
1717471103.0443926,273,28.6,29.3,CU_TO_DEV
1717471103.045096,273,0.0,29.3,CU_TO_DEV
1717471113.0298116,322,3.9,29.3,OCC_TO_CU
1717471113.0304642,322,0.0,29.3,OCC_TO_CU
1717471113.051092,273,55.6,29.3,CU_TO_DEV
1717471113.0516965,273,0.0,29.3,CU_TO_DEV
1717471123.033755,322,4.7,29.2,OCC_TO_CU
1717471123.0367594,322,0.0,29.2,OCC_TO_CU
1717471123.0579398,273,50.0,29.3,CU_TO_DEV
1717471123.0600767,273,0.0,29.3,CU_TO_DEV
1717471132.922977,154,3.4,29.3,OCC_TO_CU
1717471133.059978,322,12.5,29.4,OCC_TO_CU
1717471133.060474,322,0.0,29.4,OCC_TO_CU
1717471133.0642064,273,0.0,29.4,CU_TO_DEV
1717471133.0650542,273,0.0,29.4,CU_TO_DEV
1717471143.0555544,322,3.7,29.3,OCC_TO_CU
1717471143.0565774,322,0.0,29.3,OCC_TO_CU
1717471143.0699284,273,50.0,29.3,CU_TO_DEV
1717471143.069982,273,50.0,29.3,CU_TO_DEV
1717471153.0736115,322,3.7,29.4,OCC_TO_CU
1717471153.0742497,322,0.0,29.4,OCC_TO_CU
1717471153.0795763,273,33.3,29.4,CU_TO_DEV
1717471153.0795014,273,33.3,29.4,CU_TO_DEV
1717471163.100919,322,4.9,29.3,OCC_TO_CU
1717471163.1014364,322,0.0,29.3,OCC_TO_CU
1717471163.2864838,273,8.1,29.4,CU_TO_DEV
1717471163.2865553,273,8.1,29.4,CU_TO_DEV
1717471173.135484,322,5.8,29.2,OCC_TO_CU
1717471173.1361566,322,0.0,29.2,OCC_TO_CU
1717471173.30047,273,10.8,29.3,CU_TO_DEV
1717471173.3005402,273,10.8,29.3,CU_TO_DEV
1717471182.7882042,154,3.8,29.3,OCC_TO_CU
1717471182.9066195,241,13.0,29.3,CU_TO_DEV
1717471182.9065754,241,13.0,29.3,CU_TO_DEV
1717471183.0975227,322,6.6,29.3,OCC_TO_CU
1717471183.0981913,322,0.0,29.3,OCC_TO_CU
1717471183.1075418,273,50.0,29.3,CU_TO_DEV
1717471183.108199,273,0.0,29.3,CU_TO_DEV
1717471193.111047,322,3.7,29.3,OCC_TO_CU
1717471193.1120236,322,0.0,29.3,OCC_TO_CU
1717471193.1134207,273,0.0,29.3,CU_TO_DEV
1717471193.1136463,273,0.0,29.3,CU_TO_DEV
1717471203.1254175,322,4.6,29.3,OCC_TO_CU
1717471203.1260679,322,0.0,29.3,OCC_TO_CU
1717471203.319379,273,14.3,29.4,CU_TO_DEV
1717471203.3194683,273,14.3,29.4,CU_TO_DEV
1717471213.151624,322,3.8,29.3,OCC_TO_CU
1717471213.1522799,322,0.0,29.3,OCC_TO_CU
1717471213.3255022,273,8.8,29.4,CU_TO_DEV
1717471213.3259647,273,0.0,29.4,CU_TO_DEV
1717471223.1765988,322,4.6,29.3,OCC_TO_CU
1717471223.1772952,322,0.0,29.3,OCC_TO_CU
1717471223.3314166,273,11.3,29.4,CU_TO_DEV
1717471223.331695,273,0.0,29.4,CU_TO_DEV
1717471232.762134,154,4.6,29.2,OCC_TO_CU
1717471232.9369535,241,8.8,29.3,CU_TO_DEV
1717471232.9372141,241,0.0,29.3,CU_TO_DEV
1717471233.1795046,322,7.1,29.3,OCC_TO_CU
1717471233.1801507,322,0.0,29.3,OCC_TO_CU
1717471233.337978,273,6.5,29.3,CU_TO_DEV
1717471233.3379347,273,6.5,29.3,CU_TO_DEV
1717471243.1877081,322,4.0,29.3,OCC_TO_CU
1717471243.1883478,322,0.0,29.3,OCC_TO_CU
1717471243.3444538,273,12.7,29.4,CU_TO_DEV
1717471243.3446174,273,12.7,29.4,CU_TO_DEV
1717471253.1893897,322,3.7,29.3,OCC_TO_CU
1717471253.1900225,322,0.0,29.3,OCC_TO_CU
1717471253.351387,273,10.8,29.4,CU_TO_DEV
1717471253.3513148,273,10.8,29.4,CU_TO_DEV
1717471263.19992,322,4.4,29.4,OCC_TO_CU
1717471263.2004223,322,0.0,29.4,OCC_TO_CU
1717471263.3574755,273,8.1,29.5,CU_TO_DEV
1717471263.3579245,273,0.0,29.5,CU_TO_DEV
1717471273.2085655,322,3.9,29.4,OCC_TO_CU
1717471273.209177,322,0.0,29.4,OCC_TO_CU
1717471273.3635275,273,11.3,29.5,CU_TO_DEV
1717471273.3637052,273,11.3,29.5,CU_TO_DEV
1717471282.8470328,154,3.8,29.5,OCC_TO_CU
1717471282.9715884,241,16.0,29.6,CU_TO_DEV
1717471282.9716346,241,16.0,29.6,CU_TO_DEV
1717471283.2105129,322,3.2,29.6,OCC_TO_CU
1717471283.211302,322,0.0,29.6,OCC_TO_CU
1717471283.3725352,273,56.9,29.5,CU_TO_DEV
1717471283.3724957,273,56.9,29.5,CU_TO_DEV
1717471293.2347295,322,4.3,29.3,OCC_TO_CU
1717471293.2353954,322,50.0,29.3,OCC_TO_CU
1717471293.380491,273,64.9,29.3,CU_TO_DEV
1717471293.3809528,273,0.0,29.3,CU_TO_DEV
1717471303.2442374,322,3.7,29.3,OCC_TO_CU
1717471303.2449036,322,0.0,29.3,OCC_TO_CU
1717471303.3864033,273,10.7,29.3,CU_TO_DEV
1717471303.3869958,273,0.0,29.3,CU_TO_DEV
1717471313.2605643,322,4.5,29.2,OCC_TO_CU
1717471313.2613466,322,0.0,29.2,OCC_TO_CU
1717471313.3918743,273,15.1,29.3,CU_TO_DEV
1717471313.393917,273,0.0,29.3,CU_TO_DEV
1717471323.2572575,322,3.9,29.2,OCC_TO_CU
1717471323.2629187,322,0.0,29.2,OCC_TO_CU
1717471323.3998919,273,20.4,29.3,CU_TO_DEV
1717471323.40117,273,0.0,29.3,CU_TO_DEV
1717471332.9095595,154,3.9,29.3,OCC_TO_CU
1717471333.0059166,241,17.9,29.4,CU_TO_DEV
1717471333.006485,241,0.0,29.4,CU_TO_DEV
1717471333.2710283,322,4.8,29.4,OCC_TO_CU
1717471333.2718053,322,0.0,29.4,OCC_TO_CU
1717471333.4066358,273,9.4,29.4,CU_TO_DEV
1717471333.4073067,273,50.0,29.4,CU_TO_DEV
1717471343.2977676,322,3.9,29.3,OCC_TO_CU
1717471343.2984068,322,0.0,29.3,OCC_TO_CU
1717471343.4121435,273,15.2,29.4,CU_TO_DEV
1717471343.4143574,273,0.0,29.4,CU_TO_DEV
1717471353.3155746,322,4.9,29.3,OCC_TO_CU
1717471353.3160875,322,0.0,29.3,OCC_TO_CU
1717471353.4188015,273,10.0,29.4,CU_TO_DEV
1717471353.418741,273,10.0,29.4,CU_TO_DEV
1717471363.305469,322,4.4,29.3,OCC_TO_CU
1717471363.3061485,322,0.0,29.3,OCC_TO_CU
1717471363.426094,273,14.9,29.4,CU_TO_DEV
1717471363.4265656,273,0.0,29.4,CU_TO_DEV
1717471373.3290935,322,3.6,29.3,OCC_TO_CU
1717471373.329849,322,0.0,29.3,OCC_TO_CU
1717471373.4327629,273,17.1,29.4,CU_TO_DEV
1717471373.432953,273,17.1,29.4,CU_TO_DEV
1717471382.9842107,154,3.5,29.4,OCC_TO_CU
1717471383.0399923,241,37.5,29.5,CU_TO_DEV
1717471383.040159,241,37.5,29.5,CU_TO_DEV
1717471383.329387,322,5.2,29.5,OCC_TO_CU
1717471383.3304312,322,0.0,29.5,OCC_TO_CU
1717471383.441048,273,9.3,29.5,CU_TO_DEV
1717471383.441094,273,9.3,29.5,CU_TO_DEV
1717471393.3602374,322,4.6,29.4,OCC_TO_CU
1717471393.360893,322,0.0,29.4,OCC_TO_CU
1717471393.4503984,273,14.3,29.5,CU_TO_DEV
1717471393.4508023,273,0.0,29.5,CU_TO_DEV
1717471403.3439019,322,4.4,29.3,OCC_TO_CU
1717471403.3447917,322,0.0,29.3,OCC_TO_CU
1717471403.456308,273,15.6,29.4,CU_TO_DEV
1717471403.4564762,273,15.6,29.4,CU_TO_DEV
1717471413.373303,322,3.7,29.4,OCC_TO_CU
1717471413.3739474,322,0.0,29.4,OCC_TO_CU
1717471413.4635148,273,17.1,29.5,CU_TO_DEV
1717471413.4639986,273,0.0,29.5,CU_TO_DEV
1717471423.3752718,322,5.1,29.2,OCC_TO_CU
1717471423.3759046,322,0.0,29.2,OCC_TO_CU
1717471423.4723008,273,15.8,29.3,CU_TO_DEV
1717471423.4760995,273,0.0,29.3,CU_TO_DEV
1717471433.0540223,154,4.0,29.3,OCC_TO_CU
1717471433.0833602,241,50.0,29.3,CU_TO_DEV
1717471433.0858479,241,0.0,29.3,CU_TO_DEV
1717471433.3927276,322,8.9,29.3,OCC_TO_CU
1717471433.3933609,322,0.0,29.3,OCC_TO_CU
1717471433.4845786,273,13.9,29.4,CU_TO_DEV
1717471433.486865,273,0.0,29.4,CU_TO_DEV
1717471443.4082186,322,4.9,29.3,OCC_TO_CU
1717471443.4088562,322,0.0,29.3,OCC_TO_CU
1717471443.4927378,273,17.6,29.4,CU_TO_DEV
1717471443.4925845,273,17.6,29.4,CU_TO_DEV
1717471453.4182923,322,3.5,29.3,OCC_TO_CU
1717471453.418931,322,0.0,29.3,OCC_TO_CU
1717471453.4985363,273,19.4,29.4,CU_TO_DEV
1717471453.4984336,273,19.4,29.4,CU_TO_DEV
1717471463.4276338,322,3.8,29.4,OCC_TO_CU
1717471463.429698,322,0.0,29.4,OCC_TO_CU
1717471463.5048025,273,0.0,29.5,CU_TO_DEV
1717471463.504552,273,23.3,29.5,CU_TO_DEV
1717471473.4531715,322,4.2,29.5,OCC_TO_CU
1717471473.4540544,322,0.0,29.5,OCC_TO_CU
1717471473.510813,273,30.4,29.6,CU_TO_DEV
1717471473.5107217,273,30.4,29.6,CU_TO_DEV
1717471483.1303778,154,3.7,29.5,OCC_TO_CU
1717471483.3170388,241,8.1,29.6,CU_TO_DEV
1717471483.3175704,241,0.0,29.6,CU_TO_DEV
1717471483.4471667,322,7.8,29.6,OCC_TO_CU
1717471483.450287,322,0.0,29.6,OCC_TO_CU
1717471483.5179136,273,20.0,29.6,CU_TO_DEV
1717471483.51839,273,0.0,29.6,CU_TO_DEV
1717471493.4638364,322,5.2,29.4,OCC_TO_CU
1717471493.4646559,322,0.0,29.4,OCC_TO_CU
1717471493.5266402,273,87.5,29.5,CU_TO_DEV
1717471493.527505,273,100.0,29.5,CU_TO_DEV
1717471503.485056,322,4.1,29.3,OCC_TO_CU
1717471503.4859235,322,0.0,29.3,OCC_TO_CU
1717471503.534092,273,36.8,29.4,CU_TO_DEV
1717471503.5340478,273,36.8,29.4,CU_TO_DEV
1717471513.5037947,322,3.6,29.4,OCC_TO_CU
1717471513.5046604,322,0.0,29.4,OCC_TO_CU
1717471513.5399237,273,38.5,29.5,CU_TO_DEV
1717471513.540583,273,0.0,29.5,CU_TO_DEV
1717471523.507091,322,3.6,29.5,OCC_TO_CU
1717471523.507893,322,100.0,29.5,OCC_TO_CU
1717471523.547099,273,26.7,29.6,CU_TO_DEV
1717471523.5470283,273,26.7,29.6,CU_TO_DEV
1717471533.5409799,322,3.8,29.6,OCC_TO_CU
1717471533.545803,322,0.0,29.6,OCC_TO_CU
1717471533.5530565,273,50.0,29.6,CU_TO_DEV
1717471533.5543551,273,0.0,29.6,CU_TO_DEV
1717471534.1322992,154,9.0,29.7,OCC_TO_CU
1717471534.1549425,241,28.6,29.7,CU_TO_DEV
1717471534.1565647,241,100.0,29.7,CU_TO_DEV
1717471543.5268207,322,4.8,29.6,OCC_TO_CU
1717471543.5278525,322,100.0,29.6,OCC_TO_CU
1717471543.5653656,273,41.2,29.6,CU_TO_DEV
1717471543.5681205,273,0.0,29.6,CU_TO_DEV
1717471553.5347822,322,4.4,29.5,OCC_TO_CU
1717471553.5357232,322,66.7,29.5,OCC_TO_CU
1717471553.5769618,273,86.7,29.6,CU_TO_DEV
1717471553.5784752,273,0.0,29.6,CU_TO_DEV
1717471563.5526946,322,3.9,29.5,OCC_TO_CU
1717471563.5540328,322,0.0,29.5,OCC_TO_CU
1717471563.5854843,273,46.2,29.6,CU_TO_DEV
1717471563.5860465,273,0.0,29.6,CU_TO_DEV
1717471573.580792,322,3.4,29.5,OCC_TO_CU
1717471573.5816662,322,0.0,29.5,OCC_TO_CU
1717471573.5920537,273,25.0,29.5,CU_TO_DEV
1717471573.5923731,273,25.0,29.5,CU_TO_DEV
1717471583.598221,322,5.1,29.5,OCC_TO_CU
1717471583.6002355,322,0.0,29.5,OCC_TO_CU
1717471583.6010554,273,0.0,29.5,CU_TO_DEV
1717471583.6012242,273,0.0,29.5,CU_TO_DEV
1717471583.9915953,154,7.7,29.6,OCC_TO_CU
1717471584.0020173,241,50.0,29.6,CU_TO_DEV
1717471584.0019193,241,50.0,29.6,CU_TO_DEV
1717471593.5872495,322,3.7,29.7,OCC_TO_CU
1717471593.589515,322,0.0,29.7,OCC_TO_CU
1717471593.6077688,273,50.0,29.7,CU_TO_DEV
1717471593.6081493,273,50.0,29.7,CU_TO_DEV
1717471603.616301,322,3.7,29.8,OCC_TO_CU
1717471603.6169474,322,0.0,29.8,OCC_TO_CU
1717471603.8136973,273,60.8,29.8,CU_TO_DEV
1717471603.8137448,273,60.8,29.8,CU_TO_DEV
1717471613.6559584,322,3.6,29.7,OCC_TO_CU
1717471613.6566017,322,0.0,29.7,OCC_TO_CU
1717471613.8188574,273,18.7,29.8,CU_TO_DEV
1717471613.8190017,273,18.7,29.8,CU_TO_DEV
1717471623.6392808,322,4.3,29.7,OCC_TO_CU
1717471623.641494,322,0.0,29.7,OCC_TO_CU
1717471623.824394,273,10.0,29.8,CU_TO_DEV
1717471623.82469,273,0.0,29.8,CU_TO_DEV
1717471633.6576831,322,4.6,29.4,OCC_TO_CU
1717471633.6583183,322,0.0,29.4,OCC_TO_CU
1717471633.8306472,273,13.0,29.5,CU_TO_DEV
1717471633.831066,273,100.0,29.5,CU_TO_DEV
1717471634.0687604,154,8.7,29.5,OCC_TO_CU
1717471634.2318382,241,10.6,29.5,CU_TO_DEV
1717471634.2322922,241,0.0,29.5,CU_TO_DEV
1717471643.6623135,322,3.7,29.5,OCC_TO_CU
1717471643.663126,322,0.0,29.5,OCC_TO_CU
1717471643.8380957,273,14.1,29.6,CU_TO_DEV
1717471643.8385916,273,0.0,29.6,CU_TO_DEV
1717471653.6868567,322,3.8,29.5,OCC_TO_CU
1717471653.687668,322,0.0,29.5,OCC_TO_CU
1717471653.843791,273,14.5,29.6,CU_TO_DEV
1717471653.8446405,273,0.0,29.6,CU_TO_DEV
1717471663.7168648,322,3.6,29.6,OCC_TO_CU
1717471663.7175303,322,0.0,29.6,OCC_TO_CU
1717471663.8496246,273,18.9,29.7,CU_TO_DEV
1717471663.85025,273,0.0,29.7,CU_TO_DEV
1717471673.7134273,322,4.7,29.6,OCC_TO_CU
1717471673.7139385,322,0.0,29.6,OCC_TO_CU
1717471673.8561883,273,12.3,29.7,CU_TO_DEV
1717471673.8561506,273,12.3,29.7,CU_TO_DEV
1717471683.7123008,322,3.5,29.6,OCC_TO_CU
1717471683.7129283,322,0.0,29.6,OCC_TO_CU
1717471683.8622203,273,28.8,29.7,CU_TO_DEV
1717471683.8675141,273,100.0,29.7,CU_TO_DEV
1717471684.04154,154,43.5,29.7,OCC_TO_CU
1717471684.0663002,241,90.0,29.7,CU_TO_DEV
1717471684.0683036,241,100.0,29.7,CU_TO_DEV
1717471693.7326202,322,4.3,29.5,OCC_TO_CU
1717471693.7332735,322,0.0,29.5,OCC_TO_CU
1717471693.8713787,273,22.4,29.6,CU_TO_DEV
1717471693.8728638,273,0.0,29.6,CU_TO_DEV
1717471703.730272,322,3.7,29.5,OCC_TO_CU
1717471703.7323205,322,0.0,29.5,OCC_TO_CU
1717471703.876975,273,77.2,29.6,CU_TO_DEV
1717471703.876928,273,77.2,29.6,CU_TO_DEV
1717471713.7524383,322,3.7,29.4,OCC_TO_CU
1717471713.75308,322,0.0,29.4,OCC_TO_CU
1717471713.8828552,273,16.0,29.5,CU_TO_DEV
1717471713.8827465,273,16.0,29.5,CU_TO_DEV
1717471723.7675576,322,4.3,29.4,OCC_TO_CU
1717471723.7681937,322,0.0,29.4,OCC_TO_CU
1717471723.8883135,273,19.1,29.5,CU_TO_DEV
1717471723.8887963,273,0.0,29.5,CU_TO_DEV
1717471733.7909327,322,3.8,29.4,OCC_TO_CU
1717471733.7915845,322,0.0,29.4,OCC_TO_CU
1717471733.8938205,273,22.5,29.5,CU_TO_DEV
1717471733.8943188,273,0.0,29.5,CU_TO_DEV
1717471734.157732,154,11.2,29.5,OCC_TO_CU
1717471734.2946556,241,11.1,29.5,CU_TO_DEV
1717471734.295085,241,0.0,29.5,CU_TO_DEV
1717471743.794814,322,3.9,29.5,OCC_TO_CU
1717471743.795492,322,0.0,29.5,OCC_TO_CU
1717471743.9011505,273,19.5,29.6,CU_TO_DEV
1717471743.9012985,273,19.5,29.6,CU_TO_DEV
1717471753.830213,322,4.7,29.5,OCC_TO_CU
1717471753.8307428,322,0.0,29.5,OCC_TO_CU
1717471753.9077435,273,30.3,29.6,CU_TO_DEV
1717471753.907664,273,30.3,29.6,CU_TO_DEV
1717471763.8261666,322,3.5,29.5,OCC_TO_CU
1717471763.8266566,322,0.0,29.5,OCC_TO_CU
1717471763.9133584,273,22.2,29.6,CU_TO_DEV
1717471763.9137664,273,0.0,29.6,CU_TO_DEV
1717471773.8372695,322,4.6,29.5,OCC_TO_CU
1717471773.8385148,322,0.0,29.5,OCC_TO_CU
1717471773.919823,273,0.0,29.6,CU_TO_DEV
1717471773.9194205,273,28.1,29.6,CU_TO_DEV
1717471783.836349,322,3.9,29.6,OCC_TO_CU
1717471783.8370094,322,0.0,29.6,OCC_TO_CU
1717471783.9257376,273,22.9,29.7,CU_TO_DEV
1717471783.925663,273,22.9,29.7,CU_TO_DEV
1717471784.191609,154,11.2,29.7,OCC_TO_CU
1717471784.3266513,241,7.5,29.7,CU_TO_DEV
1717471784.3269064,241,0.0,29.7,CU_TO_DEV
1717471793.9155822,322,3.5,29.6,OCC_TO_CU
1717471793.9162083,322,0.0,29.6,OCC_TO_CU
1717471793.9321744,273,60.0,29.6,CU_TO_DEV
1717471793.9330196,273,0.0,29.6,CU_TO_DEV
1717471803.8768866,322,4.4,29.6,OCC_TO_CU
1717471803.8773828,322,0.0,29.6,OCC_TO_CU
1717471803.94107,273,21.7,29.7,CU_TO_DEV
1717471803.9466343,273,0.0,29.7,CU_TO_DEV
1717471813.8779328,322,4.7,29.5,OCC_TO_CU
1717471813.8784688,322,0.0,29.5,OCC_TO_CU
1717471813.9549377,273,92.9,29.6,CU_TO_DEV
1717471813.9558492,273,100.0,29.6,CU_TO_DEV
1717471823.8874807,322,4.6,29.3,OCC_TO_CU
1717471823.8879771,322,0.0,29.3,OCC_TO_CU
1717471823.960332,273,25.0,29.4,CU_TO_DEV
1717471823.9602659,273,25.0,29.4,CU_TO_DEV
1717471833.92073,322,3.8,29.4,OCC_TO_CU
1717471833.9213727,322,0.0,29.4,OCC_TO_CU
1717471833.9664466,273,52.9,29.5,CU_TO_DEV
1717471833.9670706,273,0.0,29.5,CU_TO_DEV
1717471834.1642785,154,13.9,29.5,OCC_TO_CU
1717471834.1676357,241,100.0,29.5,CU_TO_DEV
1717471834.1680315,241,100.0,29.5,CU_TO_DEV
1717471843.9376948,322,3.6,29.5,OCC_TO_CU
1717471843.9384365,322,0.0,29.5,OCC_TO_CU
1717471843.9742544,273,50.0,29.6,CU_TO_DEV
1717471843.974991,273,0.0,29.6,CU_TO_DEV
1717471853.9516084,322,3.6,29.5,OCC_TO_CU
1717471853.9522598,322,0.0,29.5,OCC_TO_CU
1717471853.9806333,273,70.0,29.6,CU_TO_DEV
1717471853.980985,273,70.0,29.6,CU_TO_DEV
1717471863.954383,322,4.6,29.5,OCC_TO_CU
1717471863.9550347,322,0.0,29.5,OCC_TO_CU
1717471863.9875026,273,64.3,29.6,CU_TO_DEV
1717471863.9875915,273,64.3,29.6,CU_TO_DEV
1717471873.9625762,322,3.3,29.5,OCC_TO_CU
1717471873.9631724,322,0.0,29.5,OCC_TO_CU
1717471873.9948435,273,58.3,29.6,CU_TO_DEV
1717471873.995208,273,100.0,29.6,CU_TO_DEV
1717471883.9764447,322,4.5,29.5,OCC_TO_CU
1717471883.9769444,322,0.0,29.5,OCC_TO_CU
1717471884.001264,273,60.0,29.6,CU_TO_DEV
1717471884.0017204,273,0.0,29.6,CU_TO_DEV
1717471884.2386675,154,12.6,29.6,OCC_TO_CU
1717471884.402716,241,7.6,29.6,CU_TO_DEV
1717471884.402477,241,7.6,29.6,CU_TO_DEV
1717471893.976407,322,3.9,29.6,OCC_TO_CU
1717471893.9774687,322,0.0,29.6,OCC_TO_CU
1717471894.0091093,273,64.3,29.6,CU_TO_DEV
1717471894.009182,273,64.3,29.6,CU_TO_DEV
1717471903.9858131,322,4.3,29.6,OCC_TO_CU
1717471903.9863894,322,0.0,29.6,OCC_TO_CU
1717471904.018278,273,81.8,29.6,CU_TO_DEV
1717471904.0191526,273,0.0,29.6,CU_TO_DEV
1717471914.0058804,322,4.6,29.5,OCC_TO_CU
1717471914.007756,322,100.0,29.5,OCC_TO_CU
1717471914.0263133,273,57.1,29.5,CU_TO_DEV
1717471914.0268853,273,0.0,29.5,CU_TO_DEV
1717471924.0353382,322,3.9,29.5,OCC_TO_CU
1717471924.0358698,322,0.0,29.5,OCC_TO_CU
1717471924.2330961,273,12.7,29.6,CU_TO_DEV
1717471924.2336314,273,0.0,29.6,CU_TO_DEV
1717471934.039676,322,3.8,29.6,OCC_TO_CU
1717471934.0405066,322,0.0,29.6,OCC_TO_CU
1717471934.2392194,273,14.1,29.7,CU_TO_DEV
1717471934.2398522,273,0.0,29.7,CU_TO_DEV
1717471934.3087935,154,18.5,29.7,OCC_TO_CU
1717471934.440188,241,11.5,29.7,CU_TO_DEV
1717471934.440641,241,0.0,29.7,CU_TO_DEV
1717471944.0586715,322,3.9,29.6,OCC_TO_CU
1717471944.0592911,322,100.0,29.6,OCC_TO_CU
1717471944.2454436,273,12.2,29.7,CU_TO_DEV
1717471944.245562,273,12.2,29.7,CU_TO_DEV
1717471954.0735207,322,6.0,29.4,OCC_TO_CU
1717471954.074181,322,0.0,29.4,OCC_TO_CU
1717471954.257665,273,17.6,29.5,CU_TO_DEV
1717471954.2583299,273,0.0,29.5,CU_TO_DEV
1717471964.0809944,322,3.7,29.4,OCC_TO_CU
1717471964.0816631,322,0.0,29.4,OCC_TO_CU
1717471964.2648487,273,17.6,29.5,CU_TO_DEV
1717471964.2650564,273,17.6,29.5,CU_TO_DEV
1717471974.0918765,322,3.8,29.5,OCC_TO_CU
1717471974.0925133,322,0.0,29.5,OCC_TO_CU
1717471974.2714968,273,15.7,29.6,CU_TO_DEV
1717471974.2714047,273,15.7,29.6,CU_TO_DEV
1717471984.1022978,322,4.0,29.5,OCC_TO_CU
1717471984.10333,322,0.0,29.5,OCC_TO_CU
1717471984.2756348,154,20.0,29.6,OCC_TO_CU
1717471984.2769449,241,0.0,29.6,CU_TO_DEV
1717471984.277013,241,0.0,29.6,CU_TO_DEV
1717471994.1214538,322,3.9,29.6,OCC_TO_CU
1717471994.1221087,322,0.0,29.6,OCC_TO_CU
1717471994.2834697,273,25.0,29.7,CU_TO_DEV
1717471994.286419,273,0.0,29.7,CU_TO_DEV
1717472004.1338716,322,4.3,29.6,OCC_TO_CU
1717472004.1355987,322,0.0,29.6,OCC_TO_CU
1717472004.291228,273,20.6,29.7,CU_TO_DEV
1717472004.2916296,273,0.0,29.7,CU_TO_DEV
1717472014.1419656,322,4.4,29.6,OCC_TO_CU
1717472014.1425724,322,0.0,29.6,OCC_TO_CU
1717472014.2975707,273,71.4,29.6,CU_TO_DEV
1717472014.2989793,273,0.0,29.6,CU_TO_DEV
1717472024.1534622,322,3.9,29.5,OCC_TO_CU
1717472024.15442,322,0.0,29.5,OCC_TO_CU
1717472024.303582,273,15.8,29.6,CU_TO_DEV
1717472024.303643,273,15.8,29.6,CU_TO_DEV
1717472034.1604147,322,3.7,29.6,OCC_TO_CU
1717472034.1613626,322,0.0,29.6,OCC_TO_CU
1717472034.3095007,273,17.5,29.6,CU_TO_DEV
1717472034.3095465,273,17.5,29.6,CU_TO_DEV
1717472034.3500621,154,31.2,29.6,OCC_TO_CU
1717472034.5103307,241,9.5,29.6,CU_TO_DEV
1717472034.5105324,241,0.0,29.6,CU_TO_DEV
1717472044.1689796,322,4.5,29.5,OCC_TO_CU
1717472044.1709805,322,0.0,29.5,OCC_TO_CU
1717472044.315733,273,20.0,29.5,CU_TO_DEV
1717472044.3158755,273,20.0,29.5,CU_TO_DEV
1717472054.187953,322,3.5,29.6,OCC_TO_CU
1717472054.1886175,322,0.0,29.6,OCC_TO_CU
1717472054.3224177,273,19.6,29.7,CU_TO_DEV
1717472054.3227823,273,0.0,29.7,CU_TO_DEV
1717472064.2041035,322,3.7,29.6,OCC_TO_CU
1717472064.2048182,322,0.0,29.6,OCC_TO_CU
1717472064.328024,273,20.8,29.7,CU_TO_DEV
1717472064.32811,273,20.8,29.7,CU_TO_DEV
1717472074.225324,322,4.5,29.6,OCC_TO_CU
1717472074.2266488,322,0.0,29.6,OCC_TO_CU
1717472074.334357,273,20.9,29.7,CU_TO_DEV
1717472074.3344214,273,20.9,29.7,CU_TO_DEV
1717472084.233301,322,4.2,29.4,OCC_TO_CU
1717472084.23394,322,0.0,29.4,OCC_TO_CU
1717472084.322563,154,17.6,29.5,OCC_TO_CU
1717472084.3416429,241,77.8,29.5,CU_TO_DEV
1717472084.3413138,241,77.8,29.5,CU_TO_DEV
1717472094.2413428,322,4.7,29.5,OCC_TO_CU
1717472094.2421744,322,0.0,29.5,OCC_TO_CU
1717472094.3498313,273,27.9,29.5,CU_TO_DEV
1717472094.350401,273,0.0,29.5,CU_TO_DEV
1717472104.273419,322,3.7,29.5,OCC_TO_CU
1717472104.2740746,322,0.0,29.5,OCC_TO_CU
1717472104.3574626,273,36.4,29.6,CU_TO_DEV
1717472104.3570457,273,36.4,29.6,CU_TO_DEV
1717472114.2762673,322,4.1,29.6,OCC_TO_CU
1717472114.2769923,322,0.0,29.6,OCC_TO_CU
1717472114.3633847,273,88.6,29.7,CU_TO_DEV
1717472114.3646274,273,0.0,29.7,CU_TO_DEV
1717472124.2915428,322,3.9,29.5,OCC_TO_CU
1717472124.2922027,322,0.0,29.5,OCC_TO_CU
1717472124.3706975,273,33.3,29.6,CU_TO_DEV
1717472124.3704796,273,33.3,29.6,CU_TO_DEV
1717472134.2931356,322,4.4,29.4,OCC_TO_CU
1717472134.2937214,322,0.0,29.4,OCC_TO_CU
1717472134.3580031,154,25.9,29.5,OCC_TO_CU
1717472134.380362,241,90.0,29.5,CU_TO_DEV
1717472134.3804765,241,90.0,29.5,CU_TO_DEV
1717472144.303343,322,4.4,29.5,OCC_TO_CU
1717472144.3038886,322,0.0,29.5,OCC_TO_CU
1717472144.3864312,273,28.1,29.6,CU_TO_DEV
1717472144.3862956,273,28.1,29.6,CU_TO_DEV
1717472154.3206923,322,3.1,29.5,OCC_TO_CU
1717472154.3213289,322,0.0,29.5,OCC_TO_CU
1717472154.391932,273,40.7,29.6,CU_TO_DEV
1717472154.392656,273,0.0,29.6,CU_TO_DEV
1717472164.3461862,322,3.3,29.5,OCC_TO_CU
1717472164.3468413,322,0.0,29.5,OCC_TO_CU
1717472164.397954,273,65.0,29.6,CU_TO_DEV
1717472164.3980675,273,65.0,29.6,CU_TO_DEV
1717472174.3458254,322,4.0,29.6,OCC_TO_CU
1717472174.3464925,322,0.0,29.6,OCC_TO_CU
1717472174.4055867,273,43.5,29.7,CU_TO_DEV
1717472174.4065428,273,0.0,29.7,CU_TO_DEV
1717472184.3495839,322,4.4,29.5,OCC_TO_CU
1717472184.3502758,322,0.0,29.5,OCC_TO_CU
1717472184.408076,154,37.5,29.6,OCC_TO_CU
1717472184.4120452,241,100.0,29.6,CU_TO_DEV
1717472184.414898,241,0.0,29.6,CU_TO_DEV
1717472194.3706229,322,3.7,29.6,OCC_TO_CU
1717472194.3835566,322,50.0,29.6,OCC_TO_CU
1717472194.4181187,273,76.9,29.7,CU_TO_DEV
1717472194.421715,273,100.0,29.7,CU_TO_DEV
1717472204.3931906,322,3.6,29.7,OCC_TO_CU
1717472204.3940842,322,0.0,29.7,OCC_TO_CU
1717472204.4256353,273,66.7,29.8,CU_TO_DEV
1717472204.427807,273,100.0,29.8,CU_TO_DEV
1717472214.3998935,322,4.7,29.6,OCC_TO_CU
1717472214.4007208,322,0.0,29.6,OCC_TO_CU
1717472214.442722,273,81.2,29.6,CU_TO_DEV
1717472214.4434335,273,100.0,29.6,CU_TO_DEV
1717472224.412285,322,5.2,29.5,OCC_TO_CU
1717472224.412978,322,0.0,29.5,OCC_TO_CU
1717472224.4509609,273,78.6,29.5,CU_TO_DEV
1717472224.450672,273,81.2,29.5,CU_TO_DEV
1717472234.4218302,322,4.6,29.4,OCC_TO_CU
1717472234.4223945,322,0.0,29.4,OCC_TO_CU
1717472234.4415655,154,57.1,29.5,OCC_TO_CU
1717472234.457564,241,0.0,29.5,CU_TO_DEV
1717472234.4570692,241,100.0,29.5,CU_TO_DEV
1717472244.4391544,322,3.8,29.4,OCC_TO_CU
1717472244.4398518,322,0.0,29.4,OCC_TO_CU
1717472244.465219,273,66.7,29.5,CU_TO_DEV
1717472244.4653144,273,66.7,29.5,CU_TO_DEV
1717472254.4633548,322,3.5,29.5,OCC_TO_CU
1717472254.4639382,322,0.0,29.5,OCC_TO_CU
1717472254.4716158,273,50.0,29.5,CU_TO_DEV
1717472254.4711993,273,50.0,29.5,CU_TO_DEV
1717472264.4499547,322,3.8,29.6,OCC_TO_CU
1717472264.450817,322,0.0,29.6,OCC_TO_CU
1717472264.4789958,273,81.8,29.7,CU_TO_DEV
1717472264.4786983,273,81.8,29.7,CU_TO_DEV
1717472274.476149,322,5.4,29.4,OCC_TO_CU
1717472274.4767826,322,0.0,29.4,OCC_TO_CU
1717472274.4890423,273,50.0,29.4,CU_TO_DEV
1717472274.4915526,273,100.0,29.5,CU_TO_DEV
1717472284.4900362,322,3.7,29.5,OCC_TO_CU
1717472284.490977,322,0.0,29.5,OCC_TO_CU
1717472284.496747,273,0.0,29.5,CU_TO_DEV
1717472284.4961255,273,66.7,29.5,CU_TO_DEV
1717472284.498761,154,0.0,29.5,OCC_TO_CU
1717472284.697663,241,20.0,29.6,CU_TO_DEV
1717472284.6977963,241,20.0,29.6,CU_TO_DEV
1717472294.489092,322,3.9,29.6,OCC_TO_CU
1717472294.492942,322,50.0,29.6,OCC_TO_CU
1717472294.5037751,273,75.0,29.6,CU_TO_DEV
1717472294.503499,273,75.0,29.6,CU_TO_DEV
1717472304.5022032,322,3.8,29.7,OCC_TO_CU
1717472304.5028906,322,0.0,29.7,OCC_TO_CU
1717472304.5118585,273,66.7,29.7,CU_TO_DEV
1717472304.513462,273,0.0,29.7,CU_TO_DEV
1717472314.5036879,322,3.9,29.7,OCC_TO_CU
1717472314.5044901,322,0.0,29.7,OCC_TO_CU
1717472314.518572,273,66.7,29.7,CU_TO_DEV
1717472314.5195587,273,0.0,29.7,CU_TO_DEV
1717472324.5465984,322,4.9,29.6,OCC_TO_CU
1717472324.5472965,322,0.0,29.6,OCC_TO_CU
1717472324.7280035,273,11.0,29.7,CU_TO_DEV
1717472324.7279136,273,11.0,29.7,CU_TO_DEV
1717472334.5552256,322,3.9,29.7,OCC_TO_CU
1717472334.5560534,322,0.0,29.7,OCC_TO_CU
1717472334.7340083,273,11.3,29.8,CU_TO_DEV
1717472334.734262,273,0.0,29.8,CU_TO_DEV
1717472335.6763704,154,14.6,29.8,OCC_TO_CU
1717472335.7352848,241,20.8,29.8,CU_TO_DEV
1717472335.735332,241,20.8,29.8,CU_TO_DEV
1717472344.5692298,322,4.4,29.6,OCC_TO_CU
1717472344.5698516,322,0.0,29.6,OCC_TO_CU
1717472344.7405686,273,55.1,29.6,CU_TO_DEV
1717472344.7406192,273,55.1,29.6,CU_TO_DEV
1717472354.5701404,322,3.4,29.5,OCC_TO_CU
1717472354.5708182,322,0.0,29.5,OCC_TO_CU
1717472354.7459238,273,11.4,29.6,CU_TO_DEV
1717472354.7466414,273,0.0,29.6,CU_TO_DEV
1717472364.570955,322,4.7,29.5,OCC_TO_CU
1717472364.5714965,322,100.0,29.5,OCC_TO_CU
1717472364.7513497,273,8.3,29.6,CU_TO_DEV
1717472364.751916,273,0.0,29.6,CU_TO_DEV
1717472374.591437,322,3.8,29.5,OCC_TO_CU
1717472374.5921052,322,0.0,29.5,OCC_TO_CU
1717472374.7574425,273,12.1,29.6,CU_TO_DEV
1717472374.7579508,273,0.0,29.6,CU_TO_DEV
1717472384.5995572,322,3.9,29.6,OCC_TO_CU
1717472384.6003315,322,0.0,29.6,OCC_TO_CU
1717472384.7636518,273,12.1,29.6,CU_TO_DEV
1717472384.7635777,273,12.1,29.6,CU_TO_DEV
1717472385.378886,154,6.1,29.6,OCC_TO_CU
1717472385.5648918,241,8.3,29.6,CU_TO_DEV
1717472385.565267,241,0.0,29.6,CU_TO_DEV
1717472394.60434,322,3.6,29.6,OCC_TO_CU
1717472394.6051726,322,0.0,29.6,OCC_TO_CU
1717472394.7703366,273,11.9,29.7,CU_TO_DEV
1717472394.770626,273,0.0,29.7,CU_TO_DEV
1717472404.6347344,322,4.6,29.6,OCC_TO_CU
1717472404.636084,322,100.0,29.6,OCC_TO_CU
1717472404.7762506,273,7.4,29.7,CU_TO_DEV
1717472404.7762125,273,7.4,29.7,CU_TO_DEV
1717472414.64987,322,4.2,29.5,OCC_TO_CU
1717472414.6621056,322,25.0,29.6,OCC_TO_CU
1717472414.7818286,273,21.3,29.6,CU_TO_DEV
1717472414.7822876,273,0.0,29.6,CU_TO_DEV
1717472424.654285,322,4.0,29.6,OCC_TO_CU
1717472424.6549845,322,0.0,29.6,OCC_TO_CU
1717472424.7882829,273,11.5,29.7,CU_TO_DEV
1717472424.7887444,273,0.0,29.7,CU_TO_DEV
1717472434.6448655,322,3.7,29.7,OCC_TO_CU
1717472434.6458802,322,0.0,29.7,OCC_TO_CU
1717472434.794335,273,66.7,29.7,CU_TO_DEV
1717472434.794376,273,66.7,29.7,CU_TO_DEV
1717472435.450848,154,3.4,29.7,OCC_TO_CU
1717472435.5954204,241,11.9,29.7,CU_TO_DEV
1717472435.595351,241,11.9,29.7,CU_TO_DEV
1717472444.6523376,322,3.3,29.6,OCC_TO_CU
1717472444.6531641,322,0.0,29.6,OCC_TO_CU
1717472444.800217,273,8.8,29.7,CU_TO_DEV
1717472444.8005612,273,0.0,29.7,CU_TO_DEV
1717472454.7003152,322,4.9,29.5,OCC_TO_CU
1717472454.7009735,322,0.0,29.5,OCC_TO_CU
1717472454.8079998,273,9.8,29.7,CU_TO_DEV
1717472454.8084385,273,0.0,29.7,CU_TO_DEV
1717472464.6897612,322,4.2,29.6,OCC_TO_CU
1717472464.6904807,322,0.0,29.6,OCC_TO_CU
1717472464.8156962,273,12.0,29.7,CU_TO_DEV
1717472464.8157742,273,12.0,29.7,CU_TO_DEV
1717472474.7151794,322,3.2,29.6,OCC_TO_CU
1717472474.7160366,322,0.0,29.6,OCC_TO_CU
1717472474.8238668,273,90.5,29.6,CU_TO_DEV
1717472474.8239927,273,90.5,29.6,CU_TO_DEV
1717472484.711376,322,3.6,29.5,OCC_TO_CU
1717472484.7121236,322,0.0,29.5,OCC_TO_CU
1717472484.8309762,273,12.8,29.6,CU_TO_DEV
1717472484.8311439,273,16.3,29.6,CU_TO_DEV
1717472485.463587,154,4.7,29.6,OCC_TO_CU
1717472485.6320987,241,9.2,29.6,CU_TO_DEV
1717472485.6320472,241,9.2,29.6,CU_TO_DEV
1717472494.7245584,322,3.9,29.6,OCC_TO_CU
1717472494.7252128,322,0.0,29.6,OCC_TO_CU
1717472494.840137,273,15.6,29.6,CU_TO_DEV
1717472494.8401835,273,15.6,29.6,CU_TO_DEV
1717472504.7283347,322,4.4,29.6,OCC_TO_CU
1717472504.7290022,322,0.0,29.6,OCC_TO_CU
1717472504.8474696,273,14.6,29.6,CU_TO_DEV
1717472504.8475287,273,14.6,29.6,CU_TO_DEV
1717472514.7409108,322,3.7,29.6,OCC_TO_CU
1717472514.7415962,322,0.0,29.6,OCC_TO_CU
1717472514.8545423,273,13.6,29.7,CU_TO_DEV
1717472514.8543558,273,13.6,29.7,CU_TO_DEV
1717472524.7646594,322,3.8,29.6,OCC_TO_CU
1717472524.7653024,322,0.0,29.6,OCC_TO_CU
1717472524.8605604,273,16.2,29.7,CU_TO_DEV
1717472524.8606083,273,16.2,29.7,CU_TO_DEV
1717472534.7650855,322,4.4,29.6,OCC_TO_CU
1717472534.765711,322,0.0,29.6,OCC_TO_CU
1717472534.8693867,273,90.5,29.8,CU_TO_DEV
1717472534.8701258,273,0.0,29.8,CU_TO_DEV
1717472535.4979775,154,6.7,29.7,OCC_TO_CU
1717472535.6703494,241,12.7,29.7,CU_TO_DEV
1717472535.6709237,241,0.0,29.7,CU_TO_DEV
1717472544.7862818,322,3.5,29.5,OCC_TO_CU
1717472544.787067,322,0.0,29.5,OCC_TO_CU
1717472544.8756711,273,22.2,29.6,CU_TO_DEV
1717472544.875752,273,22.2,29.6,CU_TO_DEV
1717472554.8000615,322,4.7,29.5,OCC_TO_CU
1717472554.8006935,322,0.0,29.5,OCC_TO_CU
1717472554.881023,273,24.2,29.6,CU_TO_DEV
1717472554.8837066,273,0.0,29.6,CU_TO_DEV
1717472564.7933373,322,3.7,29.5,OCC_TO_CU
1717472564.7939842,322,0.0,29.5,OCC_TO_CU
1717472564.887948,273,20.5,29.6,CU_TO_DEV
1717472564.8911495,273,0.0,29.6,CU_TO_DEV
1717472574.8129964,322,3.9,29.6,OCC_TO_CU
1717472574.814203,322,0.0,29.6,OCC_TO_CU
1717472574.8954191,273,21.2,29.7,CU_TO_DEV
1717472574.898815,273,0.0,29.7,CU_TO_DEV
1717472584.8173368,322,3.8,29.6,OCC_TO_CU
1717472584.8181274,322,0.0,29.6,OCC_TO_CU
1717472584.9042182,273,18.2,29.7,CU_TO_DEV
1717472584.904171,273,18.2,29.7,CU_TO_DEV
1717472585.5706878,154,4.1,29.8,OCC_TO_CU
1717472585.7055385,241,13.2,29.8,CU_TO_DEV
1717472585.7054484,241,13.2,29.8,CU_TO_DEV
1717472594.8378172,322,5.7,29.6,OCC_TO_CU
1717472594.8384378,322,0.0,29.6,OCC_TO_CU
1717472594.9115486,273,20.0,29.7,CU_TO_DEV
1717472594.9118087,273,0.0,29.7,CU_TO_DEV
1717472604.8392692,322,3.4,29.6,OCC_TO_CU
1717472604.839917,322,0.0,29.6,OCC_TO_CU
1717472604.9173348,273,90.3,29.7,CU_TO_DEV
1717472604.9180434,273,90.3,29.7,CU_TO_DEV
1717472614.8692827,322,3.9,29.6,OCC_TO_CU
1717472614.8699517,322,0.0,29.6,OCC_TO_CU
1717472614.9240222,273,28.6,29.6,CU_TO_DEV
1717472614.9239402,273,28.6,29.6,CU_TO_DEV
1717472624.8750002,322,4.0,29.6,OCC_TO_CU
1717472624.875726,322,66.7,29.6,OCC_TO_CU
1717472624.9293427,273,28.6,29.7,CU_TO_DEV
1717472624.9298928,273,0.0,29.7,CU_TO_DEV
1717472634.8898196,322,3.9,29.6,OCC_TO_CU
1717472634.8904672,322,0.0,29.6,OCC_TO_CU
1717472634.9372263,273,84.2,29.7,CU_TO_DEV
1717472634.937936,273,0.0,29.7,CU_TO_DEV
1717472635.517742,154,16.4,29.6,OCC_TO_CU
1717472635.5388021,241,62.5,29.7,CU_TO_DEV
1717472635.5387404,241,62.5,29.7,CU_TO_DEV
1717472644.9225035,322,4.6,29.5,OCC_TO_CU
1717472644.9233952,322,100.0,29.5,OCC_TO_CU
1717472644.9447,273,44.4,29.6,CU_TO_DEV
1717472644.9447706,273,44.4,29.6,CU_TO_DEV
1717472654.898188,322,4.2,29.6,OCC_TO_CU
1717472654.8992338,322,100.0,29.6,OCC_TO_CU
1717472654.951643,273,25.0,29.7,CU_TO_DEV
1717472654.9520192,273,0.0,29.7,CU_TO_DEV
1717472664.9378219,322,4.4,29.6,OCC_TO_CU
1717472664.9386215,322,0.0,29.6,OCC_TO_CU
1717472664.9607553,273,0.0,29.6,CU_TO_DEV
1717472664.9603384,273,42.9,29.6,CU_TO_DEV
1717472674.9511166,322,3.9,29.6,OCC_TO_CU
1717472674.9518325,322,0.0,29.6,OCC_TO_CU
1717472674.9686584,273,42.9,29.6,CU_TO_DEV
1717472674.9686105,273,42.9,29.6,CU_TO_DEV
1717472684.9425983,322,5.1,29.6,OCC_TO_CU
1717472684.9439774,322,0.0,29.6,OCC_TO_CU
1717472684.9756176,273,33.3,29.7,CU_TO_DEV
1717472684.981693,273,50.0,29.7,CU_TO_DEV
1717472685.8846004,154,3.3,29.7,OCC_TO_CU
1717472685.9768589,241,28.9,29.8,CU_TO_DEV
1717472685.9829388,241,50.0,29.8,CU_TO_DEV
1717472694.948458,322,3.6,29.7,OCC_TO_CU
1717472694.9722207,322,50.0,29.7,OCC_TO_CU
1717472694.9834342,273,60.0,29.7,CU_TO_DEV
1717472694.9895797,273,50.0,29.7,CU_TO_DEV
1717472704.9652977,322,3.9,29.7,OCC_TO_CU
1717472704.9661288,322,0.0,29.7,OCC_TO_CU
1717472704.9909475,273,44.4,29.8,CU_TO_DEV
1717472704.9976215,273,66.7,29.8,CU_TO_DEV
1717472714.9733558,322,4.1,29.7,OCC_TO_CU
1717472714.977112,322,0.0,29.7,OCC_TO_CU
1717472715.0017178,273,55.6,29.8,CU_TO_DEV
1717472715.0028493,273,0.0,29.8,CU_TO_DEV
1717472724.992494,322,4.3,29.7,OCC_TO_CU
1717472724.9933164,322,0.0,29.7,OCC_TO_CU
1717472725.0090756,273,50.0,29.7,CU_TO_DEV
1717472725.0097952,273,0.0,29.7,CU_TO_DEV
1717472735.006062,322,4.5,29.7,OCC_TO_CU
1717472735.0069082,322,0.0,29.7,OCC_TO_CU
1717472735.0170643,273,60.0,29.7,CU_TO_DEV
1717472735.0167458,273,60.0,29.7,CU_TO_DEV
1717472736.5096114,154,12.1,29.7,OCC_TO_CU
1717472736.6186953,241,24.4,29.7,CU_TO_DEV
1717472736.6197112,241,0.0,29.7,CU_TO_DEV
1717472745.0046887,322,4.2,29.5,OCC_TO_CU
1717472745.0052335,322,0.0,29.5,OCC_TO_CU
1717472745.0241137,273,28.6,29.5,CU_TO_DEV
1717472745.024188,273,28.6,29.5,CU_TO_DEV
1717472755.0260148,322,3.8,29.5,OCC_TO_CU
1717472755.0266752,322,0.0,29.5,OCC_TO_CU
1717472755.0302544,273,0.0,29.5,CU_TO_DEV
1717472755.030283,273,0.0,29.5,CU_TO_DEV
1717472765.029535,322,4.0,29.6,OCC_TO_CU
1717472765.0370054,322,25.0,29.6,OCC_TO_CU
1717472765.0373094,273,25.0,29.6,CU_TO_DEV
1717472765.0379653,273,0.0,29.6,CU_TO_DEV
1717472765.2387998,273,15.0,29.6,CU_TO_DEV
1717472765.23887,273,15.0,29.6,CU_TO_DEV
1717472775.0417254,322,4.9,29.6,OCC_TO_CU
1717472775.042434,322,0.0,29.6,OCC_TO_CU
1717472775.045513,273,0.0,29.6,CU_TO_DEV
1717472775.0458634,273,0.0,29.6,CU_TO_DEV
1717472785.0658388,322,4.4,29.5,OCC_TO_CU
1717472785.0664325,322,0.0,29.5,OCC_TO_CU
1717472785.2511783,273,8.0,29.6,CU_TO_DEV
1717472785.2515652,273,100.0,29.6,CU_TO_DEV
1717472786.385291,154,5.3,29.6,OCC_TO_CU
1717472786.45234,241,21.4,29.7,CU_TO_DEV
1717472786.452305,241,21.4,29.7,CU_TO_DEV
1717472795.0771687,322,3.3,29.6,OCC_TO_CU
1717472795.0785384,322,0.0,29.6,OCC_TO_CU
1717472795.2572222,273,9.9,29.7,CU_TO_DEV
1717472795.2572668,273,9.9,29.7,CU_TO_DEV
1717472805.0846686,322,3.9,29.6,OCC_TO_CU
1717472805.0853164,322,0.0,29.6,OCC_TO_CU
1717472805.2635517,273,7.1,29.7,CU_TO_DEV
1717472805.2637966,273,0.0,29.7,CU_TO_DEV
1717472815.1056643,322,3.9,29.7,OCC_TO_CU
1717472815.1083684,322,0.0,29.7,OCC_TO_CU
1717472815.2688036,273,10.9,29.7,CU_TO_DEV
1717472815.2692678,273,0.0,29.7,CU_TO_DEV
1717472825.1000419,322,4.4,29.6,OCC_TO_CU
1717472825.101964,322,0.0,29.6,OCC_TO_CU
1717472825.274278,273,6.0,29.7,CU_TO_DEV
1717472825.2743216,273,6.0,29.7,CU_TO_DEV
1717472835.1169343,322,3.7,29.7,OCC_TO_CU
1717472835.117706,322,0.0,29.7,OCC_TO_CU
1717472835.2797759,273,9.4,29.7,CU_TO_DEV
1717472835.280141,273,0.0,29.7,CU_TO_DEV
1717472836.4550993,154,6.8,29.8,OCC_TO_CU
1717472836.4822764,241,33.3,29.8,CU_TO_DEV
1717472836.482364,241,33.3,29.8,CU_TO_DEV
1717472845.1242726,322,4.8,29.6,OCC_TO_CU
1717472845.1294043,322,0.0,29.6,OCC_TO_CU
1717472845.287876,273,16.1,29.7,CU_TO_DEV
1717472845.2879596,273,16.1,29.7,CU_TO_DEV
1717472855.1446042,322,3.9,29.5,OCC_TO_CU
1717472855.1457808,322,0.0,29.5,OCC_TO_CU
1717472855.2934825,273,64.9,29.6,CU_TO_DEV
1717472855.2936997,273,0.0,29.6,CU_TO_DEV
1717472865.1388557,322,3.4,29.5,OCC_TO_CU
1717472865.1395364,322,0.0,29.5,OCC_TO_CU
1717472865.29901,273,12.3,29.5,CU_TO_DEV
1717472865.2995443,273,100.0,29.5,CU_TO_DEV
1717472875.159351,322,4.4,29.4,OCC_TO_CU
1717472875.1600895,322,0.0,29.4,OCC_TO_CU
1717472875.3049285,273,13.6,29.5,CU_TO_DEV
1717472875.305404,273,0.0,29.5,CU_TO_DEV
1717472885.1556423,322,3.9,29.5,OCC_TO_CU
1717472885.1562877,322,0.0,29.5,OCC_TO_CU
1717472885.3122058,273,8.3,29.6,CU_TO_DEV
1717472885.312257,273,8.3,29.6,CU_TO_DEV
1717472886.4212008,154,7.4,29.6,OCC_TO_CU
1717472886.5134518,241,11.4,29.6,CU_TO_DEV
1717472886.513926,241,0.0,29.6,CU_TO_DEV
1717472895.1709313,322,3.8,29.5,OCC_TO_CU
1717472895.1743283,322,50.0,29.5,OCC_TO_CU
1717472895.3191273,273,13.6,29.6,CU_TO_DEV
1717472895.3190572,273,13.6,29.6,CU_TO_DEV
1717472905.1859448,322,3.8,29.6,OCC_TO_CU
1717472905.1865854,322,0.0,29.6,OCC_TO_CU
1717472905.3255525,273,12.7,29.7,CU_TO_DEV
1717472905.3254056,273,12.7,29.7,CU_TO_DEV
1717472915.1967404,322,4.4,29.6,OCC_TO_CU
1717472915.1972427,322,0.0,29.6,OCC_TO_CU
1717472915.331311,273,9.3,29.7,CU_TO_DEV
1717472915.331242,273,9.3,29.7,CU_TO_DEV
1717472925.2101421,322,4.1,29.5,OCC_TO_CU
1717472925.2108948,322,0.0,29.5,OCC_TO_CU
1717472925.3380363,273,13.7,29.6,CU_TO_DEV
1717472925.3381095,273,13.7,29.6,CU_TO_DEV
1717472935.227746,322,3.6,29.6,OCC_TO_CU
1717472935.2288127,322,0.0,29.6,OCC_TO_CU
1717472935.344424,273,17.0,29.6,CU_TO_DEV
1717472935.3449075,273,0.0,29.6,CU_TO_DEV
1717472937.0123885,154,6.0,29.7,OCC_TO_CU
1717472937.146232,241,15.7,29.8,CU_TO_DEV
1717472937.1460667,241,15.7,29.8,CU_TO_DEV
1717472945.2326303,322,3.3,29.7,OCC_TO_CU
1717472945.233261,322,0.0,29.7,OCC_TO_CU
1717472945.353943,273,87.5,29.8,CU_TO_DEV
1717472945.3546522,273,0.0,29.8,CU_TO_DEV
1717472955.2398188,322,3.2,29.6,OCC_TO_CU
1717472955.2404516,322,0.0,29.6,OCC_TO_CU
1717472955.35935,273,14.9,29.7,CU_TO_DEV
1717472955.3606048,273,0.0,29.7,CU_TO_DEV
1717472965.2635593,322,4.4,29.6,OCC_TO_CU
1717472965.2642205,322,0.0,29.6,OCC_TO_CU
1717472965.365823,273,17.1,29.7,CU_TO_DEV
1717472965.3661256,273,0.0,29.7,CU_TO_DEV
1717472975.2715447,322,3.8,29.6,OCC_TO_CU
1717472975.2723005,322,0.0,29.6,OCC_TO_CU
1717472975.3716798,273,13.2,29.7,CU_TO_DEV
1717472975.371751,273,13.2,29.7,CU_TO_DEV
1717472985.279001,322,5.1,29.5,OCC_TO_CU
1717472985.27968,322,0.0,29.5,OCC_TO_CU
1717472985.3790336,273,17.9,29.6,CU_TO_DEV
1717472985.3793979,273,100.0,29.6,CU_TO_DEV
1717472987.4738114,154,5.1,29.5,OCC_TO_CU
1717472987.5815015,241,15.9,29.6,CU_TO_DEV
1717472987.5821233,241,0.0,29.6,CU_TO_DEV
1717472995.2869287,322,3.5,29.6,OCC_TO_CU
1717472995.2875838,322,0.0,29.6,OCC_TO_CU
1717472995.3866591,273,17.5,29.7,CU_TO_DEV
1717472995.387342,273,0.0,29.7,CU_TO_DEV
1717473005.2999566,322,3.6,29.6,OCC_TO_CU
1717473005.3020687,322,0.0,29.6,OCC_TO_CU
1717473005.3956072,273,97.3,29.7,CU_TO_DEV
1717473005.395553,273,97.3,29.7,CU_TO_DEV
1717473015.3613133,322,4.1,29.5,OCC_TO_CU
1717473015.372699,322,25.0,29.5,OCC_TO_CU
1717473015.4022837,273,66.7,29.6,CU_TO_DEV
1717473015.4020472,273,66.7,29.6,CU_TO_DEV
1717473025.3301458,322,3.9,29.6,OCC_TO_CU
1717473025.3307948,322,0.0,29.6,OCC_TO_CU
1717473025.4099872,273,16.7,29.7,CU_TO_DEV
1717473025.4100542,273,16.7,29.7,CU_TO_DEV
1717473035.3295276,322,3.1,29.7,OCC_TO_CU
1717473035.3302214,322,0.0,29.7,OCC_TO_CU
1717473035.4155474,273,22.9,29.8,CU_TO_DEV
1717473035.416025,273,0.0,29.8,CU_TO_DEV
1717473037.564121,154,5.3,29.7,OCC_TO_CU
1717473037.6178443,241,28.6,29.8,CU_TO_DEV
1717473037.6178906,241,28.6,29.8,CU_TO_DEV
1717473045.33408,322,4.2,29.7,OCC_TO_CU
1717473045.334629,322,0.0,29.7,OCC_TO_CU
1717473045.422909,273,88.6,29.8,CU_TO_DEV
1717473045.4234676,273,100.0,29.8,CU_TO_DEV
1717473055.3535135,322,4.5,29.5,OCC_TO_CU
1717473055.354155,322,0.0,29.5,OCC_TO_CU
1717473055.4280033,273,19.4,29.6,CU_TO_DEV
1717473055.4289243,273,0.0,29.6,CU_TO_DEV
1717473065.3740106,322,3.9,29.5,OCC_TO_CU
1717473065.3746417,322,0.0,29.5,OCC_TO_CU
1717473065.4331129,273,29.2,29.6,CU_TO_DEV
1717473065.4386804,273,0.0,29.6,CU_TO_DEV
1717473075.3879328,322,3.9,29.6,OCC_TO_CU
1717473075.3885665,322,0.0,29.6,OCC_TO_CU
1717473075.4393067,273,35.0,29.7,CU_TO_DEV
1717473075.4480534,273,40.0,29.7,CU_TO_DEV
1717473085.3970447,322,3.7,29.7,OCC_TO_CU
1717473085.3977003,322,0.0,29.7,OCC_TO_CU
1717473085.4454648,273,35.0,29.8,CU_TO_DEV
1717473085.454938,273,0.0,29.8,CU_TO_DEV
1717473087.640384,154,5.8,29.7,OCC_TO_CU
1717473087.647442,241,50.0,29.7,CU_TO_DEV
1717473087.6596014,241,75.0,29.8,CU_TO_DEV
1717473095.3990083,322,3.6,29.7,OCC_TO_CU
1717473095.3996928,322,100.0,29.7,OCC_TO_CU
1717473095.45187,273,26.3,29.8,CU_TO_DEV
1717473095.4645038,273,25.0,29.8,CU_TO_DEV
1717473105.409957,322,4.6,29.7,OCC_TO_CU
1717473105.4106162,322,0.0,29.7,OCC_TO_CU
1717473105.4580488,273,83.3,29.8,CU_TO_DEV
1717473105.4729173,273,100.0,29.8,CU_TO_DEV
1717473115.424689,322,5.0,29.6,OCC_TO_CU
1717473115.425358,322,0.0,29.6,OCC_TO_CU
1717473115.4637816,273,41.2,29.6,CU_TO_DEV
1717473115.4799075,273,33.3,29.6,CU_TO_DEV
1717473125.4698813,322,3.4,29.6,OCC_TO_CU
1717473125.4705112,322,0.0,29.6,OCC_TO_CU
1717473125.4864855,273,40.0,29.6,CU_TO_DEV
1717473125.6687417,273,9.9,29.7,CU_TO_DEV
1717473135.4703455,322,3.7,29.6,OCC_TO_CU
1717473135.4710312,322,0.0,29.6,OCC_TO_CU
1717473135.4734747,273,50.0,29.6,CU_TO_DEV
1717473135.4925354,273,50.0,29.7,CU_TO_DEV
1717473137.7196455,154,6.0,29.7,OCC_TO_CU
1717473137.8749735,241,8.2,29.8,CU_TO_DEV
1717473137.8953378,241,33.3,29.8,CU_TO_DEV
1717473145.470466,322,4.9,29.7,OCC_TO_CU
1717473145.4709837,322,0.0,29.7,OCC_TO_CU
1717473145.479474,273,33.3,29.7,CU_TO_DEV
1717473145.4990988,273,66.7,29.7,CU_TO_DEV
1717473155.5290685,322,4.7,29.6,OCC_TO_CU
1717473155.5297244,322,0.0,29.6,OCC_TO_CU
1717473155.6867197,273,9.7,29.6,CU_TO_DEV
1717473155.7042565,273,28.6,29.7,CU_TO_DEV
1717473165.5118663,322,3.6,29.6,OCC_TO_CU
1717473165.5124881,322,0.0,29.6,OCC_TO_CU
1717473165.691378,273,8.6,29.7,CU_TO_DEV
1717473165.70893,273,28.6,29.7,CU_TO_DEV
1717473175.5372891,322,4.7,29.6,OCC_TO_CU
1717473175.542712,322,0.0,29.6,OCC_TO_CU
1717473175.6960626,273,14.8,29.7,CU_TO_DEV
1717473175.7142038,273,16.7,29.7,CU_TO_DEV
1717473185.5259728,322,3.6,29.6,OCC_TO_CU
1717473185.5266309,322,0.0,29.6,OCC_TO_CU
1717473185.700948,273,11.3,29.7,CU_TO_DEV
1717473185.720976,273,33.3,29.7,CU_TO_DEV
1717473187.802132,154,6.4,29.7,OCC_TO_CU
1717473187.9024372,241,19.5,29.8,CU_TO_DEV
1717473187.922582,241,25.0,29.8,CU_TO_DEV
1717473195.5305161,322,4.7,29.6,OCC_TO_CU
1717473195.5311542,322,0.0,29.6,OCC_TO_CU
1717473195.531601,273,0.0,29.6,CU_TO_DEV
1717473195.706281,273,10.3,29.7,CU_TO_DEV
1717473195.732474,273,20.0,29.7,CU_TO_DEV
1717473205.5332718,322,4.0,29.6,OCC_TO_CU
1717473205.533921,322,0.0,29.6,OCC_TO_CU
1717473205.5380902,273,0.0,29.6,CU_TO_DEV
1717473205.7128189,273,16.9,29.7,CU_TO_DEV
1717473215.597068,322,3.6,29.7,OCC_TO_CU
1717473215.5978286,322,0.0,29.7,OCC_TO_CU
1717473215.7179039,273,16.7,29.8,CU_TO_DEV
1717473215.7441447,273,27.3,29.8,CU_TO_DEV
1717473225.5710444,322,4.1,29.7,OCC_TO_CU
1717473225.5717375,322,100.0,29.7,OCC_TO_CU
1717473225.7248619,273,67.2,29.8,CU_TO_DEV
1717473225.7500587,273,27.3,29.8,CU_TO_DEV
1717473235.576449,322,4.5,29.7,OCC_TO_CU
1717473235.577017,322,0.0,29.7,OCC_TO_CU
1717473235.732036,273,8.1,29.8,CU_TO_DEV
1717473235.759397,273,18.2,29.8,CU_TO_DEV
1717473237.8568506,154,8.5,29.6,OCC_TO_CU
1717473237.9349458,241,13.3,29.6,CU_TO_DEV
1717473237.9618256,241,27.3,29.6,CU_TO_DEV
1717473245.5896735,322,3.5,29.6,OCC_TO_CU
1717473245.5904458,322,0.0,29.6,OCC_TO_CU
1717473245.7402873,273,77.0,29.6,CU_TO_DEV
1717473245.765654,273,22.2,29.6,CU_TO_DEV
1717473255.6051075,322,3.8,29.5,OCC_TO_CU
1717473255.6058927,322,0.0,29.5,OCC_TO_CU
1717473255.7449718,273,12.5,29.6,CU_TO_DEV
1717473255.7712154,273,33.3,29.6,CU_TO_DEV
1717473265.624651,322,3.9,29.5,OCC_TO_CU
1717473265.625289,322,0.0,29.5,OCC_TO_CU
1717473265.7511947,273,14.0,29.6,CU_TO_DEV
1717473265.7772417,273,20.0,29.6,CU_TO_DEV
1717473275.6365452,322,3.8,29.6,OCC_TO_CU
1717473275.637776,322,0.0,29.6,OCC_TO_CU
1717473275.7593431,273,14.6,29.7,CU_TO_DEV
1717473275.7831438,273,22.2,29.7,CU_TO_DEV
1717473285.6603487,322,4.5,29.6,OCC_TO_CU
1717473285.6611369,322,0.0,29.6,OCC_TO_CU
1717473285.766123,273,14.3,29.7,CU_TO_DEV
1717473285.7878523,273,25.0,29.7,CU_TO_DEV
1717473287.9329336,154,5.5,29.6,OCC_TO_CU
1717473287.967866,241,57.1,29.7,CU_TO_DEV
1717473287.9895205,241,28.6,29.7,CU_TO_DEV
1717473295.6493285,322,3.0,29.6,OCC_TO_CU
1717473295.649961,322,0.0,29.6,OCC_TO_CU
1717473295.771811,273,12.8,29.7,CU_TO_DEV
1717473295.7938461,273,22.2,29.7,CU_TO_DEV
1717473305.6598513,322,4.3,29.6,OCC_TO_CU
1717473305.660884,322,0.0,29.6,OCC_TO_CU
1717473305.778397,273,13.0,29.7,CU_TO_DEV
1717473305.798846,273,14.3,29.7,CU_TO_DEV
1717473315.6881847,322,3.7,29.7,OCC_TO_CU
1717473315.6889448,322,0.0,29.7,OCC_TO_CU
1717473315.7836354,273,16.2,29.8,CU_TO_DEV
1717473315.8035645,273,25.0,29.8,CU_TO_DEV
1717473325.6853683,322,4.9,29.7,OCC_TO_CU
1717473325.6858861,322,0.0,29.7,OCC_TO_CU
1717473325.795383,273,9.3,29.8,CU_TO_DEV
1717473325.8099976,273,33.3,29.8,CU_TO_DEV
1717473335.704479,322,3.2,29.7,OCC_TO_CU
1717473335.7059872,322,0.0,29.7,OCC_TO_CU
1717473335.800399,273,16.7,29.8,CU_TO_DEV
1717473335.8148835,273,28.6,29.8,CU_TO_DEV
1717473338.0081177,154,6.2,29.7,OCC_TO_CU
1717473338.0168498,241,33.3,29.7,CU_TO_DEV
1717473338.2021139,241,15.1,29.8,CU_TO_DEV
1717473345.7029693,322,4.2,29.7,OCC_TO_CU
1717473345.7036533,322,0.0,29.7,OCC_TO_CU
1717473345.8075628,273,17.1,29.8,CU_TO_DEV
1717473345.823476,273,28.6,29.8,CU_TO_DEV
1717473355.7219582,322,3.9,29.7,OCC_TO_CU
1717473355.7232034,322,0.0,29.7,OCC_TO_CU
1717473355.814699,273,91.9,29.8,CU_TO_DEV
1717473355.8326173,273,85.7,29.7,CU_TO_DEV
1717473365.7308803,322,4.3,29.6,OCC_TO_CU
1717473365.7323077,322,50.0,29.6,OCC_TO_CU
1717473365.8197713,273,12.1,29.7,CU_TO_DEV
1717473365.8390882,273,37.5,29.7,CU_TO_DEV
1717473375.7433803,322,4.3,29.5,OCC_TO_CU
1717473375.7446446,322,0.0,29.5,OCC_TO_CU
1717473375.8291118,273,14.7,29.6,CU_TO_DEV
1717473375.8501592,273,40.0,29.6,CU_TO_DEV
1717473385.7551217,322,3.8,29.5,OCC_TO_CU
1717473385.755814,322,100.0,29.5,OCC_TO_CU
1717473385.8351748,273,26.5,29.6,CU_TO_DEV
1717473385.856843,273,25.0,29.6,CU_TO_DEV
1717473387.9776452,154,6.7,29.6,OCC_TO_CU
1717473388.0367167,241,26.1,29.7,CU_TO_DEV
1717473388.0587184,241,12.5,29.7,CU_TO_DEV
1717473395.762894,322,3.5,29.6,OCC_TO_CU
1717473395.7661695,322,0.0,29.6,OCC_TO_CU
1717473395.8405712,273,24.1,29.7,CU_TO_DEV
1717473395.864075,273,22.2,29.7,CU_TO_DEV
1717473405.791045,322,3.9,29.6,OCC_TO_CU
1717473405.7928007,322,0.0,29.6,OCC_TO_CU
1717473405.8453205,273,34.8,29.7,CU_TO_DEV
1717473405.8720267,273,30.0,29.7,CU_TO_DEV
1717473415.7917776,322,3.8,29.7,OCC_TO_CU
1717473415.792408,322,0.0,29.7,OCC_TO_CU
1717473415.850014,273,20.8,29.8,CU_TO_DEV
1717473415.8769436,273,10.0,29.8,CU_TO_DEV
1717473425.8142633,322,4.5,29.7,OCC_TO_CU
1717473425.8149137,322,0.0,29.7,OCC_TO_CU
1717473425.8555477,273,31.2,29.8,CU_TO_DEV
1717473425.8812888,273,41.7,29.8,CU_TO_DEV
1717473435.8033085,322,4.4,29.7,OCC_TO_CU
1717473435.8047915,322,0.0,29.7,OCC_TO_CU
1717473435.8629653,273,30.4,29.8,CU_TO_DEV
1717473435.8886228,273,36.4,29.8,CU_TO_DEV
1717473437.8456123,154,10.1,29.6,OCC_TO_CU
1717473437.8675356,241,37.5,29.7,CU_TO_DEV
1717473437.8902285,241,30.0,29.7,CU_TO_DEV
1717473445.8289583,322,3.2,29.6,OCC_TO_CU
1717473445.8296375,322,0.0,29.6,OCC_TO_CU
1717473445.8725536,273,38.9,29.7,CU_TO_DEV
1717473445.8940306,273,50.0,29.7,CU_TO_DEV
1717473455.8359053,322,3.6,29.6,OCC_TO_CU
1717473455.836646,322,0.0,29.6,OCC_TO_CU
1717473455.8778524,273,33.3,29.7,CU_TO_DEV
1717473455.8990633,273,44.4,29.7,CU_TO_DEV
1717473465.884205,322,4.8,29.6,OCC_TO_CU
1717473465.8852403,322,0.0,29.6,OCC_TO_CU
1717473465.906165,273,37.5,29.6,CU_TO_DEV
1717473466.0841117,273,5.7,29.7,CU_TO_DEV
1717473475.937053,322,3.6,29.6,OCC_TO_CU
1717473475.938072,322,0.0,29.6,OCC_TO_CU
1717473476.088715,273,69.4,29.7,CU_TO_DEV
1717473476.1145153,273,27.3,29.7,CU_TO_DEV
1717473485.8665872,322,3.3,29.6,OCC_TO_CU
1717473485.867101,322,0.0,29.6,OCC_TO_CU
1717473485.8943555,273,36.4,29.7,CU_TO_DEV
1717473485.9258842,273,30.8,29.7,CU_TO_DEV
1717473487.921354,154,5.2,29.7,OCC_TO_CU
1717473487.9283288,241,50.0,29.7,CU_TO_DEV
1717473488.0969691,241,15.4,29.8,CU_TO_DEV
1717473495.8656046,322,4.1,29.6,OCC_TO_CU
1717473495.866101,322,0.0,29.6,OCC_TO_CU
1717473495.9037952,273,28.6,29.6,CU_TO_DEV
1717473495.9329224,273,25.0,29.6,CU_TO_DEV
1717473505.8922405,322,3.2,29.6,OCC_TO_CU
1717473505.8929155,322,0.0,29.6,OCC_TO_CU
1717473505.9110367,273,50.0,29.7,CU_TO_DEV
1717473505.9389322,273,50.0,29.7,CU_TO_DEV
1717473515.914252,322,4.3,29.6,OCC_TO_CU
1717473515.9150398,322,0.0,29.6,OCC_TO_CU
1717473515.916464,273,100.0,29.6,CU_TO_DEV
1717473515.9450192,273,58.3,29.7,CU_TO_DEV
1717473525.9240994,322,3.7,29.6,OCC_TO_CU
1717473525.9247293,322,0.0,29.6,OCC_TO_CU
1717473525.9518647,273,50.0,29.6,CU_TO_DEV
1717473526.1230817,273,7.6,29.7,CU_TO_DEV
1717473535.924702,322,3.5,29.7,OCC_TO_CU
1717473535.925357,322,0.0,29.7,OCC_TO_CU
1717473535.927713,273,0.0,29.7,CU_TO_DEV
1717473535.95938,273,50.0,29.8,CU_TO_DEV
1717473537.994251,154,9.5,29.7,OCC_TO_CU
1717473538.1308508,241,7.5,29.8,CU_TO_DEV
1717473538.1615105,241,25.0,29.8,CU_TO_DEV
1717473545.941705,322,3.2,29.7,OCC_TO_CU
1717473545.9423227,322,0.0,29.7,OCC_TO_CU
1717473545.9657567,273,44.4,29.7,CU_TO_DEV
1717473546.135467,273,16.2,29.8,CU_TO_DEV
1717473555.9664092,322,5.4,29.5,OCC_TO_CU
1717473555.9670162,322,0.0,29.5,OCC_TO_CU
1717473555.9729605,273,33.3,29.5,CU_TO_DEV
1717473556.1482427,273,16.9,29.6,CU_TO_DEV
1717473565.9680977,322,3.5,29.6,OCC_TO_CU
1717473565.9688606,322,0.0,29.6,OCC_TO_CU
1717473565.9790144,273,25.0,29.6,CU_TO_DEV
1717473566.1531239,273,18.6,29.7,CU_TO_DEV
1717473575.988647,322,3.6,29.6,OCC_TO_CU
1717473575.989266,322,0.0,29.6,OCC_TO_CU
1717473576.1580107,273,14.9,29.7,CU_TO_DEV
1717473576.1865876,273,18.2,29.7,CU_TO_DEV
1717473585.9909523,322,3.2,29.7,OCC_TO_CU
1717473585.9916384,322,0.0,29.7,OCC_TO_CU
1717473586.163342,273,17.1,29.8,CU_TO_DEV
1717473586.1915364,273,18.2,29.8,CU_TO_DEV
1717473588.3730159,154,5.7,29.7,OCC_TO_CU
1717473588.3944793,241,62.5,29.7,CU_TO_DEV
1717473588.5652556,241,12.1,29.8,CU_TO_DEV
1717473596.005394,322,3.2,29.7,OCC_TO_CU
1717473596.00612,322,0.0,29.7,OCC_TO_CU
1717473596.1694396,273,68.2,29.8,CU_TO_DEV
1717473596.1990745,273,18.2,29.8,CU_TO_DEV
1717473606.018791,322,4.4,29.6,OCC_TO_CU
1717473606.019452,322,0.0,29.6,OCC_TO_CU
1717473606.1768558,273,17.5,29.7,CU_TO_DEV
1717473606.206007,273,18.2,29.7,CU_TO_DEV
1717473616.0244045,322,3.5,29.7,OCC_TO_CU
1717473616.0250459,322,0.0,29.7,OCC_TO_CU
1717473616.181594,273,16.1,29.8,CU_TO_DEV
1717473616.2122436,273,25.0,29.8,CU_TO_DEV
1717473626.0407567,322,4.3,29.6,OCC_TO_CU
1717473626.0413811,322,0.0,29.6,OCC_TO_CU
1717473626.1910477,273,16.9,29.7,CU_TO_DEV
1717473626.2172194,273,11.1,29.7,CU_TO_DEV
1717473636.0592988,322,4.4,29.6,OCC_TO_CU
1717473636.0603235,322,0.0,29.6,OCC_TO_CU
1717473636.1995096,273,13.0,29.7,CU_TO_DEV
1717473636.2237191,273,11.1,29.7,CU_TO_DEV
1717473638.3578813,154,4.3,29.6,OCC_TO_CU
1717473638.4008622,241,29.4,29.7,CU_TO_DEV
1717473638.4255586,241,27.3,29.7,CU_TO_DEV
1717473646.059543,322,4.5,29.6,OCC_TO_CU
1717473646.0601401,322,0.0,29.6,OCC_TO_CU
1717473646.2081177,273,12.1,29.7,CU_TO_DEV
1717473646.2358046,273,20.0,29.7,CU_TO_DEV
1717473656.0666018,322,3.0,29.6,OCC_TO_CU
1717473656.067125,322,0.0,29.6,OCC_TO_CU
1717473656.2124338,273,18.3,29.7,CU_TO_DEV
1717473656.2412443,273,18.2,29.7,CU_TO_DEV
1717473666.0909138,322,3.3,29.6,OCC_TO_CU
1717473666.0914724,322,0.0,29.6,OCC_TO_CU
1717473666.216763,273,19.6,29.7,CU_TO_DEV
1717473666.248146,273,9.1,29.7,CU_TO_DEV
1717473676.1013758,322,3.4,29.7,OCC_TO_CU
1717473676.1021059,322,0.0,29.7,OCC_TO_CU
1717473676.2223654,273,25.5,29.8,CU_TO_DEV
1717473676.253875,273,25.0,29.8,CU_TO_DEV
1717473686.1221387,322,4.2,29.6,OCC_TO_CU
1717473686.1231117,322,0.0,29.6,OCC_TO_CU
1717473686.2268703,273,22.0,29.7,CU_TO_DEV
1717473686.261939,273,20.0,29.7,CU_TO_DEV
1717473688.4229333,154,5.6,29.7,OCC_TO_CU
1717473688.428462,241,33.3,29.7,CU_TO_DEV
1717473688.4635108,241,61.5,29.7,CU_TO_DEV
1717473696.1796627,322,4.5,29.6,OCC_TO_CU
1717473696.1805277,322,0.0,29.6,OCC_TO_CU
1717473696.2324915,273,26.3,29.7,CU_TO_DEV
1717473696.270421,273,25.0,29.7,CU_TO_DEV
1717473706.1297908,322,3.6,29.6,OCC_TO_CU
1717473706.130701,322,0.0,29.6,OCC_TO_CU
1717473706.2399433,273,28.3,29.7,CU_TO_DEV
1717473706.277749,273,25.0,29.7,CU_TO_DEV
1717473716.147639,322,3.7,29.7,OCC_TO_CU
1717473716.1494513,322,0.0,29.7,OCC_TO_CU
1717473716.2463565,273,87.2,29.8,CU_TO_DEV
1717473716.287839,273,52.9,29.7,CU_TO_DEV
1717473726.1637049,322,3.1,29.7,OCC_TO_CU
1717473726.1644757,322,0.0,29.7,OCC_TO_CU
1717473726.2508245,273,12.5,29.7,CU_TO_DEV
1717473726.2962868,273,16.7,29.7,CU_TO_DEV
1717473736.1656766,322,4.7,29.6,OCC_TO_CU
1717473736.1662817,322,0.0,29.6,OCC_TO_CU
1717473736.2553506,273,91.7,29.7,CU_TO_DEV
1717473736.3037987,273,50.0,29.6,CU_TO_DEV
1717473738.3892534,154,4.6,29.5,OCC_TO_CU
1717473738.4581826,241,37.0,29.6,CU_TO_DEV
1717473738.5054471,241,15.8,29.6,CU_TO_DEV
1717473746.1876197,322,4.4,29.5,OCC_TO_CU
1717473746.1883214,322,0.0,29.5,OCC_TO_CU
1717473746.2637515,273,21.9,29.6,CU_TO_DEV
1717473746.30936,273,5.9,29.6,CU_TO_DEV
1717473756.1991537,322,3.5,29.6,OCC_TO_CU
1717473756.2003896,322,50.0,29.6,OCC_TO_CU
1717473756.268583,273,23.1,29.6,CU_TO_DEV
1717473756.319752,273,18.2,29.6,CU_TO_DEV
1717473766.2331011,322,3.8,29.6,OCC_TO_CU
1717473766.233772,322,0.0,29.6,OCC_TO_CU
1717473766.2753303,273,37.5,29.7,CU_TO_DEV
1717473766.3275387,273,19.0,29.7,CU_TO_DEV
1717473776.2165692,322,3.6,29.7,OCC_TO_CU
1717473776.2175155,322,0.0,29.7,OCC_TO_CU
1717473776.2801447,273,17.4,29.8,CU_TO_DEV
1717473776.3336623,273,10.0,29.8,CU_TO_DEV
1717473786.2138176,322,4.4,29.6,OCC_TO_CU
1717473786.2144773,322,0.0,29.6,OCC_TO_CU
1717473786.2850084,273,18.5,29.7,CU_TO_DEV
1717473786.3397121,273,13.6,29.7,CU_TO_DEV
1717473788.4203076,154,5.3,29.7,OCC_TO_CU
1717473788.4877758,241,46.4,29.8,CU_TO_DEV
1717473788.5414054,241,14.3,29.8,CU_TO_DEV
1717473796.228482,322,3.3,29.7,OCC_TO_CU
1717473796.2291803,322,0.0,29.7,OCC_TO_CU
1717473796.29202,273,29.6,29.8,CU_TO_DEV
1717473796.345766,273,14.3,29.8,CU_TO_DEV
1717473806.2411435,322,3.5,29.7,OCC_TO_CU
1717473806.2452312,322,0.0,29.7,OCC_TO_CU
1717473806.2975247,273,22.2,29.8,CU_TO_DEV
1717473806.3529344,273,17.4,29.8,CU_TO_DEV
1717473816.2877967,322,4.4,29.7,OCC_TO_CU
1717473816.2884595,322,0.0,29.7,OCC_TO_CU
1717473816.3048418,273,42.9,29.7,CU_TO_DEV
1717473816.3587532,273,30.0,29.8,CU_TO_DEV
1717473826.265625,322,3.1,29.7,OCC_TO_CU
1717473826.2662458,322,0.0,29.7,OCC_TO_CU
1717473826.311003,273,33.3,29.8,CU_TO_DEV
1717473826.3635051,273,14.3,29.8,CU_TO_DEV
1717473836.2871501,322,5.0,29.6,OCC_TO_CU
1717473836.2878082,322,100.0,29.6,OCC_TO_CU
1717473836.3274765,273,81.2,29.6,CU_TO_DEV
1717473836.374635,273,94.1,29.6,CU_TO_DEV
1717473838.5379574,154,6.3,29.6,OCC_TO_CU
1717473838.577524,241,47.1,29.6,CU_TO_DEV
1717473838.729011,241,6.8,29.6,CU_TO_DEV
1717473846.3013077,322,3.3,29.5,OCC_TO_CU
1717473846.3019261,322,0.0,29.5,OCC_TO_CU
1717473846.3332148,273,41.7,29.6,CU_TO_DEV
1717473846.381479,273,16.7,29.6,CU_TO_DEV
1717473856.3083303,322,3.4,29.6,OCC_TO_CU
1717473856.3089905,322,0.0,29.6,OCC_TO_CU
1717473856.340274,273,45.5,29.7,CU_TO_DEV
1717473856.3888574,273,25.0,29.7,CU_TO_DEV
1717473866.3306816,322,3.5,29.6,OCC_TO_CU
1717473866.331312,322,100.0,29.6,OCC_TO_CU
1717473866.3460453,273,40.0,29.6,CU_TO_DEV
1717473866.3964183,273,35.0,29.7,CU_TO_DEV
1717473876.3334696,322,5.4,29.6,OCC_TO_CU
1717473876.334069,322,0.0,29.6,OCC_TO_CU
1717473876.3612208,273,45.5,29.7,CU_TO_DEV
1717473876.4050725,273,17.6,29.7,CU_TO_DEV
1717473886.3637588,322,3.6,29.6,OCC_TO_CU
1717473886.3644354,322,0.0,29.6,OCC_TO_CU
1717473886.3661816,273,0.0,29.6,CU_TO_DEV
1717473886.410119,273,41.2,29.6,CU_TO_DEV
1717473888.5184367,154,5.1,29.6,OCC_TO_CU
1717473888.5678933,241,26.3,29.7,CU_TO_DEV
1717473888.611926,241,17.6,29.7,CU_TO_DEV
1717473896.3571267,322,3.0,29.6,OCC_TO_CU
1717473896.3577893,322,0.0,29.6,OCC_TO_CU
1717473896.3718207,273,40.0,29.7,CU_TO_DEV
1717473896.4161005,273,38.9,29.7,CU_TO_DEV
1717473906.42742,322,3.4,29.7,OCC_TO_CU
1717473906.4281905,322,0.0,29.7,OCC_TO_CU
1717473906.577165,273,19.0,29.8,CU_TO_DEV
1717473906.6221106,273,28.6,29.8,CU_TO_DEV
1717473916.3892155,322,3.8,29.7,OCC_TO_CU
1717473916.3898578,322,0.0,29.7,OCC_TO_CU
1717473916.4283152,273,37.5,29.8,CU_TO_DEV
1717473916.582077,273,19.0,29.8,CU_TO_DEV
1717473926.3934062,322,4.2,29.7,OCC_TO_CU
1717473926.3940394,322,0.0,29.7,OCC_TO_CU
1717473926.4382405,273,83.3,29.8,CU_TO_DEV
1717473926.5918257,273,67.2,29.7,CU_TO_DEV
1717473936.4042547,322,3.2,29.6,OCC_TO_CU
1717473936.4050174,322,0.0,29.6,OCC_TO_CU
1717473936.443777,273,37.5,29.7,CU_TO_DEV
1717473936.5994575,273,56.7,29.7,CU_TO_DEV
1717473938.5811756,154,5.7,29.6,OCC_TO_CU
1717473938.6012068,241,62.5,29.7,CU_TO_DEV
1717473938.6457744,241,33.3,29.7,CU_TO_DEV
1717473946.417541,322,3.2,29.6,OCC_TO_CU
1717473946.4181895,322,0.0,29.6,OCC_TO_CU
1717473946.4511225,273,38.5,29.7,CU_TO_DEV
1717473946.606459,273,17.7,29.7,CU_TO_DEV
1717473956.407815,322,3.3,29.7,OCC_TO_CU
1717473956.408476,322,0.0,29.7,OCC_TO_CU
1717473956.4125392,273,0.0,29.7,CU_TO_DEV
1717473956.4573648,273,94.4,29.7,CU_TO_DEV
1717473966.4459074,322,5.0,29.6,OCC_TO_CU
1717473966.4464436,322,0.0,29.6,OCC_TO_CU
1717473966.467391,273,50.0,29.6,CU_TO_DEV
1717473966.6205237,273,13.6,29.6,CU_TO_DEV
1717473976.44892,322,3.5,29.6,OCC_TO_CU
1717473976.449549,322,0.0,29.6,OCC_TO_CU
1717473976.4734266,273,50.0,29.6,CU_TO_DEV
1717473976.625016,273,23.8,29.7,CU_TO_DEV
1717473986.4533522,322,3.5,29.6,OCC_TO_CU
1717473986.4540439,322,0.0,29.6,OCC_TO_CU
1717473986.4784243,273,44.4,29.7,CU_TO_DEV
1717473986.6296139,273,18.6,29.7,CU_TO_DEV
1717473989.2705703,154,4.5,29.7,OCC_TO_CU
1717473989.2809343,241,40.0,29.7,CU_TO_DEV
1717473989.431561,241,19.0,29.8,CU_TO_DEV
1717473996.4659724,322,3.7,29.7,OCC_TO_CU
1717473996.4693737,322,0.0,29.7,OCC_TO_CU
1717473996.4850314,273,75.0,29.7,CU_TO_DEV
1717473996.6350348,273,21.7,29.8,CU_TO_DEV
1717474006.473659,322,4.2,29.7,OCC_TO_CU
1717474006.4742856,322,0.0,29.7,OCC_TO_CU
1717474006.4928062,273,50.0,29.7,CU_TO_DEV
1717474006.64127,273,20.7,29.8,CU_TO_DEV
1717474016.4777403,322,4.3,29.6,OCC_TO_CU
1717474016.4786868,322,0.0,29.6,OCC_TO_CU
1717474016.4982984,273,44.4,29.6,CU_TO_DEV
1717474016.650208,273,17.5,29.7,CU_TO_DEV
1717474026.48997,322,4.2,29.6,OCC_TO_CU
1717474026.4906209,322,0.0,29.6,OCC_TO_CU
1717474026.502916,273,25.0,29.6,CU_TO_DEV
1717474026.6549404,273,26.2,29.6,CU_TO_DEV
1717474036.5257485,322,3.4,29.6,OCC_TO_CU
1717474036.5264077,322,0.0,29.6,OCC_TO_CU
1717474036.6610084,273,24.5,29.7,CU_TO_DEV
1717474036.7121189,273,15.0,29.7,CU_TO_DEV
1717474039.853524,154,4.7,29.6,OCC_TO_CU
1717474039.8629494,241,33.3,29.6,CU_TO_DEV
1717474039.914798,241,19.0,29.6,CU_TO_DEV
1717474046.5221243,322,3.7,29.7,OCC_TO_CU
1717474046.525208,322,0.0,29.7,OCC_TO_CU
1717474046.666877,273,24.1,29.8,CU_TO_DEV
1717474046.7234852,273,18.2,29.8,CU_TO_DEV
1717474056.5497665,322,4.6,29.7,OCC_TO_CU
1717474056.550792,322,0.0,29.7,OCC_TO_CU
1717474056.675843,273,22.0,29.8,CU_TO_DEV
1717474056.7288187,273,10.0,29.8,CU_TO_DEV
1717474066.5412104,322,4.3,29.6,OCC_TO_CU
1717474066.5496898,322,25.0,29.6,OCC_TO_CU
1717474066.6840549,273,27.8,29.7,CU_TO_DEV
1717474066.733933,273,15.0,29.7,CU_TO_DEV
1717474076.5558064,322,3.7,29.6,OCC_TO_CU
1717474076.5566082,322,0.0,29.6,OCC_TO_CU
1717474076.6885803,273,23.1,29.7,CU_TO_DEV
1717474076.739522,273,18.2,29.7,CU_TO_DEV
1717474086.593605,322,3.7,29.7,OCC_TO_CU
1717474086.5942802,322,0.0,29.7,OCC_TO_CU
1717474086.6954896,273,92.9,29.8,CU_TO_DEV
1717474086.7477105,273,78.9,29.7,CU_TO_DEV
1717474089.9266183,154,3.7,29.6,OCC_TO_CU
1717474089.9500594,241,28.6,29.7,CU_TO_DEV
1717474090.0973556,241,8.5,29.7,CU_TO_DEV
1717474096.5838704,322,3.5,29.6,OCC_TO_CU
1717474096.5845401,322,0.0,29.6,OCC_TO_CU
1717474096.7006328,273,31.9,29.7,CU_TO_DEV
1717474096.7534478,273,13.6,29.7,CU_TO_DEV
1717474106.5870016,322,4.3,29.6,OCC_TO_CU
1717474106.5875387,322,100.0,29.6,OCC_TO_CU
1717474106.7054102,273,13.0,29.6,CU_TO_DEV
1717474106.7584522,273,31.8,29.7,CU_TO_DEV
1717474116.5998328,322,3.7,29.7,OCC_TO_CU
1717474116.600475,322,0.0,29.7,OCC_TO_CU
1717474116.7107825,273,92.9,29.7,CU_TO_DEV
1717474116.7662406,273,78.3,29.7,CU_TO_DEV
1717474126.6233773,322,3.4,29.6,OCC_TO_CU
1717474126.6241853,322,0.0,29.6,OCC_TO_CU
1717474126.7172203,273,43.2,29.7,CU_TO_DEV
1717474126.7725534,273,13.6,29.7,CU_TO_DEV
1717474136.6438448,322,4.3,29.6,OCC_TO_CU
1717474136.6444852,322,0.0,29.6,OCC_TO_CU
1717474136.7239523,273,50.0,29.6,CU_TO_DEV
1717474136.7767768,273,18.2,29.6,CU_TO_DEV
1717474139.8943477,154,4.8,29.6,OCC_TO_CU
1717474139.9261506,241,41.7,29.7,CU_TO_DEV
1717474139.9786355,241,19.0,29.7,CU_TO_DEV
1717474146.6523845,322,3.7,29.7,OCC_TO_CU
1717474146.6539464,322,0.0,29.7,OCC_TO_CU
1717474146.7296228,273,42.9,29.8,CU_TO_DEV
1717474146.7819195,273,14.3,29.8,CU_TO_DEV
1717474156.6543472,322,4.8,29.6,OCC_TO_CU
1717474156.6552486,322,0.0,29.6,OCC_TO_CU
1717474156.7353027,273,45.5,29.7,CU_TO_DEV
1717474156.7883844,273,10.0,29.7,CU_TO_DEV
1717474166.6692834,322,3.7,29.6,OCC_TO_CU
1717474166.6698918,322,0.0,29.6,OCC_TO_CU
1717474166.7405803,273,40.0,29.7,CU_TO_DEV
1717474166.7925608,273,19.0,29.7,CU_TO_DEV
1717474176.6863334,322,3.7,29.7,OCC_TO_CU
1717474176.6872277,322,50.0,29.7,OCC_TO_CU
1717474176.7475016,273,43.5,29.8,CU_TO_DEV
1717474176.797901,273,10.5,29.8,CU_TO_DEV
1717474186.697949,322,3.6,29.7,OCC_TO_CU
1717474186.7009196,322,0.0,29.7,OCC_TO_CU
1717474186.755319,273,45.5,29.8,CU_TO_DEV
1717474186.8019753,273,21.1,29.9,CU_TO_DEV
1717474191.1021225,154,4.0,29.8,OCC_TO_CU
1717474191.1583452,241,34.8,29.9,CU_TO_DEV
1717474191.2039652,241,22.2,29.9,CU_TO_DEV
1717474196.7047818,322,6.4,29.7,OCC_TO_CU
1717474196.7053814,322,0.0,29.7,OCC_TO_CU
1717474196.761439,273,34.8,29.7,CU_TO_DEV
1717474196.807721,273,11.1,29.7,CU_TO_DEV
1717474206.713342,322,4.3,29.6,OCC_TO_CU
1717474206.713948,322,0.0,29.6,OCC_TO_CU
1717474206.7670472,273,43.5,29.7,CU_TO_DEV
1717474206.811934,273,11.8,29.7,CU_TO_DEV
1717474216.7266474,322,5.0,29.6,OCC_TO_CU
1717474216.7277157,322,0.0,29.6,OCC_TO_CU
1717474216.7721572,273,52.6,29.6,CU_TO_DEV
1717474216.8163483,273,23.5,29.6,CU_TO_DEV
1717474226.7641864,322,3.6,29.6,OCC_TO_CU
1717474226.7647257,322,0.0,29.6,OCC_TO_CU
1717474226.7781112,273,50.0,29.6,CU_TO_DEV
1717474226.820864,273,44.4,29.6,CU_TO_DEV
1717474236.760895,322,3.6,29.6,OCC_TO_CU
1717474236.761711,322,0.0,29.6,OCC_TO_CU
1717474236.7836084,273,62.5,29.6,CU_TO_DEV
1717474236.8259494,273,29.4,29.7,CU_TO_DEV
1717474241.1916025,154,6.5,29.6,OCC_TO_CU
1717474241.2284546,241,28.6,29.7,CU_TO_DEV
1717474241.3863888,241,4.8,29.7,CU_TO_DEV
1717474246.7665493,322,3.3,29.6,OCC_TO_CU
1717474246.7677407,322,100.0,29.6,OCC_TO_CU
1717474246.7913578,273,55.6,29.6,CU_TO_DEV
1717474246.8312206,273,33.3,29.6,CU_TO_DEV
1717474256.8024237,322,4.0,29.6,OCC_TO_CU
1717474256.8031514,322,0.0,29.6,OCC_TO_CU
1717474256.8371031,273,38.5,29.6,CU_TO_DEV
1717474256.997202,273,78.5,29.6,CU_TO_DEV
1717474266.8146734,322,3.5,29.6,OCC_TO_CU
1717474266.8156757,322,0.0,29.6,OCC_TO_CU
1717474266.8425205,273,58.3,29.7,CU_TO_DEV
1717474267.0023942,273,17.5,29.7,CU_TO_DEV
1717474276.8217156,322,3.3,29.6,OCC_TO_CU
1717474276.822355,322,0.0,29.6,OCC_TO_CU
1717474276.8476722,273,54.5,29.7,CU_TO_DEV
1717474277.0079982,273,14.1,29.7,CU_TO_DEV
1717474286.8387604,322,4.7,29.6,OCC_TO_CU
1717474286.8393087,322,100.0,29.6,OCC_TO_CU
1717474286.8531044,273,40.0,29.6,CU_TO_DEV
1717474287.0158775,273,18.8,29.7,CU_TO_DEV
1717474290.9391096,154,3.6,29.7,OCC_TO_CU
1717474291.0178657,241,26.5,29.8,CU_TO_DEV
1717474291.0554328,241,26.7,29.8,CU_TO_DEV
1717474296.8341515,322,3.5,29.7,OCC_TO_CU
1717474296.8349307,322,0.0,29.7,OCC_TO_CU
1717474296.8589044,273,50.0,29.8,CU_TO_DEV
1717474297.0209374,273,16.1,29.8,CU_TO_DEV
1717474306.8629313,322,4.4,29.6,OCC_TO_CU
1717474306.8635015,322,100.0,29.6,OCC_TO_CU
1717474306.8666024,273,0.0,29.6,CU_TO_DEV
1717474307.027057,273,17.7,29.7,CU_TO_DEV
1717474316.879136,322,3.5,29.6,OCC_TO_CU
1717474316.8825703,322,50.0,29.6,OCC_TO_CU
1717474317.031862,273,22.4,29.7,CU_TO_DEV
1717474317.0708272,273,18.7,29.7,CU_TO_DEV
1717474326.8916335,322,4.3,29.6,OCC_TO_CU
1717474326.8921719,322,0.0,29.6,OCC_TO_CU
1717474327.0376775,273,21.7,29.7,CU_TO_DEV
1717474327.075018,273,7.1,29.7,CU_TO_DEV
1717474336.8819177,322,4.4,29.6,OCC_TO_CU
1717474336.8824666,322,0.0,29.6,OCC_TO_CU
1717474337.043402,273,78.1,29.6,CU_TO_DEV
1717474337.0812542,273,18.8,29.6,CU_TO_DEV
1717474341.0134208,154,3.5,29.5,OCC_TO_CU
1717474341.0457156,241,42.9,29.6,CU_TO_DEV
1717474341.084009,241,20.0,29.6,CU_TO_DEV
1717474346.8889413,322,3.3,29.5,OCC_TO_CU
1717474346.8895788,322,0.0,29.5,OCC_TO_CU
1717474347.0488863,273,22.7,29.6,CU_TO_DEV
1717474347.0871065,273,14.3,29.6,CU_TO_DEV
1717474356.913408,322,3.6,29.5,OCC_TO_CU
1717474356.9140513,322,0.0,29.5,OCC_TO_CU
1717474357.054188,273,24.6,29.7,CU_TO_DEV
1717474357.0914872,273,20.0,29.7,CU_TO_DEV
1717474366.9196188,322,3.6,29.6,OCC_TO_CU
1717474366.920584,322,0.0,29.6,OCC_TO_CU
1717474367.0589776,273,22.6,29.7,CU_TO_DEV
1717474367.0968702,273,20.0,29.7,CU_TO_DEV
1717474376.9307342,322,3.9,29.7,OCC_TO_CU
1717474376.9314027,322,100.0,29.7,OCC_TO_CU
1717474377.064063,273,22.0,29.8,CU_TO_DEV
1717474377.101761,273,85.7,29.8,CU_TO_DEV
1717474386.9423227,322,4.2,29.6,OCC_TO_CU
1717474386.9430165,322,0.0,29.6,OCC_TO_CU
1717474387.070319,273,28.8,29.7,CU_TO_DEV
1717474387.1086602,273,7.7,29.7,CU_TO_DEV
1717474391.084746,154,5.9,29.6,OCC_TO_CU
1717474391.111448,241,41.7,29.7,CU_TO_DEV
1717474391.2767985,241,10.9,29.7,CU_TO_DEV
1717474396.9440806,322,3.3,29.6,OCC_TO_CU
1717474396.9486096,322,0.0,29.6,OCC_TO_CU
1717474397.079732,273,34.0,29.7,CU_TO_DEV
1717474397.1144485,273,21.4,29.7,CU_TO_DEV
1717474406.9685547,322,4.7,29.6,OCC_TO_CU
1717474406.9693227,322,0.0,29.6,OCC_TO_CU
1717474407.0882702,273,33.3,29.7,CU_TO_DEV
1717474407.1195948,273,16.7,29.7,CU_TO_DEV
1717474416.9792337,322,3.5,29.6,OCC_TO_CU
1717474416.9798708,322,0.0,29.6,OCC_TO_CU
1717474417.0929577,273,31.8,29.7,CU_TO_DEV
1717474417.1239355,273,30.8,29.7,CU_TO_DEV
1717474426.982161,322,4.5,29.5,OCC_TO_CU
1717474426.9826882,322,0.0,29.5,OCC_TO_CU
1717474427.1009855,273,24.4,29.6,CU_TO_DEV
1717474427.132857,273,15.4,29.6,CU_TO_DEV
1717474436.9819684,322,3.5,29.6,OCC_TO_CU
1717474436.9826553,322,0.0,29.6,OCC_TO_CU
1717474437.1057055,273,29.2,29.7,CU_TO_DEV
1717474437.1380603,273,38.5,29.7,CU_TO_DEV
1717474441.1585019,154,3.9,29.7,OCC_TO_CU
1717474441.3083215,241,19.4,29.8,CU_TO_DEV
1717474441.340308,241,15.4,29.8,CU_TO_DEV
1717474446.9926283,322,3.6,29.7,OCC_TO_CU
1717474446.9932418,322,0.0,29.7,OCC_TO_CU
1717474447.1113803,273,31.9,29.8,CU_TO_DEV
1717474447.14313,273,28.6,29.8,CU_TO_DEV
1717474457.0066493,322,4.3,29.6,OCC_TO_CU
1717474457.007705,322,0.0,29.6,OCC_TO_CU
1717474457.116106,273,30.2,29.7,CU_TO_DEV
1717474457.1494198,273,15.4,29.7,CU_TO_DEV
1717474467.027642,322,3.6,29.7,OCC_TO_CU
1717474467.0435343,322,62.5,29.7,OCC_TO_CU
1717474467.1229172,273,100.0,29.8,CU_TO_DEV
1717474467.1542256,273,100.0,29.8,CU_TO_DEV
1717474477.04875,322,5.3,29.6,OCC_TO_CU
1717474477.0572538,322,66.7,29.6,OCC_TO_CU
1717474477.1295996,273,67.7,29.6,CU_TO_DEV
1717474477.1638224,273,21.4,29.6,CU_TO_DEV
1717474487.0786831,322,3.6,29.6,OCC_TO_CU
1717474487.0795665,322,100.0,29.6,OCC_TO_CU
1717474487.1351342,273,39.1,29.6,CU_TO_DEV
1717474487.1698036,273,28.6,29.6,CU_TO_DEV
1717474491.2356224,154,3.9,29.6,OCC_TO_CU
1717474491.3379216,241,12.8,29.7,CU_TO_DEV
1717474491.3721938,241,15.4,29.7,CU_TO_DEV
1717474497.050376,322,3.3,29.7,OCC_TO_CU
1717474497.0512874,322,0.0,29.7,OCC_TO_CU
1717474497.143472,273,94.4,29.7,CU_TO_DEV
1717474497.175987,273,83.3,29.7,CU_TO_DEV
1717474507.0577428,322,3.4,29.5,OCC_TO_CU
1717474507.0584033,322,0.0,29.5,OCC_TO_CU
1717474507.1485038,273,41.7,29.6,CU_TO_DEV
1717474507.1833642,273,26.7,29.6,CU_TO_DEV
1717474517.097497,322,4.5,29.6,OCC_TO_CU
1717474517.100572,322,0.0,29.6,OCC_TO_CU
1717474517.153942,273,30.0,29.6,CU_TO_DEV
1717474517.1922367,273,20.0,29.6,CU_TO_DEV
1717474527.1236086,322,4.4,29.5,OCC_TO_CU
1717474527.1244361,322,0.0,29.5,OCC_TO_CU
1717474527.1627505,273,43.7,29.6,CU_TO_DEV
1717474527.1969268,273,30.8,29.6,CU_TO_DEV
1717474537.1258233,322,3.8,29.6,OCC_TO_CU
1717474537.126484,322,0.0,29.6,OCC_TO_CU
1717474537.172087,273,45.0,29.7,CU_TO_DEV
1717474537.2013254,273,41.7,29.7,CU_TO_DEV
1717474541.332234,154,3.9,29.6,OCC_TO_CU
1717474541.3749886,241,35.3,29.7,CU_TO_DEV
1717474541.403692,241,33.3,29.7,CU_TO_DEV
1717474547.1234992,322,3.7,29.6,OCC_TO_CU
1717474547.1244416,322,0.0,29.6,OCC_TO_CU
1717474547.1783874,273,35.0,29.7,CU_TO_DEV
1717474547.2068672,273,38.5,29.7,CU_TO_DEV
1717474557.136941,322,3.9,29.7,OCC_TO_CU
1717474557.1381943,322,0.0,29.7,OCC_TO_CU
1717474557.1836255,273,35.3,29.8,CU_TO_DEV
1717474557.211558,273,36.4,29.8,CU_TO_DEV
1717474567.1684227,322,4.4,29.6,OCC_TO_CU
1717474567.1690965,322,0.0,29.6,OCC_TO_CU
1717474567.1944227,273,63.6,29.7,CU_TO_DEV
1717474567.2164748,273,66.7,29.7,CU_TO_DEV
1717474577.1947408,322,3.8,29.7,OCC_TO_CU
1717474577.1954389,322,50.0,29.7,OCC_TO_CU
1717474577.19965,273,0.0,29.7,CU_TO_DEV
1717474577.2240822,273,80.0,29.7,CU_TO_DEV
1717474587.185208,322,4.1,29.7,OCC_TO_CU
1717474587.1859539,322,0.0,29.7,OCC_TO_CU
1717474587.2068763,273,71.4,29.7,CU_TO_DEV
1717474587.2337847,273,100.0,29.7,CU_TO_DEV
1717474591.3807719,154,5.0,29.6,OCC_TO_CU
1717474591.4095697,241,30.0,29.7,CU_TO_DEV
1717474591.4360085,241,27.3,29.7,CU_TO_DEV
1717474597.1918988,322,3.7,29.6,OCC_TO_CU
1717474597.192675,322,0.0,29.6,OCC_TO_CU
1717474597.2133908,273,71.4,29.6,CU_TO_DEV
1717474597.240918,273,100.0,29.7,CU_TO_DEV
1717474607.1975186,322,5.2,29.5,OCC_TO_CU
1717474607.1981199,322,0.0,29.5,OCC_TO_CU
1717474607.2214665,273,62.5,29.6,CU_TO_DEV
1717474607.2495825,273,75.0,29.6,CU_TO_DEV
1717474617.2959564,322,3.7,29.5,OCC_TO_CU
1717474617.2967072,322,0.0,29.5,OCC_TO_CU
1717474617.4290187,273,11.5,29.6,CU_TO_DEV
1717474617.4546628,273,20.0,29.6,CU_TO_DEV
1717474627.2384126,322,3.9,29.5,OCC_TO_CU
1717474627.2392027,322,0.0,29.5,OCC_TO_CU
1717474627.260534,273,62.5,29.6,CU_TO_DEV
1717474627.435317,273,10.0,29.6,CU_TO_DEV
1717474637.254261,322,4.1,29.6,OCC_TO_CU
1717474637.2549772,322,0.0,29.6,OCC_TO_CU
1717474637.265771,273,25.0,29.6,CU_TO_DEV
1717474637.4402041,273,13.0,29.7,CU_TO_DEV
1717474641.4566534,154,3.9,29.6,OCC_TO_CU
1717474641.4693475,241,50.0,29.6,CU_TO_DEV
1717474641.642494,241,13.0,29.7,CU_TO_DEV
1717474647.269884,322,3.8,29.7,OCC_TO_CU
1717474647.2713358,322,100.0,29.7,OCC_TO_CU
1717474647.2756507,273,0.0,29.7,CU_TO_DEV
1717474647.445585,273,20.6,29.7,CU_TO_DEV
1717474657.275649,322,5.5,29.5,OCC_TO_CU
1717474657.2766776,322,0.0,29.5,OCC_TO_CU
1717474657.2874935,273,40.0,29.5,CU_TO_DEV
1717474657.4535291,273,12.5,29.6,CU_TO_DEV
1717474667.2705762,322,4.2,29.6,OCC_TO_CU
1717474667.271526,322,0.0,29.6,OCC_TO_CU
1717474667.2933514,273,57.1,29.6,CU_TO_DEV
1717474667.459059,273,9.1,29.7,CU_TO_DEV
1717474677.2975554,322,3.7,29.7,OCC_TO_CU
1717474677.2982953,322,0.0,29.7,OCC_TO_CU
1717474677.298882,273,0.0,29.7,CU_TO_DEV
1717474677.464157,273,11.9,29.7,CU_TO_DEV
1717474687.2900865,322,3.8,29.7,OCC_TO_CU
1717474687.2931428,322,0.0,29.7,OCC_TO_CU
1717474687.303222,273,60.0,29.7,CU_TO_DEV
1717474687.4691696,273,10.9,29.8,CU_TO_DEV
1717474691.5216975,154,3.4,29.7,OCC_TO_CU
1717474691.6714962,241,11.3,29.8,CU_TO_DEV
1717474691.7056339,241,8.3,29.8,CU_TO_DEV
1717474697.3069692,322,4.6,29.5,OCC_TO_CU
1717474697.311857,322,100.0,29.5,OCC_TO_CU
1717474697.475496,273,96.9,29.6,CU_TO_DEV
1717474697.5117378,273,14.3,29.5,CU_TO_DEV
1717474707.330343,322,3.3,29.4,OCC_TO_CU
1717474707.3311675,322,0.0,29.4,OCC_TO_CU
1717474707.4811587,273,8.6,29.5,CU_TO_DEV
1717474707.516909,273,26.7,29.5,CU_TO_DEV
1717474717.34358,322,4.9,29.4,OCC_TO_CU
1717474717.3446112,322,0.0,29.4,OCC_TO_CU
1717474717.487744,273,60.7,29.4,CU_TO_DEV
1717474717.5236585,273,14.3,29.4,CU_TO_DEV
1717474727.3496075,322,3.4,29.3,OCC_TO_CU
1717474727.3503962,322,0.0,29.3,OCC_TO_CU
1717474727.4928963,273,15.5,29.4,CU_TO_DEV
1717474727.5280228,273,15.4,29.4,CU_TO_DEV
1717474737.355069,322,3.8,29.4,OCC_TO_CU
1717474737.355695,322,50.0,29.4,OCC_TO_CU
1717474737.5004683,273,10.7,29.5,CU_TO_DEV
1717474737.5326939,273,21.4,29.5,CU_TO_DEV
1717474741.2889724,154,4.4,29.4,OCC_TO_CU
1717474741.3028376,241,40.0,29.4,CU_TO_DEV
1717474741.3349864,241,57.1,29.5,CU_TO_DEV
1717474747.3782976,322,5.3,29.3,OCC_TO_CU
1717474747.3788311,322,0.0,29.3,OCC_TO_CU
1717474747.5091443,273,11.5,29.4,CU_TO_DEV
1717474747.538136,273,27.3,29.4,CU_TO_DEV
1717474757.381699,322,3.8,29.4,OCC_TO_CU
1717474757.3823059,322,0.0,29.4,OCC_TO_CU
1717474757.5142357,273,14.8,29.4,CU_TO_DEV
1717474757.5427694,273,20.0,29.4,CU_TO_DEV
1717474767.408815,322,4.5,29.6,OCC_TO_CU
1717474767.4093318,322,0.0,29.6,OCC_TO_CU
1717474767.5216064,273,9.3,29.7,CU_TO_DEV
1717474767.5473387,273,27.3,29.7,CU_TO_DEV
1717474777.4150925,322,3.5,29.5,OCC_TO_CU
1717474777.415757,322,100.0,29.5,OCC_TO_CU
1717474777.5263999,273,15.6,29.6,CU_TO_DEV
1717474777.5523744,273,12.5,29.6,CU_TO_DEV
1717474787.4150207,322,4.6,29.4,OCC_TO_CU
1717474787.4157078,322,100.0,29.4,OCC_TO_CU
1717474787.5326178,273,15.2,29.5,CU_TO_DEV
1717474787.5576615,273,20.0,29.5,CU_TO_DEV
1717474791.3604705,154,6.2,29.4,OCC_TO_CU
1717474791.5360465,241,7.2,29.5,CU_TO_DEV
1717474791.5608044,241,27.3,29.5,CU_TO_DEV
1717474797.4364555,322,4.9,29.4,OCC_TO_CU
1717474797.4370897,322,0.0,29.4,OCC_TO_CU
1717474797.5390766,273,15.0,29.4,CU_TO_DEV
1717474797.5641253,273,36.4,29.4,CU_TO_DEV
1717474807.458312,322,4.1,29.4,OCC_TO_CU
1717474807.458966,322,0.0,29.4,OCC_TO_CU
1717474807.5441198,273,25.0,29.5,CU_TO_DEV
1717474807.5690086,273,22.2,29.4,CU_TO_DEV
1717474817.4796264,322,3.9,29.4,OCC_TO_CU
1717474817.4802518,322,0.0,29.4,OCC_TO_CU
1717474817.548887,273,22.2,29.5,CU_TO_DEV
1717474817.5743396,273,22.2,29.5,CU_TO_DEV
1717474827.482935,322,3.6,29.5,OCC_TO_CU
1717474827.4836042,322,0.0,29.5,OCC_TO_CU
1717474827.5536644,273,23.1,29.5,CU_TO_DEV
1717474827.5794806,273,33.3,29.6,CU_TO_DEV
1717474837.4878333,322,4.7,29.4,OCC_TO_CU
1717474837.4884877,322,0.0,29.4,OCC_TO_CU
1717474837.55868,273,17.9,29.5,CU_TO_DEV
1717474837.5848768,273,11.1,29.5,CU_TO_DEV
1717474841.434786,154,3.8,29.5,OCC_TO_CU
1717474841.5636678,241,80.4,29.5,CU_TO_DEV
1717474841.587505,241,41.7,29.5,CU_TO_DEV
1717474847.538036,322,3.4,29.4,OCC_TO_CU
1717474847.5386174,322,0.0,29.4,OCC_TO_CU
1717474847.5691025,273,41.7,29.4,CU_TO_DEV
1717474847.5904963,273,37.5,29.4,CU_TO_DEV
1717474857.5141835,322,4.2,29.3,OCC_TO_CU
1717474857.5152407,322,100.0,29.3,OCC_TO_CU
1717474857.5802681,273,32.1,29.4,CU_TO_DEV
1717474857.595308,273,37.5,29.4,CU_TO_DEV
1717474867.5411263,322,3.9,29.4,OCC_TO_CU
1717474867.5417788,322,0.0,29.4,OCC_TO_CU
1717474867.5858564,273,31.6,29.5,CU_TO_DEV
1717474867.5998554,273,0.0,29.5,CU_TO_DEV
1717474877.5504868,322,3.5,29.4,OCC_TO_CU
1717474877.551101,322,0.0,29.4,OCC_TO_CU
1717474877.5916524,273,31.2,29.5,CU_TO_DEV
1717474877.6043508,273,42.9,29.5,CU_TO_DEV
1717474887.5676339,322,4.3,29.4,OCC_TO_CU
1717474887.5684114,322,0.0,29.4,OCC_TO_CU
1717474887.5994523,273,50.0,29.5,CU_TO_DEV
1717474887.6152666,273,42.9,29.5,CU_TO_DEV
1717474891.5123641,154,4.4,29.4,OCC_TO_CU
1717474891.6038127,241,86.8,29.5,CU_TO_DEV
1717474891.621527,241,100.0,29.5,CU_TO_DEV
1717474897.5942008,322,4.0,29.4,OCC_TO_CU
1717474897.5948393,322,0.0,29.4,OCC_TO_CU
1717474897.6072993,273,40.0,29.4,CU_TO_DEV
1717474897.625855,273,66.7,29.4,CU_TO_DEV
1717474907.5667157,322,3.9,29.4,OCC_TO_CU
1717474907.5673761,322,100.0,29.4,OCC_TO_CU
1717474907.613465,273,33.3,29.5,CU_TO_DEV
1717474907.6320536,273,37.5,29.5,CU_TO_DEV
1717474917.6030974,322,4.2,29.4,OCC_TO_CU
1717474917.6038566,322,0.0,29.4,OCC_TO_CU
1717474917.620547,273,57.1,29.4,CU_TO_DEV
1717474917.6418297,273,62.5,29.5,CU_TO_DEV
1717474927.6062582,322,4.8,29.3,OCC_TO_CU
1717474927.606929,322,0.0,29.3,OCC_TO_CU
1717474927.6277552,273,37.5,29.4,CU_TO_DEV
1717474927.6485066,273,25.0,29.4,CU_TO_DEV
1717474937.5985763,322,3.4,29.4,OCC_TO_CU
1717474937.599086,322,0.0,29.4,OCC_TO_CU
1717474937.6340165,273,35.7,29.5,CU_TO_DEV
1717474937.6543767,273,33.3,29.5,CU_TO_DEV
1717474941.3731937,154,3.9,29.4,OCC_TO_CU
1717474941.4369714,241,47.8,29.5,CU_TO_DEV
1717474941.456521,241,33.3,29.5,CU_TO_DEV
1717474947.6099706,322,3.8,29.5,OCC_TO_CU
1717474947.616429,322,0.0,29.5,OCC_TO_CU
1717474947.6410742,273,66.7,29.5,CU_TO_DEV
1717474947.6611667,273,71.4,29.5,CU_TO_DEV
1717474957.6287215,322,3.5,29.5,OCC_TO_CU
1717474957.6352222,322,33.3,29.5,OCC_TO_CU
1717474957.6524374,273,71.4,29.6,CU_TO_DEV
1717474957.6667438,273,60.0,29.6,CU_TO_DEV
1717474967.6558876,322,4.1,29.6,OCC_TO_CU
1717474967.6566849,322,0.0,29.6,OCC_TO_CU
1717474967.6606672,273,0.0,29.6,CU_TO_DEV
1717474967.675556,273,100.0,29.6,CU_TO_DEV
1717474977.6388493,322,5.4,29.4,OCC_TO_CU
1717474977.6395278,322,100.0,29.4,OCC_TO_CU
1717474977.6755228,273,85.7,29.4,CU_TO_DEV
1717474977.6812882,273,100.0,29.4,CU_TO_DEV
1717474987.648064,322,4.3,29.3,OCC_TO_CU
1717474987.6487098,322,0.0,29.3,OCC_TO_CU
1717474987.6806877,273,41.7,29.4,CU_TO_DEV
1717474987.6887336,273,0.0,29.4,CU_TO_DEV
1717474991.6539814,154,4.2,29.4,OCC_TO_CU
1717474991.684691,241,36.4,29.5,CU_TO_DEV
1717474991.6921196,241,33.3,29.5,CU_TO_DEV
1717474997.6543036,322,4.8,29.4,OCC_TO_CU
1717474997.6550474,322,0.0,29.4,OCC_TO_CU
1717474997.6885967,273,41.7,29.4,CU_TO_DEV
1717474997.695666,273,33.3,29.4,CU_TO_DEV
1717475007.675399,322,4.1,29.4,OCC_TO_CU
1717475007.676464,322,0.0,29.4,OCC_TO_CU
1717475007.6941986,273,50.0,29.4,CU_TO_DEV
1717475007.7012248,273,50.0,29.4,CU_TO_DEV
1717475017.708898,322,4.8,29.4,OCC_TO_CU
1717475017.7099297,322,0.0,29.4,OCC_TO_CU
1717475017.9063785,273,6.4,29.5,CU_TO_DEV
1717475017.9074993,273,0.0,29.5,CU_TO_DEV
1717475027.6999266,322,3.7,29.4,OCC_TO_CU
1717475027.7007945,322,0.0,29.4,OCC_TO_CU
1717475027.7131703,273,40.0,29.4,CU_TO_DEV
1717475027.7143838,273,0.0,29.4,CU_TO_DEV
1717475037.6968205,322,3.8,29.4,OCC_TO_CU
1717475037.6974764,322,0.0,29.4,OCC_TO_CU
1717475037.7196295,273,44.4,29.5,CU_TO_DEV
1717475037.7205822,273,0.0,29.5,CU_TO_DEV
1717475043.572192,154,5.3,29.4,OCC_TO_CU
1717475043.7276893,241,14.5,29.5,CU_TO_DEV
1717475043.727737,241,14.5,29.5,CU_TO_DEV
1717475047.7123322,322,3.6,29.5,OCC_TO_CU
1717475047.7130075,322,0.0,29.5,OCC_TO_CU
1717475047.7298894,273,50.0,29.5,CU_TO_DEV
1717475047.730002,273,42.9,29.5,CU_TO_DEV
1717475057.720809,322,3.7,29.5,OCC_TO_CU
1717475057.7216315,322,0.0,29.5,OCC_TO_CU
1717475057.7359438,273,42.9,29.5,CU_TO_DEV
1717475057.7365434,273,0.0,29.5,CU_TO_DEV
1717475067.7438037,322,4.6,29.5,OCC_TO_CU
1717475067.7448792,322,0.0,29.5,OCC_TO_CU
1717475067.943678,273,8.8,29.6,CU_TO_DEV
1717475067.9440742,273,0.0,29.6,CU_TO_DEV
1717475077.738481,322,3.9,29.5,OCC_TO_CU
1717475077.7391975,322,0.0,29.5,OCC_TO_CU
1717475077.7489283,273,25.0,29.5,CU_TO_DEV
1717475077.7498598,273,0.0,29.5,CU_TO_DEV
1717475087.7513463,322,3.6,29.6,OCC_TO_CU
1717475087.755009,273,0.0,29.6,CU_TO_DEV
1717475087.7548718,273,0.0,29.6,CU_TO_DEV
1717475087.7565172,322,0.0,29.6,OCC_TO_CU
1717475087.9559238,273,59.5,29.6,CU_TO_DEV
1717475087.9558425,273,59.5,29.6,CU_TO_DEV
1717475093.9750888,154,3.9,29.6,OCC_TO_CU
1717475094.159104,241,54.7,29.6,CU_TO_DEV
1717475094.1591911,241,54.7,29.6,CU_TO_DEV
1717475097.7551556,322,2.9,29.5,OCC_TO_CU
1717475097.7561727,322,0.0,29.5,OCC_TO_CU
1717475097.761112,273,0.0,29.5,CU_TO_DEV
1717475097.7615538,273,0.0,29.5,CU_TO_DEV
1717475107.7993114,322,4.0,29.5,OCC_TO_CU
1717475107.7999585,322,0.0,29.5,OCC_TO_CU
1717475107.9660628,273,11.9,29.6,CU_TO_DEV
1717475107.9664469,273,0.0,29.6,CU_TO_DEV
1717475117.7875073,322,5.3,29.4,OCC_TO_CU
1717475117.7887263,322,0.0,29.4,OCC_TO_CU
1717475117.9824595,273,9.1,29.5,CU_TO_DEV
1717475117.982303,273,9.1,29.5,CU_TO_DEV
1717475127.7982917,322,3.7,29.5,OCC_TO_CU
1717475127.7990396,322,0.0,29.5,OCC_TO_CU
1717475127.987777,273,6.8,29.6,CU_TO_DEV
1717475127.987862,273,6.8,29.6,CU_TO_DEV
1717475137.8078434,322,3.7,29.6,OCC_TO_CU
1717475137.8190346,322,50.0,29.6,OCC_TO_CU
1717475137.9929264,273,19.7,29.6,CU_TO_DEV
1717475137.9934125,273,0.0,29.6,CU_TO_DEV
1717475144.0281498,154,4.6,29.7,OCC_TO_CU
1717475144.196683,241,10.6,29.7,CU_TO_DEV
1717475144.197262,241,0.0,29.7,CU_TO_DEV
1717475147.815911,322,3.1,29.6,OCC_TO_CU
1717475147.8179424,322,0.0,29.6,OCC_TO_CU
1717475147.9990315,273,9.6,29.7,CU_TO_DEV
1717475147.9996474,273,100.0,29.7,CU_TO_DEV
1717475157.8343585,322,4.7,29.6,OCC_TO_CU
1717475157.8349218,322,0.0,29.6,OCC_TO_CU
1717475158.0088408,273,7.1,29.7,CU_TO_DEV
1717475158.0091426,273,0.0,29.7,CU_TO_DEV
1717475167.8579452,322,3.6,29.7,OCC_TO_CU
1717475167.8586402,322,0.0,29.7,OCC_TO_CU
1717475168.014096,273,11.1,29.8,CU_TO_DEV
1717475168.013933,273,11.1,29.8,CU_TO_DEV
1717475177.841372,322,4.5,29.7,OCC_TO_CU
1717475177.841898,322,0.0,29.7,OCC_TO_CU
1717475178.0205736,273,5.7,29.8,CU_TO_DEV
1717475178.0204716,273,5.7,29.8,CU_TO_DEV
1717475187.8495207,322,3.4,29.8,OCC_TO_CU
1717475187.8501453,322,0.0,29.8,OCC_TO_CU
1717475188.0266817,273,8.7,29.9,CU_TO_DEV
1717475188.026518,273,8.7,29.9,CU_TO_DEV
1717475194.0974615,154,5.6,29.9,OCC_TO_CU
1717475194.23436,241,9.1,29.9,CU_TO_DEV
1717475194.234445,241,9.1,29.9,CU_TO_DEV
1717475197.8719244,322,3.0,29.8,OCC_TO_CU
1717475197.8724537,322,0.0,29.8,OCC_TO_CU
1717475198.0363853,273,9.0,29.9,CU_TO_DEV
1717475198.036638,273,0.0,29.9,CU_TO_DEV
1717475207.880148,322,4.3,29.8,OCC_TO_CU
1717475207.8807833,322,0.0,29.8,OCC_TO_CU
1717475208.0425248,273,9.5,29.9,CU_TO_DEV
1717475208.0476708,273,0.0,29.9,CU_TO_DEV
1717475217.9016643,322,3.7,29.8,OCC_TO_CU
1717475217.9022899,322,0.0,29.8,OCC_TO_CU
1717475218.0504673,273,67.2,29.8,CU_TO_DEV
1717475218.0520368,273,0.0,29.8,CU_TO_DEV
1717475227.898756,322,3.4,29.8,OCC_TO_CU
1717475227.899403,322,0.0,29.8,OCC_TO_CU
1717475228.056605,273,11.1,29.9,CU_TO_DEV
1717475228.0590124,273,0.0,29.9,CU_TO_DEV
1717475237.9084752,322,3.6,29.8,OCC_TO_CU
1717475237.9092534,322,0.0,29.8,OCC_TO_CU
1717475238.0638108,273,11.3,29.9,CU_TO_DEV
1717475238.0642958,273,0.0,29.9,CU_TO_DEV
1717475244.1766617,154,5.2,29.8,OCC_TO_CU
1717475244.2690384,241,14.3,29.9,CU_TO_DEV
1717475244.2692132,241,14.3,29.9,CU_TO_DEV
1717475247.9130104,322,6.2,29.7,OCC_TO_CU
1717475247.913521,322,0.0,29.7,OCC_TO_CU
1717475248.071475,273,7.9,29.8,CU_TO_DEV
1717475248.073408,273,0.0,29.8,CU_TO_DEV
1717475257.9508393,322,3.6,29.7,OCC_TO_CU
1717475257.951454,322,100.0,29.7,OCC_TO_CU
1717475258.0768337,273,14.0,29.8,CU_TO_DEV
1717475258.0773556,273,0.0,29.8,CU_TO_DEV
1717475267.9327025,322,3.8,29.8,OCC_TO_CU
1717475267.9334733,322,0.0,29.8,OCC_TO_CU
1717475268.0819044,273,11.9,29.9,CU_TO_DEV
1717475268.0819962,273,11.9,29.9,CU_TO_DEV
1717475277.9359386,322,3.9,29.8,OCC_TO_CU
1717475277.9369452,322,0.0,29.8,OCC_TO_CU
1717475278.0875735,273,11.7,29.9,CU_TO_DEV
1717475278.0876489,273,11.7,29.9,CU_TO_DEV
1717475287.9544015,322,3.7,29.9,OCC_TO_CU
1717475287.955169,322,0.0,29.9,OCC_TO_CU
1717475288.0928884,273,9.3,30.0,CU_TO_DEV
1717475288.0932162,273,0.0,30.0,CU_TO_DEV
1717475294.1519084,154,6.7,29.8,OCC_TO_CU
1717475294.2982113,241,8.9,29.9,CU_TO_DEV
1717475294.298968,241,0.0,29.9,CU_TO_DEV
1717475297.9571445,322,4.0,29.8,OCC_TO_CU
1717475297.9578004,322,0.0,29.8,OCC_TO_CU
1717475298.1003895,273,12.5,29.9,CU_TO_DEV
1717475298.1008186,273,0.0,29.9,CU_TO_DEV
1717475307.981823,322,4.2,29.7,OCC_TO_CU
1717475307.9831145,322,0.0,29.7,OCC_TO_CU
1717475308.1078823,273,17.0,29.8,CU_TO_DEV
1717475308.1079516,273,17.0,29.8,CU_TO_DEV
1717475317.99461,322,3.8,29.7,OCC_TO_CU
1717475317.995238,322,100.0,29.7,OCC_TO_CU
1717475318.1131794,273,14.9,29.8,CU_TO_DEV
1717475318.1130059,273,14.9,29.8,CU_TO_DEV
1717475327.9967,322,3.8,29.8,OCC_TO_CU
1717475327.9973502,322,0.0,29.8,OCC_TO_CU
1717475328.11856,273,18.0,29.9,CU_TO_DEV
1717475328.1186168,273,18.0,29.9,CU_TO_DEV
1717475338.0362377,322,5.0,29.9,OCC_TO_CU
1717475338.0368533,322,0.0,29.9,OCC_TO_CU
1717475338.123408,273,14.3,30.0,CU_TO_DEV
1717475338.1236448,273,0.0,30.0,CU_TO_DEV
1717475344.2192082,154,3.5,29.9,OCC_TO_CU
1717475344.3264592,241,14.3,29.9,CU_TO_DEV
1717475344.3270736,241,0.0,29.9,CU_TO_DEV
1717475348.0213487,322,3.7,29.8,OCC_TO_CU
1717475348.0219877,322,0.0,29.8,OCC_TO_CU
1717475348.1316247,273,88.4,29.9,CU_TO_DEV
1717475348.1324632,273,0.0,29.9,CU_TO_DEV
1717475358.0317957,322,3.6,29.8,OCC_TO_CU
1717475358.0326424,322,0.0,29.8,OCC_TO_CU
1717475358.1370404,273,17.1,29.9,CU_TO_DEV
1717475358.136788,273,17.1,29.9,CU_TO_DEV
1717475368.0553293,322,3.9,29.8,OCC_TO_CU
1717475368.0559766,322,0.0,29.8,OCC_TO_CU
1717475368.1425765,273,15.2,29.9,CU_TO_DEV
1717475368.142937,273,0.0,29.9,CU_TO_DEV
1717475378.0671413,322,4.4,29.8,OCC_TO_CU
1717475378.0679777,322,0.0,29.8,OCC_TO_CU
1717475378.148606,273,16.1,29.9,CU_TO_DEV
1717475378.148754,273,16.1,29.9,CU_TO_DEV
1717475388.0731857,322,4.8,29.8,OCC_TO_CU
1717475388.0737283,322,0.0,29.8,OCC_TO_CU
1717475388.159476,273,85.7,29.9,CU_TO_DEV
1717475388.1599643,273,0.0,29.9,CU_TO_DEV
1717475394.2887404,154,4.9,29.8,OCC_TO_CU
1717475394.3631365,241,20.0,29.9,CU_TO_DEV
1717475394.3634522,241,0.0,29.9,CU_TO_DEV
1717475398.0746896,322,3.4,29.8,OCC_TO_CU
1717475398.0752938,322,100.0,29.8,OCC_TO_CU
1717475398.1654546,273,16.7,29.9,CU_TO_DEV
1717475398.165558,273,16.7,29.9,CU_TO_DEV
1717475408.1807728,322,4.0,29.7,OCC_TO_CU
1717475408.1813955,322,0.0,29.7,OCC_TO_CU
1717475408.370625,273,11.7,29.9,CU_TO_DEV
1717475408.370579,273,11.7,29.9,CU_TO_DEV
1717475418.108956,322,3.9,29.8,OCC_TO_CU
1717475418.10969,322,0.0,29.8,OCC_TO_CU
1717475418.1754131,273,26.9,29.9,CU_TO_DEV
1717475418.1757295,273,0.0,29.9,CU_TO_DEV
1717475428.1479242,322,3.4,29.9,OCC_TO_CU
1717475428.1485426,322,0.0,29.9,OCC_TO_CU
1717475428.180665,273,53.3,30.0,CU_TO_DEV
1717475428.181136,273,0.0,30.0,CU_TO_DEV
1717475438.123803,322,5.0,29.7,OCC_TO_CU
1717475438.124294,322,0.0,29.7,OCC_TO_CU
1717475438.187399,273,23.1,29.8,CU_TO_DEV
1717475438.1919408,273,0.0,29.8,CU_TO_DEV
1717475444.2613218,154,4.0,29.8,OCC_TO_CU
1717475444.3925257,241,9.6,29.9,CU_TO_DEV
1717475444.3963728,241,0.0,29.9,CU_TO_DEV
1717475448.1354995,322,4.1,29.8,OCC_TO_CU
1717475448.1364167,322,0.0,29.8,OCC_TO_CU
1717475448.1948485,273,29.2,29.9,CU_TO_DEV
1717475448.19812,273,0.0,29.9,CU_TO_DEV
1717475458.1520038,322,3.4,29.8,OCC_TO_CU
1717475458.1528175,322,0.0,29.8,OCC_TO_CU
1717475458.2002804,273,31.6,29.9,CU_TO_DEV
1717475458.2031565,273,0.0,29.9,CU_TO_DEV
1717475468.1671276,322,3.5,29.9,OCC_TO_CU
1717475468.1677537,322,100.0,29.9,OCC_TO_CU
1717475468.205391,273,40.0,30.0,CU_TO_DEV
1717475468.2083292,273,0.0,30.0,CU_TO_DEV
1717475478.1781375,322,3.0,29.9,OCC_TO_CU
1717475478.178763,322,0.0,29.9,OCC_TO_CU
1717475478.2105742,273,38.5,30.0,CU_TO_DEV
1717475478.2130334,273,50.0,30.0,CU_TO_DEV
1717475488.176726,322,3.7,29.9,OCC_TO_CU
1717475488.1773994,322,0.0,29.9,OCC_TO_CU
1717475488.2195568,273,78.9,30.0,CU_TO_DEV
1717475488.2238564,273,100.0,30.0,CU_TO_DEV
1717475494.334683,154,4.1,29.9,OCC_TO_CU
1717475494.4227977,241,19.4,30.0,CU_TO_DEV
1717475494.4265654,241,50.0,30.0,CU_TO_DEV
1717475498.1891437,322,4.7,29.8,OCC_TO_CU
1717475498.1897027,322,0.0,29.8,OCC_TO_CU
1717475498.2248306,273,35.7,29.9,CU_TO_DEV
1717475498.2290602,273,0.0,29.9,CU_TO_DEV
1717475508.2022963,322,3.5,29.7,OCC_TO_CU
1717475508.2029302,322,0.0,29.7,OCC_TO_CU
1717475508.230925,273,40.0,29.8,CU_TO_DEV
1717475508.237145,273,60.0,29.8,CU_TO_DEV
1717475518.223207,322,3.1,29.7,OCC_TO_CU
1717475518.2240522,322,0.0,29.7,OCC_TO_CU
1717475518.2369287,273,40.0,29.7,CU_TO_DEV
1717475518.2418437,273,100.0,29.7,CU_TO_DEV
1717475528.241297,322,3.3,29.8,OCC_TO_CU
1717475528.2419488,322,0.0,29.8,OCC_TO_CU
1717475528.2443895,273,0.0,29.8,CU_TO_DEV
1717475528.246653,273,0.0,29.8,CU_TO_DEV
1717475538.2460926,322,3.5,29.8,OCC_TO_CU
1717475538.2467422,322,0.0,29.8,OCC_TO_CU
1717475538.2491648,273,0.0,29.8,CU_TO_DEV
1717475538.250785,273,0.0,29.8,CU_TO_DEV
1717475544.9245675,154,4.1,29.9,OCC_TO_CU
1717475545.0526533,241,8.0,30.0,CU_TO_DEV
1717475545.0541725,241,0.0,30.0,CU_TO_DEV
1717475548.2570662,322,5.8,29.8,OCC_TO_CU
1717475548.2575915,322,0.0,29.8,OCC_TO_CU
1717475548.2599754,273,0.0,29.8,CU_TO_DEV
1717475548.2602541,273,0.0,29.8,CU_TO_DEV
1717475558.2648318,322,3.1,29.6,OCC_TO_CU
1717475558.2654526,322,0.0,29.6,OCC_TO_CU
1717475558.4647942,273,11.1,29.7,CU_TO_DEV
1717475558.4647417,273,11.1,29.7,CU_TO_DEV
1717475568.272785,322,4.1,29.6,OCC_TO_CU
1717475568.2738407,322,0.0,29.6,OCC_TO_CU
1717475568.2759643,273,100.0,29.6,CU_TO_DEV
1717475568.4722335,273,7.7,29.7,CU_TO_DEV
1717475578.2937639,322,2.9,29.6,OCC_TO_CU
1717475578.2944887,322,0.0,29.6,OCC_TO_CU
1717475578.4775672,273,9.6,29.7,CU_TO_DEV
1717475578.4810197,273,0.0,29.7,CU_TO_DEV
1717475588.2947354,322,3.7,29.7,OCC_TO_CU
1717475588.2960105,322,0.0,29.7,OCC_TO_CU
1717475588.4823408,273,9.3,29.8,CU_TO_DEV
1717475588.4854362,273,0.0,29.8,CU_TO_DEV
1717475594.9957714,154,3.8,29.7,OCC_TO_CU
1717475595.0857,241,14.7,29.8,CU_TO_DEV
1717475595.0888476,241,0.0,29.8,CU_TO_DEV
1717475598.292883,322,3.0,29.7,OCC_TO_CU
1717475598.293688,322,0.0,29.7,OCC_TO_CU
1717475598.4876626,273,9.0,29.8,CU_TO_DEV
1717475598.4904566,273,0.0,29.8,CU_TO_DEV
1717475608.3196454,322,4.6,29.7,OCC_TO_CU
1717475608.3204045,322,0.0,29.7,OCC_TO_CU
1717475608.4935663,273,8.7,29.9,CU_TO_DEV
1717475608.4951022,273,0.0,29.9,CU_TO_DEV
1717475618.3520775,322,3.1,29.7,OCC_TO_CU
1717475618.3530207,322,0.0,29.7,OCC_TO_CU
1717475618.49853,273,78.9,29.8,CU_TO_DEV
1717475618.499376,273,0.0,29.8,CU_TO_DEV
1717475628.3349712,322,3.6,29.7,OCC_TO_CU
1717475628.3356225,322,100.0,29.7,OCC_TO_CU
1717475628.503349,273,11.8,29.8,CU_TO_DEV
1717475628.5033953,273,11.8,29.8,CU_TO_DEV
1717475638.3675904,322,4.2,29.6,OCC_TO_CU
1717475638.3682232,322,0.0,29.6,OCC_TO_CU
1717475638.5089855,273,10.9,29.7,CU_TO_DEV
1717475638.5094638,273,0.0,29.7,CU_TO_DEV
1717475645.9881644,154,4.1,29.7,OCC_TO_CU
1717475646.113056,241,73.5,29.8,CU_TO_DEV
1717475646.1133537,241,0.0,29.8,CU_TO_DEV
1717475648.3602202,322,3.6,29.6,OCC_TO_CU
1717475648.3607373,322,0.0,29.6,OCC_TO_CU
1717475648.5144968,273,8.2,29.7,CU_TO_DEV
1717475648.5147307,273,0.0,29.7,CU_TO_DEV
1717475658.3720627,322,4.8,29.6,OCC_TO_CU
1717475658.3733168,322,0.0,29.6,OCC_TO_CU
1717475658.5222435,273,10.0,29.7,CU_TO_DEV
1717475658.5226355,273,0.0,29.7,CU_TO_DEV
1717475668.3829103,322,3.6,29.6,OCC_TO_CU
1717475668.3835266,322,100.0,29.6,OCC_TO_CU
1717475668.5270483,273,12.1,29.7,CU_TO_DEV
1717475668.5274487,273,100.0,29.7,CU_TO_DEV
1717475678.4054701,322,4.1,29.6,OCC_TO_CU
1717475678.4061134,322,0.0,29.6,OCC_TO_CU
1717475678.5322087,273,14.0,29.7,CU_TO_DEV
1717475678.532252,273,14.0,29.7,CU_TO_DEV
1717475688.401612,322,3.8,29.7,OCC_TO_CU
1717475688.4022982,322,0.0,29.7,OCC_TO_CU
1717475688.537477,273,12.7,29.8,CU_TO_DEV
1717475688.5379057,273,0.0,29.8,CU_TO_DEV
1717475696.0101554,154,4.2,29.7,OCC_TO_CU
1717475696.1421561,241,13.2,29.8,CU_TO_DEV
1717475696.141961,241,13.2,29.8,CU_TO_DEV
1717475698.4107854,322,3.5,29.7,OCC_TO_CU
1717475698.4114354,322,100.0,29.7,OCC_TO_CU
1717475698.5441377,273,13.2,29.8,CU_TO_DEV
1717475698.5439875,273,13.2,29.8,CU_TO_DEV
1717475708.4201524,322,5.2,29.6,OCC_TO_CU
1717475708.4206636,322,0.0,29.6,OCC_TO_CU
1717475708.550391,273,10.0,29.7,CU_TO_DEV
1717475708.5504775,273,10.0,29.7,CU_TO_DEV
1717475718.4396014,322,3.7,29.6,OCC_TO_CU
1717475718.440711,322,0.0,29.6,OCC_TO_CU
1717475718.5592177,273,88.0,29.6,CU_TO_DEV
1717475718.5591547,273,88.0,29.6,CU_TO_DEV
1717475728.4724975,322,3.4,29.5,OCC_TO_CU
1717475728.473246,322,0.0,29.5,OCC_TO_CU
1717475728.5655773,273,16.7,29.6,CU_TO_DEV
1717475728.565813,273,0.0,29.6,CU_TO_DEV
1717475738.469929,322,3.9,29.6,OCC_TO_CU
1717475738.4720519,322,0.0,29.6,OCC_TO_CU
1717475738.5721362,273,19.5,29.7,CU_TO_DEV
1717475738.5724525,273,0.0,29.7,CU_TO_DEV
1717475746.1318014,154,4.2,29.7,OCC_TO_CU
1717475746.1766646,241,29.4,29.7,CU_TO_DEV
1717475746.176941,241,0.0,29.7,CU_TO_DEV
1717475748.4774415,322,3.8,29.7,OCC_TO_CU
1717475748.4818242,322,0.0,29.7,OCC_TO_CU
1717475748.5789113,273,26.8,29.8,CU_TO_DEV
1717475748.57937,273,0.0,29.8,CU_TO_DEV
1717475758.4892402,322,4.7,29.6,OCC_TO_CU
1717475758.489991,322,0.0,29.6,OCC_TO_CU
1717475758.5870867,273,20.5,29.7,CU_TO_DEV
1717475758.5871496,273,20.5,29.7,CU_TO_DEV
1717475768.5187626,322,4.4,29.6,OCC_TO_CU
1717475768.5218382,322,0.0,29.6,OCC_TO_CU
1717475768.5950398,273,96.4,29.7,CU_TO_DEV
1717475768.5955727,273,100.0,29.7,CU_TO_DEV
1717475778.5071926,322,4.0,29.5,OCC_TO_CU
1717475778.507843,322,0.0,29.5,OCC_TO_CU
1717475778.6045716,273,17.9,29.6,CU_TO_DEV
1717475778.6046226,273,17.9,29.6,CU_TO_DEV
1717475788.5232518,322,3.9,29.6,OCC_TO_CU
1717475788.523888,322,0.0,29.6,OCC_TO_CU
1717475788.6110368,273,18.2,29.6,CU_TO_DEV
1717475788.611081,273,18.2,29.6,CU_TO_DEV
1717475796.0804198,154,4.3,29.6,OCC_TO_CU
1717475796.2163012,241,19.6,29.8,CU_TO_DEV
1717475796.2164009,241,19.6,29.8,CU_TO_DEV
1717475798.5306344,322,8.0,29.6,OCC_TO_CU
1717475798.5312908,322,100.0,29.6,OCC_TO_CU
1717475798.6185534,273,14.3,29.7,CU_TO_DEV
1717475798.61912,273,0.0,29.7,CU_TO_DEV
1717475808.5554788,322,3.4,29.5,OCC_TO_CU
1717475808.5561242,322,0.0,29.5,OCC_TO_CU
1717475808.623781,273,16.0,29.6,CU_TO_DEV
1717475808.623867,273,16.0,29.6,CU_TO_DEV
1717475818.573795,322,3.7,29.5,OCC_TO_CU
1717475818.5745533,322,0.0,29.5,OCC_TO_CU
1717475818.6299818,273,81.8,29.6,CU_TO_DEV
1717475818.6313527,273,100.0,29.6,CU_TO_DEV
1717475828.577476,322,4.2,29.5,OCC_TO_CU
1717475828.5781136,322,0.0,29.5,OCC_TO_CU
1717475828.6360404,273,0.0,29.5,CU_TO_DEV
1717475828.635513,273,27.3,29.5,CU_TO_DEV
1717475838.5983872,322,4.2,29.4,OCC_TO_CU
1717475838.599041,322,0.0,29.4,OCC_TO_CU
1717475838.6417673,273,35.3,29.5,CU_TO_DEV
1717475838.6425574,273,0.0,29.5,CU_TO_DEV
1717475847.2072308,154,5.1,29.5,OCC_TO_CU
1717475847.2468987,241,37.5,29.6,CU_TO_DEV
1717475847.2518153,241,0.0,29.6,CU_TO_DEV
1717475848.59158,322,3.7,29.4,OCC_TO_CU
1717475848.5920882,322,0.0,29.4,OCC_TO_CU
1717475848.6482017,273,21.7,29.5,CU_TO_DEV
1717475848.6528218,273,0.0,29.5,CU_TO_DEV
1717475858.5907562,322,4.0,29.4,OCC_TO_CU
1717475858.591609,322,0.0,29.4,OCC_TO_CU
1717475858.6532927,273,25.0,29.5,CU_TO_DEV
1717475858.6580162,273,0.0,29.5,CU_TO_DEV
1717475868.6138778,322,3.7,29.5,OCC_TO_CU
1717475868.614427,322,0.0,29.5,OCC_TO_CU
1717475868.6590095,273,36.8,29.6,CU_TO_DEV
1717475868.6628006,273,0.0,29.6,CU_TO_DEV
1717475878.6225922,322,3.7,29.5,OCC_TO_CU
1717475878.631235,322,40.0,29.5,OCC_TO_CU
1717475878.665299,273,69.2,29.6,CU_TO_DEV
1717475878.6680417,273,0.0,29.6,CU_TO_DEV
1717475888.6320755,322,4.0,29.6,OCC_TO_CU
1717475888.6328592,322,0.0,29.6,OCC_TO_CU
1717475888.671109,273,35.7,29.7,CU_TO_DEV
1717475888.678443,273,33.3,29.7,CU_TO_DEV
1717475898.2039886,154,5.4,29.4,OCC_TO_CU
1717475898.2835236,241,87.9,29.5,CU_TO_DEV
1717475898.2875466,241,100.0,29.5,CU_TO_DEV
1717475898.6503468,322,12.5,29.5,OCC_TO_CU
1717475898.6510942,322,0.0,29.5,OCC_TO_CU
1717475898.6844397,273,30.8,29.5,CU_TO_DEV
1717475898.6884606,273,0.0,29.5,CU_TO_DEV
1717475908.6559994,322,3.5,29.4,OCC_TO_CU
1717475908.6580482,322,0.0,29.4,OCC_TO_CU
1717475908.6902442,273,46.2,29.5,CU_TO_DEV
1717475908.6976855,273,0.0,29.5,CU_TO_DEV
1717475918.6943758,322,3.6,29.4,OCC_TO_CU
1717475918.6949885,322,0.0,29.4,OCC_TO_CU
1717475918.6962247,273,50.0,29.4,CU_TO_DEV
1717475918.703732,273,50.0,29.4,CU_TO_DEV
1717475928.7051213,322,4.1,29.5,OCC_TO_CU
1717475928.7057724,322,0.0,29.5,OCC_TO_CU
1717475928.7132912,273,0.0,29.5,CU_TO_DEV
1717475928.9014847,273,60.8,29.5,CU_TO_DEV
1717475938.7138479,322,3.9,29.4,OCC_TO_CU
1717475938.7145677,322,0.0,29.4,OCC_TO_CU
1717475938.7180102,273,0.0,29.4,CU_TO_DEV
1717475938.9100237,273,10.5,29.5,CU_TO_DEV
1717475948.543585,154,4.7,29.4,OCC_TO_CU
1717475948.7158298,241,7.5,29.5,CU_TO_DEV
1717475948.7251146,241,33.3,29.5,CU_TO_DEV
1717475948.7438295,322,42.9,29.5,OCC_TO_CU
1717475948.7448173,322,0.0,29.5,OCC_TO_CU
1717475948.9164948,273,13.0,29.5,CU_TO_DEV
1717475948.9260337,273,50.0,29.5,CU_TO_DEV
1717475958.7336,322,4.9,29.4,OCC_TO_CU
1717475958.7341156,322,0.0,29.4,OCC_TO_CU
1717475958.9247491,273,6.6,29.5,CU_TO_DEV
1717475958.9336789,273,50.0,29.5,CU_TO_DEV
1717475968.763615,322,3.8,29.4,OCC_TO_CU
1717475968.7642312,322,0.0,29.4,OCC_TO_CU
1717475968.9296,273,9.2,29.5,CU_TO_DEV
1717475968.9404032,273,25.0,29.5,CU_TO_DEV
1717475978.8046625,322,3.6,29.5,OCC_TO_CU
1717475978.8263597,322,44.4,29.5,OCC_TO_CU
1717475978.9354842,273,17.1,29.6,CU_TO_DEV
1717475978.9489238,273,20.0,29.6,CU_TO_DEV
1717475988.7633312,322,5.0,29.5,OCC_TO_CU
1717475988.7638493,322,0.0,29.5,OCC_TO_CU
1717475988.9406757,273,8.5,29.6,CU_TO_DEV
1717475988.9597867,273,33.3,29.6,CU_TO_DEV
1717475998.7795131,322,3.3,29.5,OCC_TO_CU
1717475998.7801642,322,0.0,29.5,OCC_TO_CU
1717475998.946033,273,7.8,29.6,CU_TO_DEV
1717475998.964149,273,37.5,29.6,CU_TO_DEV
1717476000.7101748,154,4.6,29.6,OCC_TO_CU
1717476000.7479007,241,30.8,29.6,CU_TO_DEV
1717476000.766095,241,28.6,29.6,CU_TO_DEV
1717476008.7908444,322,3.5,29.6,OCC_TO_CU
1717476008.791504,322,0.0,29.6,OCC_TO_CU
1717476008.9537632,273,9.4,29.7,CU_TO_DEV
1717476008.970052,273,28.6,29.7,CU_TO_DEV
1717476018.797732,322,3.6,29.6,OCC_TO_CU
1717476018.7983687,322,0.0,29.6,OCC_TO_CU
1717476018.9609025,273,9.4,29.7,CU_TO_DEV
1717476018.9768586,273,28.6,29.7,CU_TO_DEV
1717476028.8190536,322,4.3,29.6,OCC_TO_CU
1717476028.819871,322,100.0,29.6,OCC_TO_CU
1717476028.968864,273,94.8,29.7,CU_TO_DEV
1717476028.9823375,273,100.0,29.6,CU_TO_DEV
1717476038.823169,322,4.8,29.4,OCC_TO_CU
1717476038.8237414,322,100.0,29.4,OCC_TO_CU
1717476038.9740157,273,6.8,29.4,CU_TO_DEV
1717476038.9883127,273,20.0,29.4,CU_TO_DEV
1717476048.8469796,322,3.6,29.3,OCC_TO_CU
1717476048.8476508,322,100.0,29.3,OCC_TO_CU
1717476048.979895,273,13.5,29.4,CU_TO_DEV
1717476048.9935021,273,33.3,29.4,CU_TO_DEV
1717476052.4177413,154,5.0,29.4,OCC_TO_CU
1717476052.5823536,241,9.2,29.5,CU_TO_DEV
1717476052.5966601,241,16.7,29.5,CU_TO_DEV
1717476058.8640316,322,3.7,29.4,OCC_TO_CU
1717476058.864878,322,0.0,29.4,OCC_TO_CU
1717476058.9858658,273,16.3,29.5,CU_TO_DEV
1717476059.0004451,273,33.3,29.5,CU_TO_DEV
1717476068.8778603,322,4.0,29.5,OCC_TO_CU
1717476068.878484,322,0.0,29.5,OCC_TO_CU
1717476068.9915152,273,13.3,29.5,CU_TO_DEV
1717476069.0074995,273,33.3,29.5,CU_TO_DEV
1717476078.8799703,322,3.8,29.5,OCC_TO_CU
1717476078.8807354,322,0.0,29.5,OCC_TO_CU
1717476078.9976625,273,13.0,29.6,CU_TO_DEV
1717476079.0142899,273,42.9,29.6,CU_TO_DEV
1717476088.8848991,322,5.6,29.4,OCC_TO_CU
1717476088.885559,322,0.0,29.4,OCC_TO_CU
1717476089.0058174,273,12.2,29.5,CU_TO_DEV
1717476089.0210755,273,16.7,29.5,CU_TO_DEV
1717476098.9071245,322,3.9,29.4,OCC_TO_CU
1717476098.907885,322,50.0,29.4,OCC_TO_CU
1717476099.0110536,273,15.0,29.5,CU_TO_DEV
1717476099.0281827,273,37.5,29.5,CU_TO_DEV
1717476103.406699,154,4.5,29.5,OCC_TO_CU
1717476103.4147012,241,25.0,29.5,CU_TO_DEV
1717476103.432377,241,75.0,29.5,CU_TO_DEV
1717476108.9141452,322,4.1,29.5,OCC_TO_CU
1717476108.9149735,322,0.0,29.5,OCC_TO_CU
1717476109.0189536,273,18.6,29.6,CU_TO_DEV
1717476109.0358899,273,42.9,29.6,CU_TO_DEV
1717476118.9349027,322,4.2,29.5,OCC_TO_CU
1717476118.9358344,322,0.0,29.5,OCC_TO_CU
1717476119.024752,273,21.6,29.6,CU_TO_DEV
1717476119.043401,273,37.5,29.6,CU_TO_DEV
1717476128.9457555,322,4.9,29.5,OCC_TO_CU
1717476128.9464314,322,0.0,29.5,OCC_TO_CU
1717476129.0337675,273,17.1,29.6,CU_TO_DEV
1717476129.052308,273,28.6,29.6,CU_TO_DEV
1717476138.9504008,322,4.4,29.5,OCC_TO_CU
1717476138.9514499,322,0.0,29.5,OCC_TO_CU
1717476139.0398917,273,17.1,29.6,CU_TO_DEV
1717476139.0577745,273,28.6,29.6,CU_TO_DEV
1717476148.9685912,322,3.4,29.5,OCC_TO_CU
1717476148.974626,322,0.0,29.5,OCC_TO_CU
1717476149.0449126,273,35.7,29.6,CU_TO_DEV
1717476149.0634925,273,37.5,29.6,CU_TO_DEV
1717476153.5205739,154,5.7,29.5,OCC_TO_CU
1717476153.647808,241,9.8,29.5,CU_TO_DEV
1717476153.6667857,241,28.6,29.5,CU_TO_DEV
1717476158.9828737,322,3.5,29.5,OCC_TO_CU
1717476158.9837337,322,0.0,29.5,OCC_TO_CU
1717476159.055497,273,85.7,29.6,CU_TO_DEV
1717476159.0706043,273,100.0,29.6,CU_TO_DEV
1717476168.9897902,322,3.7,29.4,OCC_TO_CU
1717476168.9906178,322,0.0,29.4,OCC_TO_CU
1717476169.0604763,273,22.2,29.5,CU_TO_DEV
1717476169.0787919,273,28.6,29.5,CU_TO_DEV
1717476178.998705,322,3.8,29.4,OCC_TO_CU
1717476178.9995165,322,100.0,29.4,OCC_TO_CU
1717476179.065414,273,23.1,29.5,CU_TO_DEV
1717476179.0849693,273,33.3,29.5,CU_TO_DEV
1717476189.0206203,322,4.3,29.4,OCC_TO_CU
1717476189.0215435,322,0.0,29.4,OCC_TO_CU
1717476189.0716193,273,36.4,29.5,CU_TO_DEV
1717476189.092918,273,44.4,29.5,CU_TO_DEV
1717476199.0219164,322,3.9,29.5,OCC_TO_CU
1717476199.02274,322,0.0,29.5,OCC_TO_CU
1717476199.076746,273,28.6,29.5,CU_TO_DEV
1717476199.099411,273,40.0,29.5,CU_TO_DEV
1717476203.5532978,154,4.3,29.5,OCC_TO_CU
1717476203.680055,241,12.0,29.6,CU_TO_DEV
1717476203.7037218,241,12.5,29.6,CU_TO_DEV
1717476209.0268672,322,3.9,29.5,OCC_TO_CU
1717476209.0279331,322,0.0,29.5,OCC_TO_CU
1717476209.085428,273,30.4,29.6,CU_TO_DEV
1717476209.1067946,273,25.0,29.6,CU_TO_DEV
1717476219.0588942,322,4.6,29.5,OCC_TO_CU
1717476219.0597117,322,100.0,29.5,OCC_TO_CU
1717476219.0919971,273,27.3,29.6,CU_TO_DEV
1717476219.1165159,273,36.4,29.6,CU_TO_DEV
1717476229.0883875,322,4.0,29.6,OCC_TO_CU
1717476229.089264,322,0.0,29.6,OCC_TO_CU
1717476229.099707,273,50.0,29.6,CU_TO_DEV
1717476229.1229756,273,87.5,29.6,CU_TO_DEV
1717476239.0807385,322,5.8,29.4,OCC_TO_CU
1717476239.0840714,322,0.0,29.4,OCC_TO_CU
1717476239.1073964,273,55.6,29.5,CU_TO_DEV
1717476239.129567,273,37.5,29.5,CU_TO_DEV
1717476249.1314476,322,3.6,29.5,OCC_TO_CU
1717476249.132096,322,0.0,29.5,OCC_TO_CU
1717476249.1345503,273,0.0,29.5,CU_TO_DEV
1717476249.3141575,273,15.5,29.6,CU_TO_DEV
1717476253.630582,154,4.6,29.5,OCC_TO_CU
1717476253.7179627,241,17.6,29.5,CU_TO_DEV
1717476253.7375755,241,25.0,29.5,CU_TO_DEV
1717476259.1007874,322,3.8,29.5,OCC_TO_CU
1717476259.1014106,322,0.0,29.5,OCC_TO_CU
1717476259.121818,273,50.0,29.5,CU_TO_DEV
1717476259.1411407,273,57.1,29.6,CU_TO_DEV
1717476269.1199336,322,3.5,29.6,OCC_TO_CU
1717476269.1231744,322,0.0,29.6,OCC_TO_CU
1717476269.1281967,273,50.0,29.6,CU_TO_DEV
1717476269.1473148,273,66.7,29.6,CU_TO_DEV
1717476279.163682,322,6.0,29.4,OCC_TO_CU
1717476279.1642084,322,0.0,29.4,OCC_TO_CU
1717476279.3376079,273,11.6,29.5,CU_TO_DEV
1717476279.3537853,273,50.0,29.5,CU_TO_DEV
1717476289.1425362,322,3.7,29.5,OCC_TO_CU
1717476289.1432335,322,100.0,29.5,OCC_TO_CU
1717476289.1464648,273,0.0,29.5,CU_TO_DEV
1717476289.1593983,273,75.0,29.5,CU_TO_DEV
1717476299.1538596,322,3.4,29.6,OCC_TO_CU
1717476299.1544955,322,0.0,29.6,OCC_TO_CU
1717476299.1675656,273,60.0,29.6,CU_TO_DEV
1717476299.35268,273,60.0,29.6,CU_TO_DEV
1717476303.396944,154,3.7,29.5,OCC_TO_CU
1717476303.5549967,241,14.5,29.5,CU_TO_DEV
1717476303.5709724,241,16.7,29.5,CU_TO_DEV
1717476309.1670904,322,3.9,29.5,OCC_TO_CU
1717476309.1677508,322,100.0,29.5,OCC_TO_CU
1717476309.1743388,273,0.0,29.5,CU_TO_DEV
1717476309.359454,273,18.4,29.5,CU_TO_DEV
1717476319.165721,322,3.8,29.5,OCC_TO_CU
1717476319.1663709,322,0.0,29.5,OCC_TO_CU
1717476319.1694822,273,0.0,29.5,CU_TO_DEV
1717476319.180604,273,66.7,29.6,CU_TO_DEV
1717476329.183297,322,5.7,29.4,OCC_TO_CU
1717476329.183818,322,0.0,29.4,OCC_TO_CU
1717476329.1877701,273,0.0,29.4,CU_TO_DEV
1717476329.3785272,273,14.3,29.5,CU_TO_DEV
1717476339.2034512,322,3.3,29.5,OCC_TO_CU
1717476339.2040734,322,0.0,29.5,OCC_TO_CU
1717476339.3835537,273,13.7,29.6,CU_TO_DEV
1717476339.392806,273,75.0,29.6,CU_TO_DEV
1717476349.2161646,322,4.6,29.4,OCC_TO_CU
1717476349.2169046,322,0.0,29.4,OCC_TO_CU
1717476349.3889885,273,8.8,29.5,CU_TO_DEV
1717476349.4042459,273,40.0,29.5,CU_TO_DEV
1717476353.462253,154,4.6,29.5,OCC_TO_CU
1717476353.5911179,241,15.7,29.6,CU_TO_DEV
1717476353.6078286,241,16.7,29.6,CU_TO_DEV
1717476359.2122114,322,3.7,29.5,OCC_TO_CU
1717476359.2129624,322,0.0,29.5,OCC_TO_CU
1717476359.3992403,273,12.2,29.6,CU_TO_DEV
1717476359.4115949,273,60.0,29.6,CU_TO_DEV
1717476369.256893,322,3.7,29.5,OCC_TO_CU
1717476369.257412,322,0.0,29.5,OCC_TO_CU
1717476369.407744,273,13.6,29.6,CU_TO_DEV
1717476369.4193835,273,100.0,29.6,CU_TO_DEV
1717476379.2521336,322,5.0,29.5,OCC_TO_CU
1717476379.252782,322,0.0,29.5,OCC_TO_CU
1717476379.4144866,273,13.8,29.6,CU_TO_DEV
1717476379.4253151,273,60.0,29.6,CU_TO_DEV
1717476389.2560487,322,3.3,29.5,OCC_TO_CU
1717476389.2565413,322,0.0,29.5,OCC_TO_CU
1717476389.421502,273,10.8,29.6,CU_TO_DEV
1717476389.4319997,273,50.0,29.6,CU_TO_DEV
1717476399.2882886,322,3.8,29.6,OCC_TO_CU
1717476399.2889557,322,0.0,29.6,OCC_TO_CU
1717476399.4284468,273,16.4,29.7,CU_TO_DEV
1717476399.4390392,273,66.7,29.7,CU_TO_DEV
1717476403.5435116,154,4.6,29.6,OCC_TO_CU
1717476403.6325436,241,17.1,29.7,CU_TO_DEV
1717476403.6435795,241,40.0,29.7,CU_TO_DEV
1717476409.2806125,322,5.0,29.6,OCC_TO_CU
1717476409.281114,322,0.0,29.6,OCC_TO_CU
1717476409.4372826,273,11.1,29.7,CU_TO_DEV
1717476409.4493055,273,60.0,29.7,CU_TO_DEV
1717476419.302894,322,5.1,29.4,OCC_TO_CU
1717476419.303398,322,0.0,29.4,OCC_TO_CU
1717476419.4425962,273,16.1,29.5,CU_TO_DEV
1717476419.4604998,273,50.0,29.5,CU_TO_DEV
1717476429.3154383,322,4.5,29.3,OCC_TO_CU
1717476429.3159735,322,0.0,29.3,OCC_TO_CU
1717476429.4495018,273,15.4,29.4,CU_TO_DEV
1717476429.4661183,273,40.0,29.4,CU_TO_DEV
1717476439.326829,322,3.5,29.4,OCC_TO_CU
1717476439.3275194,322,100.0,29.4,OCC_TO_CU
1717476439.4566596,273,19.2,29.5,CU_TO_DEV
1717476439.472674,273,50.0,29.5,CU_TO_DEV
1717476449.3386226,322,4.0,29.5,OCC_TO_CU
1717476449.3394215,322,100.0,29.5,OCC_TO_CU
1717476449.4618464,273,18.4,29.5,CU_TO_DEV
1717476449.4780679,273,85.7,29.5,CU_TO_DEV
1717476453.6172495,154,4.8,29.5,OCC_TO_CU
1717476453.6653285,241,36.8,29.5,CU_TO_DEV
1717476453.680627,241,33.3,29.5,CU_TO_DEV
1717476459.3512416,322,3.8,29.5,OCC_TO_CU
1717476459.3519092,322,0.0,29.5,OCC_TO_CU
1717476459.469536,273,15.6,29.6,CU_TO_DEV
1717476459.4856598,273,60.0,29.6,CU_TO_DEV
1717476469.3671434,322,4.5,29.4,OCC_TO_CU
1717476469.3678172,322,0.0,29.4,OCC_TO_CU
1717476469.4759152,273,22.7,29.5,CU_TO_DEV
1717476469.4978478,273,100.0,29.5,CU_TO_DEV
1717476479.3918176,322,4.4,29.4,OCC_TO_CU
1717476479.3924887,322,0.0,29.4,OCC_TO_CU
1717476479.4842815,273,27.0,29.5,CU_TO_DEV
1717476479.503425,273,57.1,29.5,CU_TO_DEV
1717476489.3909671,322,4.0,29.5,OCC_TO_CU
1717476489.391614,322,0.0,29.5,OCC_TO_CU
1717476489.4927409,273,26.8,29.6,CU_TO_DEV
1717476489.5082583,273,50.0,29.6,CU_TO_DEV
1717476499.3892303,322,3.7,29.5,OCC_TO_CU
1717476499.3902345,322,0.0,29.5,OCC_TO_CU
1717476499.5001554,273,25.0,29.6,CU_TO_DEV
1717476499.5143495,273,60.0,29.6,CU_TO_DEV
1717476503.5792985,154,4.5,29.6,OCC_TO_CU
1717476503.7029796,241,14.9,29.7,CU_TO_DEV
1717476503.7188838,241,28.6,29.7,CU_TO_DEV
1717476509.402804,322,5.4,29.5,OCC_TO_CU
1717476509.4038386,322,100.0,29.5,OCC_TO_CU
1717476509.506502,273,22.0,29.6,CU_TO_DEV
1717476509.5225716,273,33.3,29.6,CU_TO_DEV
1717476519.4224787,322,3.6,29.6,OCC_TO_CU
1717476519.4231088,322,0.0,29.6,OCC_TO_CU
1717476519.5117643,273,27.8,29.7,CU_TO_DEV
1717476519.5315506,273,66.7,29.7,CU_TO_DEV
1717476529.4466321,322,3.7,29.6,OCC_TO_CU
1717476529.447907,322,50.0,29.6,OCC_TO_CU
1717476529.5200748,273,41.4,29.7,CU_TO_DEV
1717476529.5364962,273,71.4,29.7,CU_TO_DEV
1717476539.471616,322,5.4,29.5,OCC_TO_CU
1717476539.4724405,322,0.0,29.5,OCC_TO_CU
1717476539.5268009,273,47.4,29.6,CU_TO_DEV
1717476539.5438623,273,50.0,29.6,CU_TO_DEV
1717476549.4714298,322,3.5,29.5,OCC_TO_CU
1717476549.4720592,322,0.0,29.5,OCC_TO_CU
1717476549.533959,273,87.5,29.6,CU_TO_DEV
1717476549.5508382,273,100.0,29.6,CU_TO_DEV
1717476553.7626848,154,7.5,29.4,OCC_TO_CU
1717476553.9398384,241,7.1,29.5,CU_TO_DEV
1717476553.953213,241,33.3,29.5,CU_TO_DEV
1717476559.4862244,322,3.8,29.4,OCC_TO_CU
1717476559.4869733,322,0.0,29.4,OCC_TO_CU
1717476559.543454,273,56.5,29.5,CU_TO_DEV
1717476559.5558581,273,0.0,29.5,CU_TO_DEV
1717476569.497789,322,3.8,29.4,OCC_TO_CU
1717476569.4984422,322,0.0,29.4,OCC_TO_CU
1717476569.5507326,273,52.6,29.5,CU_TO_DEV
1717476569.5607443,273,66.7,29.5,CU_TO_DEV
1717476579.5289145,322,3.5,29.5,OCC_TO_CU
1717476579.5296032,322,0.0,29.5,OCC_TO_CU
1717476579.5569465,273,75.0,29.5,CU_TO_DEV
1717476579.5660431,273,50.0,29.5,CU_TO_DEV
1717476589.5174656,322,3.7,29.5,OCC_TO_CU
1717476589.51812,322,0.0,29.5,OCC_TO_CU
1717476589.5629983,273,61.1,29.6,CU_TO_DEV
1717476589.5720866,273,75.0,29.6,CU_TO_DEV
1717476599.5386374,322,4.1,29.5,OCC_TO_CU
1717476599.539298,322,0.0,29.5,OCC_TO_CU
1717476599.5742233,273,84.6,29.5,CU_TO_DEV
1717476599.5784323,273,100.0,29.5,CU_TO_DEV
1717476603.837718,154,6.9,29.5,OCC_TO_CU
1717476603.977258,241,20.7,29.5,CU_TO_DEV
1717476603.9836788,241,33.3,29.5,CU_TO_DEV
1717476609.545085,322,3.5,29.4,OCC_TO_CU
1717476609.545624,322,0.0,29.4,OCC_TO_CU
1717476609.580988,273,66.7,29.5,CU_TO_DEV
1717476609.5869975,273,0.0,29.5,CU_TO_DEV
1717476619.564814,322,3.5,29.5,OCC_TO_CU
1717476619.5653071,322,0.0,29.5,OCC_TO_CU
1717476619.586485,273,75.0,29.5,CU_TO_DEV
1717476619.5930722,273,100.0,29.5,CU_TO_DEV
1717476629.5927105,322,4.7,29.5,OCC_TO_CU
1717476629.5932484,322,0.0,29.5,OCC_TO_CU
1717476629.5937006,273,0.0,29.5,CU_TO_DEV
1717476629.5979471,273,0.0,29.5,CU_TO_DEV
1717476639.5843465,322,3.6,29.5,OCC_TO_CU
1717476639.5848966,322,0.0,29.5,OCC_TO_CU
1717476639.6023512,273,71.4,29.5,CU_TO_DEV
1717476639.6031275,273,0.0,29.5,CU_TO_DEV
1717476649.6034594,322,5.1,29.5,OCC_TO_CU
1717476649.606716,322,50.0,29.5,OCC_TO_CU
1717476649.6077564,273,0.0,29.5,CU_TO_DEV
1717476649.6149642,273,0.0,29.5,CU_TO_DEV
1717476649.80851,273,17.9,29.6,CU_TO_DEV
1717476654.8249404,154,4.0,29.5,OCC_TO_CU
1717476655.011216,241,8.1,29.6,CU_TO_DEV
1717476655.0187438,241,0.0,29.6,CU_TO_DEV
1717476659.6115491,322,4.1,29.6,OCC_TO_CU
1717476659.6138384,273,0.0,29.6,CU_TO_DEV
1717476659.6149569,322,0.0,29.6,OCC_TO_CU
1717476659.6218352,273,66.7,29.6,CU_TO_DEV
1717476659.8147235,273,18.2,29.7,CU_TO_DEV
1717476669.6307294,322,4.8,29.5,OCC_TO_CU
1717476669.633529,322,50.0,29.5,OCC_TO_CU
1717476669.820227,273,16.7,29.6,CU_TO_DEV
1717476669.8281803,273,50.0,29.6,CU_TO_DEV
1717476679.652963,322,4.4,29.5,OCC_TO_CU
1717476679.6546192,322,0.0,29.5,OCC_TO_CU
1717476679.8299842,273,11.6,29.6,CU_TO_DEV
1717476679.836,273,33.3,29.6,CU_TO_DEV
1717476689.654888,322,3.5,29.5,OCC_TO_CU
1717476689.655647,322,100.0,29.5,OCC_TO_CU
1717476689.83489,273,14.5,29.6,CU_TO_DEV
1717476689.842568,273,33.3,29.6,CU_TO_DEV
1717476699.6802685,322,4.3,29.4,OCC_TO_CU
1717476699.681112,322,0.0,29.4,OCC_TO_CU
1717476699.8404918,273,20.6,29.5,CU_TO_DEV
1717476699.8484128,273,25.0,29.5,CU_TO_DEV
1717476704.830756,154,4.1,29.5,OCC_TO_CU
1717476704.844829,241,57.1,29.5,CU_TO_DEV
1717476704.852326,241,66.7,29.5,CU_TO_DEV
1717476709.67691,322,4.0,29.6,OCC_TO_CU
1717476709.6775975,322,0.0,29.6,OCC_TO_CU
1717476709.847669,273,19.1,29.6,CU_TO_DEV
1717476709.859432,273,20.0,29.6,CU_TO_DEV
1717476719.7035913,322,3.9,29.6,OCC_TO_CU
1717476719.7046366,322,0.0,29.6,OCC_TO_CU
1717476719.8529897,273,17.9,29.6,CU_TO_DEV
1717476719.864862,273,25.0,29.6,CU_TO_DEV
1717476729.7067008,322,4.3,29.6,OCC_TO_CU
1717476729.707253,322,100.0,29.6,OCC_TO_CU
1717476729.8614435,273,77.0,29.7,CU_TO_DEV
1717476729.8709447,273,0.0,29.7,CU_TO_DEV
1717476739.7300756,322,4.8,29.4,OCC_TO_CU
1717476739.7306602,322,0.0,29.4,OCC_TO_CU
1717476739.8712451,273,25.4,29.5,CU_TO_DEV
1717476739.8806396,273,0.0,29.5,CU_TO_DEV
1717476749.723634,322,3.8,29.5,OCC_TO_CU
1717476749.726932,322,0.0,29.5,OCC_TO_CU
1717476749.8766437,273,22.4,29.6,CU_TO_DEV
1717476749.8869357,273,33.3,29.6,CU_TO_DEV
1717476754.9812214,154,4.3,29.4,OCC_TO_CU
1717476755.081607,241,19.0,29.5,CU_TO_DEV
1717476755.0898056,241,0.0,29.5,CU_TO_DEV
1717476759.742586,322,4.0,29.5,OCC_TO_CU
1717476759.7458742,322,66.7,29.5,OCC_TO_CU
1717476759.8854764,273,26.8,29.6,CU_TO_DEV
1717476759.8928783,273,0.0,29.6,CU_TO_DEV
1717476769.7625842,322,3.8,29.5,OCC_TO_CU
1717476769.7633948,322,50.0,29.5,OCC_TO_CU
1717476769.8917544,273,29.4,29.6,CU_TO_DEV
1717476769.8989599,273,0.0,29.6,CU_TO_DEV
1717476779.766212,322,3.7,29.6,OCC_TO_CU
1717476779.766874,322,0.0,29.6,OCC_TO_CU
1717476779.899594,273,32.1,29.7,CU_TO_DEV
1717476779.90396,273,0.0,29.7,CU_TO_DEV
1717476789.7911065,322,4.7,29.5,OCC_TO_CU
1717476789.7917628,322,50.0,29.5,OCC_TO_CU
1717476789.904753,273,31.8,29.6,CU_TO_DEV
1717476789.915066,273,0.0,29.6,CU_TO_DEV
1717476799.8215702,322,4.4,29.5,OCC_TO_CU
1717476799.826486,322,0.0,29.5,OCC_TO_CU
1717476799.912467,273,94.6,29.6,CU_TO_DEV
1717476799.9216938,273,100.0,29.6,CU_TO_DEV
1717476805.0935729,154,4.8,29.4,OCC_TO_CU
1717476805.1189513,241,33.3,29.4,CU_TO_DEV
1717476805.127073,241,66.7,29.5,CU_TO_DEV
1717476809.7995827,322,4.4,29.4,OCC_TO_CU
1717476809.800674,322,0.0,29.4,OCC_TO_CU
1717476809.923926,273,30.6,29.5,CU_TO_DEV
1717476809.9302292,273,0.0,29.5,CU_TO_DEV
1717476819.8355305,322,3.9,29.6,OCC_TO_CU
1717476819.8379242,322,0.0,29.6,OCC_TO_CU
1717476819.9330487,273,31.6,29.7,CU_TO_DEV
1717476819.9360893,273,0.0,29.7,CU_TO_DEV
1717476829.8379257,322,4.7,29.6,OCC_TO_CU
1717476829.8430321,322,50.0,29.6,OCC_TO_CU
1717476829.9434683,273,97.6,29.6,CU_TO_DEV
1717476829.9439647,273,0.0,29.6,CU_TO_DEV
1717476839.8474898,322,4.1,29.5,OCC_TO_CU
1717476839.8502843,322,0.0,29.5,OCC_TO_CU
1717476839.949773,273,26.8,29.5,CU_TO_DEV
1717476839.950138,273,0.0,29.5,CU_TO_DEV
1717476849.8546855,322,3.8,29.5,OCC_TO_CU
1717476849.8556783,322,100.0,29.5,OCC_TO_CU
1717476849.9548986,273,30.8,29.6,CU_TO_DEV
1717476849.955598,273,0.0,29.6,CU_TO_DEV
1717476855.1211174,154,5.8,29.5,OCC_TO_CU
1717476855.1581872,241,40.0,29.6,CU_TO_DEV
1717476855.1581135,241,40.0,29.6,CU_TO_DEV
1717476859.8705513,322,3.5,29.5,OCC_TO_CU
1717476859.8738945,322,50.0,29.5,OCC_TO_CU
1717476859.9615636,273,19.4,29.5,CU_TO_DEV
1717476859.961355,273,19.4,29.5,CU_TO_DEV
1717476869.8767729,322,4.1,29.5,OCC_TO_CU
1717476869.8799326,322,0.0,29.5,OCC_TO_CU
1717476869.9706795,273,20.0,29.6,CU_TO_DEV
1717476869.9708505,273,20.0,29.6,CU_TO_DEV
1717476879.9016197,322,4.6,29.6,OCC_TO_CU
1717476879.9036984,322,0.0,29.6,OCC_TO_CU
1717476879.9787052,273,23.3,29.7,CU_TO_DEV
1717476879.9788055,273,23.3,29.7,CU_TO_DEV
1717476889.9155886,322,4.0,29.6,OCC_TO_CU
1717476889.9166372,322,0.0,29.6,OCC_TO_CU
1717476889.985078,273,25.9,29.7,CU_TO_DEV
1717476889.985557,273,0.0,29.7,CU_TO_DEV
1717476899.93368,322,3.8,29.7,OCC_TO_CU
1717476899.934386,322,0.0,29.7,OCC_TO_CU
1717476899.9916072,273,26.1,29.8,CU_TO_DEV
1717476899.9918904,273,0.0,29.8,CU_TO_DEV
1717476905.1970627,154,4.0,29.8,OCC_TO_CU
1717476905.3961074,241,11.1,29.9,CU_TO_DEV
1717476905.3963652,241,0.0,29.9,CU_TO_DEV
1717476909.9622152,322,4.1,29.8,OCC_TO_CU
1717476909.96281,322,0.0,29.8,OCC_TO_CU
1717476910.00058,273,40.0,29.9,CU_TO_DEV
1717476910.0011806,273,0.0,29.9,CU_TO_DEV
1717476919.958641,322,4.3,29.8,OCC_TO_CU
1717476919.964902,322,100.0,29.8,OCC_TO_CU
1717476920.0102727,273,100.0,29.9,CU_TO_DEV
1717476920.0099177,273,100.0,29.9,CU_TO_DEV
1717476929.9695566,322,5.3,29.6,OCC_TO_CU
1717476929.9701898,322,0.0,29.6,OCC_TO_CU
1717476930.0214667,273,86.4,29.7,CU_TO_DEV
1717476930.0223248,273,0.0,29.7,CU_TO_DEV
1717476939.9715343,322,4.1,29.6,OCC_TO_CU
1717476939.972152,322,0.0,29.6,OCC_TO_CU
1717476940.0273635,273,30.4,29.6,CU_TO_DEV
1717476940.027145,273,30.4,29.6,CU_TO_DEV
1717476949.991669,322,3.7,29.6,OCC_TO_CU
1717476949.9923873,322,0.0,29.6,OCC_TO_CU
1717476950.0331595,273,41.2,29.6,CU_TO_DEV
1717476950.0330853,273,41.2,29.6,CU_TO_DEV
1717476954.9788053,154,4.0,29.6,OCC_TO_CU
1717476955.0363348,241,27.3,29.7,CU_TO_DEV
1717476955.036275,241,27.3,29.7,CU_TO_DEV
1717476960.0184581,322,4.0,29.7,OCC_TO_CU
1717476960.0191078,322,0.0,29.7,OCC_TO_CU
1717476960.0394251,273,60.0,29.7,CU_TO_DEV
1717476960.0421636,273,0.0,29.7,CU_TO_DEV
1717476969.9972742,322,4.7,29.6,OCC_TO_CU
1717476969.9978657,322,0.0,29.6,OCC_TO_CU
1717476970.0495589,273,21.1,29.7,CU_TO_DEV
1717476970.049945,273,0.0,29.7,CU_TO_DEV
1717476980.0167196,322,3.7,29.7,OCC_TO_CU
1717476980.0173419,322,0.0,29.7,OCC_TO_CU
1717476980.054926,273,35.7,29.7,CU_TO_DEV
1717476980.054865,273,35.7,29.7,CU_TO_DEV
1717476990.0048902,322,4.4,29.6,OCC_TO_CU
1717476990.0055165,322,0.0,29.6,OCC_TO_CU
1717476990.0609858,273,26.1,29.7,CU_TO_DEV
1717476990.0612798,273,0.0,29.7,CU_TO_DEV
1717477000.0271118,322,3.9,29.7,OCC_TO_CU
1717477000.0277467,322,100.0,29.7,OCC_TO_CU
1717477000.067159,273,40.0,29.8,CU_TO_DEV
1717477000.0669978,273,43.7,29.8,CU_TO_DEV
1717477005.043463,154,4.2,29.7,OCC_TO_CU
1717477005.070189,241,54.5,29.8,CU_TO_DEV
1717477005.0701296,241,54.5,29.8,CU_TO_DEV
1717477010.0520747,322,3.8,29.7,OCC_TO_CU
1717477010.055229,322,100.0,29.7,OCC_TO_CU
1717477010.0733476,273,42.9,29.7,CU_TO_DEV
1717477010.0736995,273,0.0,29.7,CU_TO_DEV
1717477020.0606856,322,4.3,29.7,OCC_TO_CU
1717477020.0613074,322,0.0,29.7,OCC_TO_CU
1717477020.083431,273,50.0,29.8,CU_TO_DEV
1717477020.0841932,273,0.0,29.8,CU_TO_DEV
1717477030.0812037,322,3.6,29.7,OCC_TO_CU
1717477030.0818114,322,0.0,29.7,OCC_TO_CU
1717477030.089862,273,0.0,29.7,CU_TO_DEV
1717477030.0903492,273,0.0,29.7,CU_TO_DEV
1717477040.0929062,322,4.9,29.7,OCC_TO_CU
1717477040.0934436,322,0.0,29.7,OCC_TO_CU
1717477040.1005378,273,33.3,29.7,CU_TO_DEV
1717477040.1013083,273,0.0,29.7,CU_TO_DEV
1717477050.1021264,322,3.7,29.7,OCC_TO_CU
1717477050.1028495,322,0.0,29.7,OCC_TO_CU
1717477050.1065,273,50.0,29.7,CU_TO_DEV
1717477050.106692,273,0.0,29.7,CU_TO_DEV
1717477055.1124163,154,5.5,29.7,OCC_TO_CU
1717477055.3093214,241,45.0,29.8,CU_TO_DEV
1717477055.309785,241,0.0,29.8,CU_TO_DEV
1717477060.089897,322,5.6,29.5,OCC_TO_CU
1717477060.0904267,322,0.0,29.5,OCC_TO_CU
1717477060.1167758,273,53.8,29.6,CU_TO_DEV
1717477060.117363,273,0.0,29.6,CU_TO_DEV
1717477070.1196947,322,3.7,29.6,OCC_TO_CU
1717477070.1203063,322,0.0,29.6,OCC_TO_CU
1717477070.122941,273,0.0,29.6,CU_TO_DEV
1717477070.123163,273,0.0,29.6,CU_TO_DEV
1717477080.115097,322,3.9,29.6,OCC_TO_CU
1717477080.115729,322,100.0,29.6,OCC_TO_CU
1717477080.1288877,273,25.0,29.6,CU_TO_DEV
1717477080.129702,273,0.0,29.6,CU_TO_DEV
1717477090.1416922,322,3.8,29.7,OCC_TO_CU
1717477090.142323,322,0.0,29.7,OCC_TO_CU
1717477090.33707,273,9.1,29.7,CU_TO_DEV
1717477090.3374665,273,0.0,29.7,CU_TO_DEV
1717477100.1446793,322,3.7,29.7,OCC_TO_CU
1717477100.1452858,322,0.0,29.7,OCC_TO_CU
1717477100.342829,273,10.0,29.8,CU_TO_DEV
1717477100.3428967,273,10.0,29.8,CU_TO_DEV
1717477105.182449,154,5.9,29.7,OCC_TO_CU
1717477105.3483274,241,7.6,29.8,CU_TO_DEV
1717477105.3485587,241,0.0,29.8,CU_TO_DEV
1717477110.168578,322,3.3,29.7,OCC_TO_CU
1717477110.169201,322,0.0,29.7,OCC_TO_CU
1717477110.3517044,273,6.9,29.8,CU_TO_DEV
1717477110.3517885,273,6.9,29.8,CU_TO_DEV
1717477120.2020216,322,4.5,29.7,OCC_TO_CU
1717477120.2027266,322,0.0,29.7,OCC_TO_CU
1717477120.3573778,273,9.7,29.8,CU_TO_DEV
1717477120.359862,273,0.0,29.8,CU_TO_DEV
1717477130.1945775,322,3.6,29.7,OCC_TO_CU
1717477130.1952546,322,100.0,29.7,OCC_TO_CU
1717477130.3622491,273,9.0,29.8,CU_TO_DEV
1717477130.3643367,273,0.0,29.8,CU_TO_DEV
1717477140.1998441,322,3.8,29.7,OCC_TO_CU
1717477140.200497,322,0.0,29.7,OCC_TO_CU
1717477140.367316,273,9.1,29.8,CU_TO_DEV
1717477140.3686388,273,0.0,29.8,CU_TO_DEV
1717477150.2118227,322,5.8,29.7,OCC_TO_CU
1717477150.2124245,322,0.0,29.7,OCC_TO_CU
1717477150.3761635,273,6.3,29.8,CU_TO_DEV
1717477150.376014,273,6.3,29.8,CU_TO_DEV
1717477155.261243,154,3.3,29.6,OCC_TO_CU
1717477155.378937,241,11.1,29.7,CU_TO_DEV
1717477155.37885,241,11.1,29.7,CU_TO_DEV
1717477160.2283545,322,3.7,29.7,OCC_TO_CU
1717477160.2290397,322,0.0,29.7,OCC_TO_CU
1717477160.382751,273,9.8,29.7,CU_TO_DEV
1717477160.3833501,273,50.0,29.8,CU_TO_DEV
1717477170.2430649,322,3.4,29.7,OCC_TO_CU
1717477170.243739,322,100.0,29.7,OCC_TO_CU
1717477170.387433,273,12.3,29.8,CU_TO_DEV
1717477170.3909566,273,0.0,29.8,CU_TO_DEV
1717477180.240718,322,4.7,29.6,OCC_TO_CU
1717477180.2413619,322,0.0,29.6,OCC_TO_CU
1717477180.3930593,273,10.0,29.7,CU_TO_DEV
1717477180.3951693,273,0.0,29.7,CU_TO_DEV
1717477190.2704532,322,4.2,29.5,OCC_TO_CU
1717477190.2712028,322,0.0,29.5,OCC_TO_CU
1717477190.400052,273,13.7,29.7,CU_TO_DEV
1717477190.4005291,273,0.0,29.7,CU_TO_DEV
1717477200.2916787,322,4.7,29.5,OCC_TO_CU
1717477200.2923286,322,0.0,29.5,OCC_TO_CU
1717477200.4097857,273,10.9,29.6,CU_TO_DEV
1717477200.4098377,273,10.9,29.6,CU_TO_DEV
1717477205.332819,154,3.7,29.6,OCC_TO_CU
1717477205.4128892,241,25.0,29.7,CU_TO_DEV
1717477205.4134157,241,0.0,29.7,CU_TO_DEV
1717477210.2782867,322,3.9,29.6,OCC_TO_CU
1717477210.2921054,322,40.0,29.6,OCC_TO_CU
1717477210.4156377,273,22.0,29.7,CU_TO_DEV
1717477210.4161754,273,0.0,29.7,CU_TO_DEV
1717477220.2938192,322,3.5,29.7,OCC_TO_CU
1717477220.2946885,322,0.0,29.7,OCC_TO_CU
1717477220.420448,273,8.3,29.7,CU_TO_DEV
1717477220.4252892,273,0.0,29.7,CU_TO_DEV
1717477230.305677,322,3.9,29.7,OCC_TO_CU
1717477230.306535,322,0.0,29.7,OCC_TO_CU
1717477230.4259825,273,14.9,29.8,CU_TO_DEV
1717477230.4297748,273,0.0,29.8,CU_TO_DEV
1717477240.3203638,322,3.7,29.8,OCC_TO_CU
1717477240.3212416,322,0.0,29.8,OCC_TO_CU
1717477240.4318776,273,86.7,29.9,CU_TO_DEV
1717477240.4395187,273,100.0,29.8,CU_TO_DEV
1717477250.3308432,322,5.4,29.5,OCC_TO_CU
1717477250.3319957,322,0.0,29.5,OCC_TO_CU
1717477250.439533,273,15.9,29.6,CU_TO_DEV
1717477250.4438126,273,0.0,29.6,CU_TO_DEV
1717477255.4052067,154,3.3,29.6,OCC_TO_CU
1717477255.4422245,241,40.0,29.6,CU_TO_DEV
1717477255.4471674,241,50.0,29.6,CU_TO_DEV
1717477260.3239045,322,4.0,29.6,OCC_TO_CU
1717477260.324797,322,0.0,29.6,OCC_TO_CU
1717477260.4454765,273,12.5,29.7,CU_TO_DEV
1717477260.4506652,273,0.0,29.7,CU_TO_DEV
1717477270.34729,322,3.8,29.6,OCC_TO_CU
1717477270.348342,322,0.0,29.6,OCC_TO_CU
1717477270.4516356,273,16.7,29.7,CU_TO_DEV
1717477270.503637,273,15.0,29.7,CU_TO_DEV
1717477280.3581705,322,3.9,29.7,OCC_TO_CU
1717477280.3593595,322,0.0,29.7,OCC_TO_CU
1717477280.4599597,273,17.1,29.8,CU_TO_DEV
1717477280.5094788,273,20.0,29.8,CU_TO_DEV
1717477290.3741183,322,4.4,29.6,OCC_TO_CU
1717477290.374723,322,0.0,29.6,OCC_TO_CU
1717477290.465651,273,18.4,29.7,CU_TO_DEV
1717477290.5166886,273,10.0,29.7,CU_TO_DEV
1717477300.3833504,322,3.5,29.7,OCC_TO_CU
1717477300.3841405,322,0.0,29.7,OCC_TO_CU
1717477300.475771,273,91.7,29.8,CU_TO_DEV
1717477300.5228374,273,50.0,29.7,CU_TO_DEV
1717477305.4823182,154,3.2,29.7,OCC_TO_CU
1717477305.5254564,241,40.0,29.8,CU_TO_DEV
1717477305.6809106,241,6.6,29.8,CU_TO_DEV
1717477310.408032,322,4.3,29.7,OCC_TO_CU
1717477310.4086974,322,0.0,29.7,OCC_TO_CU
1717477310.48351,273,25.8,29.8,CU_TO_DEV
1717477310.5286057,273,16.7,29.8,CU_TO_DEV
1717477320.4004562,322,4.3,29.6,OCC_TO_CU
1717477320.4011054,322,0.0,29.6,OCC_TO_CU
1717477320.488337,273,25.0,29.7,CU_TO_DEV
1717477320.5330145,273,16.7,29.7,CU_TO_DEV
1717477330.4130695,322,3.8,29.6,OCC_TO_CU
1717477330.4138215,322,0.0,29.6,OCC_TO_CU
1717477330.4930751,273,16.7,29.7,CU_TO_DEV
1717477330.5385287,273,16.7,29.7,CU_TO_DEV
1717477340.4392061,322,4.4,29.6,OCC_TO_CU
1717477340.4399114,322,0.0,29.6,OCC_TO_CU
1717477340.500797,273,83.3,29.7,CU_TO_DEV
1717477340.5456843,273,100.0,29.7,CU_TO_DEV
1717477350.4462566,322,3.9,29.6,OCC_TO_CU
1717477350.4476378,322,100.0,29.6,OCC_TO_CU
1717477350.5055172,273,29.2,29.7,CU_TO_DEV
1717477350.5519881,273,21.1,29.7,CU_TO_DEV
1717477355.2428753,154,4.0,29.6,OCC_TO_CU
1717477355.3086033,241,32.1,29.7,CU_TO_DEV
1717477355.3546023,241,21.1,29.7,CU_TO_DEV
1717477360.458391,322,3.9,29.6,OCC_TO_CU
1717477360.4590313,322,0.0,29.6,OCC_TO_CU
1717477360.512391,273,27.3,29.7,CU_TO_DEV
1717477360.557183,273,17.6,29.7,CU_TO_DEV
1717477370.4735396,322,3.6,29.7,OCC_TO_CU
1717477370.4742324,322,0.0,29.7,OCC_TO_CU
1717477370.5170398,273,38.9,29.8,CU_TO_DEV
1717477370.5617287,273,12.5,29.8,CU_TO_DEV
1717477380.4745305,322,5.6,29.6,OCC_TO_CU
1717477380.4752774,322,0.0,29.6,OCC_TO_CU
1717477380.528351,273,23.8,29.7,CU_TO_DEV
1717477380.572547,273,16.7,29.7,CU_TO_DEV
1717477390.4720623,322,3.6,29.6,OCC_TO_CU
1717477390.4733093,322,0.0,29.6,OCC_TO_CU
1717477390.5329304,273,26.1,29.7,CU_TO_DEV
1717477390.5782442,273,16.7,29.7,CU_TO_DEV
1717477400.4818459,322,3.8,29.7,OCC_TO_CU
1717477400.4827938,322,0.0,29.7,OCC_TO_CU
1717477400.5408897,273,31.8,29.8,CU_TO_DEV
1717477400.5831718,273,22.2,29.8,CU_TO_DEV
1717477405.3143833,154,4.1,29.7,OCC_TO_CU
1717477405.3434398,241,50.0,29.8,CU_TO_DEV
1717477405.3856852,241,18.8,29.8,CU_TO_DEV
1717477410.5083714,322,3.9,29.8,OCC_TO_CU
1717477410.5091822,322,0.0,29.8,OCC_TO_CU
1717477410.5466034,273,40.0,29.8,CU_TO_DEV
1717477410.5884914,273,25.0,29.8,CU_TO_DEV
1717477420.5453029,322,3.6,29.6,OCC_TO_CU
1717477420.546106,322,0.0,29.6,OCC_TO_CU
1717477420.5525723,273,0.0,29.6,CU_TO_DEV
1717477420.593783,273,93.7,29.7,CU_TO_DEV
1717477430.5195465,322,5.4,29.5,OCC_TO_CU
1717477430.5208113,322,0.0,29.5,OCC_TO_CU
1717477430.5575037,273,40.0,29.5,CU_TO_DEV
1717477430.6002772,273,13.3,29.6,CU_TO_DEV
1717477440.5648236,322,4.8,29.4,OCC_TO_CU
1717477440.5656736,322,0.0,29.4,OCC_TO_CU
1717477440.6050453,273,21.4,29.5,CU_TO_DEV
1717477440.7630942,273,7.8,29.5,CU_TO_DEV
1717477450.550936,322,4.5,29.4,OCC_TO_CU
1717477450.5518026,322,0.0,29.4,OCC_TO_CU
1717477450.5675485,273,57.1,29.4,CU_TO_DEV
1717477450.609635,273,44.4,29.5,CU_TO_DEV
1717477455.3941984,154,4.1,29.4,OCC_TO_CU
1717477455.41305,241,55.6,29.4,CU_TO_DEV
1717477455.5720296,241,14.1,29.5,CU_TO_DEV
1717477460.5593443,322,4.3,29.5,OCC_TO_CU
1717477460.5631237,322,0.0,29.5,OCC_TO_CU
1717477460.5749588,273,50.0,29.5,CU_TO_DEV
1717477460.6169949,273,44.4,29.6,CU_TO_DEV
1717477470.5833073,322,4.9,29.5,OCC_TO_CU
1717477470.5839143,322,0.0,29.5,OCC_TO_CU
1717477470.5839725,273,0.0,29.5,CU_TO_DEV
1717477470.6218033,273,33.3,29.6,CU_TO_DEV
1717477470.7846932,273,6.2,29.6,CU_TO_DEV
1717477480.5941045,322,3.5,29.5,OCC_TO_CU
1717477480.595243,322,50.0,29.5,OCC_TO_CU
1717477480.6269963,273,41.7,29.6,CU_TO_DEV
1717477480.789031,273,7.8,29.6,CU_TO_DEV
1717477490.6040642,322,3.9,29.6,OCC_TO_CU
1717477490.6046793,322,0.0,29.6,OCC_TO_CU
1717477490.6341653,273,46.2,29.7,CU_TO_DEV
1717477490.793461,273,6.6,29.7,CU_TO_DEV
1717477500.63123,322,3.9,29.6,OCC_TO_CU
1717477500.6319213,322,0.0,29.6,OCC_TO_CU
1717477500.640334,273,33.3,29.6,CU_TO_DEV
1717477500.7977996,273,13.1,29.7,CU_TO_DEV
1717477505.3651474,154,4.1,29.6,OCC_TO_CU
1717477505.4000862,241,38.5,29.7,CU_TO_DEV
1717477505.442885,241,23.5,29.7,CU_TO_DEV
1717477510.6665416,322,5.5,29.5,OCC_TO_CU
1717477510.6670516,322,0.0,29.5,OCC_TO_CU
1717477510.803748,273,10.9,29.6,CU_TO_DEV
1717477510.845662,273,11.8,29.6,CU_TO_DEV
1717477520.6444068,322,4.4,29.5,OCC_TO_CU
1717477520.6479208,322,0.0,29.5,OCC_TO_CU
1717477520.6507301,273,0.0,29.5,CU_TO_DEV
1717477520.81232,273,16.9,29.6,CU_TO_DEV
1717477530.7592366,322,3.8,29.5,OCC_TO_CU
1717477530.7600207,322,0.0,29.5,OCC_TO_CU
1717477530.8174841,273,86.4,29.6,CU_TO_DEV
1717477530.8594854,273,100.0,29.6,CU_TO_DEV
1717477540.6600292,322,4.1,29.5,OCC_TO_CU
1717477540.660811,322,0.0,29.5,OCC_TO_CU
1717477540.6642902,273,0.0,29.5,CU_TO_DEV
1717477540.8248518,273,65.1,29.5,CU_TO_DEV
1717477550.6872802,322,3.5,29.4,OCC_TO_CU
1717477550.6879356,322,0.0,29.4,OCC_TO_CU
1717477550.82917,273,10.7,29.5,CU_TO_DEV
1717477550.8698337,273,18.8,29.5,CU_TO_DEV
1717477555.5386956,154,4.2,29.5,OCC_TO_CU
1717477555.6316724,241,18.4,29.5,CU_TO_DEV
1717477555.6738536,241,18.8,29.5,CU_TO_DEV
1717477560.6792903,322,4.5,29.4,OCC_TO_CU
1717477560.679932,322,0.0,29.4,OCC_TO_CU
1717477560.8346984,273,8.3,29.5,CU_TO_DEV
1717477560.8769042,273,12.5,29.5,CU_TO_DEV
1717477570.7047389,322,4.4,29.4,OCC_TO_CU
1717477570.7053607,322,0.0,29.4,OCC_TO_CU
1717477570.8391242,273,14.5,29.5,CU_TO_DEV
1717477570.8818097,273,22.2,29.5,CU_TO_DEV
1717477580.6972723,322,4.6,29.4,OCC_TO_CU
1717477580.6979108,322,0.0,29.4,OCC_TO_CU
1717477580.8462775,273,10.3,29.5,CU_TO_DEV
1717477580.8867733,273,13.3,29.5,CU_TO_DEV
1717477590.7057705,322,3.7,29.4,OCC_TO_CU
1717477590.7064471,322,0.0,29.4,OCC_TO_CU
1717477590.8509028,273,10.5,29.5,CU_TO_DEV
1717477590.8927906,273,12.5,29.5,CU_TO_DEV
1717477600.7210107,322,3.9,29.5,OCC_TO_CU
1717477600.721643,322,0.0,29.5,OCC_TO_CU
1717477600.856699,273,13.2,29.6,CU_TO_DEV
1717477600.8982685,273,22.2,29.6,CU_TO_DEV
1717477605.615289,154,4.3,29.5,OCC_TO_CU
1717477605.659298,241,33.3,29.6,CU_TO_DEV
1717477605.70148,241,18.8,29.6,CU_TO_DEV
1717477610.7289894,322,5.2,29.4,OCC_TO_CU
1717477610.7295158,322,0.0,29.4,OCC_TO_CU
1717477610.8646882,273,7.5,29.5,CU_TO_DEV
1717477610.90466,273,18.7,29.5,CU_TO_DEV
1717477620.7492018,322,3.3,29.5,OCC_TO_CU
1717477620.7498384,322,0.0,29.5,OCC_TO_CU
1717477620.8695352,273,16.3,29.6,CU_TO_DEV
1717477620.9104223,273,17.6,29.6,CU_TO_DEV
1717477630.7607698,322,4.6,29.5,OCC_TO_CU
1717477630.7612855,322,0.0,29.5,OCC_TO_CU
1717477630.877344,273,14.6,29.5,CU_TO_DEV
1717477630.9160767,273,13.3,29.5,CU_TO_DEV
1717477640.7756686,322,4.2,29.4,OCC_TO_CU
1717477640.7761912,322,0.0,29.4,OCC_TO_CU
1717477640.8835049,273,7.3,29.5,CU_TO_DEV
1717477640.9201963,273,14.3,29.5,CU_TO_DEV
1717477650.779622,322,3.4,29.5,OCC_TO_CU
1717477650.7802384,322,0.0,29.5,OCC_TO_CU
1717477650.887857,273,16.3,29.6,CU_TO_DEV
1717477650.9245007,273,21.4,29.6,CU_TO_DEV
1717477655.6866388,154,6.1,29.5,OCC_TO_CU
1717477655.6923735,241,0.0,29.5,CU_TO_DEV
1717477655.7288465,241,50.0,29.5,CU_TO_DEV
1717477660.7748554,322,3.0,29.5,OCC_TO_CU
1717477660.7755136,322,100.0,29.5,OCC_TO_CU
1717477660.8950121,273,83.3,29.5,CU_TO_DEV
1717477660.931205,273,25.0,29.5,CU_TO_DEV
1717477670.8065228,322,3.2,29.4,OCC_TO_CU
1717477670.8072968,322,0.0,29.4,OCC_TO_CU
1717477670.8998282,273,19.4,29.5,CU_TO_DEV
1717477670.9368467,273,35.7,29.5,CU_TO_DEV
1717477680.8161774,322,3.9,29.4,OCC_TO_CU
1717477680.8169267,322,0.0,29.4,OCC_TO_CU
1717477680.9061315,273,19.4,29.5,CU_TO_DEV
1717477680.9448214,273,13.3,29.5,CU_TO_DEV
1717477690.825352,322,3.6,29.5,OCC_TO_CU
1717477690.8274765,322,50.0,29.5,OCC_TO_CU
1717477690.9106567,273,21.2,29.6,CU_TO_DEV
1717477690.950613,273,13.3,29.6,CU_TO_DEV
1717477700.8364146,322,4.9,29.5,OCC_TO_CU
1717477700.837013,322,0.0,29.5,OCC_TO_CU
1717477700.918724,273,18.2,29.6,CU_TO_DEV
1717477700.959977,273,6.7,29.6,CU_TO_DEV
1717477705.7573755,154,5.2,29.4,OCC_TO_CU
1717477705.7637615,241,50.0,29.4,CU_TO_DEV
1717477705.9211998,241,18.7,29.5,CU_TO_DEV
1717477710.836763,322,4.0,29.4,OCC_TO_CU
1717477710.8374236,322,0.0,29.4,OCC_TO_CU
1717477710.9238617,273,17.6,29.5,CU_TO_DEV
1717477710.9669878,273,17.6,29.5,CU_TO_DEV
1717477720.8479035,322,3.7,29.5,OCC_TO_CU
1717477720.8485546,322,0.0,29.5,OCC_TO_CU
1717477720.9289498,273,19.4,29.6,CU_TO_DEV
1717477720.9714153,273,12.5,29.6,CU_TO_DEV
1717477730.867847,322,4.6,29.4,OCC_TO_CU
1717477730.868341,322,0.0,29.4,OCC_TO_CU
1717477730.9341395,273,19.2,29.5,CU_TO_DEV
1717477730.9756796,273,0.0,29.5,CU_TO_DEV
1717477740.930493,322,3.4,29.5,OCC_TO_CU
1717477740.9388537,322,0.0,29.5,OCC_TO_CU
1717477740.9405205,273,100.0,29.5,CU_TO_DEV
1717477740.9801068,273,66.7,29.5,CU_TO_DEV
1717477750.9265332,322,4.6,29.5,OCC_TO_CU
1717477750.9290187,322,50.0,29.5,OCC_TO_CU
1717477750.9489841,273,42.9,29.5,CU_TO_DEV
1717477750.9855855,273,50.0,29.5,CU_TO_DEV
1717477755.5388737,154,4.2,29.5,OCC_TO_CU
1717477755.552999,241,40.0,29.5,CU_TO_DEV
1717477755.5885026,241,50.0,29.5,CU_TO_DEV
1717477760.89601,322,3.4,29.5,OCC_TO_CU
1717477760.897036,322,0.0,29.5,OCC_TO_CU
1717477760.956587,273,21.7,29.5,CU_TO_DEV
1717477760.991568,273,15.4,29.5,CU_TO_DEV
1717477770.9299722,322,4.3,29.4,OCC_TO_CU
1717477770.9304948,322,0.0,29.4,OCC_TO_CU
1717477770.964485,273,42.9,29.5,CU_TO_DEV
1717477770.998053,273,28.6,29.5,CU_TO_DEV
1717477780.9322665,322,3.6,29.5,OCC_TO_CU
1717477780.933071,322,0.0,29.5,OCC_TO_CU
1717477780.9707842,273,78.6,29.6,CU_TO_DEV
1717477781.0029974,273,100.0,29.6,CU_TO_DEV
1717477790.9527419,322,4.2,29.5,OCC_TO_CU
1717477790.9533942,322,0.0,29.5,OCC_TO_CU
1717477790.9770286,273,50.0,29.6,CU_TO_DEV
1717477791.0090053,273,41.7,29.6,CU_TO_DEV
1717477800.9490578,322,4.6,29.5,OCC_TO_CU
1717477800.9497893,322,0.0,29.5,OCC_TO_CU
1717477800.9841998,273,38.5,29.5,CU_TO_DEV
1717477801.0151026,273,25.0,29.6,CU_TO_DEV
1717477805.6459756,154,4.3,29.5,OCC_TO_CU
1717477805.787384,241,13.8,29.6,CU_TO_DEV
1717477805.818144,241,18.2,29.6,CU_TO_DEV
1717477810.9676116,322,3.6,29.5,OCC_TO_CU
1717477810.9682443,322,0.0,29.5,OCC_TO_CU
1717477810.9905472,273,37.5,29.6,CU_TO_DEV
1717477811.0211794,273,36.4,29.6,CU_TO_DEV
1717477820.9778452,322,3.9,29.6,OCC_TO_CU
1717477820.9790754,322,0.0,29.6,OCC_TO_CU
1717477820.997276,273,50.0,29.6,CU_TO_DEV
1717477821.0264373,273,41.7,29.7,CU_TO_DEV
1717477830.9971008,322,3.9,29.6,OCC_TO_CU
1717477830.9978282,322,0.0,29.6,OCC_TO_CU
1717477831.0032384,273,33.3,29.6,CU_TO_DEV
1717477831.0333548,273,83.3,29.7,CU_TO_DEV
1717477840.9851696,322,6.1,29.5,OCC_TO_CU
1717477840.9857867,322,0.0,29.5,OCC_TO_CU
1717477841.0127552,273,50.0,29.5,CU_TO_DEV
1717477841.0484772,273,21.4,29.5,CU_TO_DEV
1717477851.007813,322,3.6,29.4,OCC_TO_CU
1717477851.0084639,322,0.0,29.4,OCC_TO_CU
1717477851.0188327,273,0.0,29.4,CU_TO_DEV
1717477851.0536232,273,66.7,29.5,CU_TO_DEV
1717477855.6783233,154,4.5,29.5,OCC_TO_CU
1717477855.823231,241,12.1,29.6,CU_TO_DEV
1717477855.8562636,241,23.1,29.6,CU_TO_DEV
1717477861.0144784,322,3.6,29.6,OCC_TO_CU
1717477861.014994,322,0.0,29.6,OCC_TO_CU
1717477861.0271747,273,25.0,29.6,CU_TO_DEV
1717477861.0587811,273,38.5,29.7,CU_TO_DEV
1717477871.0355551,322,3.5,29.6,OCC_TO_CU
1717477871.0361826,322,0.0,29.6,OCC_TO_CU
1717477871.0637944,273,50.0,29.7,CU_TO_DEV
1717477871.2334173,273,6.2,29.7,CU_TO_DEV
1717477881.0533028,322,3.7,29.7,OCC_TO_CU
1717477881.053963,322,0.0,29.7,OCC_TO_CU
1717477881.069084,273,50.0,29.7,CU_TO_DEV
1717477881.238334,273,15.9,29.7,CU_TO_DEV
1717477891.0565495,322,4.2,29.6,OCC_TO_CU
1717477891.0571816,322,0.0,29.6,OCC_TO_CU
1717477891.0778494,273,50.0,29.7,CU_TO_DEV
1717477891.2440817,273,11.9,29.7,CU_TO_DEV
1717477901.083506,322,4.5,29.7,OCC_TO_CU
1717477901.084004,322,0.0,29.7,OCC_TO_CU
1717477901.0878794,273,0.0,29.7,CU_TO_DEV
1717477901.24987,273,46.9,29.7,CU_TO_DEV
1717477905.7444701,154,3.5,29.7,OCC_TO_CU
1717477905.8521204,241,9.3,29.7,CU_TO_DEV
1717477905.8905199,241,40.0,29.7,CU_TO_DEV
1717477911.0803976,322,3.9,29.7,OCC_TO_CU
1717477911.0810435,322,0.0,29.7,OCC_TO_CU
1717477911.0941947,273,25.0,29.7,CU_TO_DEV
1717477911.2554784,273,12.5,29.8,CU_TO_DEV
1717477921.1122906,322,3.7,29.7,OCC_TO_CU
1717477921.1129272,322,0.0,29.7,OCC_TO_CU
1717477921.2600734,273,11.9,29.7,CU_TO_DEV
1717477921.3003876,273,43.8,29.8,CU_TO_DEV
1717477931.1364617,322,5.4,29.6,OCC_TO_CU
1717477931.1369903,322,0.0,29.6,OCC_TO_CU
1717477931.267688,273,6.0,29.7,CU_TO_DEV
1717477931.3067598,273,40.0,29.7,CU_TO_DEV
1717477941.1242282,322,3.6,29.6,OCC_TO_CU
1717477941.1249046,322,0.0,29.6,OCC_TO_CU
1717477941.2724962,273,10.5,29.7,CU_TO_DEV
1717477941.311871,273,47.1,29.7,CU_TO_DEV
1717477951.1293795,322,3.4,29.6,OCC_TO_CU
1717477951.1630633,322,30.8,29.7,OCC_TO_CU
1717477951.2770624,273,15.2,29.7,CU_TO_DEV
1717477951.3160844,273,21.4,29.7,CU_TO_DEV
1717477955.7147374,154,3.8,29.6,OCC_TO_CU
1717477955.7180583,241,50.0,29.6,CU_TO_DEV
1717477955.8795388,241,8.1,29.7,CU_TO_DEV
1717477961.1368046,322,3.8,29.7,OCC_TO_CU
1717477961.1377192,322,0.0,29.7,OCC_TO_CU
1717477961.285571,273,16.4,29.8,CU_TO_DEV
1717477961.3209844,273,30.8,29.8,CU_TO_DEV
1717477971.1993906,322,4.2,29.7,OCC_TO_CU
1717477971.2001004,322,0.0,29.7,OCC_TO_CU
1717477971.2927094,273,25.0,29.7,CU_TO_DEV
1717477971.3263347,273,33.3,29.8,CU_TO_DEV
1717477981.1596575,322,4.4,29.6,OCC_TO_CU
1717477981.1604035,322,0.0,29.6,OCC_TO_CU
1717477981.297694,273,16.7,29.7,CU_TO_DEV
1717477981.3340528,273,8.3,29.7,CU_TO_DEV
1717477991.180258,322,3.6,29.7,OCC_TO_CU
1717477991.180908,322,0.0,29.7,OCC_TO_CU
1717477991.3029633,273,19.1,29.8,CU_TO_DEV
1717477991.340084,273,20.0,29.8,CU_TO_DEV
1717478001.1779137,322,3.7,29.7,OCC_TO_CU
1717478001.1787562,322,0.0,29.7,OCC_TO_CU
1717478001.3082168,273,19.2,29.8,CU_TO_DEV
1717478001.3445387,273,21.4,29.8,CU_TO_DEV
1717478005.7849815,154,3.9,29.8,OCC_TO_CU
1717478005.9109616,241,13.7,29.8,CU_TO_DEV
1717478005.94722,241,14.3,29.8,CU_TO_DEV
1717478011.1868875,322,3.9,29.8,OCC_TO_CU
1717478011.1875513,322,0.0,29.8,OCC_TO_CU
1717478011.3143928,273,21.6,29.9,CU_TO_DEV
1717478011.3501072,273,15.4,29.9,CU_TO_DEV
1717478021.2058053,322,3.6,29.8,OCC_TO_CU
1717478021.2066116,322,0.0,29.8,OCC_TO_CU
1717478021.320559,273,23.9,29.9,CU_TO_DEV
1717478021.3554864,273,85.7,29.9,CU_TO_DEV
1717478031.2390807,322,6.5,29.5,OCC_TO_CU
1717478031.2397368,322,0.0,29.5,OCC_TO_CU
1717478031.3292036,273,25.7,29.6,CU_TO_DEV
1717478031.365346,273,23.5,29.6,CU_TO_DEV
1717478041.2290463,322,3.9,29.5,OCC_TO_CU
1717478041.2298253,322,0.0,29.5,OCC_TO_CU
1717478041.3372676,273,25.6,29.6,CU_TO_DEV
1717478041.370605,273,33.3,29.6,CU_TO_DEV
1717478051.2479944,322,4.0,29.6,OCC_TO_CU
1717478051.2486494,322,0.0,29.6,OCC_TO_CU
1717478051.3427186,273,29.7,29.7,CU_TO_DEV
1717478051.376578,273,15.4,29.7,CU_TO_DEV
1717478055.9633825,154,4.0,29.6,OCC_TO_CU
1717478055.9794824,241,57.1,29.6,CU_TO_DEV
1717478056.146094,241,10.6,29.7,CU_TO_DEV
1717478061.2525659,322,3.7,29.7,OCC_TO_CU
1717478061.2547634,322,0.0,29.7,OCC_TO_CU
1717478061.3489416,273,26.5,29.8,CU_TO_DEV
1717478061.3823714,273,21.4,29.8,CU_TO_DEV
1717478071.2689047,322,3.8,29.7,OCC_TO_CU
1717478071.2696202,322,0.0,29.7,OCC_TO_CU
1717478071.354456,273,34.4,29.8,CU_TO_DEV
1717478071.3874607,273,15.4,29.8,CU_TO_DEV
1717478081.2796485,322,4.2,29.7,OCC_TO_CU
1717478081.2805164,322,0.0,29.7,OCC_TO_CU
1717478081.359508,273,46.9,29.8,CU_TO_DEV
1717478081.396254,273,14.3,29.8,CU_TO_DEV
1717478091.2993953,322,3.5,29.7,OCC_TO_CU
1717478091.3005612,322,0.0,29.7,OCC_TO_CU
1717478091.3663442,273,23.1,29.8,CU_TO_DEV
1717478091.4004798,273,21.4,29.9,CU_TO_DEV
1717478101.3155713,322,4.2,29.7,OCC_TO_CU
1717478101.3164337,322,0.0,29.7,OCC_TO_CU
1717478101.37241,273,26.1,29.7,CU_TO_DEV
1717478101.4094272,273,21.4,29.7,CU_TO_DEV
1717478106.0385857,154,4.1,29.7,OCC_TO_CU
1717478106.1754577,241,11.1,29.8,CU_TO_DEV
1717478106.211818,241,21.4,29.8,CU_TO_DEV
1717478111.3156776,322,3.4,29.8,OCC_TO_CU
1717478111.3163178,322,0.0,29.8,OCC_TO_CU
1717478111.3789752,273,16.7,29.8,CU_TO_DEV
1717478111.4146466,273,21.4,29.9,CU_TO_DEV
1717478121.341629,322,2.9,29.8,OCC_TO_CU
1717478121.342221,322,0.0,29.8,OCC_TO_CU
1717478121.3838654,273,29.4,29.9,CU_TO_DEV
1717478121.4195893,273,15.4,29.9,CU_TO_DEV
1717478131.3740375,322,3.7,29.7,OCC_TO_CU
1717478131.374711,322,0.0,29.7,OCC_TO_CU
1717478131.3899715,273,40.0,29.7,CU_TO_DEV
1717478131.4315596,273,94.4,29.8,CU_TO_DEV
1717478141.3621948,322,3.5,29.7,OCC_TO_CU
1717478141.362836,322,0.0,29.7,OCC_TO_CU
1717478141.395095,273,50.0,29.8,CU_TO_DEV
1717478141.4377472,273,25.0,29.8,CU_TO_DEV
1717478151.3672252,322,3.1,29.5,OCC_TO_CU
1717478151.367886,322,0.0,29.5,OCC_TO_CU
1717478151.402547,273,33.3,29.6,CU_TO_DEV
1717478151.442677,273,23.5,29.6,CU_TO_DEV
1717478156.1084127,154,2.7,29.6,OCC_TO_CU
1717478156.2076242,241,82.5,29.6,CU_TO_DEV
1717478156.245043,241,21.4,29.6,CU_TO_DEV
1717478161.382288,322,3.4,29.5,OCC_TO_CU
1717478161.3831441,322,0.0,29.5,OCC_TO_CU
1717478161.4116182,273,36.4,29.6,CU_TO_DEV
1717478161.4475904,273,35.7,29.6,CU_TO_DEV
1717478171.3980794,322,3.6,29.4,OCC_TO_CU
1717478171.4016953,322,0.0,29.4,OCC_TO_CU
1717478171.4172266,273,40.0,29.4,CU_TO_DEV
1717478171.4550815,273,52.9,29.5,CU_TO_DEV
1717478181.417031,322,3.1,29.5,OCC_TO_CU
1717478181.4175909,322,0.0,29.5,OCC_TO_CU
1717478181.425402,273,33.3,29.5,CU_TO_DEV
1717478181.4605172,273,42.9,29.5,CU_TO_DEV
1717478191.4112725,322,4.0,29.5,OCC_TO_CU
1717478191.412247,322,0.0,29.5,OCC_TO_CU
1717478191.4338164,273,44.4,29.5,CU_TO_DEV
1717478191.4667363,273,41.7,29.6,CU_TO_DEV
1717478201.4268966,322,3.1,29.5,OCC_TO_CU
1717478201.4277,322,100.0,29.5,OCC_TO_CU
1717478201.4424314,273,60.0,29.5,CU_TO_DEV
1717478201.4715352,273,45.5,29.6,CU_TO_DEV
1717478205.8772483,154,3.5,29.5,OCC_TO_CU
1717478206.0469975,241,9.1,29.6,CU_TO_DEV
1717478206.075167,241,30.8,29.6,CU_TO_DEV
1717478211.4426649,322,3.2,29.5,OCC_TO_CU
1717478211.4433556,322,100.0,29.5,OCC_TO_CU
1717478211.4499505,273,0.0,29.5,CU_TO_DEV
1717478211.4787667,273,36.4,29.6,CU_TO_DEV
1717478221.46044,322,3.2,29.6,OCC_TO_CU
1717478221.4610963,322,0.0,29.6,OCC_TO_CU
1717478221.4846423,273,50.0,29.6,CU_TO_DEV
1717478221.6562402,273,10.3,29.7,CU_TO_DEV
1717478231.4716117,322,3.9,29.5,OCC_TO_CU
1717478231.4721546,322,0.0,29.5,OCC_TO_CU
1717478231.4929903,273,37.5,29.6,CU_TO_DEV
1717478231.6654367,273,8.7,29.6,CU_TO_DEV
1717478241.4848897,322,2.9,29.6,OCC_TO_CU
1717478241.4854994,322,0.0,29.6,OCC_TO_CU
1717478241.49918,273,40.0,29.6,CU_TO_DEV
1717478241.6711519,273,11.8,29.7,CU_TO_DEV
1717478251.5021446,322,3.0,29.6,OCC_TO_CU
1717478251.5027716,322,0.0,29.6,OCC_TO_CU
1717478251.5046198,273,0.0,29.6,CU_TO_DEV
1717478251.6762319,273,11.8,29.7,CU_TO_DEV
1717478255.954314,154,7.4,29.5,OCC_TO_CU
1717478256.0787194,241,12.2,29.5,CU_TO_DEV
1717478256.1069112,241,10.0,29.5,CU_TO_DEV
1717478261.5033996,322,3.1,29.5,OCC_TO_CU
1717478261.504046,322,0.0,29.5,OCC_TO_CU
1717478261.5107675,273,0.0,29.5,CU_TO_DEV
1717478261.6832535,273,17.1,29.6,CU_TO_DEV
1717478271.508979,322,3.0,29.5,OCC_TO_CU
1717478271.509621,322,0.0,29.5,OCC_TO_CU
1717478271.5167954,273,33.3,29.5,CU_TO_DEV
1717478271.689568,273,18.3,29.6,CU_TO_DEV
1717478281.522717,322,3.4,29.5,OCC_TO_CU
1717478281.5233986,322,100.0,29.5,OCC_TO_CU
1717478281.6963212,273,12.7,29.6,CU_TO_DEV
1717478281.721948,273,20.0,29.6,CU_TO_DEV
1717478291.5297408,322,3.0,29.6,OCC_TO_CU
1717478291.5308187,322,0.0,29.6,OCC_TO_CU
1717478291.70204,273,10.3,29.7,CU_TO_DEV
1717478291.7275038,273,20.0,29.7,CU_TO_DEV
1717478301.5415192,322,3.6,29.5,OCC_TO_CU
1717478301.5425196,322,0.0,29.5,OCC_TO_CU
1717478301.7080886,273,9.2,29.7,CU_TO_DEV
1717478301.735483,273,18.2,29.7,CU_TO_DEV
1717478306.0162249,154,3.2,29.6,OCC_TO_CU
1717478306.1111531,241,17.9,29.7,CU_TO_DEV
1717478306.1379616,241,27.3,29.7,CU_TO_DEV
1717478311.5896175,322,3.3,29.6,OCC_TO_CU
1717478311.5902474,322,0.0,29.6,OCC_TO_CU
1717478311.7143195,273,80.0,29.6,CU_TO_DEV
1717478311.7410307,273,20.0,29.6,CU_TO_DEV
1717478321.5878124,322,3.6,29.5,OCC_TO_CU
1717478321.5884483,322,0.0,29.5,OCC_TO_CU
1717478321.7211244,273,9.8,29.5,CU_TO_DEV
1717478321.7499335,273,25.0,29.5,CU_TO_DEV
1717478331.6027503,322,3.2,29.5,OCC_TO_CU
1717478331.603438,322,100.0,29.5,OCC_TO_CU
1717478331.7268426,273,14.3,29.6,CU_TO_DEV
1717478331.7552717,273,33.3,29.6,CU_TO_DEV
1717478341.6026502,322,3.0,29.5,OCC_TO_CU
1717478341.6046574,322,0.0,29.5,OCC_TO_CU
1717478341.7319052,273,15.4,29.6,CU_TO_DEV
1717478341.759845,273,10.0,29.6,CU_TO_DEV
1717478351.631778,322,3.2,29.6,OCC_TO_CU
1717478351.6324337,322,0.0,29.6,OCC_TO_CU
1717478351.738708,273,14.3,29.7,CU_TO_DEV
1717478351.7645533,273,30.0,29.7,CU_TO_DEV
1717478357.0152168,154,3.8,29.6,OCC_TO_CU
1717478357.1418197,241,10.4,29.7,CU_TO_DEV
1717478357.169223,241,18.2,29.7,CU_TO_DEV
1717478361.619114,322,5.3,29.6,OCC_TO_CU
1717478361.6202407,322,100.0,29.6,OCC_TO_CU
1717478361.7446423,273,13.7,29.7,CU_TO_DEV
1717478361.7770314,273,16.7,29.7,CU_TO_DEV
1717478371.641248,322,4.4,29.6,OCC_TO_CU
1717478371.64189,322,0.0,29.6,OCC_TO_CU
1717478371.750524,273,18.2,29.6,CU_TO_DEV
1717478371.7818503,273,9.1,29.6,CU_TO_DEV
1717478381.6544318,322,4.1,29.4,OCC_TO_CU
1717478381.6550543,322,0.0,29.4,OCC_TO_CU
1717478381.7554078,273,17.5,29.5,CU_TO_DEV
1717478381.787914,273,16.7,29.5,CU_TO_DEV
1717478391.6705868,322,2.8,29.5,OCC_TO_CU
1717478391.6712303,322,100.0,29.5,OCC_TO_CU
1717478391.7610075,273,14.7,29.6,CU_TO_DEV
1717478391.7930853,273,16.7,29.6,CU_TO_DEV
1717478401.6739287,322,3.0,29.5,OCC_TO_CU
1717478401.6745656,322,0.0,29.5,OCC_TO_CU
1717478401.7676697,273,21.1,29.6,CU_TO_DEV
1717478401.798611,273,23.1,29.6,CU_TO_DEV
1717478406.9961872,154,3.2,29.6,OCC_TO_CU
1717478407.001959,241,0.0,29.6,CU_TO_DEV
1717478407.1746929,241,17.4,29.7,CU_TO_DEV
1717478411.6894345,322,2.9,29.6,OCC_TO_CU
1717478411.6904666,322,0.0,29.6,OCC_TO_CU
1717478411.7779887,273,14.3,29.7,CU_TO_DEV
1717478411.805549,273,18.2,29.7,CU_TO_DEV
1717478421.72547,322,2.8,29.6,OCC_TO_CU
1717478421.726141,322,0.0,29.6,OCC_TO_CU
1717478421.78521,273,26.1,29.7,CU_TO_DEV
1717478421.810198,273,30.0,29.8,CU_TO_DEV
1717478431.7354748,322,3.9,29.6,OCC_TO_CU
1717478431.7361307,322,0.0,29.6,OCC_TO_CU
1717478431.7929857,273,23.8,29.7,CU_TO_DEV
1717478431.8153927,273,33.3,29.7,CU_TO_DEV
1717478441.7413156,322,4.3,29.5,OCC_TO_CU
1717478441.741895,322,0.0,29.5,OCC_TO_CU
1717478441.8041563,273,20.0,29.6,CU_TO_DEV
1717478441.8208451,273,33.3,29.6,CU_TO_DEV
1717478451.7536018,322,2.7,29.6,OCC_TO_CU
1717478451.7543786,322,0.0,29.6,OCC_TO_CU
1717478451.8105822,273,22.7,29.7,CU_TO_DEV
1717478451.8255079,273,50.0,29.7,CU_TO_DEV
1717478457.1662793,154,2.9,29.6,OCC_TO_CU
1717478457.2147946,241,25.0,29.7,CU_TO_DEV
1717478457.2295785,241,33.3,29.7,CU_TO_DEV
1717478461.7654333,322,3.2,29.7,OCC_TO_CU
1717478461.7660484,322,0.0,29.7,OCC_TO_CU
1717478461.818381,273,85.0,29.7,CU_TO_DEV
1717478461.8341398,273,100.0,29.7,CU_TO_DEV
1717478471.7700465,322,3.5,29.6,OCC_TO_CU
1717478471.7707002,322,0.0,29.6,OCC_TO_CU
1717478471.8255508,273,20.0,29.7,CU_TO_DEV
1717478471.842685,273,16.7,29.7,CU_TO_DEV
1717478481.7798107,322,3.2,29.6,OCC_TO_CU
1717478481.7804303,322,0.0,29.6,OCC_TO_CU
1717478481.8322911,273,81.8,29.7,CU_TO_DEV
1717478481.8514907,273,100.0,29.7,CU_TO_DEV
1717478491.7896638,322,4.3,29.5,OCC_TO_CU
1717478491.790255,322,0.0,29.5,OCC_TO_CU
1717478491.8382838,273,38.1,29.6,CU_TO_DEV
1717478491.8585649,273,0.0,29.6,CU_TO_DEV
1717478501.8168204,322,2.7,29.5,OCC_TO_CU
1717478501.8174539,322,0.0,29.5,OCC_TO_CU
1717478501.8440907,273,50.0,29.6,CU_TO_DEV
1717478501.862846,273,42.9,29.6,CU_TO_DEV
1717478508.1575928,154,5.2,29.5,OCC_TO_CU
1717478508.2515123,241,16.2,29.6,CU_TO_DEV
1717478508.2673953,241,37.5,29.6,CU_TO_DEV
1717478511.830361,322,2.6,29.5,OCC_TO_CU
1717478511.830993,322,0.0,29.5,OCC_TO_CU
1717478511.8542173,273,44.4,29.6,CU_TO_DEV
1717478511.8698056,273,40.0,29.6,CU_TO_DEV
1717478521.842833,322,3.0,29.5,OCC_TO_CU
1717478521.8434885,322,100.0,29.5,OCC_TO_CU
1717478521.8626997,273,42.9,29.5,CU_TO_DEV
1717478521.8753579,273,60.0,29.6,CU_TO_DEV
1717478531.8519301,322,3.2,29.5,OCC_TO_CU
1717478531.8525438,322,0.0,29.5,OCC_TO_CU
1717478531.8703156,273,50.0,29.6,CU_TO_DEV
1717478531.8810265,273,60.0,29.6,CU_TO_DEV
1717478541.853257,322,3.0,29.6,OCC_TO_CU
1717478541.853881,322,0.0,29.6,OCC_TO_CU
1717478541.8775585,273,44.4,29.6,CU_TO_DEV
1717478541.887566,273,75.0,29.7,CU_TO_DEV
1717478551.8637385,322,3.9,29.6,OCC_TO_CU
1717478551.864384,322,0.0,29.6,OCC_TO_CU
1717478551.884438,273,50.0,29.6,CU_TO_DEV
1717478551.8945506,273,66.7,29.7,CU_TO_DEV
1717478558.3395753,154,3.9,29.7,OCC_TO_CU
1717478558.4891741,241,13.6,29.7,CU_TO_DEV
1717478558.5029206,241,33.3,29.7,CU_TO_DEV
1717478561.8739076,322,3.0,29.7,OCC_TO_CU
1717478561.8745174,322,0.0,29.7,OCC_TO_CU
1717478561.8915112,273,57.1,29.7,CU_TO_DEV
1717478561.9052687,273,50.0,29.8,CU_TO_DEV
1717478571.892527,322,4.2,29.6,OCC_TO_CU
1717478571.8933313,322,0.0,29.6,OCC_TO_CU
1717478571.8976586,273,0.0,29.6,CU_TO_DEV
1717478571.9119713,273,83.3,29.6,CU_TO_DEV
1717478581.9041915,322,3.2,29.6,OCC_TO_CU
1717478581.9050019,322,0.0,29.6,OCC_TO_CU
1717478581.918521,273,40.0,29.6,CU_TO_DEV
1717478582.1036973,273,15.1,29.7,CU_TO_DEV
1717478591.9253955,322,3.6,29.7,OCC_TO_CU
1717478591.9259543,273,0.0,29.7,CU_TO_DEV
1717478591.9260602,322,0.0,29.7,OCC_TO_CU
1717478592.1094809,273,17.3,29.8,CU_TO_DEV
1717478592.126588,273,57.1,29.8,CU_TO_DEV
1717478601.9245086,322,3.6,29.7,OCC_TO_CU
1717478601.925156,322,0.0,29.7,OCC_TO_CU
1717478601.9328094,273,25.0,29.7,CU_TO_DEV
1717478602.1183107,273,74.0,29.8,CU_TO_DEV
1717478608.3021207,154,4.0,29.8,OCC_TO_CU
1717478608.324651,241,55.6,29.8,CU_TO_DEV
1717478608.3398523,241,100.0,29.9,CU_TO_DEV
1717478611.934073,322,5.0,29.6,OCC_TO_CU
1717478611.934608,322,0.0,29.6,OCC_TO_CU
1717478611.9422345,273,33.3,29.6,CU_TO_DEV
1717478612.1272469,273,10.8,29.7,CU_TO_DEV
1717478621.9673502,322,5.0,29.5,OCC_TO_CU
1717478621.967965,322,0.0,29.5,OCC_TO_CU
1717478622.1340923,273,16.9,29.6,CU_TO_DEV
1717478622.1483595,273,83.3,29.6,CU_TO_DEV
1717478631.9695394,322,3.6,29.6,OCC_TO_CU
1717478631.9701788,322,0.0,29.6,OCC_TO_CU
1717478632.1397965,273,16.4,29.7,CU_TO_DEV
1717478632.1544414,273,66.7,29.7,CU_TO_DEV
1717478641.9881258,322,3.4,29.7,OCC_TO_CU
1717478641.988633,322,0.0,29.7,OCC_TO_CU
1717478642.1474762,273,12.7,29.8,CU_TO_DEV
1717478642.1616437,273,80.0,29.8,CU_TO_DEV
1717478651.989714,322,3.3,29.7,OCC_TO_CU
1717478651.9904609,322,0.0,29.7,OCC_TO_CU
1717478652.1538582,273,20.9,29.8,CU_TO_DEV
1717478652.1688075,273,71.4,29.8,CU_TO_DEV
1717478658.381212,154,4.9,29.8,OCC_TO_CU
1717478658.5583572,241,11.4,29.9,CU_TO_DEV
1717478658.5724206,241,16.7,29.9,CU_TO_DEV
1717478662.017133,322,3.1,29.8,OCC_TO_CU
1717478662.017748,322,0.0,29.8,OCC_TO_CU
1717478662.1608844,273,20.7,29.9,CU_TO_DEV
1717478662.175538,273,71.4,29.9,CU_TO_DEV
1717478672.0177758,322,4.5,29.8,OCC_TO_CU
1717478672.0216591,322,0.0,29.8,OCC_TO_CU
1717478672.1690607,273,16.9,29.9,CU_TO_DEV
1717478672.189088,273,50.0,29.9,CU_TO_DEV
1717478682.0298083,322,4.5,29.7,OCC_TO_CU
1717478682.0304132,322,0.0,29.7,OCC_TO_CU
1717478682.176451,273,17.2,29.8,CU_TO_DEV
1717478682.194243,273,62.5,29.8,CU_TO_DEV
1717478692.0321805,322,3.7,29.8,OCC_TO_CU
1717478692.034229,322,0.0,29.8,OCC_TO_CU
1717478692.182985,273,13.8,29.9,CU_TO_DEV
1717478692.1991942,273,50.0,29.9,CU_TO_DEV
1717478702.043877,322,3.5,29.9,OCC_TO_CU
1717478702.0446048,322,0.0,29.9,OCC_TO_CU
1717478702.190967,273,81.0,29.9,CU_TO_DEV
1717478702.2062945,273,40.0,29.9,CU_TO_DEV
1717478708.4502444,154,3.8,29.6,OCC_TO_CU
1717478708.5952752,241,8.9,29.7,CU_TO_DEV
1717478708.6096523,241,33.3,29.7,CU_TO_DEV
1717478712.0857964,322,3.5,29.6,OCC_TO_CU
1717478712.0888271,322,0.0,29.6,OCC_TO_CU
1717478712.1987343,273,20.9,29.7,CU_TO_DEV
1717478712.211846,273,50.0,29.7,CU_TO_DEV
1717478722.0807588,322,4.5,29.6,OCC_TO_CU
1717478722.0813181,322,0.0,29.6,OCC_TO_CU
1717478722.2045822,273,22.4,29.7,CU_TO_DEV
1717478722.2178106,273,40.0,29.7,CU_TO_DEV
1717478732.111553,322,3.4,29.6,OCC_TO_CU
1717478732.1121886,322,0.0,29.6,OCC_TO_CU
1717478732.2104979,273,26.3,29.7,CU_TO_DEV
1717478732.2236133,273,80.0,29.7,CU_TO_DEV
1717478742.101892,322,4.3,29.6,OCC_TO_CU
1717478742.1025715,322,0.0,29.6,OCC_TO_CU
1717478742.2162359,273,30.6,29.6,CU_TO_DEV
1717478742.2302165,273,100.0,29.6,CU_TO_DEV
1717478752.1280277,322,4.9,29.5,OCC_TO_CU
1717478752.1288147,322,0.0,29.5,OCC_TO_CU
1717478752.2292812,273,25.6,29.5,CU_TO_DEV
1717478752.2363758,273,100.0,29.5,CU_TO_DEV
1717478758.2241163,154,4.2,29.6,OCC_TO_CU
1717478758.2333333,241,33.3,29.6,CU_TO_DEV
1717478758.2415862,241,100.0,29.6,CU_TO_DEV
1717478762.1472247,322,3.6,29.6,OCC_TO_CU
1717478762.1479318,322,0.0,29.6,OCC_TO_CU
1717478762.2365425,273,27.8,29.7,CU_TO_DEV
1717478762.2447348,273,50.0,29.7,CU_TO_DEV
1717478772.1618655,322,4.5,29.5,OCC_TO_CU
1717478772.1623805,322,0.0,29.5,OCC_TO_CU
1717478772.2453268,273,32.4,29.6,CU_TO_DEV
1717478772.2534635,273,50.0,29.6,CU_TO_DEV
1717478782.1511035,322,3.6,29.6,OCC_TO_CU
1717478782.1517627,322,50.0,29.6,OCC_TO_CU
1717478782.2523727,273,32.5,29.6,CU_TO_DEV
1717478782.2597888,273,75.0,29.6,CU_TO_DEV
1717478792.16753,322,4.0,29.6,OCC_TO_CU
1717478792.1680381,322,0.0,29.6,OCC_TO_CU
1717478792.259134,273,30.6,29.7,CU_TO_DEV
1717478792.2671802,273,75.0,29.7,CU_TO_DEV
1717478802.1834056,322,3.5,29.7,OCC_TO_CU
1717478802.1840382,322,0.0,29.7,OCC_TO_CU
1717478802.265411,273,34.4,29.7,CU_TO_DEV
1717478802.2732334,273,100.0,29.8,CU_TO_DEV
1717478808.2941568,154,7.1,29.6,OCC_TO_CU
1717478808.4707146,241,25.7,29.7,CU_TO_DEV
1717478808.4788733,241,0.0,29.7,CU_TO_DEV
1717478812.1861506,322,2.8,29.6,OCC_TO_CU
1717478812.1868153,322,0.0,29.6,OCC_TO_CU
1717478812.2744424,273,29.4,29.7,CU_TO_DEV
1717478812.2816257,273,66.7,29.7,CU_TO_DEV
1717478822.2121832,322,4.8,29.5,OCC_TO_CU
1717478822.2129643,322,0.0,29.5,OCC_TO_CU
1717478822.2811892,273,40.7,29.6,CU_TO_DEV
1717478822.2875884,273,50.0,29.6,CU_TO_DEV
1717478832.221157,322,3.3,29.6,OCC_TO_CU
1717478832.2216656,322,0.0,29.6,OCC_TO_CU
1717478832.2867303,273,37.5,29.7,CU_TO_DEV
1717478832.2947016,273,66.7,29.7,CU_TO_DEV
1717478842.2377293,322,3.6,29.6,OCC_TO_CU
1717478842.2383049,322,0.0,29.6,OCC_TO_CU
1717478842.2925878,273,56.0,29.7,CU_TO_DEV
1717478842.301428,273,50.0,29.7,CU_TO_DEV
1717478852.2488368,322,3.6,29.7,OCC_TO_CU
1717478852.249329,322,0.0,29.7,OCC_TO_CU
1717478852.3000882,273,61.9,29.8,CU_TO_DEV
1717478852.3069658,273,0.0,29.8,CU_TO_DEV
1717478858.374022,154,4.7,29.8,OCC_TO_CU
1717478858.5042658,241,15.1,29.9,CU_TO_DEV
1717478858.51118,241,50.0,29.9,CU_TO_DEV
1717478862.2659814,322,2.5,29.8,OCC_TO_CU
1717478862.2665854,322,0.0,29.8,OCC_TO_CU
1717478862.309072,273,83.3,29.9,CU_TO_DEV
1717478862.3138106,273,100.0,29.9,CU_TO_DEV
1717478872.267394,322,6.5,29.6,OCC_TO_CU
1717478872.2683513,322,0.0,29.6,OCC_TO_CU
1717478872.3201632,273,65.0,29.7,CU_TO_DEV
1717478872.3249574,273,100.0,29.7,CU_TO_DEV
1717478882.2743332,322,3.7,29.6,OCC_TO_CU
1717478882.274951,322,0.0,29.6,OCC_TO_CU
1717478882.3279393,273,72.7,29.7,CU_TO_DEV
1717478882.3326185,273,100.0,29.7,CU_TO_DEV
1717478892.3096561,322,3.5,29.6,OCC_TO_CU
1717478892.3103049,322,0.0,29.6,OCC_TO_CU
1717478892.335495,273,90.9,29.7,CU_TO_DEV
1717478892.3396459,273,50.0,29.7,CU_TO_DEV
1717478902.3049033,322,3.3,29.7,OCC_TO_CU
1717478902.3055282,322,0.0,29.7,OCC_TO_CU
1717478902.342502,273,84.6,29.7,CU_TO_DEV
1717478902.3464575,273,75.0,29.8,CU_TO_DEV
1717478908.435541,154,5.8,29.7,OCC_TO_CU
1717478908.5467544,241,14.0,29.8,CU_TO_DEV
1717478908.5530171,241,33.3,29.8,CU_TO_DEV
1717478912.315629,322,2.4,29.6,OCC_TO_CU
1717478912.3162644,322,0.0,29.6,OCC_TO_CU
1717478912.3495502,273,69.2,29.6,CU_TO_DEV
1717478912.3552876,273,75.0,29.6,CU_TO_DEV
1717478922.3581133,322,4.2,29.6,OCC_TO_CU
1717478922.3615367,322,100.0,29.6,OCC_TO_CU
1717478922.3652966,273,0.0,29.6,CU_TO_DEV
1717478922.5569382,273,35.1,29.7,CU_TO_DEV
1717478932.3448415,322,2.9,29.7,OCC_TO_CU
1717478932.3476863,322,50.0,29.7,OCC_TO_CU
1717478932.363134,273,75.0,29.7,CU_TO_DEV
1717478932.371911,273,100.0,29.6,CU_TO_DEV
1717478942.3860846,322,3.9,29.6,OCC_TO_CU
1717478942.3868244,322,0.0,29.6,OCC_TO_CU
1717478942.5715125,273,16.0,29.7,CU_TO_DEV
1717478942.5787108,273,0.0,29.7,CU_TO_DEV
1717478952.3935118,322,3.8,29.7,OCC_TO_CU
1717478952.3944921,322,0.0,29.7,OCC_TO_CU
1717478952.5768812,273,21.1,29.8,CU_TO_DEV
1717478952.5854118,273,0.0,29.8,CU_TO_DEV
1717478958.5178223,154,3.6,29.8,OCC_TO_CU
1717478958.581986,241,20.8,29.9,CU_TO_DEV
1717478958.588555,241,50.0,29.9,CU_TO_DEV
1717478962.3691227,322,3.4,29.8,OCC_TO_CU
1717478962.3863785,273,71.4,29.8,CU_TO_DEV
1717478962.3914807,273,100.0,29.8,CU_TO_DEV
1717478962.392263,322,0.0,29.8,OCC_TO_CU
1717478962.5871603,273,28.6,30.0,CU_TO_DEV
1717478962.5926974,273,0.0,30.0,CU_TO_DEV
1717478972.4040313,322,4.3,29.9,OCC_TO_CU
1717478972.4074,322,100.0,29.9,OCC_TO_CU
1717478972.5941622,273,12.5,30.0,CU_TO_DEV
1717478972.5979207,273,0.0,30.0,CU_TO_DEV
1717478982.422875,322,3.5,29.8,OCC_TO_CU
1717478982.424656,322,100.0,29.8,OCC_TO_CU
1717478982.6005058,273,15.7,29.9,CU_TO_DEV
1717478982.6029785,273,0.0,29.9,CU_TO_DEV
1717478992.416121,322,3.2,29.8,OCC_TO_CU
1717478992.4173841,322,0.0,29.8,OCC_TO_CU
1717478992.6054516,273,12.0,30.0,CU_TO_DEV
1717478992.608454,273,0.0,30.0,CU_TO_DEV
1717479002.439469,322,5.4,29.7,OCC_TO_CU
1717479002.4412463,322,0.0,29.7,OCC_TO_CU
1717479002.6128132,273,13.0,29.8,CU_TO_DEV
1717479002.6160474,273,0.0,29.8,CU_TO_DEV
1717479008.4823685,154,3.6,29.8,OCC_TO_CU
1717479008.6158018,241,75.9,29.8,CU_TO_DEV
1717479008.6185644,241,0.0,29.8,CU_TO_DEV
1717479012.4534261,322,2.9,29.7,OCC_TO_CU
1717479012.4542842,322,0.0,29.7,OCC_TO_CU
1717479012.6179914,273,9.1,29.8,CU_TO_DEV
1717479012.620801,273,0.0,29.8,CU_TO_DEV
1717479022.4722934,322,4.3,29.7,OCC_TO_CU
1717479022.4746616,322,0.0,29.7,OCC_TO_CU
1717479022.6237552,273,78.7,29.8,CU_TO_DEV
1717479022.626088,273,0.0,29.8,CU_TO_DEV
1717479032.512426,322,3.3,29.7,OCC_TO_CU
1717479032.5155299,322,0.0,29.7,OCC_TO_CU
1717479032.6305392,273,15.2,29.7,CU_TO_DEV
1717479032.6330016,273,0.0,29.7,CU_TO_DEV
1717479042.479601,322,3.2,29.7,OCC_TO_CU
1717479042.4805121,322,0.0,29.7,OCC_TO_CU
1717479042.636272,273,6.8,29.8,CU_TO_DEV
1717479042.640307,273,0.0,29.8,CU_TO_DEV
1717479052.5101507,322,3.8,29.7,OCC_TO_CU
1717479052.5110974,322,0.0,29.7,OCC_TO_CU
1717479052.6418774,273,14.8,29.8,CU_TO_DEV
1717479052.6456456,273,0.0,29.8,CU_TO_DEV
1717479058.5595365,154,4.1,29.8,OCC_TO_CU
1717479058.6452734,241,15.6,29.9,CU_TO_DEV
1717479058.6489098,241,50.0,29.9,CU_TO_DEV
1717479062.5047553,322,5.8,29.6,OCC_TO_CU
1717479062.5077913,322,0.0,29.6,OCC_TO_CU
1717479062.647897,273,10.5,29.7,CU_TO_DEV
1717479062.6510103,273,0.0,29.7,CU_TO_DEV
1717479072.5203078,322,3.5,29.6,OCC_TO_CU
1717479072.5215364,322,0.0,29.6,OCC_TO_CU
1717479072.6550663,273,11.5,29.6,CU_TO_DEV
1717479072.656864,273,50.0,29.6,CU_TO_DEV
1717479082.5280654,322,4.3,29.5,OCC_TO_CU
1717479082.5288408,322,0.0,29.5,OCC_TO_CU
1717479082.6609128,273,11.3,29.6,CU_TO_DEV
1717479082.6614504,273,0.0,29.6,CU_TO_DEV
1717479092.5345867,322,3.5,29.6,OCC_TO_CU
1717479092.535357,322,100.0,29.6,OCC_TO_CU
1717479092.6671488,273,11.5,29.6,CU_TO_DEV
1717479092.6674416,273,0.0,29.6,CU_TO_DEV
1717479102.5697982,322,4.0,29.6,OCC_TO_CU
1717479102.5705574,322,0.0,29.6,OCC_TO_CU
1717479102.6745555,273,14.6,29.7,CU_TO_DEV
1717479102.6743884,273,14.6,29.7,CU_TO_DEV
1717479108.735701,154,4.2,29.7,OCC_TO_CU
1717479108.8802578,241,12.1,29.8,CU_TO_DEV
1717479108.880497,241,0.0,29.8,CU_TO_DEV
1717479112.5694497,322,3.7,29.7,OCC_TO_CU
1717479112.5702152,322,0.0,29.7,OCC_TO_CU
1717479112.6832304,273,88.9,29.7,CU_TO_DEV
1717479112.6841438,273,0.0,29.7,CU_TO_DEV
1717479122.5672243,322,3.2,29.7,OCC_TO_CU
1717479122.5678263,322,0.0,29.7,OCC_TO_CU
1717479122.690069,273,12.5,29.7,CU_TO_DEV
1717479122.6903062,273,0.0,29.7,CU_TO_DEV
1717479132.6000998,322,5.4,29.5,OCC_TO_CU
1717479132.6007123,322,0.0,29.5,OCC_TO_CU
1717479132.696521,273,89.5,29.6,CU_TO_DEV
1717479132.6962578,273,89.5,29.6,CU_TO_DEV
1717479142.6007597,322,3.6,29.5,OCC_TO_CU
1717479142.6014323,322,0.0,29.5,OCC_TO_CU
1717479142.7017164,273,22.0,29.5,CU_TO_DEV
1717479142.7018023,273,22.0,29.5,CU_TO_DEV
1717479152.6264806,322,3.6,29.5,OCC_TO_CU
1717479152.6270885,322,0.0,29.5,OCC_TO_CU
1717479152.7074184,273,24.2,29.6,CU_TO_DEV
1717479152.7078094,273,0.0,29.6,CU_TO_DEV
1717479158.8149102,154,4.0,29.6,OCC_TO_CU
1717479158.9112124,241,17.9,29.7,CU_TO_DEV
1717479158.9169114,241,0.0,29.7,CU_TO_DEV
1717479162.6337802,322,3.6,29.5,OCC_TO_CU
1717479162.6344821,322,0.0,29.5,OCC_TO_CU
1717479162.7162375,273,16.1,29.6,CU_TO_DEV
1717479162.7208993,273,0.0,29.6,CU_TO_DEV
1717479172.6394997,322,3.8,29.6,OCC_TO_CU
1717479172.6483693,322,0.0,29.6,OCC_TO_CU
1717479172.7229493,273,34.5,29.7,CU_TO_DEV
1717479172.7281127,273,0.0,29.7,CU_TO_DEV
1717479182.6408575,322,4.7,29.5,OCC_TO_CU
1717479182.6415627,322,0.0,29.5,OCC_TO_CU
1717479182.7292073,273,14.7,29.6,CU_TO_DEV
1717479182.7334151,273,0.0,29.6,CU_TO_DEV
1717479192.6412919,322,4.5,29.6,OCC_TO_CU
1717479192.641939,322,0.0,29.6,OCC_TO_CU
1717479192.735741,273,15.8,29.6,CU_TO_DEV
1717479192.7402952,273,0.0,29.6,CU_TO_DEV
1717479202.65698,322,3.9,29.6,OCC_TO_CU
1717479202.6578388,322,0.0,29.6,OCC_TO_CU
1717479202.7412374,273,18.2,29.7,CU_TO_DEV
1717479202.7472684,273,33.3,29.7,CU_TO_DEV
1717479208.5733254,154,4.2,29.6,OCC_TO_CU
1717479208.7459567,241,16.2,29.7,CU_TO_DEV
1717479208.751138,241,50.0,29.7,CU_TO_DEV
1717479212.6806066,322,4.3,29.6,OCC_TO_CU
1717479212.6814575,322,0.0,29.6,OCC_TO_CU
1717479212.7488842,273,11.5,29.7,CU_TO_DEV
1717479212.7535856,273,0.0,29.7,CU_TO_DEV
1717479222.7212024,322,5.3,29.6,OCC_TO_CU
1717479222.7222395,322,0.0,29.6,OCC_TO_CU
1717479222.757656,273,35.7,29.7,CU_TO_DEV
1717479222.7598376,273,0.0,29.7,CU_TO_DEV
1717479232.710686,322,3.7,29.5,OCC_TO_CU
1717479232.7113812,322,50.0,29.5,OCC_TO_CU
1717479232.7630386,273,26.3,29.6,CU_TO_DEV
1717479232.7647905,273,50.0,29.6,CU_TO_DEV
1717479242.7169392,322,4.0,29.6,OCC_TO_CU
1717479242.7176645,322,0.0,29.6,OCC_TO_CU
1717479242.7694867,273,28.6,29.7,CU_TO_DEV
1717479242.770894,273,0.0,29.7,CU_TO_DEV
1717479252.7189333,322,4.4,29.6,OCC_TO_CU
1717479252.7194664,322,0.0,29.6,OCC_TO_CU
1717479252.7762668,273,18.2,29.7,CU_TO_DEV
1717479252.7760518,273,18.2,29.7,CU_TO_DEV
1717479258.6432295,154,3.2,29.6,OCC_TO_CU
1717479258.7800908,241,90.9,29.8,CU_TO_DEV
1717479258.7836704,241,100.0,29.8,CU_TO_DEV
1717479262.7389746,322,3.6,29.6,OCC_TO_CU
1717479262.7395232,322,0.0,29.6,OCC_TO_CU
1717479262.7824404,273,25.0,29.7,CU_TO_DEV
1717479262.7864666,273,0.0,29.7,CU_TO_DEV
1717479272.7606044,322,4.7,29.5,OCC_TO_CU
1717479272.7613838,322,0.0,29.5,OCC_TO_CU
1717479272.7895315,273,40.0,29.6,CU_TO_DEV
1717479272.7913477,273,100.0,29.6,CU_TO_DEV
1717479282.7854557,322,4.2,29.6,OCC_TO_CU
1717479282.7862573,322,0.0,29.6,OCC_TO_CU
1717479282.7978027,273,20.0,29.6,CU_TO_DEV
1717479282.7987974,273,0.0,29.6,CU_TO_DEV
1717479292.7900417,322,4.1,29.6,OCC_TO_CU
1717479292.790847,322,0.0,29.6,OCC_TO_CU
1717479292.8051357,273,71.4,29.6,CU_TO_DEV
1717479292.8056226,273,0.0,29.6,CU_TO_DEV
1717479302.821123,322,4.4,29.6,OCC_TO_CU
1717479302.821712,322,0.0,29.6,OCC_TO_CU
1717479303.0124695,273,6.7,29.8,CU_TO_DEV
1717479303.014313,273,0.0,29.8,CU_TO_DEV
1717479308.7697477,154,4.0,29.7,OCC_TO_CU
1717479308.8164248,241,27.8,29.8,CU_TO_DEV
1717479308.8183672,241,0.0,29.8,CU_TO_DEV
1717479312.7987971,322,4.8,29.7,OCC_TO_CU
1717479312.802502,322,50.0,29.7,OCC_TO_CU
1717479312.82026,273,50.0,29.8,CU_TO_DEV
1717479312.821458,273,0.0,29.8,CU_TO_DEV
1717479322.8129618,322,5.3,29.6,OCC_TO_CU
1717479322.813619,322,0.0,29.6,OCC_TO_CU
1717479322.8288038,273,50.0,29.6,CU_TO_DEV
1717479322.829399,273,0.0,29.6,CU_TO_DEV
1717479332.8301456,322,4.5,29.5,OCC_TO_CU
1717479332.8311567,322,0.0,29.5,OCC_TO_CU
1717479332.8355362,273,66.7,29.5,CU_TO_DEV
1717479332.8356638,273,66.7,29.5,CU_TO_DEV
1717479342.8362083,322,4.2,29.5,OCC_TO_CU
1717479342.8372548,322,0.0,29.5,OCC_TO_CU
1717479342.8425303,273,0.0,29.5,CU_TO_DEV
1717479342.843222,273,100.0,29.5,CU_TO_DEV
1717479352.8359244,322,4.2,29.6,OCC_TO_CU
1717479352.847719,322,25.0,29.6,OCC_TO_CU
1717479352.8495166,273,0.0,29.6,CU_TO_DEV
1717479352.85011,273,0.0,29.6,CU_TO_DEV
1717479358.793973,154,4.2,29.6,OCC_TO_CU
1717479358.8542356,241,37.5,29.8,CU_TO_DEV
1717479358.8541422,241,37.5,29.8,CU_TO_DEV
1717479362.8444726,322,6.3,29.7,OCC_TO_CU
1717479362.8450284,322,0.0,29.7,OCC_TO_CU
1717479362.8569014,273,50.0,29.7,CU_TO_DEV
1717479362.8575168,273,0.0,29.7,CU_TO_DEV
1717479372.8887405,322,3.8,29.6,OCC_TO_CU
1717479372.8894646,322,0.0,29.6,OCC_TO_CU
1717479373.063943,273,8.7,29.7,CU_TO_DEV
1717479373.064186,273,0.0,29.7,CU_TO_DEV
1717479382.9069173,322,4.5,29.6,OCC_TO_CU
1717479382.9076056,322,0.0,29.6,OCC_TO_CU
1717479383.0697813,273,54.0,29.6,CU_TO_DEV
1717479383.0702732,273,0.0,29.6,CU_TO_DEV
1717479392.9035602,322,3.9,29.5,OCC_TO_CU
1717479392.9043632,322,0.0,29.5,OCC_TO_CU
1717479393.07573,273,10.3,29.6,CU_TO_DEV
1717479393.0756884,273,10.3,29.6,CU_TO_DEV
1717479402.9059584,322,3.7,29.6,OCC_TO_CU
1717479402.9143734,322,33.3,29.6,OCC_TO_CU
1717479403.0829017,273,17.6,29.7,CU_TO_DEV
1717479403.0835495,273,100.0,29.7,CU_TO_DEV
1717479409.7908385,154,4.3,29.7,OCC_TO_CU
1717479409.886594,241,17.9,29.7,CU_TO_DEV
1717479409.8874457,241,0.0,29.7,CU_TO_DEV
1717479412.9190183,322,6.6,29.6,OCC_TO_CU
1717479412.9195426,322,0.0,29.6,OCC_TO_CU
1717479413.0887005,273,7.4,29.7,CU_TO_DEV
1717479413.0889664,273,0.0,29.7,CU_TO_DEV
1717479422.9356859,322,3.8,29.6,OCC_TO_CU
1717479422.93639,322,0.0,29.6,OCC_TO_CU
1717479423.0944226,273,11.1,29.7,CU_TO_DEV
1717479423.0961502,273,0.0,29.7,CU_TO_DEV
1717479432.9323637,322,4.0,29.6,OCC_TO_CU
1717479432.9329937,322,0.0,29.6,OCC_TO_CU
1717479433.10068,273,66.7,29.7,CU_TO_DEV
1717479433.1025267,273,0.0,29.7,CU_TO_DEV
1717479442.9622962,322,4.2,29.5,OCC_TO_CU
1717479442.9628587,322,0.0,29.5,OCC_TO_CU
1717479443.1076322,273,10.2,29.6,CU_TO_DEV
1717479443.107573,273,10.2,29.6,CU_TO_DEV
1717479452.9850943,322,3.7,29.6,OCC_TO_CU
1717479452.9857817,322,0.0,29.6,OCC_TO_CU
1717479453.1148555,273,17.0,29.6,CU_TO_DEV
1717479453.1174073,273,0.0,29.6,CU_TO_DEV
1717479459.782739,154,5.4,29.6,OCC_TO_CU
1717479459.920496,241,12.7,29.6,CU_TO_DEV
1717479459.9223058,241,0.0,29.6,CU_TO_DEV
1717479462.9834611,322,3.4,29.6,OCC_TO_CU
1717479462.984205,322,0.0,29.6,OCC_TO_CU
1717479463.1230192,273,9.3,29.6,CU_TO_DEV
1717479463.1247094,273,0.0,29.6,CU_TO_DEV
1717479473.0202582,322,3.7,29.6,OCC_TO_CU
1717479473.0210652,322,0.0,29.6,OCC_TO_CU
1717479473.129209,273,14.3,29.7,CU_TO_DEV
1717479473.1314986,273,0.0,29.7,CU_TO_DEV
1717479483.0345533,322,3.9,29.6,OCC_TO_CU
1717479483.0360599,322,100.0,29.6,OCC_TO_CU
1717479483.1393619,273,17.1,29.7,CU_TO_DEV
1717479483.1401272,273,0.0,29.7,CU_TO_DEV
1717479493.072412,322,3.9,29.6,OCC_TO_CU
1717479493.0732248,322,0.0,29.6,OCC_TO_CU
1717479493.1463656,273,32.1,29.8,CU_TO_DEV
1717479493.1468391,273,0.0,29.8,CU_TO_DEV
1717479503.0744662,322,3.8,29.7,OCC_TO_CU
1717479503.0752857,322,0.0,29.7,OCC_TO_CU
1717479503.1533651,273,24.2,29.8,CU_TO_DEV
1717479503.153878,273,0.0,29.8,CU_TO_DEV
1717479509.8135061,154,6.4,29.6,OCC_TO_CU
1717479509.958383,241,23.2,29.7,CU_TO_DEV
1717479509.9586875,241,0.0,29.7,CU_TO_DEV
1717479513.0981581,322,3.7,29.6,OCC_TO_CU
1717479513.0987966,322,0.0,29.6,OCC_TO_CU
1717479513.1619403,273,88.0,29.7,CU_TO_DEV
1717479513.1623611,273,0.0,29.7,CU_TO_DEV
1717479523.1215794,322,3.9,29.6,OCC_TO_CU
1717479523.1222186,322,0.0,29.6,OCC_TO_CU
1717479523.1677265,273,40.0,29.6,CU_TO_DEV
1717479523.1678169,273,40.0,29.6,CU_TO_DEV
1717479533.168393,322,3.6,29.6,OCC_TO_CU
1717479533.1690254,322,0.0,29.6,OCC_TO_CU
1717479533.1740148,273,0.0,29.6,CU_TO_DEV
1717479533.174169,273,0.0,29.6,CU_TO_DEV
1717479543.1553195,322,4.6,29.5,OCC_TO_CU
1717479543.1559741,322,0.0,29.5,OCC_TO_CU
1717479543.1808877,273,50.0,29.6,CU_TO_DEV
1717479543.1806827,273,50.0,29.6,CU_TO_DEV
1717479553.1646833,322,3.6,29.6,OCC_TO_CU
1717479553.165339,322,0.0,29.6,OCC_TO_CU
1717479553.1886861,273,0.0,29.6,CU_TO_DEV
1717479553.1879845,273,50.0,29.6,CU_TO_DEV
1717479560.10522,154,4.9,29.6,OCC_TO_CU
1717479560.1929212,241,15.2,29.7,CU_TO_DEV
1717479560.193991,241,0.0,29.7,CU_TO_DEV
1717479563.1791358,322,2.9,29.5,OCC_TO_CU
1717479563.179804,322,0.0,29.5,OCC_TO_CU
1717479563.1951866,273,57.1,29.5,CU_TO_DEV
1717479563.195992,273,0.0,29.5,CU_TO_DEV
1717479573.212495,322,3.9,29.5,OCC_TO_CU
1717479573.2177067,322,0.0,29.5,OCC_TO_CU
1717479573.404202,273,14.9,29.6,CU_TO_DEV
1717479573.4041212,273,14.9,29.6,CU_TO_DEV
1717479583.197579,322,3.2,29.5,OCC_TO_CU
1717479583.19826,322,0.0,29.5,OCC_TO_CU
1717479583.2105045,273,40.0,29.5,CU_TO_DEV
1717479583.2111192,273,0.0,29.5,CU_TO_DEV
1717479593.2117362,322,2.9,29.6,OCC_TO_CU
1717479593.212773,322,0.0,29.6,OCC_TO_CU
1717479593.2189896,273,0.0,29.6,CU_TO_DEV
1717479593.2203813,273,100.0,29.6,CU_TO_DEV
1717479603.2224684,322,3.2,29.6,OCC_TO_CU
1717479603.2235167,322,100.0,29.6,OCC_TO_CU
1717479603.2266023,273,0.0,29.6,CU_TO_DEV
1717479603.2269828,273,0.0,29.6,CU_TO_DEV
1717479610.1920083,154,3.9,29.7,OCC_TO_CU
1717479610.2306647,241,35.7,29.8,CU_TO_DEV
1717479610.230608,241,35.7,29.8,CU_TO_DEV
1717479613.2369967,322,3.0,29.6,OCC_TO_CU
1717479613.2380204,322,0.0,29.6,OCC_TO_CU
1717479613.433127,273,7.8,29.8,CU_TO_DEV
1717479613.4332166,273,7.8,29.8,CU_TO_DEV
1717479623.2596693,322,4.2,29.6,OCC_TO_CU
1717479623.2603111,322,0.0,29.6,OCC_TO_CU
1717479623.4398408,273,11.1,29.7,CU_TO_DEV
1717479623.4421568,273,0.0,29.7,CU_TO_DEV
1717479633.2790866,322,3.2,29.6,OCC_TO_CU
1717479633.2811646,322,50.0,29.6,OCC_TO_CU
1717479633.4456854,273,10.6,29.7,CU_TO_DEV
1717479633.447242,273,100.0,29.7,CU_TO_DEV
1717479643.2802174,322,3.7,29.6,OCC_TO_CU
1717479643.280877,322,0.0,29.6,OCC_TO_CU
1717479643.456071,273,10.0,29.7,CU_TO_DEV
1717479643.4563203,273,0.0,29.7,CU_TO_DEV
1717479653.286349,322,2.9,29.6,OCC_TO_CU
1717479653.2873883,322,0.0,29.6,OCC_TO_CU
1717479653.4616907,273,8.8,29.7,CU_TO_DEV
1717479653.462152,273,0.0,29.7,CU_TO_DEV
1717479660.2795894,154,4.6,29.6,OCC_TO_CU
1717479660.4658313,241,9.6,29.7,CU_TO_DEV
1717479660.4659894,241,9.6,29.7,CU_TO_DEV
1717479663.3193066,322,3.0,29.6,OCC_TO_CU
1717479663.3201025,322,0.0,29.6,OCC_TO_CU
1717479663.4681382,273,10.3,29.7,CU_TO_DEV
1717479663.4680936,273,10.3,29.7,CU_TO_DEV
1717479673.3389285,322,3.8,29.5,OCC_TO_CU
1717479673.3394732,322,100.0,29.5,OCC_TO_CU
1717479673.475858,273,10.9,29.6,CU_TO_DEV
1717479673.4759374,273,10.9,29.6,CU_TO_DEV
1717479683.3359945,322,4.1,29.5,OCC_TO_CU
1717479683.3370404,322,0.0,29.5,OCC_TO_CU
1717479683.484053,273,11.9,29.6,CU_TO_DEV
1717479683.4843218,273,0.0,29.6,CU_TO_DEV
1717479693.3533762,322,3.2,29.5,OCC_TO_CU
1717479693.3544161,322,0.0,29.5,OCC_TO_CU
1717479693.4897125,273,14.8,29.6,CU_TO_DEV
1717479693.4897656,273,14.8,29.6,CU_TO_DEV
1717479703.3529482,322,4.3,29.5,OCC_TO_CU
1717479703.353472,322,0.0,29.5,OCC_TO_CU
1717479703.4973984,273,8.9,29.6,CU_TO_DEV
1717479703.4974623,273,8.9,29.6,CU_TO_DEV
1717479710.053105,154,4.2,29.5,OCC_TO_CU
1717479710.101331,241,60.0,29.6,CU_TO_DEV
1717479710.1012287,241,60.0,29.6,CU_TO_DEV
1717479713.3726256,322,4.3,29.5,OCC_TO_CU
1717479713.3735988,322,0.0,29.5,OCC_TO_CU
1717479713.5036461,273,11.8,29.6,CU_TO_DEV
1717479713.5037167,273,11.8,29.6,CU_TO_DEV
1717479723.3916883,322,3.8,29.5,OCC_TO_CU
1717479723.3974314,322,0.0,29.5,OCC_TO_CU
1717479723.5094018,273,27.3,29.6,CU_TO_DEV
1717479723.5093615,273,27.3,29.6,CU_TO_DEV
1717479733.4162354,322,4.9,29.5,OCC_TO_CU
1717479733.4168222,322,0.0,29.5,OCC_TO_CU
1717479733.5158556,273,19.5,29.6,CU_TO_DEV
1717479733.5158927,273,19.5,29.6,CU_TO_DEV
1717479743.418204,322,3.6,29.5,OCC_TO_CU
1717479743.4189622,322,0.0,29.5,OCC_TO_CU
1717479743.521644,273,25.0,29.6,CU_TO_DEV
1717479743.521728,273,25.0,29.6,CU_TO_DEV
1717479753.4256716,322,3.7,29.6,OCC_TO_CU
1717479753.426315,322,0.0,29.6,OCC_TO_CU
1717479753.5285115,273,23.3,29.7,CU_TO_DEV
1717479753.5284488,273,23.3,29.7,CU_TO_DEV
1717479760.1420069,154,4.4,29.6,OCC_TO_CU
1717479760.3326178,241,57.3,29.7,CU_TO_DEV
1717479760.332862,241,0.0,29.7,CU_TO_DEV
1717479763.4433181,322,3.1,29.5,OCC_TO_CU
1717479763.4443486,322,0.0,29.5,OCC_TO_CU
1717479763.534852,273,13.9,29.6,CU_TO_DEV
1717479763.5347953,273,13.9,29.6,CU_TO_DEV
1717479773.4596176,322,4.6,29.5,OCC_TO_CU
1717479773.460508,322,0.0,29.5,OCC_TO_CU
1717479773.543697,273,15.6,29.6,CU_TO_DEV
1717479773.543525,273,15.6,29.6,CU_TO_DEV
1717479783.4547298,322,4.6,29.5,OCC_TO_CU
1717479783.4555514,322,0.0,29.5,OCC_TO_CU
1717479783.551099,273,21.1,29.5,CU_TO_DEV
1717479783.551398,273,0.0,29.5,CU_TO_DEV
1717479793.4676282,322,3.8,29.5,OCC_TO_CU
1717479793.4686165,322,0.0,29.5,OCC_TO_CU
1717479793.557157,273,17.1,29.6,CU_TO_DEV
1717479793.5572493,273,17.1,29.6,CU_TO_DEV
1717479803.4796278,322,4.0,29.5,OCC_TO_CU
1717479803.4802835,322,0.0,29.5,OCC_TO_CU
1717479803.5675159,273,94.3,29.6,CU_TO_DEV
1717479803.5680873,273,0.0,29.6,CU_TO_DEV
1717479810.2258549,154,4.1,29.5,OCC_TO_CU
1717479810.3713326,241,11.9,29.6,CU_TO_DEV
1717479810.3716688,241,0.0,29.6,CU_TO_DEV
1717479813.495623,322,4.1,29.4,OCC_TO_CU
1717479813.4963198,322,0.0,29.4,OCC_TO_CU
1717479813.5737877,273,13.8,29.5,CU_TO_DEV
1717479813.5741057,273,0.0,29.5,CU_TO_DEV
1717479823.503055,322,4.0,29.5,OCC_TO_CU
1717479823.5037699,322,0.0,29.5,OCC_TO_CU
1717479823.5805023,273,24.2,29.6,CU_TO_DEV
1717479823.5805485,273,24.2,29.6,CU_TO_DEV
1717479833.5171237,322,5.4,29.5,OCC_TO_CU
1717479833.5181289,322,0.0,29.5,OCC_TO_CU
1717479833.5906067,273,24.1,29.6,CU_TO_DEV
1717479833.5963538,273,33.3,29.6,CU_TO_DEV
1717479843.5380898,322,4.3,29.5,OCC_TO_CU
1717479843.5387502,322,0.0,29.5,OCC_TO_CU
1717479843.5962934,273,27.3,29.5,CU_TO_DEV
1717479843.6025326,273,0.0,29.5,CU_TO_DEV
1717479853.5591779,322,4.2,29.5,OCC_TO_CU
1717479853.559963,322,0.0,29.5,OCC_TO_CU
1717479853.6029503,273,33.3,29.6,CU_TO_DEV
1717479853.609671,273,50.0,29.6,CU_TO_DEV
1717479860.3101697,154,4.8,29.6,OCC_TO_CU
1717479860.4078789,241,89.7,29.7,CU_TO_DEV
1717479860.4188914,241,66.7,29.7,CU_TO_DEV
1717479863.5760841,322,3.4,29.5,OCC_TO_CU
1717479863.5766063,322,0.0,29.5,OCC_TO_CU
1717479863.610428,273,30.8,29.6,CU_TO_DEV
1717479863.6208177,273,0.0,29.6,CU_TO_DEV
1717479873.57966,322,4.7,29.5,OCC_TO_CU
1717479873.580299,322,0.0,29.5,OCC_TO_CU
1717479873.6175957,273,35.7,29.5,CU_TO_DEV
1717479873.6257124,273,25.0,29.6,CU_TO_DEV
1717479883.613402,322,3.8,29.5,OCC_TO_CU
1717479883.614054,322,0.0,29.5,OCC_TO_CU
1717479883.6237097,273,40.0,29.5,CU_TO_DEV
1717479883.630992,273,100.0,29.5,CU_TO_DEV
1717479893.6203446,322,4.1,29.5,OCC_TO_CU
1717479893.6209898,322,0.0,29.5,OCC_TO_CU
1717479893.6306226,273,25.0,29.5,CU_TO_DEV
1717479893.6385343,273,100.0,29.5,CU_TO_DEV
1717479903.6316392,322,4.5,29.5,OCC_TO_CU
1717479903.6324286,322,0.0,29.5,OCC_TO_CU
1717479903.643478,273,50.0,29.5,CU_TO_DEV
1717479903.6463292,273,0.0,29.5,CU_TO_DEV
1717479910.3895798,154,4.6,29.6,OCC_TO_CU
1717479910.4493823,241,28.0,29.7,CU_TO_DEV
1717479910.4500022,241,0.0,29.7,CU_TO_DEV
1717479913.6285763,322,4.3,29.6,OCC_TO_CU
1717479913.6291974,322,0.0,29.6,OCC_TO_CU
1717479913.6520202,273,44.4,29.6,CU_TO_DEV
1717479913.6517925,273,44.4,29.6,CU_TO_DEV
1717479923.655862,322,4.6,29.5,OCC_TO_CU
1717479923.656493,322,0.0,29.5,OCC_TO_CU
1717479923.659759,273,0.0,29.5,CU_TO_DEV
1717479923.659823,273,0.0,29.5,CU_TO_DEV
1717479933.6662745,322,4.4,29.5,OCC_TO_CU
1717479933.6673565,322,50.0,29.5,OCC_TO_CU
1717479933.866225,273,7.7,29.5,CU_TO_DEV
1717479933.8662975,273,7.7,29.5,CU_TO_DEV
1717479943.676218,322,4.1,29.5,OCC_TO_CU
1717479943.6768584,322,0.0,29.5,OCC_TO_CU
1717479943.873403,273,9.0,29.6,CU_TO_DEV
1717479943.8736715,273,0.0,29.6,CU_TO_DEV
1717479953.6822982,322,4.2,29.5,OCC_TO_CU
1717479953.6829383,322,0.0,29.5,OCC_TO_CU
1717479953.8804543,273,8.9,29.6,CU_TO_DEV
1717479953.8807166,273,0.0,29.6,CU_TO_DEV
1717479960.4710753,154,5.9,29.6,OCC_TO_CU
1717479960.4876785,241,50.0,29.6,CU_TO_DEV
1717479960.4879227,241,50.0,29.6,CU_TO_DEV
1717479963.6927404,322,3.7,29.6,OCC_TO_CU
1717479963.6937437,322,0.0,29.6,OCC_TO_CU
1717479963.8910463,273,49.4,29.7,CU_TO_DEV
1717479963.8916066,273,0.0,29.7,CU_TO_DEV
1717479973.7115996,322,4.8,29.4,OCC_TO_CU
1717479973.712253,322,0.0,29.4,OCC_TO_CU
1717479973.9016652,273,8.0,29.5,CU_TO_DEV
1717479973.9023232,273,0.0,29.5,CU_TO_DEV
1717479983.7405546,322,3.8,29.5,OCC_TO_CU
1717479983.7411773,322,0.0,29.5,OCC_TO_CU
1717479983.9094281,273,9.1,29.6,CU_TO_DEV
1717479983.9091747,273,9.1,29.6,CU_TO_DEV
1717479993.7381988,322,3.9,29.5,OCC_TO_CU
1717479993.738944,322,0.0,29.5,OCC_TO_CU
1717479993.9162943,273,8.6,29.6,CU_TO_DEV
1717479993.9163597,273,8.6,29.6,CU_TO_DEV
1717480003.7444706,322,4.0,29.6,OCC_TO_CU
1717480003.7450395,322,0.0,29.6,OCC_TO_CU
1717480003.9229581,273,9.7,29.7,CU_TO_DEV
1717480003.9235172,273,0.0,29.7,CU_TO_DEV
1717480010.551629,154,3.9,29.7,OCC_TO_CU
1717480010.7278728,241,7.2,29.7,CU_TO_DEV
1717480010.7278,241,7.2,29.7,CU_TO_DEV
1717480013.7798355,322,6.8,29.6,OCC_TO_CU
1717480013.7804108,322,0.0,29.6,OCC_TO_CU
1717480013.9307866,273,8.3,29.7,CU_TO_DEV
1717480013.9306202,273,8.3,29.7,CU_TO_DEV
1717480023.7836626,322,3.3,29.6,OCC_TO_CU
1717480023.7843075,322,0.0,29.6,OCC_TO_CU
1717480023.937502,273,11.5,29.7,CU_TO_DEV
1717480023.9376671,273,11.5,29.7,CU_TO_DEV
1717480033.7960076,322,4.4,29.6,OCC_TO_CU
1717480033.7997625,322,0.0,29.6,OCC_TO_CU
1717480033.944097,273,15.3,29.6,CU_TO_DEV
1717480033.9442546,273,15.3,29.6,CU_TO_DEV
1717480043.8117995,322,3.7,29.6,OCC_TO_CU
1717480043.8125267,322,0.0,29.6,OCC_TO_CU
1717480043.958435,273,13.6,29.7,CU_TO_DEV
1717480043.9589477,273,0.0,29.7,CU_TO_DEV
1717480053.8251135,322,4.0,29.7,OCC_TO_CU
1717480053.8259072,322,0.0,29.7,OCC_TO_CU
1717480053.964948,273,69.1,29.6,CU_TO_DEV
1717480053.9651685,273,0.0,29.6,CU_TO_DEV
1717480060.4315755,154,3.3,29.6,OCC_TO_CU
1717480060.5693142,241,9.4,29.7,CU_TO_DEV
1717480060.5698028,241,0.0,29.7,CU_TO_DEV
1717480063.8222349,322,6.5,29.5,OCC_TO_CU
1717480063.823213,322,100.0,29.5,OCC_TO_CU
1717480063.9742851,273,8.3,29.6,CU_TO_DEV
1717480063.9743836,273,8.3,29.6,CU_TO_DEV
1717480073.834084,322,3.6,29.5,OCC_TO_CU
1717480073.8345978,322,0.0,29.5,OCC_TO_CU
1717480073.981983,273,10.0,29.5,CU_TO_DEV
1717480073.9821959,273,0.0,29.5,CU_TO_DEV
1717480083.844754,322,3.3,29.5,OCC_TO_CU
1717480083.8453891,322,0.0,29.5,OCC_TO_CU
1717480083.9900727,273,11.9,29.6,CU_TO_DEV
1717480083.9905508,273,0.0,29.6,CU_TO_DEV
1717480093.860939,322,4.0,29.4,OCC_TO_CU
1717480093.8619668,322,0.0,29.4,OCC_TO_CU
1717480093.9960625,273,7.7,29.5,CU_TO_DEV
1717480093.9964714,273,0.0,29.5,CU_TO_DEV
1717480103.8740737,322,3.1,29.4,OCC_TO_CU
1717480103.8746967,322,0.0,29.4,OCC_TO_CU
1717480104.0024555,273,12.0,29.5,CU_TO_DEV
1717480104.0028524,273,0.0,29.5,CU_TO_DEV
1717480110.7210562,154,3.7,29.5,OCC_TO_CU
1717480110.806862,241,17.6,29.6,CU_TO_DEV
1717480110.8103344,241,50.0,29.6,CU_TO_DEV
1717480113.8928354,322,2.8,29.4,OCC_TO_CU
1717480113.8934796,322,0.0,29.4,OCC_TO_CU
1717480114.0090847,273,13.3,29.6,CU_TO_DEV
1717480114.0119655,273,0.0,29.6,CU_TO_DEV
1717480123.9147189,322,4.2,29.4,OCC_TO_CU
1717480123.9154484,322,0.0,29.4,OCC_TO_CU
1717480124.0148754,273,15.0,29.5,CU_TO_DEV
1717480124.0180664,273,50.0,29.5,CU_TO_DEV
1717480133.922193,322,3.1,29.5,OCC_TO_CU
1717480133.9228196,322,0.0,29.5,OCC_TO_CU
1717480134.0200033,273,18.4,29.6,CU_TO_DEV
1717480134.0245762,273,0.0,29.6,CU_TO_DEV
1717480143.9421434,322,3.2,29.5,OCC_TO_CU
1717480143.9427636,322,0.0,29.5,OCC_TO_CU
1717480144.025149,273,21.2,29.6,CU_TO_DEV
1717480144.0297265,273,0.0,29.6,CU_TO_DEV
1717480153.9486182,322,3.6,29.4,OCC_TO_CU
1717480153.949258,322,0.0,29.4,OCC_TO_CU
1717480154.0317557,273,12.9,29.5,CU_TO_DEV
1717480154.034858,273,0.0,29.5,CU_TO_DEV
1717480160.4906962,154,4.6,29.5,OCC_TO_CU
1717480160.6350982,241,12.1,29.5,CU_TO_DEV
1717480160.6376004,241,0.0,29.5,CU_TO_DEV
1717480163.958054,322,2.8,29.4,OCC_TO_CU
1717480163.9586873,322,0.0,29.4,OCC_TO_CU
1717480164.0369694,273,21.9,29.5,CU_TO_DEV
1717480164.0393806,273,0.0,29.5,CU_TO_DEV
1717480173.9757674,322,3.3,29.4,OCC_TO_CU
1717480173.9763973,322,0.0,29.4,OCC_TO_CU
1717480174.0425184,273,26.9,29.6,CU_TO_DEV
1717480174.044698,273,0.0,29.6,CU_TO_DEV
1717480183.9957294,322,4.2,29.5,OCC_TO_CU
1717480183.996265,322,0.0,29.5,OCC_TO_CU
1717480184.048206,273,85.0,29.6,CU_TO_DEV
1717480184.0514522,273,100.0,29.6,CU_TO_DEV
1717480194.004852,322,3.3,29.4,OCC_TO_CU
1717480194.0054862,322,0.0,29.4,OCC_TO_CU
1717480194.0565045,273,35.0,29.4,CU_TO_DEV
1717480194.0570052,273,0.0,29.4,CU_TO_DEV
1717480204.0163434,322,3.8,29.3,OCC_TO_CU
1717480204.0170195,322,0.0,29.3,OCC_TO_CU
1717480204.0638177,273,31.6,29.4,CU_TO_DEV
1717480204.064044,273,0.0,29.4,CU_TO_DEV
1717480210.575166,154,3.0,29.4,OCC_TO_CU
1717480210.6672137,241,18.9,29.4,CU_TO_DEV
1717480210.6673882,241,18.9,29.4,CU_TO_DEV
1717480214.0214972,322,2.8,29.4,OCC_TO_CU
1717480214.0221667,322,0.0,29.4,OCC_TO_CU
1717480214.0696254,273,31.6,29.5,CU_TO_DEV
1717480214.0694408,273,31.6,29.5,CU_TO_DEV
1717480224.0440776,322,2.9,29.4,OCC_TO_CU
1717480224.044734,322,0.0,29.4,OCC_TO_CU
1717480224.0754168,273,46.2,29.5,CU_TO_DEV
1717480224.076311,273,0.0,29.5,CU_TO_DEV
1717480234.057857,322,3.7,29.3,OCC_TO_CU
1717480234.0584881,322,0.0,29.3,OCC_TO_CU
1717480234.0817058,273,0.0,29.4,CU_TO_DEV
1717480234.0812557,273,44.4,29.4,CU_TO_DEV
1717480244.0743032,322,3.1,29.4,OCC_TO_CU
1717480244.0749755,322,0.0,29.4,OCC_TO_CU
1717480244.0878243,273,40.0,29.4,CU_TO_DEV
1717480244.0891743,273,0.0,29.4,CU_TO_DEV
1717480254.0934923,322,4.3,29.3,OCC_TO_CU
1717480254.0974195,322,0.0,29.3,OCC_TO_CU
1717480254.293415,273,7.7,29.4,CU_TO_DEV
1717480254.2937448,273,0.0,29.4,CU_TO_DEV
1717480260.5584815,154,3.5,29.4,OCC_TO_CU
1717480260.6972034,241,22.8,29.5,CU_TO_DEV
1717480260.6973686,241,22.8,29.5,CU_TO_DEV
1717480264.0995615,322,2.6,29.4,OCC_TO_CU
1717480264.1001885,322,0.0,29.4,OCC_TO_CU
1717480264.2995937,273,6.4,29.5,CU_TO_DEV
1717480264.2996757,273,6.4,29.5,CU_TO_DEV
1717480274.1222026,322,3.3,29.4,OCC_TO_CU
1717480274.1229615,322,0.0,29.4,OCC_TO_CU
1717480274.3048441,273,9.6,29.5,CU_TO_DEV
1717480274.3053179,273,0.0,29.5,CU_TO_DEV
1717480284.1348417,322,3.1,29.5,OCC_TO_CU
1717480284.135511,322,0.0,29.5,OCC_TO_CU
1717480284.31038,273,10.0,29.6,CU_TO_DEV
1717480284.3107722,273,0.0,29.6,CU_TO_DEV
1717480294.148249,322,3.7,29.5,OCC_TO_CU
1717480294.1488862,322,0.0,29.5,OCC_TO_CU
1717480294.3164825,273,6.1,29.6,CU_TO_DEV
1717480294.3165913,273,6.1,29.6,CU_TO_DEV
1717480304.152021,322,2.7,29.4,OCC_TO_CU
1717480304.1540892,322,0.0,29.4,OCC_TO_CU
1717480304.3215399,273,10.4,29.6,CU_TO_DEV
1717480304.3216193,273,10.4,29.6,CU_TO_DEV
1717480310.7408283,154,3.4,29.5,OCC_TO_CU
1717480310.9253578,241,57.5,29.6,CU_TO_DEV
1717480310.9253972,241,57.5,29.6,CU_TO_DEV
1717480314.1647928,322,5.4,29.4,OCC_TO_CU
1717480314.1652923,322,0.0,29.4,OCC_TO_CU
1717480314.3274822,273,7.8,29.4,CU_TO_DEV
1717480314.3274324,273,7.8,29.4,CU_TO_DEV
1717480324.1930888,322,2.8,29.3,OCC_TO_CU
1717480324.1937253,322,0.0,29.3,OCC_TO_CU
1717480324.333076,273,14.3,29.4,CU_TO_DEV
1717480324.3332353,273,14.3,29.4,CU_TO_DEV
1717480334.2003407,322,2.9,29.4,OCC_TO_CU
1717480334.2008436,322,0.0,29.4,OCC_TO_CU
1717480334.338501,273,10.7,29.4,CU_TO_DEV
1717480334.338908,273,0.0,29.4,CU_TO_DEV
1717480344.2391803,322,3.1,29.4,OCC_TO_CU
1717480344.239831,322,100.0,29.4,OCC_TO_CU
1717480344.3438463,273,18.6,29.5,CU_TO_DEV
1717480344.3441176,273,0.0,29.5,CU_TO_DEV
1717480354.2441695,322,3.0,29.5,OCC_TO_CU
1717480354.2448316,322,0.0,29.5,OCC_TO_CU
1717480354.3495896,273,16.7,29.6,CU_TO_DEV
1717480354.350086,273,0.0,29.6,CU_TO_DEV
1717480360.8462164,154,4.5,29.5,OCC_TO_CU
1717480360.953518,241,11.9,29.6,CU_TO_DEV
1717480360.953661,241,11.9,29.6,CU_TO_DEV
1717480364.2518916,322,2.3,29.5,OCC_TO_CU
1717480364.2526295,322,0.0,29.5,OCC_TO_CU
1717480364.3596098,273,88.9,29.6,CU_TO_DEV
1717480364.3596795,273,88.9,29.6,CU_TO_DEV
1717480374.260332,322,3.0,29.4,OCC_TO_CU
1717480374.2609677,322,0.0,29.4,OCC_TO_CU
1717480374.3652163,273,12.5,29.5,CU_TO_DEV
1717480374.3661785,273,0.0,29.5,CU_TO_DEV
1717480384.2777393,322,4.2,29.3,OCC_TO_CU
1717480384.278416,322,0.0,29.3,OCC_TO_CU
1717480384.371355,273,21.1,29.4,CU_TO_DEV
1717480384.3712847,273,21.1,29.4,CU_TO_DEV
1717480394.293544,322,3.1,29.4,OCC_TO_CU
1717480394.2941766,322,0.0,29.4,OCC_TO_CU
1717480394.3766336,273,18.7,29.5,CU_TO_DEV
1717480394.3770308,273,0.0,29.5,CU_TO_DEV
1717480404.2975035,322,3.1,29.4,OCC_TO_CU
1717480404.2981534,322,0.0,29.4,OCC_TO_CU
1717480404.3815975,273,20.6,29.5,CU_TO_DEV
1717480404.3831475,273,0.0,29.5,CU_TO_DEV
1717480410.8539186,154,3.6,29.5,OCC_TO_CU
1717480410.985194,241,16.7,29.6,CU_TO_DEV
1717480410.9862168,241,0.0,29.6,CU_TO_DEV
1717480414.3120954,322,3.2,29.5,OCC_TO_CU
1717480414.312731,322,0.0,29.5,OCC_TO_CU
1717480414.38725,273,23.3,29.6,CU_TO_DEV
1717480414.388016,273,0.0,29.6,CU_TO_DEV
1717480424.3229942,322,3.9,29.4,OCC_TO_CU
1717480424.3240428,322,100.0,29.4,OCC_TO_CU
1717480424.3954089,273,14.8,29.5,CU_TO_DEV
1717480424.3960774,273,0.0,29.5,CU_TO_DEV
1717480434.3373003,322,3.8,29.4,OCC_TO_CU
1717480434.337948,322,0.0,29.4,OCC_TO_CU
1717480434.4003894,273,30.8,29.4,CU_TO_DEV
1717480434.4003222,273,30.8,29.4,CU_TO_DEV
1717480444.3670008,322,4.2,29.3,OCC_TO_CU
1717480444.3676772,322,100.0,29.3,OCC_TO_CU
1717480444.405607,273,43.7,29.4,CU_TO_DEV
1717480444.4099736,273,0.0,29.4,CU_TO_DEV
1717480454.389101,322,3.6,29.4,OCC_TO_CU
1717480454.389625,322,0.0,29.4,OCC_TO_CU
1717480454.4111862,273,50.0,29.4,CU_TO_DEV
1717480454.415238,273,50.0,29.4,CU_TO_DEV
1717480460.9880767,154,3.3,29.4,OCC_TO_CU
1717480461.0155258,241,44.4,29.5,CU_TO_DEV
1717480461.0188065,241,0.0,29.5,CU_TO_DEV
1717480464.385171,322,3.6,29.4,OCC_TO_CU
1717480464.3857903,322,0.0,29.4,OCC_TO_CU
1717480464.4180987,273,41.7,29.5,CU_TO_DEV
1717480464.4209292,273,0.0,29.5,CU_TO_DEV
1717480474.413523,322,3.1,29.5,OCC_TO_CU
1717480474.4142675,322,0.0,29.5,OCC_TO_CU
1717480474.4256804,273,40.0,29.5,CU_TO_DEV
1717480474.4270194,273,0.0,29.5,CU_TO_DEV
1717480484.4253154,322,3.5,29.5,OCC_TO_CU
1717480484.4259753,322,0.0,29.5,OCC_TO_CU
1717480484.4327197,273,0.0,29.5,CU_TO_DEV
1717480484.4324176,273,75.0,29.5,CU_TO_DEV
1717480494.4367797,322,3.8,29.4,OCC_TO_CU
1717480494.437429,322,0.0,29.4,OCC_TO_CU
1717480494.4434783,273,50.0,29.4,CU_TO_DEV
1717480494.4440641,273,0.0,29.4,CU_TO_DEV
1717480504.4570465,322,4.3,29.4,OCC_TO_CU
1717480504.4576597,322,0.0,29.4,OCC_TO_CU
1717480504.649591,273,6.6,29.5,CU_TO_DEV
1717480504.6528254,273,0.0,29.5,CU_TO_DEV
1717480511.949983,154,3.4,29.5,OCC_TO_CU
1717480512.0541995,241,16.7,29.6,CU_TO_DEV
1717480512.0559063,241,0.0,29.6,CU_TO_DEV
1717480514.4148705,322,3.3,29.4,OCC_TO_CU
1717480514.4155273,322,0.0,29.5,OCC_TO_CU
1717480514.4570081,273,81.3,29.5,CU_TO_DEV
1717480514.4594479,273,100.0,29.6,CU_TO_DEV
1717480524.3923564,322,3.8,29.4,OCC_TO_CU
1717480524.3929813,322,0.0,29.4,OCC_TO_CU
1717480524.462213,273,19.2,29.5,CU_TO_DEV
1717480524.4661071,273,0.0,29.5,CU_TO_DEV
1717480534.3927732,322,3.6,29.4,OCC_TO_CU
1717480534.3935964,322,0.0,29.4,OCC_TO_CU
1717480534.4678762,273,23.3,29.5,CU_TO_DEV
1717480534.472028,273,0.0,29.5,CU_TO_DEV
1717480544.3591523,322,3.4,29.4,OCC_TO_CU
1717480544.361195,322,50.0,29.4,OCC_TO_CU
1717480544.4784837,273,13.0,29.5,CU_TO_DEV
1717480544.4788802,273,0.0,29.5,CU_TO_DEV
1717480554.375835,322,4.2,29.4,OCC_TO_CU
1717480554.3764741,322,0.0,29.4,OCC_TO_CU
1717480554.4865518,273,15.6,29.4,CU_TO_DEV
1717480554.4866452,273,15.6,29.4,CU_TO_DEV
1717480562.825452,154,4.6,29.3,OCC_TO_CU
1717480562.8917024,241,23.1,29.4,CU_TO_DEV
1717480562.892256,241,0.0,29.4,CU_TO_DEV
1717480564.400773,322,2.2,29.3,OCC_TO_CU
1717480564.4013948,322,0.0,29.3,OCC_TO_CU
1717480564.493014,273,14.3,29.4,CU_TO_DEV
1717480564.4934742,273,0.0,29.4,CU_TO_DEV
1717480574.3769605,322,3.1,29.4,OCC_TO_CU
1717480574.3775797,322,0.0,29.4,OCC_TO_CU
1717480574.4976583,273,12.8,29.4,CU_TO_DEV
1717480574.4978132,273,12.8,29.4,CU_TO_DEV
1717480584.3810363,322,2.8,29.4,OCC_TO_CU
1717480584.3816636,322,0.0,29.4,OCC_TO_CU
1717480584.5018759,273,14.3,29.5,CU_TO_DEV
1717480584.502378,273,0.0,29.5,CU_TO_DEV
1717480594.3779972,322,3.0,29.4,OCC_TO_CU
1717480594.3787425,322,0.0,29.4,OCC_TO_CU
1717480594.5057318,273,13.7,29.6,CU_TO_DEV
1717480594.5058928,273,13.7,29.6,CU_TO_DEV
1717480604.3761537,322,2.7,29.4,OCC_TO_CU
1717480604.3768978,322,0.0,29.4,OCC_TO_CU
1717480604.5102494,273,15.1,29.5,CU_TO_DEV
1717480604.5103068,273,15.1,29.5,CU_TO_DEV
1717480612.8517752,154,3.3,29.5,OCC_TO_CU
1717480612.9140444,241,17.4,29.6,CU_TO_DEV
1717480612.9141092,241,17.4,29.6,CU_TO_DEV
1717480614.3828285,322,3.4,29.6,OCC_TO_CU
1717480614.3836238,322,50.0,29.6,OCC_TO_CU
1717480614.515459,273,9.8,29.6,CU_TO_DEV
1717480614.515563,273,9.8,29.6,CU_TO_DEV
1717480624.413361,322,4.5,29.3,OCC_TO_CU
1717480624.4139469,322,0.0,29.3,OCC_TO_CU
1717480624.5230482,273,15.6,29.5,CU_TO_DEV
1717480624.5285695,273,0.0,29.5,CU_TO_DEV
1717480634.4112113,322,2.9,29.4,OCC_TO_CU
1717480634.4118726,322,0.0,29.4,OCC_TO_CU
1717480634.5273936,273,17.0,29.5,CU_TO_DEV
1717480634.532789,273,0.0,29.5,CU_TO_DEV
1717480644.435209,322,3.3,29.5,OCC_TO_CU
1717480644.435884,322,0.0,29.5,OCC_TO_CU
1717480644.5327346,273,17.9,29.6,CU_TO_DEV
1717480644.5408955,273,33.3,29.6,CU_TO_DEV
1717480654.4434853,322,3.2,29.5,OCC_TO_CU
1717480654.4442418,322,0.0,29.5,OCC_TO_CU
1717480654.5378864,273,16.7,29.6,CU_TO_DEV
1717480654.547773,273,25.0,29.6,CU_TO_DEV
1717480662.9262307,154,3.4,29.6,OCC_TO_CU
1717480662.9433477,241,42.9,29.6,CU_TO_DEV
1717480662.9532719,241,50.0,29.6,CU_TO_DEV
1717480664.4595997,322,4.0,29.6,OCC_TO_CU
1717480664.4604099,322,0.0,29.6,OCC_TO_CU
1717480664.5479383,273,45.7,29.6,CU_TO_DEV
1717480664.5609617,273,100.0,29.6,CU_TO_DEV
1717480674.4723928,322,4.1,29.4,OCC_TO_CU
1717480674.4730284,322,0.0,29.4,OCC_TO_CU
1717480674.5532115,273,16.7,29.5,CU_TO_DEV
1717480674.5678146,273,28.6,29.5,CU_TO_DEV
1717480684.4730022,322,5.0,29.3,OCC_TO_CU
1717480684.473644,322,0.0,29.3,OCC_TO_CU
1717480684.559277,273,12.5,29.4,CU_TO_DEV
1717480684.5741248,273,28.6,29.4,CU_TO_DEV
1717480694.4980745,322,3.7,29.4,OCC_TO_CU
1717480694.501124,322,0.0,29.4,OCC_TO_CU
1717480694.5657592,273,26.9,29.4,CU_TO_DEV
1717480694.5797312,273,33.3,29.4,CU_TO_DEV
1717480704.492811,322,3.6,29.4,OCC_TO_CU
1717480704.4934494,322,0.0,29.4,OCC_TO_CU
1717480704.5747795,273,18.7,29.5,CU_TO_DEV
1717480704.5850894,273,25.0,29.5,CU_TO_DEV
1717480712.6854696,154,4.2,29.4,OCC_TO_CU
1717480712.7815092,241,25.6,29.5,CU_TO_DEV
1717480712.7926571,241,20.0,29.4,CU_TO_DEV
1717480714.527097,322,4.0,29.4,OCC_TO_CU
1717480714.5277312,322,0.0,29.4,OCC_TO_CU
1717480714.5827978,273,26.1,29.5,CU_TO_DEV
1717480714.5950549,273,40.0,29.5,CU_TO_DEV
1717480724.5377996,322,3.7,29.5,OCC_TO_CU
1717480724.5384583,322,0.0,29.5,OCC_TO_CU
1717480724.591157,273,28.6,29.6,CU_TO_DEV
1717480724.6021478,273,33.3,29.6,CU_TO_DEV
1717480734.5355008,322,4.7,29.5,OCC_TO_CU
1717480734.536085,322,0.0,29.5,OCC_TO_CU
1717480734.5964286,273,17.4,29.5,CU_TO_DEV
1717480734.609447,273,40.0,29.5,CU_TO_DEV
1717480744.549643,322,3.1,29.5,OCC_TO_CU
1717480744.5502853,322,0.0,29.5,OCC_TO_CU
1717480744.600687,273,30.0,29.6,CU_TO_DEV
1717480744.6139252,273,40.0,29.6,CU_TO_DEV
1717480754.573729,322,4.4,29.5,OCC_TO_CU
1717480754.5743852,322,0.0,29.5,OCC_TO_CU
1717480754.6073852,273,53.3,29.6,CU_TO_DEV
1717480754.618536,273,0.0,29.6,CU_TO_DEV
1717480762.7508347,154,3.8,29.5,OCC_TO_CU
1717480762.812043,241,56.0,29.6,CU_TO_DEV
1717480762.8227837,241,25.0,29.6,CU_TO_DEV
1717480764.5747745,322,2.9,29.6,OCC_TO_CU
1717480764.575497,322,100.0,29.6,OCC_TO_CU
1717480764.613725,273,33.3,29.6,CU_TO_DEV
1717480764.6241283,273,60.0,29.6,CU_TO_DEV
1717480774.5819478,322,4.1,29.6,OCC_TO_CU
1717480774.5825708,322,0.0,29.6,OCC_TO_CU
1717480774.618975,273,40.0,29.7,CU_TO_DEV
1717480774.6295094,273,50.0,29.7,CU_TO_DEV
1717480784.5854332,322,5.1,29.5,OCC_TO_CU
1717480784.5859592,322,0.0,29.5,OCC_TO_CU
1717480784.6242592,273,33.3,29.6,CU_TO_DEV
1717480784.6350756,273,20.0,29.6,CU_TO_DEV
1717480794.6032739,322,3.8,29.5,OCC_TO_CU
1717480794.6039097,322,0.0,29.5,OCC_TO_CU
1717480794.6303632,273,70.0,29.6,CU_TO_DEV
1717480794.6404061,273,100.0,29.6,CU_TO_DEV
1717480804.6113255,322,4.5,29.4,OCC_TO_CU
1717480804.6126764,322,0.0,29.4,OCC_TO_CU
1717480804.6352823,273,44.4,29.5,CU_TO_DEV
1717480804.6489296,273,60.0,29.5,CU_TO_DEV
1717480812.8074815,154,5.3,29.4,OCC_TO_CU
1717480812.8421512,241,85.7,29.4,CU_TO_DEV
1717480812.8562226,241,25.0,29.4,CU_TO_DEV
1717480814.6160536,322,2.0,29.4,OCC_TO_CU
1717480814.6165922,322,0.0,29.4,OCC_TO_CU
1717480814.6439486,273,30.0,29.5,CU_TO_DEV
1717480814.6581025,273,20.0,29.5,CU_TO_DEV
1717480824.627872,322,3.9,29.4,OCC_TO_CU
1717480824.6286237,322,0.0,29.4,OCC_TO_CU
1717480824.648917,273,42.9,29.4,CU_TO_DEV
1717480824.6637893,273,50.0,29.5,CU_TO_DEV
1717480834.6534882,322,4.2,29.4,OCC_TO_CU
1717480834.6540532,322,0.0,29.4,OCC_TO_CU
1717480834.6543562,273,0.0,29.4,CU_TO_DEV
1717480834.668849,273,60.0,29.4,CU_TO_DEV
1717480834.8548884,273,16.7,29.5,CU_TO_DEV
1717480844.6464515,322,3.5,29.4,OCC_TO_CU
1717480844.6472273,322,0.0,29.4,OCC_TO_CU
1717480844.659494,273,40.0,29.4,CU_TO_DEV
1717480844.6762056,273,66.7,29.5,CU_TO_DEV
1717480854.669938,322,3.8,29.4,OCC_TO_CU
1717480854.6706078,322,0.0,29.4,OCC_TO_CU
1717480854.687088,273,33.3,29.4,CU_TO_DEV
1717480854.8642693,273,18.1,29.5,CU_TO_DEV
1717480863.7877505,154,3.8,29.5,OCC_TO_CU
1717480863.8680449,241,48.4,29.6,CU_TO_DEV
1717480863.894899,241,36.4,29.6,CU_TO_DEV
1717480864.6717412,322,1.6,29.7,OCC_TO_CU
1717480864.6723602,322,0.0,29.7,OCC_TO_CU
1717480864.6960492,273,40.0,29.7,CU_TO_DEV
1717480864.8693,273,22.1,29.7,CU_TO_DEV
1717480874.6796932,322,3.6,29.6,OCC_TO_CU
1717480874.6803353,322,0.0,29.6,OCC_TO_CU
1717480874.7016938,273,62.5,29.6,CU_TO_DEV
1717480874.876009,273,70.0,29.7,CU_TO_DEV
1717480884.6814551,322,4.8,29.3,OCC_TO_CU
1717480884.6821005,322,0.0,29.3,OCC_TO_CU
1717480884.6863205,273,0.0,29.3,CU_TO_DEV
1717480884.7106264,273,77.8,29.4,CU_TO_DEV
1717480894.7146955,322,3.8,29.5,OCC_TO_CU
1717480894.715298,322,100.0,29.5,OCC_TO_CU
1717480894.7181199,273,0.0,29.5,CU_TO_DEV
1717480894.8925214,273,15.9,29.5,CU_TO_DEV
1717480904.7193837,322,3.9,29.4,OCC_TO_CU
1717480904.7200189,322,0.0,29.4,OCC_TO_CU
1717480904.7261462,273,0.0,29.4,CU_TO_DEV
1717480904.898889,273,24.6,29.5,CU_TO_DEV
1717480913.8645182,154,3.4,29.5,OCC_TO_CU
1717480913.9044092,241,50.0,29.6,CU_TO_DEV
1717480913.9346375,241,46.2,29.6,CU_TO_DEV
1717480914.732793,322,4.1,29.6,OCC_TO_CU
1717480914.733424,322,0.0,29.6,OCC_TO_CU
1717480914.735864,273,0.0,29.6,CU_TO_DEV
1717480914.9056199,273,19.7,29.7,CU_TO_DEV
1717480924.7549238,322,4.9,29.6,OCC_TO_CU
1717480924.7554493,322,0.0,29.6,OCC_TO_CU
1717480924.9112825,273,58.7,29.6,CU_TO_DEV
1717480924.9483917,273,28.6,29.6,CU_TO_DEV
1717480934.7736084,322,3.4,29.5,OCC_TO_CU
1717480934.774109,322,0.0,29.5,OCC_TO_CU
1717480934.9166005,273,12.5,29.6,CU_TO_DEV
1717480934.9587307,273,33.3,29.6,CU_TO_DEV
1717480944.81559,322,4.2,29.5,OCC_TO_CU
1717480944.816148,322,0.0,29.5,OCC_TO_CU
1717480944.922341,273,18.6,29.6,CU_TO_DEV
1717480944.9644198,273,14.3,29.6,CU_TO_DEV
1717480954.8192294,322,3.5,29.4,OCC_TO_CU
1717480954.8197246,322,0.0,29.4,OCC_TO_CU
1717480954.9274046,273,16.3,29.5,CU_TO_DEV
1717480954.9694753,273,23.5,29.5,CU_TO_DEV
1717480963.9554079,154,3.5,29.5,OCC_TO_CU
1717480963.9742959,241,50.0,29.5,CU_TO_DEV
1717480964.132108,241,22.2,29.6,CU_TO_DEV
1717480964.8269026,322,1.4,29.6,OCC_TO_CU
1717480964.8274288,322,100.0,29.6,OCC_TO_CU
1717480964.933105,273,14.3,29.6,CU_TO_DEV
1717480964.9770555,273,38.9,29.6,CU_TO_DEV
1717480974.8293405,322,4.6,29.5,OCC_TO_CU
1717480974.8299632,322,0.0,29.5,OCC_TO_CU
1717480974.939587,273,86.7,29.6,CU_TO_DEV
1717480974.9817662,273,73.3,29.5,CU_TO_DEV
1717480984.8359628,322,3.4,29.4,OCC_TO_CU
1717480984.8367174,322,0.0,29.4,OCC_TO_CU
1717480984.9455934,273,20.9,29.5,CU_TO_DEV
1717480984.9860485,273,29.4,29.5,CU_TO_DEV
1717480994.8653088,322,3.8,29.5,OCC_TO_CU
1717480994.8659701,322,0.0,29.5,OCC_TO_CU
1717480994.9512246,273,21.9,29.6,CU_TO_DEV
1717480994.991247,273,35.3,29.6,CU_TO_DEV
1717481004.8628597,322,3.4,29.5,OCC_TO_CU
1717481004.8634903,322,100.0,29.5,OCC_TO_CU
1717481004.9559739,273,18.4,29.6,CU_TO_DEV
1717481004.9955957,273,28.6,29.6,CU_TO_DEV
1717481014.025064,154,4.4,29.5,OCC_TO_CU
1717481014.1602998,241,22.2,29.6,CU_TO_DEV
1717481014.1994786,241,18.8,29.6,CU_TO_DEV
1717481014.8897638,322,1.5,29.6,OCC_TO_CU
1717481014.8904002,322,0.0,29.6,OCC_TO_CU
1717481014.9611526,273,21.4,29.6,CU_TO_DEV
1717481015.0005128,273,33.3,29.6,CU_TO_DEV
1717481024.8896892,322,4.7,29.5,OCC_TO_CU
1717481024.8903375,322,0.0,29.5,OCC_TO_CU
1717481024.9671729,273,31.2,29.6,CU_TO_DEV
1717481025.004748,273,28.6,29.6,CU_TO_DEV
1717481034.916013,322,3.8,29.6,OCC_TO_CU
1717481034.916751,322,0.0,29.6,OCC_TO_CU
1717481034.97435,273,39.1,29.7,CU_TO_DEV
1717481035.0101748,273,33.3,29.7,CU_TO_DEV
1717481044.9084892,322,3.6,29.6,OCC_TO_CU
1717481044.9091616,322,0.0,29.6,OCC_TO_CU
1717481044.9808154,273,26.9,29.7,CU_TO_DEV
1717481045.0145013,273,30.8,29.7,CU_TO_DEV
1717481054.925135,322,4.4,29.7,OCC_TO_CU
1717481054.9256465,322,0.0,29.7,OCC_TO_CU
1717481054.9856393,273,21.7,29.8,CU_TO_DEV
1717481055.019002,273,42.9,29.8,CU_TO_DEV
1717481064.0959384,154,4.9,29.7,OCC_TO_CU
1717481064.1908243,241,32.4,29.8,CU_TO_DEV
1717481064.2228346,241,15.4,29.8,CU_TO_DEV
1717481064.942191,322,2.1,29.8,OCC_TO_CU
1717481064.9426937,322,0.0,29.8,OCC_TO_CU
1717481064.9918096,273,22.2,29.8,CU_TO_DEV
1717481065.0236208,273,30.8,29.8,CU_TO_DEV
1717481074.9589126,322,5.1,29.6,OCC_TO_CU
1717481074.9595726,322,100.0,29.6,OCC_TO_CU
1717481074.997498,273,35.7,29.6,CU_TO_DEV
1717481075.028002,273,41.7,29.6,CU_TO_DEV
1717481084.9687092,322,3.6,29.6,OCC_TO_CU
1717481084.9693034,322,0.0,29.6,OCC_TO_CU
1717481085.0026462,273,53.8,29.7,CU_TO_DEV
1717481085.0325196,273,45.5,29.7,CU_TO_DEV
1717481094.9670508,322,3.3,29.6,OCC_TO_CU
1717481094.967656,322,100.0,29.6,OCC_TO_CU
1717481095.0085664,273,37.5,29.7,CU_TO_DEV
1717481095.0379975,273,41.7,29.7,CU_TO_DEV
1717481104.9944146,322,3.7,29.6,OCC_TO_CU
1717481104.9951959,322,0.0,29.6,OCC_TO_CU
1717481105.0168762,273,77.8,29.7,CU_TO_DEV
1717481105.0431132,273,55.6,29.7,CU_TO_DEV
1717481114.1584918,154,4.9,29.7,OCC_TO_CU
1717481114.2269871,241,31.0,29.7,CU_TO_DEV
1717481114.2483253,241,25.0,29.7,CU_TO_DEV
1717481115.0044158,322,1.7,29.7,OCC_TO_CU
1717481115.005198,322,0.0,29.7,OCC_TO_CU
1717481115.0279572,273,66.7,29.8,CU_TO_DEV
1717481115.0493624,273,55.6,29.8,CU_TO_DEV
1717481125.012686,322,3.9,29.7,OCC_TO_CU
1717481125.015806,322,0.0,29.7,OCC_TO_CU
1717481125.034883,273,83.3,29.8,CU_TO_DEV
1717481125.0546212,273,66.7,29.8,CU_TO_DEV
1717481135.0477576,322,3.8,29.8,OCC_TO_CU
1717481135.0509355,322,0.0,29.8,OCC_TO_CU
1717481135.0593534,273,75.0,29.8,CU_TO_DEV
1717481135.239477,273,21.4,29.9,CU_TO_DEV
1717481145.0281024,322,4.0,29.7,OCC_TO_CU
1717481145.0313945,322,0.0,29.7,OCC_TO_CU
1717481145.045052,273,66.7,29.7,CU_TO_DEV
1717481145.0643933,273,75.0,29.8,CU_TO_DEV
1717481155.0474527,322,4.6,29.7,OCC_TO_CU
1717481155.0482962,322,0.0,29.7,OCC_TO_CU
1717481155.0569954,273,33.3,29.7,CU_TO_DEV
1717481155.0736845,273,80.0,29.7,CU_TO_DEV
1717481164.2397192,154,3.9,29.7,OCC_TO_CU
1717481164.2637029,241,37.5,29.8,CU_TO_DEV
1717481164.282325,241,16.7,29.8,CU_TO_DEV
1717481165.0722299,322,1.9,29.8,OCC_TO_CU
1717481165.0756445,322,50.0,29.8,OCC_TO_CU
1717481165.0832849,273,75.0,29.8,CU_TO_DEV
1717481165.265566,273,15.3,29.8,CU_TO_DEV
1717481175.0971646,322,4.6,29.7,OCC_TO_CU
1717481175.0979953,322,0.0,29.7,OCC_TO_CU
1717481175.2765837,273,69.4,29.7,CU_TO_DEV
1717481175.2894096,273,33.3,29.7,CU_TO_DEV
1717481185.1017723,322,3.3,29.6,OCC_TO_CU
1717481185.1059728,322,50.0,29.6,OCC_TO_CU
1717481185.2830164,273,25.4,29.7,CU_TO_DEV
1717481185.295927,273,33.3,29.7,CU_TO_DEV
1717481195.1417606,322,3.8,29.7,OCC_TO_CU
1717481195.142571,322,0.0,29.7,OCC_TO_CU
1717481195.293153,273,20.0,29.8,CU_TO_DEV
1717481195.3028626,273,25.0,29.8,CU_TO_DEV
1717481205.13958,322,5.2,29.5,OCC_TO_CU
1717481205.1406114,322,0.0,29.5,OCC_TO_CU
1717481205.3050926,273,19.7,29.5,CU_TO_DEV
1717481205.3097167,273,0.0,29.5,CU_TO_DEV
1717481214.3322272,154,4.0,29.5,OCC_TO_CU
1717481214.5121217,241,9.7,29.6,CU_TO_DEV
1717481214.514175,241,0.0,29.6,CU_TO_DEV
1717481215.2046344,322,3.3,29.6,OCC_TO_CU
1717481215.2055073,322,0.0,29.6,OCC_TO_CU
1717481215.3131387,273,29.3,29.6,CU_TO_DEV
1717481215.3148746,273,0.0,29.6,CU_TO_DEV
1717481225.1623049,322,3.6,29.6,OCC_TO_CU
1717481225.163098,322,0.0,29.6,OCC_TO_CU
1717481225.319826,273,18.3,29.7,CU_TO_DEV
1717481225.3199909,273,18.3,29.7,CU_TO_DEV
1717481235.1752713,322,3.6,29.7,OCC_TO_CU
1717481235.1759372,322,0.0,29.7,OCC_TO_CU
1717481235.3284013,273,23.0,29.8,CU_TO_DEV
1717481235.328356,273,23.0,29.8,CU_TO_DEV
1717481245.201333,322,4.6,29.7,OCC_TO_CU
1717481245.2019658,322,0.0,29.7,OCC_TO_CU
1717481245.3358366,273,21.8,29.8,CU_TO_DEV
1717481245.3361926,273,0.0,29.8,CU_TO_DEV
1717481255.2020931,322,3.2,29.7,OCC_TO_CU
1717481255.2033513,322,50.0,29.7,OCC_TO_CU
1717481255.3417063,273,26.8,29.8,CU_TO_DEV
1717481255.3418798,273,26.8,29.8,CU_TO_DEV
1717481264.43172,154,3.9,29.7,OCC_TO_CU
1717481264.5474694,241,13.3,29.8,CU_TO_DEV
1717481264.5475533,241,13.3,29.8,CU_TO_DEV
1717481265.210083,322,2.7,29.8,OCC_TO_CU
1717481265.2107196,322,0.0,29.8,OCC_TO_CU
1717481265.3486688,273,62.3,29.9,CU_TO_DEV
1717481265.3487756,273,62.3,29.9,CU_TO_DEV
1717481275.2353804,322,4.5,29.6,OCC_TO_CU
1717481275.236026,322,0.0,29.6,OCC_TO_CU
1717481275.360047,273,29.2,29.7,CU_TO_DEV
1717481275.3598757,273,29.2,29.7,CU_TO_DEV
1717481285.2511938,322,3.8,29.6,OCC_TO_CU
1717481285.2518451,322,0.0,29.6,OCC_TO_CU
1717481285.367008,273,31.8,29.8,CU_TO_DEV
1717481285.36716,273,31.8,29.8,CU_TO_DEV
1717481295.2759051,322,4.3,29.6,OCC_TO_CU
1717481295.2765577,322,0.0,29.6,OCC_TO_CU
1717481295.3724205,273,32.4,29.7,CU_TO_DEV
1717481295.3723693,273,32.4,29.7,CU_TO_DEV
1717481305.2538943,322,4.0,29.7,OCC_TO_CU
1717481305.2548952,322,0.0,29.7,OCC_TO_CU
1717481305.3797262,273,92.2,29.8,CU_TO_DEV
1717481305.3809059,273,0.0,29.8,CU_TO_DEV
1717481314.1715455,154,3.4,29.6,OCC_TO_CU
1717481314.1896584,241,57.1,29.6,CU_TO_DEV
1717481314.1898217,241,57.1,29.6,CU_TO_DEV
1717481315.267482,322,7.4,29.6,OCC_TO_CU
1717481315.2680774,322,0.0,29.6,OCC_TO_CU
1717481315.3917382,273,28.6,29.7,CU_TO_DEV
1717481315.3923452,273,0.0,29.7,CU_TO_DEV
1717481325.290188,322,3.7,29.6,OCC_TO_CU
1717481325.2951982,322,50.0,29.6,OCC_TO_CU
1717481325.3978026,273,35.9,29.8,CU_TO_DEV
1717481325.3995879,273,0.0,29.8,CU_TO_DEV
1717481335.3151145,322,4.6,29.6,OCC_TO_CU
1717481335.3176062,322,100.0,29.6,OCC_TO_CU
1717481335.407506,273,28.9,29.7,CU_TO_DEV
1717481335.4075408,273,28.9,29.7,CU_TO_DEV
1717481345.335842,322,4.5,29.5,OCC_TO_CU
1717481345.3381648,322,0.0,29.5,OCC_TO_CU
1717481345.4129057,273,48.1,29.6,CU_TO_DEV
1717481345.4134483,273,0.0,29.6,CU_TO_DEV
1717481355.3139062,322,3.7,29.6,OCC_TO_CU
1717481355.3175445,322,50.0,29.6,OCC_TO_CU
1717481355.419179,273,31.6,29.7,CU_TO_DEV
1717481355.419107,273,31.6,29.7,CU_TO_DEV
1717481364.2387922,154,3.5,29.6,OCC_TO_CU
1717481364.423594,241,23.3,29.7,CU_TO_DEV
1717481364.424036,241,0.0,29.7,CU_TO_DEV
1717481365.3270848,322,3.9,29.7,OCC_TO_CU
1717481365.3305671,322,100.0,29.7,OCC_TO_CU
1717481365.4274862,273,97.5,29.8,CU_TO_DEV
1717481365.4280427,273,0.0,29.8,CU_TO_DEV
1717481375.3868403,322,3.7,29.7,OCC_TO_CU
1717481375.3874903,322,100.0,29.7,OCC_TO_CU
1717481375.4326344,273,33.3,29.7,CU_TO_DEV
1717481375.4327493,273,33.3,29.7,CU_TO_DEV
1717481385.3516161,322,4.5,29.6,OCC_TO_CU
1717481385.354632,322,0.0,29.6,OCC_TO_CU
1717481385.4395568,273,18.8,29.7,CU_TO_DEV
1717481385.4404898,273,0.0,29.7,CU_TO_DEV
1717481395.3706038,322,3.3,29.6,OCC_TO_CU
1717481395.3718536,322,100.0,29.6,OCC_TO_CU
1717481395.4449885,273,41.4,29.7,CU_TO_DEV
1717481395.4454567,273,0.0,29.7,CU_TO_DEV
1717481405.4041018,322,4.2,29.6,OCC_TO_CU
1717481405.4047265,322,0.0,29.6,OCC_TO_CU
1717481405.4498682,273,35.3,29.7,CU_TO_DEV
1717481405.4518845,273,0.0,29.7,CU_TO_DEV
1717481414.3150547,154,3.2,29.6,OCC_TO_CU
1717481414.4564235,241,28.8,29.7,CU_TO_DEV
1717481414.4563842,241,28.8,29.7,CU_TO_DEV
1717481415.399581,322,5.0,29.8,OCC_TO_CU
1717481415.4006023,322,0.0,29.8,OCC_TO_CU
1717481415.4573207,273,26.1,29.8,CU_TO_DEV
1717481415.4576662,273,0.0,29.8,CU_TO_DEV
1717481425.4066415,322,3.7,29.7,OCC_TO_CU
1717481425.4072428,322,100.0,29.7,OCC_TO_CU
1717481425.46359,273,27.3,29.8,CU_TO_DEV
1717481425.4636524,273,27.3,29.8,CU_TO_DEV
1717481435.4220726,322,4.5,29.7,OCC_TO_CU
1717481435.422784,322,0.0,29.7,OCC_TO_CU
1717481435.470492,273,83.3,29.8,CU_TO_DEV
1717481435.471446,273,100.0,29.8,CU_TO_DEV
1717481445.4275773,322,3.9,29.7,OCC_TO_CU
1717481445.4286184,322,0.0,29.7,OCC_TO_CU
1717481445.4769077,273,33.3,29.7,CU_TO_DEV
1717481445.4768114,273,33.3,29.7,CU_TO_DEV
1717481455.4467368,322,3.6,29.7,OCC_TO_CU
1717481455.4474,322,100.0,29.7,OCC_TO_CU
1717481455.4818964,273,38.5,29.7,CU_TO_DEV
1717481455.4824023,273,0.0,29.7,CU_TO_DEV
1717481464.3932664,154,4.9,29.7,OCC_TO_CU
1717481464.4918854,241,28.2,29.8,CU_TO_DEV
1717481464.4922748,241,0.0,29.8,CU_TO_DEV
1717481465.4759803,322,10.1,29.8,OCC_TO_CU
1717481465.4767313,322,0.0,29.8,OCC_TO_CU
1717481465.493101,273,100.0,29.8,CU_TO_DEV
1717481465.493779,273,0.0,29.8,CU_TO_DEV
1717481475.4823704,322,4.9,29.6,OCC_TO_CU
1717481475.4833024,322,50.0,29.6,OCC_TO_CU
1717481475.498823,273,50.0,29.6,CU_TO_DEV
1717481475.5039704,273,75.0,29.6,CU_TO_DEV
1717481485.501621,322,3.7,29.5,OCC_TO_CU
1717481485.502243,322,0.0,29.5,OCC_TO_CU
1717481485.5044403,273,0.0,29.5,CU_TO_DEV
1717481485.5090847,273,50.0,29.5,CU_TO_DEV
1717481495.4914925,322,3.7,29.6,OCC_TO_CU
1717481495.49212,322,0.0,29.6,OCC_TO_CU
1717481495.5097299,273,57.1,29.7,CU_TO_DEV
1717481495.513758,273,50.0,29.7,CU_TO_DEV
1717481505.5092094,322,3.9,29.7,OCC_TO_CU
1717481505.5098453,322,0.0,29.7,OCC_TO_CU
1717481505.5150013,273,0.0,29.7,CU_TO_DEV
1717481505.5192544,273,100.0,29.7,CU_TO_DEV
1717481514.4675415,154,4.0,29.7,OCC_TO_CU
1717481514.5202239,241,30.0,29.8,CU_TO_DEV
1717481514.5235283,241,0.0,29.8,CU_TO_DEV
1717481515.5062144,322,3.6,29.8,OCC_TO_CU
1717481515.5069973,322,0.0,29.8,OCC_TO_CU
1717481515.5212994,273,50.0,29.8,CU_TO_DEV
1717481515.52447,273,100.0,29.8,CU_TO_DEV
1717481525.5551004,322,4.5,29.7,OCC_TO_CU
1717481525.5558186,322,100.0,29.7,OCC_TO_CU
1717481525.7260756,273,8.8,29.8,CU_TO_DEV
1717481525.7290947,273,0.0,29.8,CU_TO_DEV
1717481535.547135,322,4.3,29.7,OCC_TO_CU
1717481535.5479665,322,100.0,29.7,OCC_TO_CU
1717481535.7345226,273,8.2,29.8,CU_TO_DEV
1717481535.7342951,273,8.2,29.8,CU_TO_DEV
1717481545.5524101,322,3.9,29.7,OCC_TO_CU
1717481545.5532022,322,0.0,29.7,OCC_TO_CU
1717481545.7393775,273,6.9,29.8,CU_TO_DEV
1717481545.7394562,273,6.9,29.8,CU_TO_DEV
1717481555.5797822,322,3.7,29.7,OCC_TO_CU
1717481555.5804064,322,0.0,29.7,OCC_TO_CU
1717481555.745045,273,7.8,29.8,CU_TO_DEV
1717481555.7448716,273,7.8,29.8,CU_TO_DEV
1717481564.550575,154,3.8,29.8,OCC_TO_CU
1717481564.749225,241,50.6,29.8,CU_TO_DEV
1717481564.7492588,241,50.6,29.8,CU_TO_DEV
1717481565.590781,322,15.9,29.8,OCC_TO_CU
1717481565.5922906,322,100.0,29.8,OCC_TO_CU
1717481565.7537398,273,15.2,29.8,CU_TO_DEV
1717481565.7554867,273,0.0,29.8,CU_TO_DEV
1717481575.5849013,322,4.2,29.6,OCC_TO_CU
1717481575.58594,322,0.0,29.6,OCC_TO_CU
1717481575.7590213,273,8.8,29.6,CU_TO_DEV
1717481575.7606547,273,100.0,29.6,CU_TO_DEV
1717481585.6124694,322,3.8,29.6,OCC_TO_CU
1717481585.613139,322,0.0,29.6,OCC_TO_CU
1717481585.7636561,273,10.2,29.7,CU_TO_DEV
1717481585.7656937,273,0.0,29.7,CU_TO_DEV
1717481595.6225808,322,4.7,29.6,OCC_TO_CU
1717481595.6238506,322,0.0,29.6,OCC_TO_CU
1717481595.7707791,273,8.6,29.7,CU_TO_DEV
1717481595.7717826,273,0.0,29.7,CU_TO_DEV
1717481605.6248457,322,3.5,29.6,OCC_TO_CU
1717481605.6254532,322,0.0,29.6,OCC_TO_CU
1717481605.77512,273,7.0,29.7,CU_TO_DEV
1717481605.776412,273,100.0,29.7,CU_TO_DEV
1717481614.72157,154,4.9,29.6,OCC_TO_CU
1717481614.7818236,241,24.0,29.7,CU_TO_DEV
1717481614.782259,241,0.0,29.7,CU_TO_DEV
1717481615.6496143,322,2.9,29.7,OCC_TO_CU
1717481615.6501744,322,0.0,29.7,OCC_TO_CU
1717481615.7831342,273,13.2,29.7,CU_TO_DEV
1717481615.7834306,273,100.0,29.7,CU_TO_DEV
1717481625.6563833,322,3.5,29.6,OCC_TO_CU
1717481625.6570358,322,0.0,29.6,OCC_TO_CU
1717481625.7878397,273,11.5,29.7,CU_TO_DEV
1717481625.788329,273,0.0,29.7,CU_TO_DEV
1717481635.65075,322,3.6,29.7,OCC_TO_CU
1717481635.6515412,322,100.0,29.7,OCC_TO_CU
1717481635.7929838,273,10.7,29.8,CU_TO_DEV
1717481635.7928116,273,10.7,29.8,CU_TO_DEV
1717481645.6677902,322,3.6,29.7,OCC_TO_CU
1717481645.6684153,322,0.0,29.7,OCC_TO_CU
1717481645.7979906,273,13.2,29.8,CU_TO_DEV
1717481645.7984574,273,0.0,29.8,CU_TO_DEV
1717481655.68282,322,3.7,29.8,OCC_TO_CU
1717481655.6835175,322,0.0,29.8,OCC_TO_CU
1717481655.8033667,273,16.3,29.9,CU_TO_DEV
1717481655.8032243,273,16.3,29.9,CU_TO_DEV
1717481665.6204123,154,5.3,29.6,OCC_TO_CU
1717481665.7108638,322,14.7,29.7,OCC_TO_CU
1717481665.7114716,322,100.0,29.7,OCC_TO_CU
1717481665.8115432,273,12.5,29.7,CU_TO_DEV
1717481665.8175855,273,0.0,29.7,CU_TO_DEV
1717481675.7178638,322,3.9,29.7,OCC_TO_CU
1717481675.7186542,322,0.0,29.7,OCC_TO_CU
1717481675.8168206,273,87.2,29.8,CU_TO_DEV
1717481675.8227577,273,0.0,29.8,CU_TO_DEV
1717481685.726688,322,3.8,29.7,OCC_TO_CU
1717481685.7273536,322,100.0,29.7,OCC_TO_CU
1717481685.8230715,273,89.5,29.8,CU_TO_DEV
1717481685.8316429,273,75.0,29.8,CU_TO_DEV
1717481695.717828,322,3.6,29.6,OCC_TO_CU
1717481695.718616,322,0.0,29.6,OCC_TO_CU
1717481695.82791,273,15.9,29.7,CU_TO_DEV
1717481695.836293,273,25.0,29.7,CU_TO_DEV
1717481705.7507353,322,4.8,29.6,OCC_TO_CU
1717481705.7514036,322,0.0,29.6,OCC_TO_CU
1717481705.8362248,273,20.0,29.7,CU_TO_DEV
1717481705.8450575,273,40.0,29.7,CU_TO_DEV
1717481715.75861,154,3.5,29.6,OCC_TO_CU
1717481715.7595143,322,0.0,29.6,OCC_TO_CU
1717481715.7599537,322,0.0,29.6,OCC_TO_CU
1717481715.8406103,273,24.2,29.7,CU_TO_DEV
1717481715.8499491,273,25.0,29.7,CU_TO_DEV
1717481725.7557487,322,3.9,29.7,OCC_TO_CU
1717481725.7562885,322,0.0,29.7,OCC_TO_CU
1717481725.8475487,273,89.2,29.8,CU_TO_DEV
1717481725.855912,273,100.0,29.7,CU_TO_DEV
1717481735.77671,322,3.5,29.6,OCC_TO_CU
1717481735.7775173,322,0.0,29.6,OCC_TO_CU
1717481735.8520103,273,25.8,29.7,CU_TO_DEV
1717481735.860543,273,0.0,29.7,CU_TO_DEV
1717481745.7876382,322,4.0,29.7,OCC_TO_CU
1717481745.7883813,322,0.0,29.7,OCC_TO_CU
1717481745.8565547,273,25.0,29.7,CU_TO_DEV
1717481745.8650384,273,50.0,29.7,CU_TO_DEV
1717481755.8384802,322,4.6,29.7,OCC_TO_CU
1717481755.8391652,322,0.0,29.7,OCC_TO_CU
1717481755.8623319,273,44.4,29.7,CU_TO_DEV
1717481755.8736453,273,50.0,29.8,CU_TO_DEV
1717481765.759743,154,4.1,29.7,OCC_TO_CU
1717481765.8131256,322,14.3,29.8,OCC_TO_CU
1717481765.8140938,322,0.0,29.8,OCC_TO_CU
1717481765.8671432,273,34.8,29.8,CU_TO_DEV
1717481765.88002,273,100.0,29.8,CU_TO_DEV
1717481775.8230767,322,4.0,29.8,OCC_TO_CU
1717481775.8238492,322,100.0,29.8,OCC_TO_CU
1717481775.8723023,273,35.0,29.8,CU_TO_DEV
1717481775.884016,273,25.0,29.9,CU_TO_DEV
1717481785.8185549,322,4.0,29.7,OCC_TO_CU
1717481785.8215096,322,0.0,29.7,OCC_TO_CU
1717481785.8766248,273,22.7,29.8,CU_TO_DEV
1717481785.8877194,273,20.0,29.8,CU_TO_DEV
1717481795.855745,322,5.2,29.7,OCC_TO_CU
1717481795.8563771,322,0.0,29.7,OCC_TO_CU
1717481795.885518,273,41.7,29.7,CU_TO_DEV
1717481795.8936894,273,0.0,29.7,CU_TO_DEV
1717481805.850026,322,3.6,29.6,OCC_TO_CU
1717481805.852557,322,0.0,29.6,OCC_TO_CU
1717481805.890306,273,43.7,29.7,CU_TO_DEV
1717481805.8994954,273,33.3,29.7,CU_TO_DEV
1717481815.8701243,322,4.4,29.6,OCC_TO_CU
1717481815.8715117,322,0.0,29.6,OCC_TO_CU
1717481815.895007,273,44.4,29.6,CU_TO_DEV
1717481815.9066396,273,66.7,29.6,CU_TO_DEV
1717481817.6757584,154,6.8,29.7,OCC_TO_CU
1717481817.6976802,241,44.4,29.7,CU_TO_DEV
1717481817.7083673,241,75.0,29.7,CU_TO_DEV
1717481825.8820853,322,3.8,29.6,OCC_TO_CU
1717481825.8828936,322,0.0,29.6,OCC_TO_CU
1717481825.9021606,273,70.0,29.6,CU_TO_DEV
1717481825.9124603,273,60.0,29.7,CU_TO_DEV
1717481835.8809795,322,3.5,29.7,OCC_TO_CU
1717481835.8816376,322,0.0,29.7,OCC_TO_CU
1717481835.906832,273,50.0,29.7,CU_TO_DEV
1717481835.9194663,273,20.0,29.7,CU_TO_DEV
1717481845.8970752,322,4.5,29.7,OCC_TO_CU
1717481845.8976767,322,0.0,29.7,OCC_TO_CU
1717481845.9171932,273,42.9,29.7,CU_TO_DEV
1717481845.92884,273,50.0,29.7,CU_TO_DEV
1717481855.9163,322,3.7,29.7,OCC_TO_CU
1717481855.9169312,322,0.0,29.7,OCC_TO_CU
1717481855.9219205,273,0.0,29.7,CU_TO_DEV
1717481855.9355576,273,100.0,29.7,CU_TO_DEV
1717481865.9041953,322,4.6,29.7,OCC_TO_CU
1717481865.9048562,322,0.0,29.7,OCC_TO_CU
1717481865.9260678,273,50.0,29.7,CU_TO_DEV
1717481865.940967,273,66.7,29.7,CU_TO_DEV
1717481869.8887463,154,4.7,29.7,OCC_TO_CU
1717481869.9286056,241,37.5,29.8,CU_TO_DEV
1717481869.9449208,241,28.6,29.8,CU_TO_DEV
1717481875.9115508,322,4.0,29.7,OCC_TO_CU
1717481875.9121978,322,0.0,29.7,OCC_TO_CU
1717481875.9317694,273,37.5,29.8,CU_TO_DEV
1717481875.9485333,273,66.7,29.8,CU_TO_DEV
1717481885.9252515,322,3.4,29.8,OCC_TO_CU
1717481885.925817,322,0.0,29.8,OCC_TO_CU
1717481885.936231,273,25.0,29.8,CU_TO_DEV
1717481885.9536316,273,83.3,29.8,CU_TO_DEV
1717481895.9402409,322,5.8,29.6,OCC_TO_CU
1717481895.94087,322,0.0,29.6,OCC_TO_CU
1717481895.9448025,273,0.0,29.6,CU_TO_DEV
1717481895.9625552,273,57.1,29.6,CU_TO_DEV
1717481905.9586074,322,3.9,29.7,OCC_TO_CU
1717481905.9594142,322,0.0,29.7,OCC_TO_CU
1717481905.9685676,273,25.0,29.7,CU_TO_DEV
1717481906.1493578,273,22.1,29.8,CU_TO_DEV
1717481916.0777237,322,3.6,29.7,OCC_TO_CU
1717481916.0783653,322,0.0,29.7,OCC_TO_CU
1717481916.154216,273,22.6,29.8,CU_TO_DEV
1717481916.1761856,273,33.3,29.8,CU_TO_DEV
1717481921.8073204,154,5.5,29.7,OCC_TO_CU
1717481921.963566,241,9.7,29.8,CU_TO_DEV
1717481921.983015,241,25.0,29.8,CU_TO_DEV
1717481926.0279753,322,3.5,29.7,OCC_TO_CU
1717481926.0284727,322,0.0,29.7,OCC_TO_CU
1717481926.1657944,273,64.3,29.7,CU_TO_DEV
1717481926.1865945,273,0.0,29.7,CU_TO_DEV
1717481936.001618,322,4.3,29.6,OCC_TO_CU
1717481936.002252,322,0.0,29.6,OCC_TO_CU
1717481936.1719677,273,8.8,29.6,CU_TO_DEV
1717481936.196738,273,11.1,29.6,CU_TO_DEV
1717481946.017961,322,3.6,29.6,OCC_TO_CU
1717481946.021003,322,0.0,29.6,OCC_TO_CU
1717481946.1773741,273,9.8,29.7,CU_TO_DEV
1717481946.2019954,273,22.2,29.7,CU_TO_DEV
1717481956.0192504,322,4.0,29.6,OCC_TO_CU
1717481956.01989,322,0.0,29.6,OCC_TO_CU
1717481956.1851597,273,10.6,29.8,CU_TO_DEV
1717481956.2078218,273,22.2,29.8,CU_TO_DEV
1717481966.0358174,322,4.5,30.0,OCC_TO_CU
1717481966.036347,322,0.0,30.0,OCC_TO_CU
1717481966.1906114,273,9.7,30.1,CU_TO_DEV
1717481966.2135396,273,12.5,30.1,CU_TO_DEV
1717481972.81877,154,4.4,29.8,OCC_TO_CU
1717481972.9951975,241,11.3,29.9,CU_TO_DEV
1717481973.0184093,241,30.0,29.9,CU_TO_DEV
1717481976.057218,322,3.3,29.8,OCC_TO_CU
1717481976.0717008,322,33.3,29.8,OCC_TO_CU
1717481976.197278,273,21.6,29.9,CU_TO_DEV
1717481976.2205524,273,30.0,29.9,CU_TO_DEV
1717481986.074815,322,5.4,29.7,OCC_TO_CU
1717481986.0754814,322,100.0,29.7,OCC_TO_CU
1717481986.2050307,273,10.2,29.8,CU_TO_DEV
1717481986.2330542,273,27.3,29.8,CU_TO_DEV
1717481996.0737643,322,4.4,29.7,OCC_TO_CU
1717481996.0744152,322,0.0,29.7,OCC_TO_CU
1717481996.2104878,273,12.7,29.8,CU_TO_DEV
1717481996.2433007,273,33.3,29.8,CU_TO_DEV
1717482006.0992916,322,3.8,29.7,OCC_TO_CU
1717482006.1094317,322,25.0,29.7,OCC_TO_CU
1717482006.2194371,273,20.9,29.8,CU_TO_DEV
1717482006.2492518,273,18.2,29.8,CU_TO_DEV
1717482016.1139486,322,3.9,29.7,OCC_TO_CU
1717482016.1147783,322,0.0,29.7,OCC_TO_CU
1717482016.2247052,273,15.9,29.8,CU_TO_DEV
1717482016.2544665,273,23.1,29.8,CU_TO_DEV
1717482022.8977563,154,4.6,29.8,OCC_TO_CU
1717482023.0305095,241,11.5,29.9,CU_TO_DEV
1717482023.058007,241,27.3,29.9,CU_TO_DEV
1717482026.1296885,322,5.7,29.7,OCC_TO_CU
1717482026.1303248,322,0.0,29.7,OCC_TO_CU
1717482026.2328348,273,14.3,29.8,CU_TO_DEV
1717482026.2643623,273,23.1,29.8,CU_TO_DEV
1717482036.1245937,322,3.5,29.7,OCC_TO_CU
1717482036.1301517,322,0.0,29.7,OCC_TO_CU
1717482036.2381413,273,32.6,29.8,CU_TO_DEV
1717482036.2731953,273,8.3,29.8,CU_TO_DEV
1717482046.137434,322,3.8,29.8,OCC_TO_CU
1717482046.1381943,322,0.0,29.8,OCC_TO_CU
1717482046.2445872,273,90.5,29.8,CU_TO_DEV
1717482046.2782674,273,35.7,29.8,CU_TO_DEV
1717482056.1554217,322,4.5,29.8,OCC_TO_CU
1717482056.1561344,322,0.0,29.8,OCC_TO_CU
1717482056.2560296,273,17.9,29.9,CU_TO_DEV
1717482056.2842577,273,20.0,29.9,CU_TO_DEV
1717482066.2070355,322,3.8,29.7,OCC_TO_CU
1717482066.2077408,322,100.0,29.7,OCC_TO_CU
1717482066.26139,273,21.1,29.8,CU_TO_DEV
1717482066.2892787,273,27.3,29.8,CU_TO_DEV
1717482072.8144176,154,5.5,29.7,OCC_TO_CU
1717482072.8669512,241,47.4,29.8,CU_TO_DEV
1717482072.8937433,241,41.7,29.8,CU_TO_DEV
1717482076.172236,322,2.9,29.7,OCC_TO_CU
1717482076.1742702,322,0.0,29.7,OCC_TO_CU
1717482076.2715647,273,34.2,29.8,CU_TO_DEV
1717482076.2973664,273,100.0,29.8,CU_TO_DEV
1717482086.187915,322,3.9,29.6,OCC_TO_CU
1717482086.1885648,322,0.0,29.6,OCC_TO_CU
1717482086.2787988,273,19.4,29.7,CU_TO_DEV
1717482086.3039978,273,20.0,29.7,CU_TO_DEV
1717482096.1954253,322,3.8,29.7,OCC_TO_CU
1717482096.196074,322,0.0,29.7,OCC_TO_CU
1717482096.2843633,273,22.2,29.8,CU_TO_DEV
1717482096.309099,273,30.0,29.8,CU_TO_DEV
1717482106.2013102,322,3.8,29.7,OCC_TO_CU
1717482106.201953,322,0.0,29.7,OCC_TO_CU
1717482106.2904532,273,26.3,29.8,CU_TO_DEV
1717482106.314639,273,12.5,29.8,CU_TO_DEV
1717482116.2305803,322,4.5,29.7,OCC_TO_CU
1717482116.2311099,322,0.0,29.7,OCC_TO_CU
1717482116.298184,273,22.2,29.8,CU_TO_DEV
1717482116.32409,273,11.1,29.8,CU_TO_DEV
1717482123.0541546,154,5.2,29.7,OCC_TO_CU
1717482123.1072361,241,28.6,29.7,CU_TO_DEV
1717482123.1275918,241,33.3,29.7,CU_TO_DEV
1717482126.238345,322,3.1,29.6,OCC_TO_CU
1717482126.2389824,322,0.0,29.6,OCC_TO_CU
1717482126.3096893,273,26.7,29.8,CU_TO_DEV
1717482126.3300111,273,25.0,29.8,CU_TO_DEV
1717482136.2435973,322,4.0,29.7,OCC_TO_CU
1717482136.2442722,322,0.0,29.7,OCC_TO_CU
1717482136.3164387,273,21.4,29.8,CU_TO_DEV
1717482136.334976,273,28.6,29.8,CU_TO_DEV
1717482146.2511325,322,3.9,29.8,OCC_TO_CU
1717482146.2518764,322,100.0,29.8,OCC_TO_CU
1717482146.3230896,273,21.4,29.8,CU_TO_DEV
1717482146.3401628,273,44.4,29.8,CU_TO_DEV
1717482156.2772439,322,3.4,29.8,OCC_TO_CU
1717482156.2779837,322,0.0,29.8,OCC_TO_CU
1717482156.3292353,273,25.0,29.9,CU_TO_DEV
1717482156.346577,273,14.3,29.9,CU_TO_DEV
1717482166.2771683,322,4.3,29.7,OCC_TO_CU
1717482166.277829,322,0.0,29.7,OCC_TO_CU
1717482166.3352866,273,87.5,29.9,CU_TO_DEV
1717482166.3540108,273,100.0,29.9,CU_TO_DEV
1717482173.1235845,154,4.8,29.8,OCC_TO_CU
1717482173.1430979,241,42.9,29.8,CU_TO_DEV
1717482173.1572306,241,60.0,29.9,CU_TO_DEV
1717482176.278918,322,6.0,29.7,OCC_TO_CU
1717482176.2800078,322,50.0,29.7,OCC_TO_CU
1717482176.3464272,273,16.0,29.8,CU_TO_DEV
1717482176.361321,273,33.3,29.8,CU_TO_DEV
1717482186.293382,322,4.5,29.6,OCC_TO_CU
1717482186.2944164,322,0.0,29.6,OCC_TO_CU
1717482186.3543108,273,20.8,29.7,CU_TO_DEV
1717482186.3695781,273,0.0,29.7,CU_TO_DEV
1717482196.3091128,322,3.6,29.6,OCC_TO_CU
1717482196.309775,322,0.0,29.6,OCC_TO_CU
1717482196.3607635,273,30.0,29.7,CU_TO_DEV
1717482196.374211,273,20.0,29.7,CU_TO_DEV
1717482206.3466918,322,4.0,29.7,OCC_TO_CU
1717482206.347308,322,100.0,29.7,OCC_TO_CU
1717482206.3666594,273,33.3,29.7,CU_TO_DEV
1717482206.3799212,273,66.7,29.8,CU_TO_DEV
1717482216.3518226,322,4.7,29.6,OCC_TO_CU
1717482216.352454,322,0.0,29.6,OCC_TO_CU
1717482216.3731833,273,55.6,29.7,CU_TO_DEV
1717482216.387043,273,83.3,29.7,CU_TO_DEV
1717482222.8904972,154,3.7,29.7,OCC_TO_CU
1717482222.9801543,241,38.9,29.8,CU_TO_DEV
1717482222.9905705,241,66.7,29.8,CU_TO_DEV
1717482226.3656147,322,3.4,29.7,OCC_TO_CU
1717482226.3662899,322,0.0,29.7,OCC_TO_CU
1717482226.382959,273,57.1,29.7,CU_TO_DEV
1717482226.3945322,273,50.0,29.7,CU_TO_DEV
1717482236.367797,322,3.6,29.8,OCC_TO_CU
1717482236.3684294,322,0.0,29.8,OCC_TO_CU
1717482236.389956,273,50.0,29.8,CU_TO_DEV
1717482236.401372,273,60.0,29.8,CU_TO_DEV
1717482246.389483,322,3.8,29.8,OCC_TO_CU
1717482246.3926349,322,0.0,29.8,OCC_TO_CU
1717482246.3969667,273,0.0,29.8,CU_TO_DEV
1717482246.4068377,273,80.0,29.8,CU_TO_DEV
1717482256.3803937,322,5.7,29.7,OCC_TO_CU
1717482256.381025,322,0.0,29.7,OCC_TO_CU
1717482256.4120362,273,41.7,29.7,CU_TO_DEV
1717482256.416892,273,50.0,29.7,CU_TO_DEV
1717482266.3971498,322,3.7,29.8,OCC_TO_CU
1717482266.3978865,322,0.0,29.8,OCC_TO_CU
1717482266.4201596,273,50.0,29.8,CU_TO_DEV
1717482266.4225912,273,0.0,29.8,CU_TO_DEV
1717482273.014399,154,4.5,29.9,OCC_TO_CU
1717482273.0282352,241,83.3,29.9,CU_TO_DEV
1717482273.0276098,241,83.3,29.9,CU_TO_DEV
1717482276.425744,322,5.9,29.8,OCC_TO_CU
1717482276.426758,322,0.0,29.8,OCC_TO_CU
1717482276.4317842,273,0.0,29.8,CU_TO_DEV
1717482276.4325936,273,0.0,29.8,CU_TO_DEV
1717482286.424147,322,3.8,29.8,OCC_TO_CU
1717482286.4247863,322,0.0,29.8,OCC_TO_CU
1717482286.439729,273,50.0,29.8,CU_TO_DEV
1717482286.4406464,273,0.0,29.8,CU_TO_DEV
1717482296.4273593,322,4.4,29.7,OCC_TO_CU
1717482296.4283657,322,0.0,29.7,OCC_TO_CU
1717482296.4453492,273,42.9,29.7,CU_TO_DEV
1717482296.4464068,273,0.0,29.7,CU_TO_DEV
1717482306.4569006,322,4.7,29.7,OCC_TO_CU
1717482306.4575489,322,0.0,29.7,OCC_TO_CU
1717482306.656484,273,12.7,29.8,CU_TO_DEV
1717482306.6569822,273,0.0,29.8,CU_TO_DEV
1717482316.4575355,322,4.4,29.7,OCC_TO_CU
1717482316.4587922,322,0.0,29.7,OCC_TO_CU
1717482316.4644134,273,0.0,29.7,CU_TO_DEV
1717482316.4640572,273,0.0,29.7,CU_TO_DEV
1717482323.0491443,154,3.7,29.7,OCC_TO_CU
1717482323.0680916,241,71.4,29.7,CU_TO_DEV
1717482323.070336,241,0.0,29.7,CU_TO_DEV
1717482326.4672675,322,3.0,29.7,OCC_TO_CU
1717482326.4678366,322,0.0,29.7,OCC_TO_CU
1717482326.4701295,273,0.0,29.7,CU_TO_DEV
1717482326.472881,273,0.0,29.7,CU_TO_DEV
1717482336.5008435,322,3.6,29.8,OCC_TO_CU
1717482336.5017436,322,0.0,29.8,OCC_TO_CU
1717482336.6749768,273,15.7,29.9,CU_TO_DEV
1717482336.6812103,273,0.0,29.9,CU_TO_DEV
1717482346.5020385,322,4.7,29.7,OCC_TO_CU
1717482346.5026782,322,0.0,29.7,OCC_TO_CU
1717482346.6848323,273,12.5,29.8,CU_TO_DEV
1717482346.686766,273,0.0,29.8,CU_TO_DEV
1717482356.509478,322,3.7,29.8,OCC_TO_CU
1717482356.5125084,322,0.0,29.8,OCC_TO_CU
1717482356.6899133,273,15.3,29.9,CU_TO_DEV
1717482356.6903906,273,0.0,29.9,CU_TO_DEV
1717482366.5359757,322,3.7,29.8,OCC_TO_CU
1717482366.536733,322,0.0,29.8,OCC_TO_CU
1717482366.6955316,273,15.9,29.9,CU_TO_DEV
1717482366.6954827,273,15.9,29.9,CU_TO_DEV
1717482373.1116877,154,4.2,30.0,OCC_TO_CU
1717482373.2990696,241,9.5,30.0,CU_TO_DEV
1717482373.2995684,241,0.0,30.0,CU_TO_DEV
1717482376.5420046,322,5.7,29.9,OCC_TO_CU
1717482376.5425231,322,0.0,29.9,OCC_TO_CU
1717482376.700981,273,12.7,30.0,CU_TO_DEV
1717482376.701424,273,0.0,30.0,CU_TO_DEV
1717482386.5420122,322,4.0,29.8,OCC_TO_CU
1717482386.5426438,322,0.0,29.8,OCC_TO_CU
1717482386.706008,273,16.9,29.9,CU_TO_DEV
1717482386.706084,273,16.9,29.9,CU_TO_DEV
1717482396.559968,322,4.5,29.9,OCC_TO_CU
1717482396.5606039,322,0.0,29.9,OCC_TO_CU
1717482396.7125697,273,18.0,30.0,CU_TO_DEV
1717482396.7126918,273,18.0,30.0,CU_TO_DEV
1717482406.5750449,322,3.8,29.9,OCC_TO_CU
1717482406.5757594,322,0.0,29.9,OCC_TO_CU
1717482406.718266,273,19.0,30.0,CU_TO_DEV
1717482406.7184482,273,19.0,30.0,CU_TO_DEV
1717482416.5899138,322,3.8,29.9,OCC_TO_CU
1717482416.591169,322,0.0,29.9,OCC_TO_CU
1717482416.7239513,273,25.5,30.0,CU_TO_DEV
1717482416.7239923,273,25.5,30.0,CU_TO_DEV
1717482423.1984212,154,5.2,29.9,OCC_TO_CU
1717482423.328811,241,11.3,30.0,CU_TO_DEV
1717482423.3291628,241,0.0,30.0,CU_TO_DEV
1717482426.6046298,322,2.6,29.9,OCC_TO_CU
1717482426.6052504,322,0.0,29.9,OCC_TO_CU
1717482426.7314892,273,26.0,29.9,CU_TO_DEV
1717482426.731915,273,0.0,29.9,CU_TO_DEV
1717482436.6116068,322,3.8,29.9,OCC_TO_CU
1717482436.6122398,322,0.0,29.9,OCC_TO_CU
1717482436.7370431,273,22.9,30.0,CU_TO_DEV
1717482436.737923,273,0.0,30.0,CU_TO_DEV
1717482446.6449728,322,4.4,29.7,OCC_TO_CU
1717482446.6456628,322,0.0,29.7,OCC_TO_CU
1717482446.7432392,273,22.0,29.8,CU_TO_DEV
1717482446.743585,273,22.0,29.8,CU_TO_DEV
1717482456.6478631,322,4.5,29.7,OCC_TO_CU
1717482456.6488714,322,0.0,29.7,OCC_TO_CU
1717482456.7500353,273,17.9,29.8,CU_TO_DEV
1717482456.7498658,273,17.9,29.8,CU_TO_DEV
1717482466.6488583,322,3.8,29.7,OCC_TO_CU
1717482466.6497848,322,0.0,29.7,OCC_TO_CU
1717482466.754976,273,14.6,29.8,CU_TO_DEV
1717482466.7552257,273,0.0,29.8,CU_TO_DEV
1717482474.1803317,154,4.1,29.8,OCC_TO_CU
1717482474.3589842,241,9.9,29.9,CU_TO_DEV
1717482474.3594718,241,100.0,29.9,CU_TO_DEV
1717482476.6745858,322,6.4,29.7,OCC_TO_CU
1717482476.6751432,322,0.0,29.7,OCC_TO_CU
1717482476.7608328,273,17.1,29.8,CU_TO_DEV
1717482476.760736,273,17.1,29.8,CU_TO_DEV
1717482486.6769657,322,4.7,29.7,OCC_TO_CU
1717482486.6775453,322,0.0,29.7,OCC_TO_CU
1717482486.7684574,273,13.9,29.8,CU_TO_DEV
1717482486.768613,273,13.9,29.8,CU_TO_DEV
1717482496.6821852,322,3.6,29.7,OCC_TO_CU
1717482496.684123,322,0.0,29.7,OCC_TO_CU
1717482496.7734964,273,22.2,29.8,CU_TO_DEV
1717482496.7739482,273,0.0,29.8,CU_TO_DEV
1717482506.68913,322,3.8,29.7,OCC_TO_CU
1717482506.6901176,322,0.0,29.7,OCC_TO_CU
1717482506.778808,273,14.7,29.8,CU_TO_DEV
1717482506.7792888,273,100.0,29.8,CU_TO_DEV
1717482516.711632,322,4.3,29.7,OCC_TO_CU
1717482516.7124836,322,0.0,29.7,OCC_TO_CU
1717482516.7857149,273,14.8,29.8,CU_TO_DEV
1717482516.7921424,273,50.0,29.8,CU_TO_DEV
1717482526.0941138,154,3.8,29.7,OCC_TO_CU
1717482526.1912844,241,45.9,29.8,CU_TO_DEV
1717482526.1983614,241,0.0,29.8,CU_TO_DEV
1717482526.7226322,322,5.2,29.9,OCC_TO_CU
1717482526.7231455,322,0.0,29.9,OCC_TO_CU
1717482526.7921736,273,17.2,29.9,CU_TO_DEV
1717482526.79922,273,33.3,29.9,CU_TO_DEV
1717482536.730452,322,4.4,29.7,OCC_TO_CU
1717482536.7314925,322,50.0,29.7,OCC_TO_CU
1717482536.8053267,273,20.7,29.8,CU_TO_DEV
1717482536.8052354,273,20.7,29.8,CU_TO_DEV
1717482546.7509058,322,3.7,29.8,OCC_TO_CU
1717482546.7521026,322,0.0,29.8,OCC_TO_CU
1717482546.8102496,273,14.3,29.9,CU_TO_DEV
1717482546.8106534,273,0.0,29.9,CU_TO_DEV
1717482556.7664049,322,3.5,29.9,OCC_TO_CU
1717482556.7676415,322,0.0,29.9,OCC_TO_CU
1717482556.816221,273,89.5,30.0,CU_TO_DEV
1717482556.815508,273,89.5,30.0,CU_TO_DEV
1717482566.7842212,322,4.3,29.8,OCC_TO_CU
1717482566.7848535,322,0.0,29.8,OCC_TO_CU
1717482566.8234305,273,41.2,29.9,CU_TO_DEV
1717482566.8235219,273,41.2,29.9,CU_TO_DEV
1717482576.7876842,322,4.4,29.8,OCC_TO_CU
1717482576.7882087,322,0.0,29.8,OCC_TO_CU
1717482576.8300948,273,81.2,29.9,CU_TO_DEV
1717482576.8316529,273,100.0,29.9,CU_TO_DEV
1717482577.194422,154,50.0,29.8,OCC_TO_CU
1717482577.2313306,241,53.3,29.8,CU_TO_DEV
1717482577.2329333,241,0.0,29.8,CU_TO_DEV
1717482586.7989888,322,3.7,29.6,OCC_TO_CU
1717482586.799676,322,0.0,29.6,OCC_TO_CU
1717482586.8374193,273,33.3,29.7,CU_TO_DEV
1717482586.837533,273,33.3,29.7,CU_TO_DEV
1717482596.8146045,322,3.7,29.6,OCC_TO_CU
1717482596.8152394,322,100.0,29.6,OCC_TO_CU
1717482596.8426962,273,45.5,29.7,CU_TO_DEV
1717482596.8433,273,100.0,29.7,CU_TO_DEV
1717482606.8284001,322,3.7,29.7,OCC_TO_CU
1717482606.8290358,322,0.0,29.7,OCC_TO_CU
1717482606.849277,273,44.4,29.8,CU_TO_DEV
1717482606.8494964,273,44.4,29.8,CU_TO_DEV
1717482616.8315005,322,3.4,29.8,OCC_TO_CU
1717482616.8321865,322,0.0,29.8,OCC_TO_CU
1717482616.8548062,273,37.5,29.8,CU_TO_DEV
1717482616.8562605,273,100.0,29.8,CU_TO_DEV
1717482626.849124,322,4.6,29.7,OCC_TO_CU
1717482626.8518631,322,0.0,29.7,OCC_TO_CU
1717482626.8625674,273,33.3,29.8,CU_TO_DEV
1717482626.8630536,273,0.0,29.8,CU_TO_DEV
1717482627.2001588,154,9.6,29.8,OCC_TO_CU
1717482627.2633703,241,42.3,29.8,CU_TO_DEV
1717482627.2639575,241,0.0,29.8,CU_TO_DEV
1717482636.8598282,322,3.8,29.8,OCC_TO_CU
1717482636.8605263,322,0.0,29.8,OCC_TO_CU
1717482636.871555,273,40.0,29.8,CU_TO_DEV
1717482636.871634,273,40.0,29.8,CU_TO_DEV
1717482646.865004,322,4.4,29.8,OCC_TO_CU
1717482646.8657067,322,0.0,29.8,OCC_TO_CU
1717482646.878776,273,0.0,29.8,CU_TO_DEV
1717482646.8783553,273,0.0,29.8,CU_TO_DEV
1717482656.8790774,322,3.8,29.8,OCC_TO_CU
1717482656.8798997,322,100.0,29.8,OCC_TO_CU
1717482656.8848166,273,0.0,29.8,CU_TO_DEV
1717482656.8851638,273,0.0,29.8,CU_TO_DEV
1717482666.9001083,322,3.7,29.9,OCC_TO_CU
1717482666.9010315,322,0.0,29.9,OCC_TO_CU
1717482667.0901496,273,6.8,29.9,CU_TO_DEV
1717482667.0904462,273,0.0,29.9,CU_TO_DEV
1717482676.9129195,322,4.6,29.8,OCC_TO_CU
1717482676.913847,322,0.0,29.8,OCC_TO_CU
1717482677.0990968,273,8.2,29.9,CU_TO_DEV
1717482677.0994048,273,66.7,29.9,CU_TO_DEV
1717482677.242169,154,14.3,29.9,OCC_TO_CU
1717482677.3009336,241,91.3,29.9,CU_TO_DEV
1717482677.3013031,241,91.3,29.9,CU_TO_DEV
1717482686.9172435,322,4.1,29.8,OCC_TO_CU
1717482686.9179063,322,0.0,29.8,OCC_TO_CU
1717482687.1066194,273,58.7,29.8,CU_TO_DEV
1717482687.1071594,273,0.0,29.8,CU_TO_DEV
1717482696.9306798,322,3.6,29.7,OCC_TO_CU
1717482696.9313712,322,0.0,29.7,OCC_TO_CU
1717482697.1115355,273,8.5,29.8,CU_TO_DEV
1717482697.1119554,273,0.0,29.8,CU_TO_DEV
1717482706.939595,322,4.5,29.7,OCC_TO_CU
1717482706.9402537,322,0.0,29.7,OCC_TO_CU
1717482707.12137,273,6.9,29.7,CU_TO_DEV
1717482707.1214085,273,6.9,29.7,CU_TO_DEV
1717482716.9495726,322,4.8,29.6,OCC_TO_CU
1717482716.9502091,322,0.0,29.6,OCC_TO_CU
1717482717.1265242,273,11.0,29.7,CU_TO_DEV
1717482717.1270418,273,0.0,29.7,CU_TO_DEV
1717482726.9677286,322,3.7,29.6,OCC_TO_CU
1717482726.9685261,322,0.0,29.6,OCC_TO_CU
1717482727.1317518,273,7.9,29.7,CU_TO_DEV
1717482727.1319063,273,7.9,29.7,CU_TO_DEV
1717482727.3039534,154,16.2,29.7,OCC_TO_CU
1717482727.3332617,241,0.0,29.7,CU_TO_DEV
1717482727.3328424,241,50.0,29.7,CU_TO_DEV
1717482736.9951317,322,3.9,29.7,OCC_TO_CU
1717482736.9959135,322,0.0,29.7,OCC_TO_CU
1717482737.138506,273,8.9,29.8,CU_TO_DEV
1717482737.13898,273,0.0,29.8,CU_TO_DEV
1717482747.0157294,322,3.9,29.8,OCC_TO_CU
1717482747.0164766,322,0.0,29.8,OCC_TO_CU
1717482747.1439877,273,13.7,29.9,CU_TO_DEV
1717482747.1440756,273,13.7,29.9,CU_TO_DEV
1717482757.0114262,322,3.7,29.9,OCC_TO_CU
1717482757.0120852,322,0.0,29.9,OCC_TO_CU
1717482757.1498423,273,12.7,30.0,CU_TO_DEV
1717482757.1500983,273,0.0,30.0,CU_TO_DEV
1717482767.0148842,322,5.4,29.7,OCC_TO_CU
1717482767.015404,322,100.0,29.7,OCC_TO_CU
1717482767.1593134,273,11.9,29.9,CU_TO_DEV
1717482767.1592438,273,11.9,29.9,CU_TO_DEV
1717482777.0329304,322,3.6,29.7,OCC_TO_CU
1717482777.0335777,322,0.0,29.7,OCC_TO_CU
1717482777.1646662,273,11.8,29.8,CU_TO_DEV
1717482777.164839,273,11.8,29.8,CU_TO_DEV
1717482778.2942092,154,7.1,29.9,OCC_TO_CU
1717482778.366159,241,39.3,29.9,CU_TO_DEV
1717482778.3661153,241,39.3,29.9,CU_TO_DEV
1717482787.0477917,322,4.5,29.7,OCC_TO_CU
1717482787.0483618,322,0.0,29.7,OCC_TO_CU
1717482787.1759071,273,10.0,29.8,CU_TO_DEV
1717482787.1757557,273,10.0,29.8,CU_TO_DEV
1717482797.056732,322,3.4,29.8,OCC_TO_CU
1717482797.0574644,322,0.0,29.8,OCC_TO_CU
1717482797.1806467,273,16.0,29.9,CU_TO_DEV
1717482797.1805818,273,16.0,29.9,CU_TO_DEV
1717482807.0724206,322,4.8,29.8,OCC_TO_CU
1717482807.0729926,322,0.0,29.8,OCC_TO_CU
1717482807.1877682,273,9.1,29.9,CU_TO_DEV
1717482807.187921,273,9.1,29.9,CU_TO_DEV
1717482817.1314483,322,3.4,29.8,OCC_TO_CU
1717482817.1320782,322,0.0,29.8,OCC_TO_CU
1717482817.1938512,273,87.0,29.8,CU_TO_DEV
1717482817.193709,273,87.0,29.8,CU_TO_DEV
1717482827.0914023,322,4.1,29.7,OCC_TO_CU
1717482827.0921454,322,0.0,29.7,OCC_TO_CU
1717482827.2000964,273,16.3,29.8,CU_TO_DEV
1717482827.200045,273,16.3,29.8,CU_TO_DEV
1717482829.5955586,154,6.2,29.7,OCC_TO_CU
1717482829.6019347,241,0.0,29.7,CU_TO_DEV
1717482829.6021883,241,0.0,29.7,CU_TO_DEV
1717482837.096368,322,4.4,29.7,OCC_TO_CU
1717482837.097182,322,0.0,29.7,OCC_TO_CU
1717482837.2101712,273,15.6,29.8,CU_TO_DEV
1717482837.2106998,273,0.0,29.8,CU_TO_DEV
1717482847.1277316,322,3.9,29.7,OCC_TO_CU
1717482847.1284938,322,0.0,29.7,OCC_TO_CU
1717482847.2162201,273,19.4,29.8,CU_TO_DEV
1717482847.2169707,273,0.0,29.8,CU_TO_DEV
1717482857.1329055,322,4.4,29.7,OCC_TO_CU
1717482857.1355495,322,0.0,29.7,OCC_TO_CU
1717482857.22182,273,25.0,29.8,CU_TO_DEV
1717482857.2216573,273,25.0,29.8,CU_TO_DEV
1717482867.1471615,322,3.8,29.8,OCC_TO_CU
1717482867.1479897,322,0.0,29.8,OCC_TO_CU
1717482867.2275517,273,21.9,29.9,CU_TO_DEV
1717482867.2278621,273,0.0,29.9,CU_TO_DEV
1717482877.1574516,322,3.7,29.8,OCC_TO_CU
1717482877.1580942,322,0.0,29.8,OCC_TO_CU
1717482877.2326372,273,25.8,29.9,CU_TO_DEV
1717482877.233052,273,0.0,29.9,CU_TO_DEV
1717482879.3629608,154,5.6,29.8,OCC_TO_CU
1717482879.4345665,241,46.7,29.9,CU_TO_DEV
1717482879.4343448,241,46.7,29.9,CU_TO_DEV
1717482887.1682591,322,4.2,29.8,OCC_TO_CU
1717482887.168767,322,0.0,29.8,OCC_TO_CU
1717482887.238612,273,18.5,29.9,CU_TO_DEV
1717482887.2407317,273,0.0,29.9,CU_TO_DEV
