Timestamp,Data Size (bytes),CPU Usage (%),Memory Usage (%),Steps
1717439444.8115194,273,0.0,47.6,CU_TO_DEV
1717439454.735379,322,5.2,47.3,OCC_TO_CU
1717439454.735984,322,0.0,47.3,OCC_TO_CU
1717439454.8237588,273,25.7,47.5,CU_TO_DEV
1717439454.8237956,273,25.7,47.5,CU_TO_DEV
1717439461.5393715,154,4.4,47.4,OCC_TO_CU
1717439461.6274314,241,37.1,47.6,CU_TO_DEV
1717439461.6282897,241,0.0,47.6,CU_TO_DEV
1717439464.7422078,322,3.6,47.4,OCC_TO_CU
1717439464.7428455,322,0.0,47.4,OCC_TO_CU
1717439464.829596,273,23.5,47.6,CU_TO_DEV
1717439464.830185,273,0.0,47.6,CU_TO_DEV
1717439474.787069,322,4.0,47.4,OCC_TO_CU
1717439474.7877333,322,0.0,47.4,OCC_TO_CU
1717439474.834628,273,33.3,47.6,CU_TO_DEV
1717439474.8347147,273,33.3,47.6,CU_TO_DEV
1717439484.773061,322,3.6,47.4,OCC_TO_CU
1717439484.7738936,322,0.0,47.4,OCC_TO_CU
1717439484.841839,273,23.1,47.6,CU_TO_DEV
1717439484.8419228,273,23.1,47.6,CU_TO_DEV
1717439494.809018,322,3.7,47.4,OCC_TO_CU
1717439494.8101127,322,0.0,47.4,OCC_TO_CU
1717439494.8478525,273,46.7,47.6,CU_TO_DEV
1717439494.847556,273,46.7,47.6,CU_TO_DEV
1717439504.7999904,322,4.8,47.4,OCC_TO_CU
1717439504.8006673,322,100.0,47.4,OCC_TO_CU
1717439504.8554823,273,28.6,47.6,CU_TO_DEV
1717439504.8553684,273,28.6,47.6,CU_TO_DEV
1717439511.301566,154,4.2,47.5,OCC_TO_CU
1717439511.4591537,241,11.1,47.7,CU_TO_DEV
1717439511.4592936,241,11.1,47.7,CU_TO_DEV
1717439514.8064306,322,9.2,47.4,OCC_TO_CU
1717439514.8069727,322,0.0,47.4,OCC_TO_CU
1717439514.861283,273,22.7,47.6,CU_TO_DEV
1717439514.8617017,273,0.0,47.6,CU_TO_DEV
1717439524.819557,322,4.0,47.4,OCC_TO_CU
1717439524.8334868,322,40.0,47.4,OCC_TO_CU
1717439524.867601,273,61.5,47.6,CU_TO_DEV
1717439524.868644,273,100.0,47.6,CU_TO_DEV
1717439534.8391926,322,3.7,47.4,OCC_TO_CU
1717439534.8398535,322,0.0,47.4,OCC_TO_CU
1717439534.8729312,273,46.2,47.5,CU_TO_DEV
1717439534.874404,273,0.0,47.6,CU_TO_DEV
1717439544.8433676,322,5.3,47.4,OCC_TO_CU
1717439544.8438933,322,0.0,47.4,OCC_TO_CU
1717439544.879254,273,43.7,47.6,CU_TO_DEV
1717439544.8806465,273,0.0,47.6,CU_TO_DEV
1717439554.872274,322,3.9,47.5,OCC_TO_CU
1717439554.872932,322,0.0,47.5,OCC_TO_CU
1717439554.885292,273,40.0,47.5,CU_TO_DEV
1717439554.885852,273,0.0,47.5,CU_TO_DEV
1717439561.379075,154,4.6,47.6,OCC_TO_CU
1717439561.4893625,241,18.2,47.8,CU_TO_DEV
1717439561.490741,241,0.0,47.8,CU_TO_DEV
1717439564.8939629,322,5.1,47.6,OCC_TO_CU
1717439564.8946004,322,0.0,47.6,OCC_TO_CU
1717439565.0915542,273,57.0,47.7,CU_TO_DEV
1717439565.0922513,273,0.0,47.7,CU_TO_DEV
1717439574.8882966,322,3.9,47.4,OCC_TO_CU
1717439574.8964624,322,33.3,47.4,OCC_TO_CU
1717439574.8972137,273,100.0,47.4,CU_TO_DEV
1717439574.8972914,273,100.0,47.4,CU_TO_DEV
1717439575.0984871,273,16.5,47.7,CU_TO_DEV
1717439575.0989716,273,0.0,47.7,CU_TO_DEV
1717439584.8914855,322,4.0,47.5,OCC_TO_CU
1717439584.8922162,322,0.0,47.5,OCC_TO_CU
1717439584.904164,273,0.0,47.5,CU_TO_DEV
1717439584.903899,273,25.0,47.5,CU_TO_DEV
1717439594.9109251,322,5.2,47.5,OCC_TO_CU
1717439594.9115713,322,0.0,47.5,OCC_TO_CU
1717439594.9135592,273,0.0,47.5,CU_TO_DEV
1717439594.9179218,273,50.0,47.5,CU_TO_DEV
1717439604.9230485,322,5.1,47.4,OCC_TO_CU
1717439604.9237063,322,0.0,47.4,OCC_TO_CU
1717439604.9246047,273,0.0,47.4,CU_TO_DEV
1717439605.1231172,273,11.4,47.6,CU_TO_DEV
1717439611.4540334,154,4.2,47.5,OCC_TO_CU
1717439611.5267985,241,24.1,47.7,CU_TO_DEV
1717439611.5290534,241,0.0,47.7,CU_TO_DEV
1717439614.9267719,322,6.8,47.5,OCC_TO_CU
1717439614.928023,322,0.0,47.5,OCC_TO_CU
1717439614.9292235,273,0.0,47.5,CU_TO_DEV
1717439614.9313903,273,0.0,47.5,CU_TO_DEV
1717439624.9434154,322,3.9,47.4,OCC_TO_CU
1717439624.944073,322,0.0,47.4,OCC_TO_CU
1717439625.135684,273,10.5,47.6,CU_TO_DEV
1717439625.1411881,273,0.0,47.6,CU_TO_DEV
1717439634.9487832,322,5.2,47.4,OCC_TO_CU
1717439634.9641702,322,33.3,47.4,OCC_TO_CU
1717439635.1418283,273,11.6,47.6,CU_TO_DEV
1717439635.147166,273,0.0,47.6,CU_TO_DEV
1717439644.969431,322,3.9,47.4,OCC_TO_CU
1717439644.9702177,322,0.0,47.4,OCC_TO_CU
1717439645.1494045,273,11.3,47.6,CU_TO_DEV
1717439645.1529307,273,0.0,47.6,CU_TO_DEV
1717439654.9876516,322,4.1,47.5,OCC_TO_CU
1717439654.9883242,322,0.0,47.5,OCC_TO_CU
1717439655.1562881,273,13.2,47.7,CU_TO_DEV
1717439655.157557,273,0.0,47.7,CU_TO_DEV
1717439661.5282543,154,3.9,47.7,OCC_TO_CU
1717439661.5604517,241,41.7,47.7,CU_TO_DEV
1717439661.5607169,241,50.0,47.7,CU_TO_DEV
1717439665.0203245,322,4.7,47.7,OCC_TO_CU
1717439665.0209866,322,0.0,47.7,OCC_TO_CU
1717439665.1631148,273,10.9,47.8,CU_TO_DEV
1717439665.163606,273,0.0,47.8,CU_TO_DEV
1717439675.007006,322,4.0,47.7,OCC_TO_CU
1717439675.0076828,322,0.0,47.7,OCC_TO_CU
1717439675.1684878,273,11.1,47.9,CU_TO_DEV
1717439675.1692808,273,0.0,47.9,CU_TO_DEV
1717439685.018111,322,6.2,47.5,OCC_TO_CU
1717439685.0187707,322,0.0,47.5,OCC_TO_CU
1717439685.1780457,273,72.3,47.6,CU_TO_DEV
1717439685.179099,273,0.0,47.6,CU_TO_DEV
1717439695.0394745,322,3.8,47.4,OCC_TO_CU
1717439695.04011,322,0.0,47.4,OCC_TO_CU
1717439695.1828034,273,10.9,47.7,CU_TO_DEV
1717439695.183132,273,0.0,47.7,CU_TO_DEV
1717439705.038179,322,4.4,47.5,OCC_TO_CU
1717439705.0445254,322,0.0,47.5,OCC_TO_CU
1717439705.1885755,273,21.1,47.7,CU_TO_DEV
1717439705.188531,273,21.1,47.7,CU_TO_DEV
1717439711.6024144,154,4.5,47.6,OCC_TO_CU
1717439711.7924466,241,63.2,47.9,CU_TO_DEV
1717439711.7931674,241,100.0,47.9,CU_TO_DEV
1717439715.0474484,322,4.1,47.6,OCC_TO_CU
1717439715.0595202,322,40.0,47.6,OCC_TO_CU
1717439715.1949806,273,16.4,47.7,CU_TO_DEV
1717439715.1950192,273,16.4,47.7,CU_TO_DEV
1717439725.0680745,322,5.5,47.5,OCC_TO_CU
1717439725.06874,322,0.0,47.5,OCC_TO_CU
1717439725.201349,273,11.5,47.7,CU_TO_DEV
1717439725.201669,273,0.0,47.7,CU_TO_DEV
1717439735.0758688,322,3.8,47.5,OCC_TO_CU
1717439735.0764985,322,0.0,47.5,OCC_TO_CU
1717439735.2095697,273,15.1,47.7,CU_TO_DEV
1717439735.2095256,273,15.1,47.7,CU_TO_DEV
1717439745.0892198,322,4.2,47.5,OCC_TO_CU
1717439745.0900095,322,0.0,47.5,OCC_TO_CU
1717439745.215002,273,12.8,47.7,CU_TO_DEV
1717439745.2152612,273,0.0,47.7,CU_TO_DEV
1717439755.0990355,322,4.2,47.7,OCC_TO_CU
1717439755.0996695,322,0.0,47.7,OCC_TO_CU
1717439755.2210686,273,18.4,47.8,CU_TO_DEV
1717439755.2215557,273,0.0,47.8,CU_TO_DEV
1717439761.8071434,154,5.2,47.7,OCC_TO_CU
1717439761.827917,241,100.0,47.7,CU_TO_DEV
1717439761.8298259,241,100.0,47.7,CU_TO_DEV
1717439765.1144269,322,4.5,47.6,OCC_TO_CU
1717439765.114943,322,0.0,47.6,OCC_TO_CU
1717439765.2358944,273,10.6,47.8,CU_TO_DEV
1717439765.2444897,273,0.0,47.8,CU_TO_DEV
1717439775.1371422,322,4.9,47.5,OCC_TO_CU
1717439775.1378233,322,0.0,47.5,OCC_TO_CU
1717439775.2410147,273,23.8,47.7,CU_TO_DEV
1717439775.2490003,273,25.0,47.7,CU_TO_DEV
1717439785.1450133,322,3.9,47.5,OCC_TO_CU
1717439785.145824,322,0.0,47.5,OCC_TO_CU
1717439785.246179,273,15.8,47.7,CU_TO_DEV
1717439785.2547333,273,0.0,47.7,CU_TO_DEV
1717439795.15035,322,4.1,47.6,OCC_TO_CU
1717439795.15099,322,0.0,47.6,OCC_TO_CU
1717439795.2528615,273,23.8,47.8,CU_TO_DEV
1717439795.259654,273,0.0,47.8,CU_TO_DEV
1717439805.178452,322,4.1,47.7,OCC_TO_CU
1717439805.179099,322,0.0,47.7,OCC_TO_CU
1717439805.2610598,273,90.6,47.9,CU_TO_DEV
1717439805.2669234,273,100.0,47.9,CU_TO_DEV
1717439811.7676823,154,4.6,47.7,OCC_TO_CU
1717439811.8684773,241,95.0,47.8,CU_TO_DEV
1717439811.874002,241,100.0,47.9,CU_TO_DEV
1717439815.1763828,322,4.9,47.6,OCC_TO_CU
1717439815.1770208,322,0.0,47.6,OCC_TO_CU
1717439815.2714164,273,13.9,47.8,CU_TO_DEV
1717439815.279112,273,50.0,47.8,CU_TO_DEV
1717439825.187895,322,5.4,47.5,OCC_TO_CU
1717439825.1890724,322,50.0,47.5,OCC_TO_CU
1717439825.277735,273,20.6,47.7,CU_TO_DEV
1717439825.2847285,273,33.3,47.7,CU_TO_DEV
1717439835.205447,322,4.1,47.5,OCC_TO_CU
1717439835.2061172,322,0.0,47.5,OCC_TO_CU
1717439835.2834575,273,23.3,47.7,CU_TO_DEV
1717439835.2902303,273,0.0,47.7,CU_TO_DEV
1717439845.2274475,322,4.8,47.4,OCC_TO_CU
1717439845.2388968,322,50.0,47.5,OCC_TO_CU
1717439845.2895126,273,47.6,47.7,CU_TO_DEV
1717439845.298526,273,33.3,47.7,CU_TO_DEV
1717439855.231103,322,4.1,47.5,OCC_TO_CU
1717439855.2317472,322,0.0,47.5,OCC_TO_CU
1717439855.2949495,273,29.2,47.7,CU_TO_DEV
1717439855.306336,273,20.0,47.7,CU_TO_DEV
1717439861.818368,154,6.6,47.6,OCC_TO_CU
1717439861.9020486,241,29.4,47.8,CU_TO_DEV
1717439861.9102583,241,50.0,47.8,CU_TO_DEV
1717439865.2250571,322,3.1,47.6,OCC_TO_CU
1717439865.225569,322,0.0,47.6,OCC_TO_CU
1717439865.304334,273,13.3,47.7,CU_TO_DEV
1717439865.3122828,273,0.0,47.7,CU_TO_DEV
1717439875.2552564,322,3.9,47.5,OCC_TO_CU
1717439875.2560394,322,0.0,47.5,OCC_TO_CU
1717439875.3107145,273,25.0,47.7,CU_TO_DEV
1717439875.3182037,273,33.3,47.7,CU_TO_DEV
1717439885.264349,322,3.8,47.6,OCC_TO_CU
1717439885.2650511,322,100.0,47.6,OCC_TO_CU
1717439885.3165324,273,22.2,47.8,CU_TO_DEV
1717439885.3245614,273,50.0,47.8,CU_TO_DEV
1717439895.2737498,322,3.7,47.6,OCC_TO_CU
1717439895.2906184,322,57.1,47.6,OCC_TO_CU
1717439895.326099,273,60.0,47.8,CU_TO_DEV
1717439895.3305812,273,0.0,47.8,CU_TO_DEV
1717439905.2831817,322,4.0,47.7,OCC_TO_CU
1717439905.2931118,322,40.0,47.7,OCC_TO_CU
1717439905.3317819,273,57.1,47.9,CU_TO_DEV
1717439905.3357847,273,0.0,47.9,CU_TO_DEV
1717439911.9011853,154,7.2,47.7,OCC_TO_CU
1717439911.9388764,241,62.5,47.8,CU_TO_DEV
1717439911.9434729,241,50.0,47.8,CU_TO_DEV
1717439915.2992892,322,3.5,47.6,OCC_TO_CU
1717439915.3000433,322,0.0,47.6,OCC_TO_CU
1717439915.341384,273,31.2,47.7,CU_TO_DEV
1717439915.3464017,273,0.0,47.7,CU_TO_DEV
1717439925.308214,322,5.6,47.4,OCC_TO_CU
1717439925.3089776,322,100.0,47.4,OCC_TO_CU
1717439925.3476565,273,33.3,47.6,CU_TO_DEV
1717439925.3551807,273,0.0,47.6,CU_TO_DEV
1717439935.3414943,322,4.0,47.4,OCC_TO_CU
1717439935.3423414,322,0.0,47.4,OCC_TO_CU
1717439935.3573925,273,50.0,47.4,CU_TO_DEV
1717439935.3607163,273,50.0,47.5,CU_TO_DEV
1717439945.3581526,322,4.3,47.5,OCC_TO_CU
1717439945.3589683,322,0.0,47.5,OCC_TO_CU
1717439945.367929,273,0.0,47.5,CU_TO_DEV
1717439945.3686252,273,100.0,47.5,CU_TO_DEV
1717439955.3466864,322,5.9,47.5,OCC_TO_CU
1717439955.354148,322,25.0,47.5,OCC_TO_CU
1717439955.379798,273,54.5,47.6,CU_TO_DEV
1717439955.380223,273,0.0,47.6,CU_TO_DEV
1717439961.9675126,154,4.2,47.6,OCC_TO_CU
1717439961.9840403,241,60.0,47.6,CU_TO_DEV
1717439961.9848554,241,100.0,47.6,CU_TO_DEV
1717439965.3600874,322,4.4,47.6,OCC_TO_CU
1717439965.3610654,322,66.7,47.6,OCC_TO_CU
1717439965.386629,273,25.0,47.6,CU_TO_DEV
1717439965.3892553,273,100.0,47.6,CU_TO_DEV
1717439975.3776565,322,3.9,47.6,OCC_TO_CU
1717439975.3785553,322,0.0,47.6,OCC_TO_CU
1717439975.3928974,273,42.9,47.6,CU_TO_DEV
1717439975.3945117,273,0.0,47.6,CU_TO_DEV
1717439985.3930924,322,4.3,47.6,OCC_TO_CU
1717439985.3938982,322,0.0,47.6,OCC_TO_CU
1717439985.4022686,273,33.3,47.6,CU_TO_DEV
1717439985.4034495,273,0.0,47.6,CU_TO_DEV
1717439995.4075093,322,4.1,47.7,OCC_TO_CU
1717439995.4082665,322,0.0,47.7,OCC_TO_CU
1717439995.6076534,273,11.1,47.9,CU_TO_DEV
1717439995.608085,273,0.0,47.9,CU_TO_DEV
1717440005.4341872,322,4.8,47.6,OCC_TO_CU
1717440005.440772,322,33.3,47.6,OCC_TO_CU
1717440005.6157875,273,20.0,47.8,CU_TO_DEV
1717440005.6162922,273,0.0,47.8,CU_TO_DEV
1717440011.9450662,154,5.2,47.6,OCC_TO_CU
1717440012.0231254,241,86.7,47.7,CU_TO_DEV
1717440012.0245106,241,0.0,47.7,CU_TO_DEV
1717440015.4319656,322,5.7,47.6,OCC_TO_CU
1717440015.4324493,322,0.0,47.6,OCC_TO_CU
1717440015.6259127,273,6.6,47.7,CU_TO_DEV
1717440015.6273994,273,0.0,47.7,CU_TO_DEV
1717440025.4405246,322,3.8,47.5,OCC_TO_CU
1717440025.452621,322,50.0,47.5,OCC_TO_CU
1717440025.6310802,273,18.6,47.7,CU_TO_DEV
1717440025.6331093,273,0.0,47.7,CU_TO_DEV
1717440035.4491792,322,4.3,47.5,OCC_TO_CU
1717440035.4502554,322,0.0,47.5,OCC_TO_CU
1717440035.6362166,273,9.7,47.8,CU_TO_DEV
1717440035.6380894,273,50.0,47.8,CU_TO_DEV
1717440045.4663846,322,5.6,47.6,OCC_TO_CU
1717440045.4684153,322,0.0,47.6,OCC_TO_CU
1717440045.6427817,273,10.0,47.8,CU_TO_DEV
1717440045.6431904,273,0.0,47.8,CU_TO_DEV
1717440055.4828074,322,3.9,47.5,OCC_TO_CU
1717440055.4834518,322,0.0,47.5,OCC_TO_CU
1717440055.6481843,273,60.0,47.7,CU_TO_DEV
1717440055.6486871,273,100.0,47.7,CU_TO_DEV
1717440062.0210197,154,4.1,47.6,OCC_TO_CU
1717440062.0522215,241,63.6,47.7,CU_TO_DEV
1717440062.052295,241,63.6,47.7,CU_TO_DEV
1717440065.499021,322,3.7,47.5,OCC_TO_CU
1717440065.5384107,322,33.3,47.7,OCC_TO_CU
1717440065.655125,273,13.0,47.7,CU_TO_DEV
1717440065.6551604,273,13.0,47.7,CU_TO_DEV
1717440075.511644,322,4.0,47.6,OCC_TO_CU
1717440075.5122619,322,0.0,47.6,OCC_TO_CU
1717440075.6608028,273,16.7,47.8,CU_TO_DEV
1717440075.660845,273,16.7,47.8,CU_TO_DEV
1717440085.5155659,322,3.6,47.6,OCC_TO_CU
1717440085.5355427,322,50.0,47.7,OCC_TO_CU
1717440085.6662328,273,15.4,47.8,CU_TO_DEV
1717440085.6661854,273,15.4,47.8,CU_TO_DEV
1717440095.5311165,322,5.8,47.5,OCC_TO_CU
1717440095.5317848,322,0.0,47.5,OCC_TO_CU
1717440095.6754334,273,14.0,47.7,CU_TO_DEV
1717440095.6759577,273,0.0,47.7,CU_TO_DEV
1717440105.5457063,322,4.0,47.5,OCC_TO_CU
1717440105.546335,322,0.0,47.5,OCC_TO_CU
1717440105.6806488,273,13.2,47.7,CU_TO_DEV
1717440105.6808608,273,13.2,47.7,CU_TO_DEV
1717440111.974668,154,4.0,47.7,OCC_TO_CU
1717440112.0856755,241,97.7,47.8,CU_TO_DEV
1717440112.0856109,241,97.7,47.8,CU_TO_DEV
1717440115.5572414,322,5.2,47.6,OCC_TO_CU
1717440115.5578635,322,0.0,47.6,OCC_TO_CU
1717440115.6878545,273,9.8,47.7,CU_TO_DEV
1717440115.6882687,273,0.0,47.7,CU_TO_DEV
1717440125.5623157,322,3.8,47.3,OCC_TO_CU
1717440125.5630808,322,0.0,47.3,OCC_TO_CU
1717440125.6936414,273,18.5,47.6,CU_TO_DEV
1717440125.694105,273,0.0,47.6,CU_TO_DEV
1717440135.5858097,322,4.0,47.4,OCC_TO_CU
1717440135.5864534,322,0.0,47.4,OCC_TO_CU
1717440135.6987743,273,16.3,47.6,CU_TO_DEV
1717440135.6988354,273,16.3,47.6,CU_TO_DEV
1717440145.609246,322,4.9,47.3,OCC_TO_CU
1717440145.6098952,322,0.0,47.3,OCC_TO_CU
1717440145.706371,273,21.1,47.6,CU_TO_DEV
1717440145.707055,273,0.0,47.6,CU_TO_DEV
1717440155.6094563,322,3.9,47.4,OCC_TO_CU
1717440155.6107428,322,0.0,47.4,OCC_TO_CU
1717440155.7113307,273,21.4,47.6,CU_TO_DEV
1717440155.7122133,273,0.0,47.6,CU_TO_DEV
1717440162.0087893,154,4.8,47.5,OCC_TO_CU
1717440162.1160328,241,35.0,47.7,CU_TO_DEV
1717440162.1162012,241,35.0,47.7,CU_TO_DEV
1717440165.671651,322,3.4,47.5,OCC_TO_CU
1717440165.6723592,322,0.0,47.5,OCC_TO_CU
1717440165.7184668,273,30.0,47.7,CU_TO_DEV
1717440165.718334,273,30.0,47.7,CU_TO_DEV
1717440175.6502573,322,4.7,47.4,OCC_TO_CU
1717440175.651064,322,0.0,47.4,OCC_TO_CU
1717440175.725641,273,92.9,47.6,CU_TO_DEV
1717440175.7263594,273,0.0,47.6,CU_TO_DEV
1717440185.6401532,322,5.2,47.3,OCC_TO_CU
1717440185.6406898,322,100.0,47.3,OCC_TO_CU
1717440185.734905,273,16.2,47.5,CU_TO_DEV
1717440185.7349453,273,16.2,47.5,CU_TO_DEV
1717440195.6573586,322,3.9,47.3,OCC_TO_CU
1717440195.6580338,322,0.0,47.3,OCC_TO_CU
1717440195.7414646,273,24.2,47.5,CU_TO_DEV
1717440195.741536,273,24.2,47.5,CU_TO_DEV
1717440205.6840637,322,4.1,47.3,OCC_TO_CU
1717440205.6846976,322,100.0,47.3,OCC_TO_CU
1717440205.7489972,273,28.0,47.5,CU_TO_DEV
1717440205.7491627,273,28.0,47.5,CU_TO_DEV
1717440212.044268,154,4.2,47.5,OCC_TO_CU
1717440212.1569767,241,97.8,47.5,CU_TO_DEV
1717440212.1578467,241,0.0,47.5,CU_TO_DEV
1717440215.6815114,322,4.8,47.4,OCC_TO_CU
1717440215.682775,322,0.0,47.4,OCC_TO_CU
1717440215.7595284,273,14.3,47.5,CU_TO_DEV
1717440215.759633,273,14.3,47.5,CU_TO_DEV
1717440225.6892881,322,3.6,47.3,OCC_TO_CU
1717440225.6899607,322,0.0,47.3,OCC_TO_CU
1717440225.764986,273,26.7,47.5,CU_TO_DEV
1717440225.7651043,273,26.7,47.5,CU_TO_DEV
1717440235.7189908,322,5.2,47.3,OCC_TO_CU
1717440235.7196186,322,0.0,47.3,OCC_TO_CU
1717440235.7714362,273,30.0,47.5,CU_TO_DEV
1717440235.7713845,273,30.0,47.5,CU_TO_DEV
1717440245.721187,322,4.2,47.3,OCC_TO_CU
1717440245.7274327,322,0.0,47.3,OCC_TO_CU
1717440245.7773182,273,52.4,47.5,CU_TO_DEV
1717440245.7779875,273,0.0,47.5,CU_TO_DEV
1717440255.7353008,322,4.9,47.3,OCC_TO_CU
1717440255.7358205,322,0.0,47.3,OCC_TO_CU
1717440255.7827823,273,31.6,47.5,CU_TO_DEV
1717440255.78579,273,0.0,47.5,CU_TO_DEV
1717440262.1164017,154,4.4,47.4,OCC_TO_CU
1717440262.1873336,241,40.0,47.6,CU_TO_DEV
1717440262.1889448,241,0.0,47.6,CU_TO_DEV
1717440265.7470584,322,2.8,47.4,OCC_TO_CU
1717440265.7476172,322,0.0,47.4,OCC_TO_CU
1717440265.7909677,273,36.8,47.5,CU_TO_DEV
1717440265.7908719,273,36.8,47.5,CU_TO_DEV
1717440275.7639017,322,5.5,47.3,OCC_TO_CU
1717440275.7644181,322,0.0,47.3,OCC_TO_CU
1717440275.7983732,273,40.0,47.5,CU_TO_DEV
1717440275.7983003,273,40.0,47.5,CU_TO_DEV
1717440285.7710743,322,4.0,47.4,OCC_TO_CU
1717440285.7721393,322,0.0,47.4,OCC_TO_CU
1717440285.8039742,273,50.0,47.5,CU_TO_DEV
1717440285.8051345,273,0.0,47.5,CU_TO_DEV
1717440295.7890766,322,4.0,47.4,OCC_TO_CU
1717440295.7898145,322,0.0,47.4,OCC_TO_CU
1717440295.810724,273,50.0,47.5,CU_TO_DEV
1717440295.811393,273,0.0,47.5,CU_TO_DEV
1717440305.797308,322,4.5,47.4,OCC_TO_CU
1717440305.798574,322,0.0,47.4,OCC_TO_CU
1717440305.8163161,273,50.0,47.4,CU_TO_DEV
1717440305.8167477,273,100.0,47.4,CU_TO_DEV
1717440312.191169,154,4.8,47.5,OCC_TO_CU
1717440312.2211568,241,66.7,47.6,CU_TO_DEV
1717440312.2220027,241,0.0,47.6,CU_TO_DEV
1717440315.8143277,322,7.0,47.4,OCC_TO_CU
1717440315.8148863,322,0.0,47.4,OCC_TO_CU
1717440315.8251467,273,50.0,47.4,CU_TO_DEV
1717440315.8248787,273,50.0,47.4,CU_TO_DEV
1717440325.8225365,322,4.6,47.3,OCC_TO_CU
1717440325.8231997,322,0.0,47.3,OCC_TO_CU
1717440325.830378,273,0.0,47.3,CU_TO_DEV
1717440325.8305624,273,0.0,47.3,CU_TO_DEV
1717440335.8364642,322,4.1,47.3,OCC_TO_CU
1717440335.842628,322,33.3,47.3,OCC_TO_CU
1717440336.0360448,273,19.0,47.5,CU_TO_DEV
1717440336.036505,273,0.0,47.5,CU_TO_DEV
1717440345.8560185,322,4.7,47.3,OCC_TO_CU
1717440345.856686,322,100.0,47.3,OCC_TO_CU
1717440346.0417316,273,10.8,47.5,CU_TO_DEV
1717440346.0418847,273,10.8,47.5,CU_TO_DEV
1717440355.8541412,322,4.4,47.3,OCC_TO_CU
1717440355.854962,322,0.0,47.3,OCC_TO_CU
1717440356.0478222,273,12.7,47.5,CU_TO_DEV
1717440356.0477555,273,12.7,47.5,CU_TO_DEV
1717440362.260154,154,4.8,47.4,OCC_TO_CU
1717440362.4517868,241,14.3,47.6,CU_TO_DEV
1717440362.4528599,241,0.0,47.6,CU_TO_DEV
1717440365.8612385,322,7.6,47.4,OCC_TO_CU
1717440365.8617792,322,0.0,47.4,OCC_TO_CU
1717440366.0556843,273,7.8,47.5,CU_TO_DEV
1717440366.055782,273,7.8,47.5,CU_TO_DEV
1717440375.8685129,322,4.0,47.3,OCC_TO_CU
1717440375.8691642,322,0.0,47.3,OCC_TO_CU
1717440376.0638978,273,9.2,47.6,CU_TO_DEV
1717440376.0643675,273,0.0,47.6,CU_TO_DEV
1717440385.8846316,322,4.3,47.4,OCC_TO_CU
1717440385.8853106,322,0.0,47.4,OCC_TO_CU
1717440386.069294,273,8.5,47.6,CU_TO_DEV
1717440386.0691788,273,8.5,47.6,CU_TO_DEV
1717440395.916978,322,4.1,47.4,OCC_TO_CU
1717440395.9180307,322,0.0,47.4,OCC_TO_CU
1717440396.0749698,273,11.5,47.7,CU_TO_DEV
1717440396.0747633,273,11.5,47.7,CU_TO_DEV
1717440405.9073603,322,4.0,47.5,OCC_TO_CU
1717440405.9080973,322,0.0,47.5,OCC_TO_CU
1717440406.0810678,273,11.6,47.8,CU_TO_DEV
1717440406.0809996,273,11.6,47.8,CU_TO_DEV
1717440412.231195,154,6.7,47.5,OCC_TO_CU
1717440412.2853537,241,43.5,47.7,CU_TO_DEV
1717440412.2862198,241,0.0,47.7,CU_TO_DEV
1717440415.9140313,322,5.7,47.4,OCC_TO_CU
1717440415.9146986,322,0.0,47.4,OCC_TO_CU
1717440416.0883832,273,59.4,47.6,CU_TO_DEV
1717440416.0897615,273,100.0,47.6,CU_TO_DEV
1717440425.939443,322,4.4,47.2,OCC_TO_CU
1717440425.9400723,322,0.0,47.2,OCC_TO_CU
1717440426.0955238,273,11.5,47.4,CU_TO_DEV
1717440426.095997,273,0.0,47.4,CU_TO_DEV
1717440435.9471176,322,3.8,47.2,OCC_TO_CU
1717440435.9478555,322,0.0,47.2,OCC_TO_CU
1717440436.1008189,273,13.1,47.4,CU_TO_DEV
1717440436.1007767,273,13.1,47.4,CU_TO_DEV
1717440445.9585228,322,3.6,47.2,OCC_TO_CU
1717440445.9590356,322,0.0,47.2,OCC_TO_CU
1717440446.106221,273,13.3,47.5,CU_TO_DEV
1717440446.106584,273,0.0,47.5,CU_TO_DEV
1717440455.972426,322,3.6,47.3,OCC_TO_CU
1717440456.0004544,322,41.7,47.4,OCC_TO_CU
1717440456.1116986,273,24.4,47.5,CU_TO_DEV
1717440456.1115203,273,24.4,47.5,CU_TO_DEV
1717440462.3054671,154,6.2,47.4,OCC_TO_CU
1717440462.315351,241,50.0,47.4,CU_TO_DEV
1717440462.3167472,241,100.0,47.4,CU_TO_DEV
1717440465.9912667,322,4.2,47.4,OCC_TO_CU
1717440465.9918954,322,0.0,47.4,OCC_TO_CU
1717440466.118348,273,15.4,47.5,CU_TO_DEV
1717440466.1192765,273,0.0,47.5,CU_TO_DEV
1717440475.993071,322,4.4,47.4,OCC_TO_CU
1717440475.993697,322,0.0,47.4,OCC_TO_CU
1717440476.1270263,273,13.2,47.6,CU_TO_DEV
1717440476.1272748,273,0.0,47.6,CU_TO_DEV
1717440486.0076787,322,4.2,47.4,OCC_TO_CU
1717440486.0087638,322,0.0,47.4,OCC_TO_CU
1717440486.13309,273,18.0,47.6,CU_TO_DEV
1717440486.1330423,273,18.0,47.6,CU_TO_DEV
1717440496.022033,322,4.4,47.5,OCC_TO_CU
1717440496.0230966,322,0.0,47.5,OCC_TO_CU
1717440496.1390734,273,17.0,47.7,CU_TO_DEV
1717440496.139555,273,0.0,47.7,CU_TO_DEV
1717440506.0581546,322,5.7,47.3,OCC_TO_CU
1717440506.0586653,322,0.0,47.3,OCC_TO_CU
1717440506.1442916,273,20.6,47.5,CU_TO_DEV
1717440506.1470044,273,0.0,47.5,CU_TO_DEV
1717440512.2460928,154,4.4,47.4,OCC_TO_CU
1717440512.3506694,241,32.5,47.6,CU_TO_DEV
1717440512.3508072,241,32.5,47.6,CU_TO_DEV
1717440516.067123,322,6.7,47.4,OCC_TO_CU
1717440516.0676434,322,0.0,47.4,OCC_TO_CU
1717440516.1531725,273,14.7,47.5,CU_TO_DEV
1717440516.15359,273,0.0,47.5,CU_TO_DEV
1717440526.0679293,322,4.1,47.4,OCC_TO_CU
1717440526.0689845,322,0.0,47.4,OCC_TO_CU
1717440526.161285,273,21.6,47.6,CU_TO_DEV
1717440526.1612177,273,21.6,47.6,CU_TO_DEV
1717440536.0808232,322,4.0,47.4,OCC_TO_CU
1717440536.0818768,322,0.0,47.4,OCC_TO_CU
1717440536.1726658,273,24.3,47.6,CU_TO_DEV
1717440536.1727598,273,24.3,47.6,CU_TO_DEV
1717440546.0978687,322,4.0,47.4,OCC_TO_CU
1717440546.0987043,322,0.0,47.4,OCC_TO_CU
1717440546.180505,273,90.6,47.6,CU_TO_DEV
1717440546.1814237,273,100.0,47.6,CU_TO_DEV
1717440556.1174958,322,5.3,47.3,OCC_TO_CU
1717440556.118575,322,0.0,47.3,OCC_TO_CU
1717440556.1874983,273,28.6,47.4,CU_TO_DEV
1717440556.187287,273,28.6,47.4,CU_TO_DEV
1717440562.2824497,154,4.9,47.4,OCC_TO_CU
1717440562.3915987,241,28.6,47.6,CU_TO_DEV
1717440562.3913732,241,28.6,47.6,CU_TO_DEV
1717440566.1331758,322,3.4,47.4,OCC_TO_CU
1717440566.1351295,322,0.0,47.4,OCC_TO_CU
1717440566.1941645,273,26.1,47.6,CU_TO_DEV
1717440566.194317,273,26.1,47.6,CU_TO_DEV
1717440576.147125,322,4.5,47.4,OCC_TO_CU
1717440576.1480024,322,0.0,47.4,OCC_TO_CU
1717440576.2033598,273,28.6,47.6,CU_TO_DEV
1717440576.203181,273,28.6,47.6,CU_TO_DEV
1717440586.1761854,322,4.0,47.4,OCC_TO_CU
1717440586.177232,322,0.0,47.4,OCC_TO_CU
1717440586.2120075,273,84.6,47.5,CU_TO_DEV
1717440586.216874,273,100.0,47.5,CU_TO_DEV
1717440596.1616502,322,5.6,47.3,OCC_TO_CU
1717440596.1621366,322,0.0,47.3,OCC_TO_CU
1717440596.2217507,273,28.0,47.5,CU_TO_DEV
1717440596.2216797,273,28.0,47.5,CU_TO_DEV
1717440606.1970963,322,3.6,47.3,OCC_TO_CU
1717440606.1991756,322,0.0,47.3,OCC_TO_CU
1717440606.2287862,273,66.7,47.4,CU_TO_DEV
1717440606.2288718,273,66.7,47.4,CU_TO_DEV
1717440613.255993,154,3.6,47.5,OCC_TO_CU
1717440613.4344556,241,72.9,47.6,CU_TO_DEV
1717440613.440955,241,100.0,47.6,CU_TO_DEV
1717440616.2002783,322,3.0,47.4,OCC_TO_CU
1717440616.20136,322,0.0,47.4,OCC_TO_CU
1717440616.2382119,273,35.7,47.5,CU_TO_DEV
1717440616.2428324,273,33.3,47.5,CU_TO_DEV
1717440626.1974707,322,3.9,47.3,OCC_TO_CU
1717440626.198222,322,0.0,47.3,OCC_TO_CU
1717440626.2439332,273,36.8,47.5,CU_TO_DEV
1717440626.2482376,273,0.0,47.5,CU_TO_DEV
1717440636.232793,322,3.7,47.4,OCC_TO_CU
1717440636.2338164,322,0.0,47.4,OCC_TO_CU
1717440636.2505107,273,57.1,47.4,CU_TO_DEV
1717440636.2532482,273,0.0,47.4,CU_TO_DEV
1717440646.2476478,322,5.1,47.3,OCC_TO_CU
1717440646.2483194,322,0.0,47.3,OCC_TO_CU
1717440646.257139,273,33.3,47.3,CU_TO_DEV
1717440646.2603896,273,0.0,47.3,CU_TO_DEV
1717440656.2589638,322,3.8,47.4,OCC_TO_CU
1717440656.2660275,273,33.3,47.4,CU_TO_DEV
1717440656.2671986,273,0.0,47.4,CU_TO_DEV
1717440656.3106792,322,50.0,47.6,OCC_TO_CU
1717440656.4678552,273,31.7,47.6,CU_TO_DEV
1717440656.4676645,273,31.7,47.6,CU_TO_DEV
1717440663.2269466,154,3.8,47.6,OCC_TO_CU
1717440663.273341,241,78.9,47.7,CU_TO_DEV
1717440663.2746935,241,0.0,47.7,CU_TO_DEV
1717440666.2728648,322,6.0,47.5,OCC_TO_CU
1717440666.2739072,322,0.0,47.5,OCC_TO_CU
1717440666.2756157,273,0.0,47.5,CU_TO_DEV
1717440666.276588,273,0.0,47.5,CU_TO_DEV
1717440676.2533488,322,5.0,47.3,OCC_TO_CU
1717440676.2541392,322,0.0,47.3,OCC_TO_CU
1717440676.281316,273,36.4,47.3,CU_TO_DEV
1717440676.2822235,273,0.0,47.3,CU_TO_DEV
1717440686.288634,322,5.1,47.3,OCC_TO_CU
1717440686.2891932,322,0.0,47.3,OCC_TO_CU
1717440686.289778,273,0.0,47.3,CU_TO_DEV
1717440686.2895155,273,0.0,47.3,CU_TO_DEV
1717440686.4905627,273,20.3,47.5,CU_TO_DEV
1717440686.4909823,273,0.0,47.5,CU_TO_DEV
1717440696.2936594,322,3.4,47.3,OCC_TO_CU
1717440696.2942927,322,0.0,47.3,OCC_TO_CU
1717440696.2971985,273,0.0,47.3,CU_TO_DEV
1717440696.2972634,273,0.0,47.3,CU_TO_DEV
1717440706.3002882,322,4.1,47.3,OCC_TO_CU
1717440706.3026404,273,50.0,47.3,CU_TO_DEV
1717440706.302772,273,50.0,47.3,CU_TO_DEV
1717440706.3083858,322,0.0,47.3,OCC_TO_CU
1717440706.5037143,273,35.1,47.6,CU_TO_DEV
1717440706.5039473,273,35.1,47.6,CU_TO_DEV
1717440713.180372,154,3.5,47.5,OCC_TO_CU
1717440713.308797,241,16.3,47.7,CU_TO_DEV
1717440713.3088717,241,16.3,47.7,CU_TO_DEV
1717440716.3222015,322,6.9,47.4,OCC_TO_CU
1717440716.3233845,322,0.0,47.4,OCC_TO_CU
1717440716.510748,273,17.3,47.6,CU_TO_DEV
1717440716.5110805,273,0.0,47.6,CU_TO_DEV
1717440726.3208985,322,3.5,47.4,OCC_TO_CU
1717440726.323703,322,0.0,47.4,OCC_TO_CU
1717440726.516357,273,16.2,47.6,CU_TO_DEV
1717440726.5160463,273,16.2,47.6,CU_TO_DEV
1717440736.3445036,322,4.8,47.4,OCC_TO_CU
1717440736.3451858,322,100.0,47.4,OCC_TO_CU
1717440736.52226,273,23.2,47.5,CU_TO_DEV
1717440736.5224903,273,23.2,47.5,CU_TO_DEV
1717440746.3420246,322,4.1,47.4,OCC_TO_CU
1717440746.3426542,322,0.0,47.4,OCC_TO_CU
1717440746.5285223,273,23.3,47.6,CU_TO_DEV
1717440746.5288706,273,24.3,47.6,CU_TO_DEV
1717440756.3694594,322,4.9,47.3,OCC_TO_CU
1717440756.370082,322,0.0,47.3,OCC_TO_CU
1717440756.5358,273,23.4,47.5,CU_TO_DEV
1717440756.5362737,273,0.0,47.5,CU_TO_DEV
1717440763.4793878,154,4.8,47.5,OCC_TO_CU
1717440763.5399346,241,36.4,47.6,CU_TO_DEV
1717440763.5396943,241,36.4,47.6,CU_TO_DEV
1717440766.3709674,322,3.3,47.5,OCC_TO_CU
1717440766.3715434,322,0.0,47.5,OCC_TO_CU
1717440766.5421305,273,20.6,47.6,CU_TO_DEV
1717440766.5424356,273,0.0,47.6,CU_TO_DEV
1717440776.3819087,322,4.5,47.4,OCC_TO_CU
1717440776.3831124,322,0.0,47.4,OCC_TO_CU
1717440776.5512018,273,27.7,47.6,CU_TO_DEV
1717440776.551786,273,0.0,47.6,CU_TO_DEV
1717440786.4089324,322,3.8,47.4,OCC_TO_CU
1717440786.4705153,322,43.5,47.6,OCC_TO_CU
1717440786.5614922,273,94.6,47.6,CU_TO_DEV
1717440786.5623097,273,0.0,47.6,CU_TO_DEV
1717440796.4122064,322,4.1,47.4,OCC_TO_CU
1717440796.4128783,322,0.0,47.4,OCC_TO_CU
1717440796.5675511,273,30.0,47.5,CU_TO_DEV
1717440796.567352,273,30.0,47.5,CU_TO_DEV
1717440806.4363546,322,3.9,47.4,OCC_TO_CU
1717440806.4372168,322,100.0,47.4,OCC_TO_CU
1717440806.5747595,273,35.2,47.6,CU_TO_DEV
1717440806.5746448,273,35.2,47.6,CU_TO_DEV
1717440813.55424,154,4.7,47.5,OCC_TO_CU
1717440813.5801358,241,66.7,47.6,CU_TO_DEV
1717440813.583636,241,100.0,47.6,CU_TO_DEV
1717440816.431882,322,7.0,47.4,OCC_TO_CU
1717440816.4323983,322,0.0,47.4,OCC_TO_CU
1717440816.5856273,273,22.6,47.5,CU_TO_DEV
1717440816.586464,273,0.0,47.5,CU_TO_DEV
1717440826.455617,322,4.9,47.3,OCC_TO_CU
1717440826.4562652,322,0.0,47.3,OCC_TO_CU
1717440826.5909402,273,18.9,47.3,CU_TO_DEV
1717440826.5961072,273,0.0,47.4,CU_TO_DEV
1717440836.4693563,322,5.1,47.3,OCC_TO_CU
1717440836.4699774,322,0.0,47.3,OCC_TO_CU
1717440836.6030812,273,26.0,47.5,CU_TO_DEV
1717440836.6040347,273,0.0,47.5,CU_TO_DEV
1717440846.465801,322,4.5,47.3,OCC_TO_CU
1717440846.4664195,322,0.0,47.3,OCC_TO_CU
1717440846.6089625,273,35.7,47.5,CU_TO_DEV
1717440846.6090221,273,35.7,47.5,CU_TO_DEV
1717440856.4867651,322,3.6,47.3,OCC_TO_CU
1717440856.487605,322,0.0,47.3,OCC_TO_CU
1717440856.6140122,273,29.2,47.5,CU_TO_DEV
1717440856.614194,273,29.2,47.5,CU_TO_DEV
1717440863.3190448,154,4.5,47.5,OCC_TO_CU
1717440863.4182801,241,23.8,47.6,CU_TO_DEV
1717440863.418326,241,23.8,47.6,CU_TO_DEV
1717440866.5210555,322,8.2,47.4,OCC_TO_CU
1717440866.5218923,322,0.0,47.4,OCC_TO_CU
1717440866.6206374,273,28.2,47.6,CU_TO_DEV
1717440866.6209137,273,28.2,47.6,CU_TO_DEV
1717440876.5149143,322,3.8,47.3,OCC_TO_CU
1717440876.5181744,322,100.0,47.3,OCC_TO_CU
1717440876.6259472,273,34.9,47.6,CU_TO_DEV
1717440876.6260035,273,34.9,47.6,CU_TO_DEV
1717440886.523512,322,4.0,47.4,OCC_TO_CU
1717440886.5273762,322,0.0,47.4,OCC_TO_CU
1717440886.6314993,273,44.2,47.6,CU_TO_DEV
1717440886.6325002,273,0.0,47.6,CU_TO_DEV
1717440896.517884,322,4.0,47.5,OCC_TO_CU
1717440896.5376394,322,85.7,47.5,OCC_TO_CU
1717440896.6378677,273,40.5,47.7,CU_TO_DEV
1717440896.6384993,273,0.0,47.7,CU_TO_DEV
1717440906.5598323,322,4.4,47.5,OCC_TO_CU
1717440906.5606494,322,100.0,47.5,OCC_TO_CU
1717440906.6442504,273,30.0,47.7,CU_TO_DEV
1717440906.6449125,273,100.0,47.7,CU_TO_DEV
1717440913.3969364,154,7.4,47.5,OCC_TO_CU
1717440913.449644,241,25.0,47.7,CU_TO_DEV
1717440913.449359,241,25.0,47.7,CU_TO_DEV
1717440916.5504773,322,7.7,47.4,OCC_TO_CU
1717440916.5559065,322,100.0,47.4,OCC_TO_CU
1717440916.6530476,273,92.5,47.6,CU_TO_DEV
1717440916.654405,273,0.0,47.6,CU_TO_DEV
1717440926.589066,322,4.2,47.3,OCC_TO_CU
1717440926.5904706,322,0.0,47.3,OCC_TO_CU
1717440926.6648188,273,39.3,47.5,CU_TO_DEV
1717440926.6644878,273,37.0,47.5,CU_TO_DEV
1717440936.6581793,322,3.8,47.2,OCC_TO_CU
1717440936.6587634,322,0.0,47.2,OCC_TO_CU
1717440936.6715531,273,75.0,47.1,CU_TO_DEV
1717440936.672889,273,100.0,47.1,CU_TO_DEV
1717440946.5927598,322,4.2,47.3,OCC_TO_CU
1717440946.5937867,322,0.0,47.3,OCC_TO_CU
1717440946.679684,273,26.7,47.5,CU_TO_DEV
1717440946.6802487,273,0.0,47.5,CU_TO_DEV
1717440956.6128304,322,3.8,47.4,OCC_TO_CU
1717440956.614539,322,0.0,47.4,OCC_TO_CU
1717440956.6854544,273,39.3,47.6,CU_TO_DEV
1717440956.685528,273,39.3,47.6,CU_TO_DEV
1717440963.6702816,154,6.2,47.4,OCC_TO_CU
1717440963.69171,241,75.0,47.5,CU_TO_DEV
1717440963.6938016,241,100.0,47.5,CU_TO_DEV
1717440966.6251197,322,3.3,47.4,OCC_TO_CU
1717440966.6259334,322,0.0,47.4,OCC_TO_CU
1717440966.6957052,273,35.7,47.6,CU_TO_DEV
1717440966.69557,273,35.7,47.6,CU_TO_DEV
1717440976.6277378,322,3.9,47.4,OCC_TO_CU
1717440976.6292849,322,100.0,47.4,OCC_TO_CU
1717440976.7011733,273,34.6,47.6,CU_TO_DEV
1717440976.7012362,273,33.3,47.6,CU_TO_DEV
1717440986.6371963,322,3.8,47.4,OCC_TO_CU
1717440986.6381543,322,0.0,47.4,OCC_TO_CU
1717440986.706432,273,35.7,47.6,CU_TO_DEV
1717440986.7072494,273,0.0,47.6,CU_TO_DEV
1717440996.6702013,322,4.1,47.5,OCC_TO_CU
1717440996.6710339,322,0.0,47.5,OCC_TO_CU
1717440996.7115707,273,58.8,47.7,CU_TO_DEV
1717440996.7115057,273,58.8,47.7,CU_TO_DEV
1717441006.667863,322,5.8,47.3,OCC_TO_CU
1717441006.6684299,322,0.0,47.3,OCC_TO_CU
1717441006.7175567,273,21.1,47.4,CU_TO_DEV
1717441006.7221158,273,50.0,47.4,CU_TO_DEV
1717441013.6086435,154,4.5,47.5,OCC_TO_CU
1717441013.7227402,241,33.3,47.7,CU_TO_DEV
1717441013.7256997,241,0.0,47.7,CU_TO_DEV
1717441016.7036414,322,7.3,47.4,OCC_TO_CU
1717441016.7043178,322,0.0,47.4,OCC_TO_CU
1717441016.7258193,273,66.7,47.4,CU_TO_DEV
1717441016.7307386,273,0.0,47.4,CU_TO_DEV
1717441026.6843622,322,3.9,47.4,OCC_TO_CU
1717441026.6871884,322,50.0,47.4,OCC_TO_CU
1717441026.733258,273,88.9,47.5,CU_TO_DEV
1717441026.7421877,273,100.0,47.5,CU_TO_DEV
1717441036.7086391,322,5.0,47.3,OCC_TO_CU
1717441036.7092733,322,0.0,47.3,OCC_TO_CU
1717441036.7408848,273,69.2,47.4,CU_TO_DEV
1717441036.7468007,273,0.0,47.5,CU_TO_DEV
1717441046.7185667,322,3.9,47.4,OCC_TO_CU
1717441046.7472394,273,63.6,47.4,CU_TO_DEV
1717441046.7546215,273,33.3,47.6,CU_TO_DEV
1717441046.8250988,322,15.4,47.6,OCC_TO_CU
1717441046.9482746,273,12.5,47.6,CU_TO_DEV
1717441046.9562712,273,0.0,47.6,CU_TO_DEV
1717441056.7352865,322,5.2,47.3,OCC_TO_CU
1717441056.7363656,322,0.0,47.3,OCC_TO_CU
1717441056.7541597,273,62.5,47.3,CU_TO_DEV
1717441056.76173,273,100.0,47.4,CU_TO_DEV
1717441064.4225652,154,4.7,47.4,OCC_TO_CU
1717441064.5594485,241,13.0,47.6,CU_TO_DEV
1717441064.565592,241,50.0,47.6,CU_TO_DEV
1717441066.7267225,322,4.2,47.4,OCC_TO_CU
1717441066.727582,322,0.0,47.4,OCC_TO_CU
1717441066.7623656,273,64.3,47.5,CU_TO_DEV
1717441066.767239,273,50.0,47.5,CU_TO_DEV
1717441076.7410042,322,3.7,47.4,OCC_TO_CU
1717441076.7532802,322,40.0,47.4,OCC_TO_CU
1717441076.767986,273,80.0,47.5,CU_TO_DEV
1717441076.7740517,273,100.0,47.5,CU_TO_DEV
1717441086.745545,322,4.9,47.4,OCC_TO_CU
1717441086.746234,322,0.0,47.4,OCC_TO_CU
1717441086.7744727,273,75.0,47.4,CU_TO_DEV
1717441086.7796388,273,33.3,47.4,CU_TO_DEV
1717441096.7754395,322,5.3,47.3,OCC_TO_CU
1717441096.7769468,322,0.0,47.3,OCC_TO_CU
1717441096.7814705,273,50.0,47.3,CU_TO_DEV
1717441096.784871,273,0.0,47.3,CU_TO_DEV
1717441106.775488,322,4.1,47.4,OCC_TO_CU
1717441106.7835717,322,33.3,47.4,OCC_TO_CU
1717441106.7898455,273,75.0,47.4,CU_TO_DEV
1717441106.789725,273,75.0,47.4,CU_TO_DEV
1717441114.6169434,154,4.3,47.5,OCC_TO_CU
1717441114.796724,241,84.7,47.6,CU_TO_DEV
1717441114.7971241,241,0.0,47.6,CU_TO_DEV
1717441116.7826853,322,3.2,47.4,OCC_TO_CU
1717441116.791121,322,33.3,47.4,OCC_TO_CU
1717441116.799114,273,100.0,47.4,CU_TO_DEV
1717441116.800403,273,0.0,47.4,CU_TO_DEV
1717441126.7972622,322,4.5,47.4,OCC_TO_CU
1717441126.7997212,322,0.0,47.4,OCC_TO_CU
1717441126.805823,273,66.7,47.4,CU_TO_DEV
1717441126.806589,273,0.0,47.4,CU_TO_DEV
1717441136.811703,322,4.1,47.4,OCC_TO_CU
1717441136.8125157,273,0.0,47.4,CU_TO_DEV
1717441136.8127582,273,100.0,47.4,CU_TO_DEV
1717441136.8147886,322,0.0,47.4,OCC_TO_CU
1717441137.0132227,273,12.8,47.7,CU_TO_DEV
1717441137.0136135,273,0.0,47.7,CU_TO_DEV
1717441146.821805,322,5.2,47.4,OCC_TO_CU
1717441146.8248096,322,50.0,47.4,OCC_TO_CU
1717441147.018741,273,52.0,47.5,CU_TO_DEV
1717441147.0187893,273,52.0,47.5,CU_TO_DEV
1717441156.8442986,322,3.9,47.3,OCC_TO_CU
1717441156.8559625,322,33.3,47.3,OCC_TO_CU
1717441157.0242565,273,23.2,47.6,CU_TO_DEV
1717441157.0247207,273,100.0,47.6,CU_TO_DEV
1717441164.6929314,154,5.1,47.4,OCC_TO_CU
1717441164.8298855,241,29.6,47.5,CU_TO_DEV
1717441164.8301907,241,0.0,47.5,CU_TO_DEV
1717441166.845548,322,3.4,47.4,OCC_TO_CU
1717441166.848531,322,0.0,47.4,OCC_TO_CU
1717441167.031544,273,12.3,47.5,CU_TO_DEV
1717441167.0319917,273,0.0,47.5,CU_TO_DEV
1717441176.862083,322,3.9,47.3,OCC_TO_CU
1717441176.8628604,322,0.0,47.3,OCC_TO_CU
1717441177.0367615,273,11.8,47.6,CU_TO_DEV
1717441177.0368063,273,11.8,47.6,CU_TO_DEV
1717441186.8676152,322,5.3,47.4,OCC_TO_CU
1717441186.8685527,322,0.0,47.4,OCC_TO_CU
1717441187.0434053,273,10.1,47.6,CU_TO_DEV
1717441187.0455666,273,0.0,47.6,CU_TO_DEV
1717441196.886183,322,3.7,47.4,OCC_TO_CU
1717441196.8871624,322,0.0,47.4,OCC_TO_CU
1717441197.0489187,273,8.2,47.6,CU_TO_DEV
1717441197.0502808,273,0.0,47.6,CU_TO_DEV
1717441206.8890982,322,4.5,47.4,OCC_TO_CU
1717441206.8910773,322,0.0,47.4,OCC_TO_CU
1717441207.055304,273,13.6,47.6,CU_TO_DEV
1717441207.0575137,273,0.0,47.6,CU_TO_DEV
1717441214.7682652,154,4.8,47.5,OCC_TO_CU
1717441214.860991,241,38.9,47.7,CU_TO_DEV
1717441214.862686,241,0.0,47.7,CU_TO_DEV
1717441216.910627,322,8.5,47.5,OCC_TO_CU
1717441216.9283063,322,42.9,47.5,OCC_TO_CU
1717441217.0629096,273,14.8,47.6,CU_TO_DEV
1717441217.0642657,273,0.0,47.6,CU_TO_DEV
1717441226.9323387,322,3.8,47.4,OCC_TO_CU
1717441226.9331543,322,100.0,47.4,OCC_TO_CU
1717441227.0677726,273,13.2,47.6,CU_TO_DEV
1717441227.0682657,273,0.0,47.6,CU_TO_DEV
1717441236.9269323,322,4.9,47.4,OCC_TO_CU
1717441236.9312866,322,0.0,47.4,OCC_TO_CU
1717441237.0745022,273,15.5,47.6,CU_TO_DEV
1717441237.074755,273,0.0,47.6,CU_TO_DEV
1717441246.9506645,322,5.0,47.3,OCC_TO_CU
1717441246.951222,322,0.0,47.3,OCC_TO_CU
1717441247.0829952,273,11.5,47.5,CU_TO_DEV
1717441247.0828583,273,11.5,47.5,CU_TO_DEV
1717441256.9552712,322,3.7,47.4,OCC_TO_CU
1717441256.9560487,322,0.0,47.4,OCC_TO_CU
1717441257.0889335,273,14.8,47.6,CU_TO_DEV
1717441257.0892925,273,0.0,47.6,CU_TO_DEV
1717441264.8426306,154,4.2,47.5,OCC_TO_CU
1717441264.8947732,241,0.0,47.7,CU_TO_DEV
1717441264.8941736,241,40.0,47.7,CU_TO_DEV
1717441266.9671218,322,2.9,47.5,OCC_TO_CU
1717441266.967634,322,0.0,47.5,OCC_TO_CU
1717441267.096187,273,76.5,47.6,CU_TO_DEV
1717441267.096676,273,100.0,47.6,CU_TO_DEV
1717441276.9942002,322,5.1,47.4,OCC_TO_CU
1717441276.9947522,322,0.0,47.4,OCC_TO_CU
1717441277.1027803,273,18.2,47.6,CU_TO_DEV
1717441277.1074412,273,0.0,47.6,CU_TO_DEV
1717441286.989912,322,3.8,47.3,OCC_TO_CU
1717441286.9905252,322,0.0,47.3,OCC_TO_CU
1717441287.109517,273,18.8,47.5,CU_TO_DEV
1717441287.1128533,273,0.0,47.5,CU_TO_DEV
1717441297.0264044,322,4.1,47.4,OCC_TO_CU
1717441297.0274286,322,0.0,47.4,OCC_TO_CU
1717441297.1176708,273,22.9,47.6,CU_TO_DEV
1717441297.1188123,273,0.0,47.6,CU_TO_DEV
1717441307.0163624,322,4.3,47.5,OCC_TO_CU
1717441307.0174646,322,0.0,47.5,OCC_TO_CU
1717441307.122758,273,19.0,47.7,CU_TO_DEV
1717441307.123008,273,0.0,47.7,CU_TO_DEV
1717441314.9168751,154,4.3,47.5,OCC_TO_CU
1717441314.931517,241,71.4,47.5,CU_TO_DEV
1717441314.9322796,241,0.0,47.5,CU_TO_DEV
1717441317.021237,322,9.9,47.5,OCC_TO_CU
1717441317.021791,322,0.0,47.5,OCC_TO_CU
1717441317.1330874,273,11.6,47.6,CU_TO_DEV
1717441317.1334891,273,0.0,47.6,CU_TO_DEV
1717441327.0335674,322,5.4,47.2,OCC_TO_CU
1717441327.034413,322,0.0,47.2,OCC_TO_CU
1717441327.1383517,273,19.5,47.5,CU_TO_DEV
1717441327.1383965,273,19.5,47.5,CU_TO_DEV
1717441337.037138,322,4.1,47.3,OCC_TO_CU
1717441337.0383165,322,0.0,47.3,OCC_TO_CU
1717441337.1438491,273,15.0,47.5,CU_TO_DEV
1717441337.1440015,273,15.0,47.5,CU_TO_DEV
1717441347.0557024,322,4.0,47.3,OCC_TO_CU
1717441347.0593116,322,0.0,47.3,OCC_TO_CU
1717441347.1514184,273,19.4,47.6,CU_TO_DEV
1717441347.152023,273,0.0,47.6,CU_TO_DEV
1717441357.0728316,322,3.7,47.3,OCC_TO_CU
1717441357.0734901,322,0.0,47.3,OCC_TO_CU
1717441357.1585834,273,23.5,47.6,CU_TO_DEV
1717441357.1592185,273,0.0,47.6,CU_TO_DEV
1717441364.8886783,154,4.3,47.5,OCC_TO_CU
1717441364.963798,241,29.6,47.7,CU_TO_DEV
1717441364.9648588,241,100.0,47.7,CU_TO_DEV
1717441367.0713925,322,8.3,47.5,OCC_TO_CU
1717441367.0723515,322,0.0,47.5,OCC_TO_CU
1717441367.166587,273,46.2,47.7,CU_TO_DEV
1717441367.1667416,273,46.2,47.7,CU_TO_DEV
1717441377.0865037,322,3.7,47.4,OCC_TO_CU
1717441377.0873337,322,0.0,47.4,OCC_TO_CU
1717441377.173201,273,23.5,47.6,CU_TO_DEV
1717441377.173346,273,23.5,47.6,CU_TO_DEV
1717441387.0886812,322,4.1,47.4,OCC_TO_CU
1717441387.0893824,322,0.0,47.4,OCC_TO_CU
1717441387.1799817,273,17.1,47.7,CU_TO_DEV
1717441387.1804707,273,0.0,47.7,CU_TO_DEV
1717441397.1210585,322,4.4,47.5,OCC_TO_CU
1717441397.1222162,322,0.0,47.5,OCC_TO_CU
1717441397.1861634,273,92.3,47.7,CU_TO_DEV
1717441397.1867244,273,0.0,47.7,CU_TO_DEV
1717441407.131694,322,4.3,47.5,OCC_TO_CU
1717441407.1327643,322,50.0,47.5,OCC_TO_CU
1717441407.1962924,273,37.0,47.6,CU_TO_DEV
1717441407.1969879,273,0.0,47.6,CU_TO_DEV
1717441414.965155,154,7.1,47.4,OCC_TO_CU
1717441415.0018392,241,57.1,47.6,CU_TO_DEV
1717441415.0038505,241,0.0,47.6,CU_TO_DEV
1717441417.140747,322,8.4,47.3,OCC_TO_CU
1717441417.1412709,322,0.0,47.3,OCC_TO_CU
1717441417.204156,273,16.7,47.5,CU_TO_DEV
1717441417.205411,273,0.0,47.5,CU_TO_DEV
1717441427.1369176,322,3.6,47.3,OCC_TO_CU
1717441427.1379278,322,0.0,47.3,OCC_TO_CU
1717441427.2099233,273,21.4,47.5,CU_TO_DEV
1717441427.2105088,273,0.0,47.5,CU_TO_DEV
1717441437.140499,322,3.8,47.3,OCC_TO_CU
1717441437.1410887,322,0.0,47.3,OCC_TO_CU
1717441437.2145803,273,17.9,47.5,CU_TO_DEV
1717441437.2148008,273,0.0,47.5,CU_TO_DEV
1717441447.171951,322,3.7,47.4,OCC_TO_CU
1717441447.172641,322,100.0,47.4,OCC_TO_CU
1717441447.2204823,273,29.4,47.6,CU_TO_DEV
1717441447.2208664,273,100.0,47.6,CU_TO_DEV
1717441457.1642447,322,3.8,47.4,OCC_TO_CU
1717441457.1648047,322,100.0,47.4,OCC_TO_CU
1717441457.2260742,273,28.0,47.6,CU_TO_DEV
1717441457.2259064,273,28.0,47.6,CU_TO_DEV
1717441464.9331334,154,5.6,47.5,OCC_TO_CU
1717441465.0305092,241,39.5,47.6,CU_TO_DEV
1717441465.0303352,241,39.5,47.6,CU_TO_DEV
1717441467.176502,322,4.8,47.5,OCC_TO_CU
1717441467.1771183,322,100.0,47.5,OCC_TO_CU
1717441467.232527,273,23.8,47.6,CU_TO_DEV
1717441467.232383,273,23.8,47.6,CU_TO_DEV
1717441477.2083051,322,4.3,47.4,OCC_TO_CU
1717441477.209063,322,100.0,47.4,OCC_TO_CU
1717441477.2375534,273,41.7,47.5,CU_TO_DEV
1717441477.2385914,273,0.0,47.5,CU_TO_DEV
1717441487.2029643,322,4.0,47.5,OCC_TO_CU
1717441487.2036803,322,0.0,47.5,OCC_TO_CU
1717441487.2443116,273,41.2,47.7,CU_TO_DEV
1717441487.2449355,273,0.0,47.7,CU_TO_DEV
1717441497.2133799,322,4.7,47.5,OCC_TO_CU
1717441497.2140133,322,0.0,47.5,OCC_TO_CU
1717441497.2503262,273,40.0,47.7,CU_TO_DEV
1717441497.2502062,273,40.0,47.7,CU_TO_DEV
1717441507.220296,322,5.0,47.4,OCC_TO_CU
1717441507.2270246,322,50.0,47.4,OCC_TO_CU
1717441507.2565355,273,55.6,47.6,CU_TO_DEV
1717441507.2562656,273,55.6,47.6,CU_TO_DEV
1717441514.9752865,154,4.1,47.5,OCC_TO_CU
1717441515.0616245,241,27.3,47.7,CU_TO_DEV
1717441515.0621834,241,0.0,47.7,CU_TO_DEV
1717441517.2447915,322,7.8,47.5,OCC_TO_CU
1717441517.245301,322,0.0,47.5,OCC_TO_CU
1717441517.2635381,273,50.0,47.5,CU_TO_DEV
1717441517.2634082,273,50.0,47.5,CU_TO_DEV
1717441527.2470903,322,4.6,47.3,OCC_TO_CU
1717441527.2476013,322,0.0,47.3,OCC_TO_CU
1717441527.2693985,273,50.0,47.3,CU_TO_DEV
1717441527.2726424,273,50.0,47.4,CU_TO_DEV
1717441537.2645326,322,3.6,47.3,OCC_TO_CU
1717441537.2652385,322,0.0,47.3,OCC_TO_CU
1717441537.2756622,273,25.0,47.3,CU_TO_DEV
1717441537.2768044,273,100.0,47.3,CU_TO_DEV
1717441547.269857,322,4.0,47.4,OCC_TO_CU
1717441547.2704778,322,0.0,47.4,OCC_TO_CU
1717441547.2816987,273,50.0,47.4,CU_TO_DEV
1717441547.2827098,273,0.0,47.4,CU_TO_DEV
1717441557.2822938,322,4.9,47.3,OCC_TO_CU
1717441557.2829123,322,0.0,47.3,OCC_TO_CU
1717441557.2875652,273,0.0,47.3,CU_TO_DEV
1717441557.2879205,273,0.0,47.3,CU_TO_DEV
1717441565.1949365,154,4.8,47.4,OCC_TO_CU
1717441565.291444,241,23.1,47.6,CU_TO_DEV
1717441565.2916226,241,23.1,47.6,CU_TO_DEV
1717441567.281509,322,3.8,47.5,OCC_TO_CU
1717441567.282125,322,0.0,47.5,OCC_TO_CU
1717441567.293165,273,25.0,47.5,CU_TO_DEV
1717441567.2939541,273,0.0,47.5,CU_TO_DEV
1717441577.30647,322,5.2,47.4,OCC_TO_CU
1717441577.306969,322,0.0,47.4,OCC_TO_CU
1717441577.5014012,273,7.8,47.6,CU_TO_DEV
1717441577.5016212,273,0.0,47.6,CU_TO_DEV
1717441587.3080146,322,4.0,47.4,OCC_TO_CU
1717441587.3086455,322,100.0,47.4,OCC_TO_CU
1717441587.5064268,273,10.1,47.7,CU_TO_DEV
1717441587.5064821,273,10.1,47.7,CU_TO_DEV
1717441597.3230917,322,5.3,47.4,OCC_TO_CU
1717441597.323604,322,0.0,47.4,OCC_TO_CU
1717441597.5141635,273,9.2,47.6,CU_TO_DEV
1717441597.5145416,273,0.0,47.6,CU_TO_DEV
1717441607.3337522,322,3.7,47.4,OCC_TO_CU
1717441607.3347912,322,0.0,47.4,OCC_TO_CU
1717441607.5198648,273,10.8,47.6,CU_TO_DEV
1717441607.5200906,273,0.0,47.6,CU_TO_DEV
1717441615.0644016,154,4.4,47.5,OCC_TO_CU
1717441615.1242614,241,31.8,47.6,CU_TO_DEV
1717441615.1241956,241,31.8,47.6,CU_TO_DEV
1717441617.3456478,322,3.4,47.5,OCC_TO_CU
1717441617.346268,322,0.0,47.5,OCC_TO_CU
1717441617.526408,273,11.0,47.7,CU_TO_DEV
1717441617.5264814,273,11.0,47.7,CU_TO_DEV
1717441627.3631792,322,4.6,47.5,OCC_TO_CU
1717441627.3638093,322,0.0,47.5,OCC_TO_CU
1717441627.5321736,273,10.6,47.6,CU_TO_DEV
1717441627.5424216,273,25.0,47.6,CU_TO_DEV
1717441637.3756752,322,3.8,47.5,OCC_TO_CU
1717441637.3813899,322,0.0,47.5,OCC_TO_CU
1717441637.5392783,273,83.9,47.6,CU_TO_DEV
1717441637.5482728,273,25.0,47.6,CU_TO_DEV
1717441647.3975768,322,4.9,47.4,OCC_TO_CU
1717441647.3982103,322,0.0,47.4,OCC_TO_CU
1717441647.5441744,273,15.3,47.5,CU_TO_DEV
1717441647.5543811,273,25.0,47.5,CU_TO_DEV
1717441657.3934708,322,4.1,47.4,OCC_TO_CU
1717441657.3947067,322,0.0,47.4,OCC_TO_CU
1717441657.5501268,273,8.5,47.6,CU_TO_DEV
1717441657.560708,273,40.0,47.6,CU_TO_DEV
1717441665.1332183,154,5.5,47.4,OCC_TO_CU
1717441665.1555138,241,66.7,47.4,CU_TO_DEV
1717441665.1689608,241,60.0,47.4,CU_TO_DEV
1717441667.3967562,322,3.7,47.4,OCC_TO_CU
1717441667.3972542,322,0.0,47.4,OCC_TO_CU
1717441667.5583358,273,9.2,47.5,CU_TO_DEV
1717441667.5706432,273,25.0,47.5,CU_TO_DEV
1717441677.4142637,322,3.9,47.4,OCC_TO_CU
1717441677.418553,322,0.0,47.4,OCC_TO_CU
1717441677.562809,273,12.5,47.6,CU_TO_DEV
1717441677.5762215,273,33.3,47.6,CU_TO_DEV
1717441687.4243152,322,5.2,47.4,OCC_TO_CU
1717441687.424927,322,50.0,47.4,OCC_TO_CU
1717441687.5685446,273,8.9,47.6,CU_TO_DEV
1717441687.581632,273,33.3,47.6,CU_TO_DEV
1717441697.451702,322,3.8,47.3,OCC_TO_CU
1717441697.4523592,322,0.0,47.3,OCC_TO_CU
1717441697.5735068,273,18.0,47.6,CU_TO_DEV
1717441697.5859194,273,25.0,47.6,CU_TO_DEV
1717441707.4533544,322,4.1,47.5,OCC_TO_CU
1717441707.4539745,322,0.0,47.5,OCC_TO_CU
1717441707.5785017,273,17.6,47.7,CU_TO_DEV
1717441707.5921564,273,20.0,47.7,CU_TO_DEV
1717441715.2151837,154,4.3,47.5,OCC_TO_CU
1717441715.3843575,241,77.9,47.7,CU_TO_DEV
1717441715.3970618,241,50.0,47.7,CU_TO_DEV
1717441717.4674547,322,2.8,47.5,OCC_TO_CU
1717441717.4680083,322,0.0,47.5,OCC_TO_CU
1717441717.586759,273,14.6,47.7,CU_TO_DEV
1717441717.5992348,273,20.0,47.7,CU_TO_DEV
1717441727.4777782,322,3.7,47.5,OCC_TO_CU
1717441727.478605,322,0.0,47.5,OCC_TO_CU
1717441727.5925922,273,17.4,47.6,CU_TO_DEV
1717441727.6035004,273,40.0,47.7,CU_TO_DEV
1717441737.5119889,322,5.0,47.4,OCC_TO_CU
1717441737.5126154,322,0.0,47.4,OCC_TO_CU
1717441737.5998173,273,22.9,47.7,CU_TO_DEV
1717441737.6094856,273,33.3,47.7,CU_TO_DEV
1717441747.5175822,322,4.5,47.4,OCC_TO_CU
1717441747.5182054,322,0.0,47.4,OCC_TO_CU
1717441747.6049902,273,18.8,47.6,CU_TO_DEV
1717441747.6158957,273,25.0,47.6,CU_TO_DEV
1717441757.5162354,322,4.3,47.4,OCC_TO_CU
1717441757.530112,322,33.3,47.4,OCC_TO_CU
1717441757.6131024,273,97.1,47.6,CU_TO_DEV
1717441757.6241827,273,100.0,47.6,CU_TO_DEV
1717441765.146644,154,4.9,47.4,OCC_TO_CU
1717441765.2198253,241,45.2,47.5,CU_TO_DEV
1717441765.2320986,241,25.0,47.5,CU_TO_DEV
1717441767.5323389,322,3.5,47.4,OCC_TO_CU
1717441767.5330896,322,100.0,47.4,OCC_TO_CU
1717441767.621502,273,15.2,47.5,CU_TO_DEV
1717441767.6336958,273,33.3,47.5,CU_TO_DEV
1717441777.541266,322,5.3,47.4,OCC_TO_CU
1717441777.5418475,322,0.0,47.4,OCC_TO_CU
1717441777.6294513,273,20.6,47.6,CU_TO_DEV
1717441777.642415,273,33.3,47.6,CU_TO_DEV
1717441787.5690928,322,3.8,47.4,OCC_TO_CU
1717441787.5697403,322,0.0,47.4,OCC_TO_CU
1717441787.6349425,273,30.8,47.6,CU_TO_DEV
1717441787.6474206,273,20.0,47.6,CU_TO_DEV
1717441797.5841858,322,4.2,47.4,OCC_TO_CU
1717441797.5848339,322,100.0,47.4,OCC_TO_CU
1717441797.6413696,273,27.3,47.6,CU_TO_DEV
1717441797.6524873,273,50.0,47.6,CU_TO_DEV
1717441807.6010687,322,3.9,47.5,OCC_TO_CU
1717441807.6017127,322,0.0,47.5,OCC_TO_CU
1717441807.6470027,273,29.4,47.7,CU_TO_DEV
1717441807.6571794,273,60.0,47.7,CU_TO_DEV
1717441815.1744304,154,5.2,47.5,OCC_TO_CU
1717441815.2518973,241,39.3,47.6,CU_TO_DEV
1717441815.2619336,241,66.7,47.7,CU_TO_DEV
1717441817.6026223,322,3.6,47.5,OCC_TO_CU
1717441817.603221,322,0.0,47.5,OCC_TO_CU
1717441817.6535907,273,16.7,47.7,CU_TO_DEV
1717441817.6638558,273,50.0,47.7,CU_TO_DEV
1717441827.6116674,322,5.8,47.3,OCC_TO_CU
1717441827.6130404,322,0.0,47.3,OCC_TO_CU
1717441827.6610518,273,18.7,47.5,CU_TO_DEV
1717441827.6759183,273,50.0,47.5,CU_TO_DEV
1717441837.6076682,322,4.5,47.3,OCC_TO_CU
1717441837.608355,322,0.0,47.3,OCC_TO_CU
1717441837.6669292,273,28.6,47.5,CU_TO_DEV
1717441837.6826031,273,16.7,47.5,CU_TO_DEV
1717441847.6167262,322,4.0,47.3,OCC_TO_CU
1717441847.6173637,322,0.0,47.3,OCC_TO_CU
1717441847.672177,273,27.3,47.6,CU_TO_DEV
1717441847.6884377,273,50.0,47.6,CU_TO_DEV
1717441857.633571,322,4.3,47.5,OCC_TO_CU
1717441857.634681,322,0.0,47.5,OCC_TO_CU
1717441857.6774955,273,44.4,47.7,CU_TO_DEV
1717441857.6941707,273,33.3,47.7,CU_TO_DEV
1717441865.2449331,154,4.1,47.6,OCC_TO_CU
1717441865.2816794,241,38.5,47.6,CU_TO_DEV
1717441865.298404,241,37.5,47.6,CU_TO_DEV
1717441867.6520631,322,9.6,47.6,OCC_TO_CU
1717441867.652578,322,0.0,47.6,OCC_TO_CU
1717441867.6850498,273,30.8,47.7,CU_TO_DEV
1717441867.7006042,273,50.0,47.7,CU_TO_DEV
1717441877.686243,322,3.8,47.5,OCC_TO_CU
1717441877.6869893,322,0.0,47.5,OCC_TO_CU
1717441877.690628,273,0.0,47.5,CU_TO_DEV
1717441877.7062285,273,80.0,47.5,CU_TO_DEV
1717441887.6712835,322,4.7,47.5,OCC_TO_CU
1717441887.6720695,322,0.0,47.5,OCC_TO_CU
1717441887.6966164,273,45.5,47.5,CU_TO_DEV
1717441887.7120466,273,60.0,47.6,CU_TO_DEV
1717441897.6854095,322,3.8,47.5,OCC_TO_CU
1717441897.6863644,322,0.0,47.5,OCC_TO_CU
1717441897.703605,273,42.9,47.5,CU_TO_DEV
1717441897.7180252,273,40.0,47.7,CU_TO_DEV
1717441907.7040713,322,4.9,47.4,OCC_TO_CU
1717441907.704632,322,0.0,47.4,OCC_TO_CU
1717441907.7107728,273,0.0,47.4,CU_TO_DEV
1717441907.7263947,273,71.4,47.5,CU_TO_DEV
1717441915.247462,154,6.9,47.3,OCC_TO_CU
1717441915.3218217,241,42.9,47.4,CU_TO_DEV
1717441915.3319697,241,66.7,47.5,CU_TO_DEV
1717441917.7265694,322,4.3,47.3,OCC_TO_CU
1717441917.7274196,322,0.0,47.3,OCC_TO_CU
1717441917.736942,273,40.0,47.3,CU_TO_DEV
1717441917.9236917,273,12.3,47.5,CU_TO_DEV
1717441927.7573714,322,4.5,47.3,OCC_TO_CU
1717441927.758207,322,0.0,47.3,OCC_TO_CU
1717441927.930869,273,13.0,47.5,CU_TO_DEV
1717441927.9432452,273,0.0,47.5,CU_TO_DEV
1717441937.7457697,322,4.7,47.4,OCC_TO_CU
1717441937.7468452,322,0.0,47.4,OCC_TO_CU
1717441937.7480283,273,0.0,47.4,CU_TO_DEV
1717441937.9360147,273,12.0,47.6,CU_TO_DEV
1717441947.758728,322,3.6,47.4,OCC_TO_CU
1717441947.7598343,322,0.0,47.4,OCC_TO_CU
1717441947.941633,273,11.1,47.7,CU_TO_DEV
1717441947.9524255,273,20.0,47.7,CU_TO_DEV
1717441957.760038,322,4.2,47.5,OCC_TO_CU
1717441957.7606902,322,100.0,47.5,OCC_TO_CU
1717441957.9484153,273,10.8,47.7,CU_TO_DEV
1717441957.9568682,273,25.0,47.7,CU_TO_DEV
1717441965.3753018,154,5.4,47.5,OCC_TO_CU
1717441965.5559886,241,17.6,47.7,CU_TO_DEV
1717441965.5621293,241,0.0,47.7,CU_TO_DEV
1717441967.7698474,322,3.4,47.5,OCC_TO_CU
1717441967.770471,322,0.0,47.5,OCC_TO_CU
1717441967.9575143,273,10.5,47.7,CU_TO_DEV
1717441967.9637358,273,0.0,47.7,CU_TO_DEV
1717441977.7967796,322,4.0,47.5,OCC_TO_CU
1717441977.7973979,322,0.0,47.5,OCC_TO_CU
1717441977.9625125,273,10.8,47.7,CU_TO_DEV
1717441977.9699326,273,0.0,47.7,CU_TO_DEV
1717441987.8051016,322,4.3,47.4,OCC_TO_CU
1717441987.8058596,322,0.0,47.4,OCC_TO_CU
1717441987.968456,273,12.3,47.7,CU_TO_DEV
1717441987.9759066,273,33.3,47.7,CU_TO_DEV
1717441997.8278658,322,3.8,47.5,OCC_TO_CU
1717441997.828496,322,0.0,47.5,OCC_TO_CU
1717441997.9733474,273,15.5,47.7,CU_TO_DEV
1717441997.9809039,273,0.0,47.7,CU_TO_DEV
1717442007.836285,322,6.1,47.5,OCC_TO_CU
1717442007.8368373,322,50.0,47.5,OCC_TO_CU
1717442007.9827707,273,66.7,47.5,CU_TO_DEV
1717442007.994415,273,40.0,47.6,CU_TO_DEV
1717442015.3582668,154,4.4,47.4,OCC_TO_CU
1717442015.386677,241,58.3,47.4,CU_TO_DEV
1717442015.397789,241,25.0,47.4,CU_TO_DEV
1717442017.852981,322,3.9,47.3,OCC_TO_CU
1717442017.8536458,322,0.0,47.3,OCC_TO_CU
1717442017.988621,273,20.8,47.5,CU_TO_DEV
1717442017.999518,273,0.0,47.5,CU_TO_DEV
1717442027.8525698,322,4.2,47.4,OCC_TO_CU
1717442027.8532367,322,50.0,47.4,OCC_TO_CU
1717442027.9941103,273,12.7,47.6,CU_TO_DEV
1717442028.004698,273,25.0,47.6,CU_TO_DEV
1717442037.867062,322,3.8,47.4,OCC_TO_CU
1717442037.870693,322,0.0,47.4,OCC_TO_CU
1717442038.0000138,273,17.0,47.6,CU_TO_DEV
1717442038.010051,273,40.0,47.6,CU_TO_DEV
1717442047.9022331,322,4.0,47.4,OCC_TO_CU
1717442047.9028997,322,0.0,47.4,OCC_TO_CU
1717442048.00511,273,19.5,47.7,CU_TO_DEV
1717442048.016885,273,25.0,47.7,CU_TO_DEV
1717442057.900997,322,4.8,47.4,OCC_TO_CU
1717442057.90165,322,0.0,47.4,OCC_TO_CU
1717442058.0126188,273,16.3,47.6,CU_TO_DEV
1717442058.027325,273,20.0,47.6,CU_TO_DEV
1717442065.4364028,154,5.2,47.5,OCC_TO_CU
1717442065.6178787,241,33.3,47.6,CU_TO_DEV
1717442065.636374,241,44.4,47.6,CU_TO_DEV
1717442067.912076,322,3.1,47.4,OCC_TO_CU
1717442067.9125788,322,0.0,47.4,OCC_TO_CU
1717442068.0192466,273,11.9,47.6,CU_TO_DEV
1717442068.0380344,273,37.5,47.6,CU_TO_DEV
1717442077.93177,322,3.6,47.4,OCC_TO_CU
1717442077.932405,322,0.0,47.4,OCC_TO_CU
1717442078.0254257,273,21.6,47.6,CU_TO_DEV
1717442078.0432963,273,28.6,47.6,CU_TO_DEV
1717442087.94721,322,3.9,47.4,OCC_TO_CU
1717442087.9478266,322,0.0,47.4,OCC_TO_CU
1717442088.0309014,273,26.5,47.7,CU_TO_DEV
1717442088.0484369,273,16.7,47.7,CU_TO_DEV
1717442097.9736524,322,5.2,47.4,OCC_TO_CU
1717442097.974186,322,0.0,47.4,OCC_TO_CU
1717442098.0380647,273,26.9,47.7,CU_TO_DEV
1717442098.053369,273,33.3,47.7,CU_TO_DEV
1717442107.9889948,322,4.9,47.4,OCC_TO_CU
1717442107.9900587,322,0.0,47.4,OCC_TO_CU
1717442108.0440094,273,30.0,47.6,CU_TO_DEV
1717442108.059759,273,42.9,47.6,CU_TO_DEV
1717442115.4016514,154,4.6,47.5,OCC_TO_CU
1717442115.448158,241,58.8,47.5,CU_TO_DEV
1717442115.4634173,241,16.7,47.6,CU_TO_DEV
1717442117.976602,322,3.5,47.5,OCC_TO_CU
1717442117.9796724,322,0.0,47.5,OCC_TO_CU
1717442118.050356,273,12.0,47.7,CU_TO_DEV
1717442118.0650132,273,33.3,47.7,CU_TO_DEV
1717442127.994588,322,3.5,47.5,OCC_TO_CU
1717442127.9952207,322,0.0,47.5,OCC_TO_CU
1717442128.0577538,273,88.5,47.7,CU_TO_DEV
1717442128.0707548,273,100.0,47.7,CU_TO_DEV
1717442138.0045204,322,4.1,47.4,OCC_TO_CU
1717442138.0051825,322,100.0,47.4,OCC_TO_CU
1717442138.0640054,273,26.1,47.6,CU_TO_DEV
1717442138.0761142,273,40.0,47.6,CU_TO_DEV
1717442148.0159805,322,5.7,47.3,OCC_TO_CU
1717442148.0225558,322,0.0,47.3,OCC_TO_CU
1717442148.0720108,273,44.4,47.4,CU_TO_DEV
1717442148.0895097,273,55.6,47.5,CU_TO_DEV
1717442158.0286164,322,3.8,47.3,OCC_TO_CU
1717442158.0292885,322,0.0,47.3,OCC_TO_CU
1717442158.077195,273,35.0,47.5,CU_TO_DEV
1717442158.094952,273,33.3,47.5,CU_TO_DEV
1717442165.575024,154,4.4,47.4,OCC_TO_CU
1717442165.6813672,241,37.0,47.6,CU_TO_DEV
1717442165.699905,241,20.0,47.6,CU_TO_DEV
1717442168.0397723,322,3.4,47.4,OCC_TO_CU
1717442168.0404205,322,0.0,47.4,OCC_TO_CU
1717442168.0830512,273,35.3,47.6,CU_TO_DEV
1717442168.1018186,273,50.0,47.6,CU_TO_DEV
1717442178.058272,322,4.1,47.4,OCC_TO_CU
1717442178.058921,322,0.0,47.4,OCC_TO_CU
1717442178.0888445,273,50.0,47.4,CU_TO_DEV
1717442178.108579,273,50.0,47.6,CU_TO_DEV
1717442188.071318,322,4.7,47.4,OCC_TO_CU
1717442188.071938,322,0.0,47.4,OCC_TO_CU
1717442188.093908,273,28.6,47.5,CU_TO_DEV
1717442188.1178567,273,50.0,47.7,CU_TO_DEV
1717442198.0996737,322,3.9,47.4,OCC_TO_CU
1717442198.1015854,322,0.0,47.4,OCC_TO_CU
1717442198.1237724,273,42.9,47.5,CU_TO_DEV
1717442198.2995331,273,78.9,47.6,CU_TO_DEV
1717442208.0981596,322,3.5,47.4,OCC_TO_CU
1717442208.098833,322,0.0,47.4,OCC_TO_CU
1717442208.1046999,273,33.3,47.4,CU_TO_DEV
1717442208.130829,273,66.7,47.5,CU_TO_DEV
1717442216.5744715,154,4.1,47.4,OCC_TO_CU
1717442216.711879,241,22.2,47.6,CU_TO_DEV
1717442216.7378557,241,20.0,47.6,CU_TO_DEV
1717442218.1217396,322,4.3,47.6,OCC_TO_CU
1717442218.122499,322,0.0,47.6,OCC_TO_CU
1717442218.1396253,273,71.4,47.6,CU_TO_DEV
1717442218.3130841,273,18.8,47.7,CU_TO_DEV
1717442228.139155,322,4.8,47.5,OCC_TO_CU
1717442228.1397448,322,0.0,47.5,OCC_TO_CU
1717442228.1450396,273,0.0,47.5,CU_TO_DEV
1717442228.3211734,273,17.6,47.7,CU_TO_DEV
1717442238.1450152,322,4.7,47.4,OCC_TO_CU
1717442238.145786,322,0.0,47.4,OCC_TO_CU
1717442238.1513126,273,0.0,47.4,CU_TO_DEV
1717442238.3266017,273,22.1,47.6,CU_TO_DEV
1717442248.142179,322,3.9,47.4,OCC_TO_CU
1717442248.1429288,322,0.0,47.4,OCC_TO_CU
1717442248.1593282,273,50.0,47.4,CU_TO_DEV
1717442248.3331456,273,78.3,47.6,CU_TO_DEV
1717442258.1487246,322,3.5,47.4,OCC_TO_CU
1717442258.1494915,322,0.0,47.4,OCC_TO_CU
1717442258.1655767,273,50.0,47.4,CU_TO_DEV
1717442258.3385851,273,21.7,47.6,CU_TO_DEV
1717442266.6464548,154,4.3,47.4,OCC_TO_CU
1717442266.7438357,241,34.1,47.6,CU_TO_DEV
1717442266.7725124,241,20.0,47.6,CU_TO_DEV
1717442268.1684227,322,3.0,47.5,OCC_TO_CU
1717442268.1694648,322,0.0,47.5,OCC_TO_CU
1717442268.1737418,273,0.0,47.5,CU_TO_DEV
1717442268.3451805,273,25.0,47.7,CU_TO_DEV
1717442278.1685336,322,5.5,47.4,OCC_TO_CU
1717442278.16924,322,0.0,47.4,OCC_TO_CU
1717442278.1803112,273,0.0,47.5,CU_TO_DEV
1717442278.3529475,273,22.9,47.7,CU_TO_DEV
1717442288.1800702,322,3.8,47.5,OCC_TO_CU
1717442288.1809392,322,0.0,47.5,OCC_TO_CU
1717442288.1857362,273,0.0,47.5,CU_TO_DEV
1717442288.357715,273,29.0,47.7,CU_TO_DEV
1717442298.1913726,322,4.3,47.1,OCC_TO_CU
1717442298.1921484,322,0.0,47.1,OCC_TO_CU
1717442298.3679717,273,20.3,47.3,CU_TO_DEV
1717442298.391238,273,22.2,47.3,CU_TO_DEV
1717442308.2089462,322,3.3,47.1,OCC_TO_CU
1717442308.213458,322,0.0,47.1,OCC_TO_CU
1717442308.3742602,273,23.1,47.3,CU_TO_DEV
1717442308.397856,273,45.5,47.3,CU_TO_DEV
1717442317.648233,154,4.8,47.1,OCC_TO_CU
1717442317.7798865,241,25.9,47.3,CU_TO_DEV
1717442317.8029833,241,12.5,47.3,CU_TO_DEV
1717442318.2411087,322,4.6,47.3,OCC_TO_CU
1717442318.2421818,322,0.0,47.3,OCC_TO_CU
1717442318.3806787,273,9.4,47.3,CU_TO_DEV
1717442318.4040496,273,30.0,47.3,CU_TO_DEV
1717442328.239365,322,4.9,47.0,OCC_TO_CU
1717442328.24031,322,0.0,47.0,OCC_TO_CU
1717442328.3889296,273,16.7,47.3,CU_TO_DEV
1717442328.4095936,273,33.3,47.3,CU_TO_DEV
1717442338.2474344,322,4.0,47.1,OCC_TO_CU
1717442338.248543,322,0.0,47.1,OCC_TO_CU
1717442338.3942513,273,12.1,47.3,CU_TO_DEV
1717442338.4154165,273,25.0,47.3,CU_TO_DEV
1717442348.2700806,322,4.0,47.2,OCC_TO_CU
1717442348.2707694,322,0.0,47.2,OCC_TO_CU
1717442348.3993025,273,15.4,47.4,CU_TO_DEV
1717442348.420513,273,33.3,47.4,CU_TO_DEV
1717442358.2829273,322,4.4,47.2,OCC_TO_CU
1717442358.2839117,322,0.0,47.2,OCC_TO_CU
1717442358.4044611,273,16.7,47.4,CU_TO_DEV
1717442358.4290326,273,30.0,47.4,CU_TO_DEV
1717442368.0236106,154,4.3,47.2,OCC_TO_CU
1717442368.03688,241,20.0,47.2,CU_TO_DEV
1717442368.2114594,241,15.7,47.4,CU_TO_DEV
1717442368.288978,322,26.7,47.5,OCC_TO_CU
1717442368.2895856,322,0.0,47.5,OCC_TO_CU
1717442368.4123266,273,81.6,47.5,CU_TO_DEV
1717442368.43883,273,70.0,47.4,CU_TO_DEV
1717442378.3008356,322,4.9,47.1,OCC_TO_CU
1717442378.301973,322,0.0,47.1,OCC_TO_CU
1717442378.4173477,273,13.3,47.3,CU_TO_DEV
1717442378.4440024,273,27.3,47.3,CU_TO_DEV
1717442388.3142805,322,3.9,47.2,OCC_TO_CU
1717442388.3152754,322,0.0,47.2,OCC_TO_CU
1717442388.4233637,273,16.7,47.4,CU_TO_DEV
1717442388.4518468,273,58.3,47.4,CU_TO_DEV
1717442398.3267417,322,5.4,47.0,OCC_TO_CU
1717442398.3273635,322,0.0,47.0,OCC_TO_CU
1717442398.4329228,273,20.9,47.2,CU_TO_DEV
1717442398.4571774,273,30.0,47.2,CU_TO_DEV
1717442408.3416734,322,3.8,47.0,OCC_TO_CU
1717442408.3427064,322,0.0,47.0,OCC_TO_CU
1717442408.439633,273,16.2,47.2,CU_TO_DEV
1717442408.4624982,273,12.5,47.2,CU_TO_DEV
1717442417.796841,154,5.3,47.0,OCC_TO_CU
1717442417.8463185,241,26.3,47.1,CU_TO_DEV
1717442417.8671691,241,62.5,47.2,CU_TO_DEV
1717442418.3518655,322,5.6,47.3,OCC_TO_CU
1717442418.3647258,322,33.3,47.3,OCC_TO_CU
1717442418.4472005,273,22.6,47.3,CU_TO_DEV
1717442418.4681215,273,12.5,47.3,CU_TO_DEV
1717442428.364412,322,4.0,47.1,OCC_TO_CU
1717442428.3650503,322,0.0,47.1,OCC_TO_CU
1717442428.4522922,273,34.3,47.3,CU_TO_DEV
1717442428.4730856,273,25.0,47.3,CU_TO_DEV
1717442438.379505,322,3.5,47.1,OCC_TO_CU
1717442438.3801363,322,0.0,47.1,OCC_TO_CU
1717442438.4625475,273,21.9,47.3,CU_TO_DEV
1717442438.477955,273,33.3,47.3,CU_TO_DEV
1717442448.401184,322,3.9,47.2,OCC_TO_CU
1717442448.417902,322,57.1,47.2,OCC_TO_CU
1717442448.4689384,273,45.0,47.4,CU_TO_DEV
1717442448.4846056,273,50.0,47.4,CU_TO_DEV
1717442458.4120631,322,3.9,47.2,OCC_TO_CU
1717442458.4126995,322,0.0,47.2,OCC_TO_CU
1717442458.474482,273,33.3,47.5,CU_TO_DEV
1717442458.491238,273,28.6,47.5,CU_TO_DEV
1717442467.8732421,154,5.1,47.2,OCC_TO_CU
1717442467.8803587,241,0.0,47.2,CU_TO_DEV
1717442467.8963394,241,71.4,47.2,CU_TO_DEV
1717442468.4200692,322,5.3,47.4,OCC_TO_CU
1717442468.420704,322,0.0,47.4,OCC_TO_CU
1717442468.4816067,273,25.0,47.4,CU_TO_DEV
1717442468.4973574,273,28.6,47.4,CU_TO_DEV
1717442478.4366915,322,4.5,47.1,OCC_TO_CU
1717442478.437222,322,0.0,47.1,OCC_TO_CU
1717442478.4881644,273,25.0,47.3,CU_TO_DEV
1717442478.5027897,273,50.0,47.4,CU_TO_DEV
1717442488.4456809,322,4.8,47.1,OCC_TO_CU
1717442488.4494066,322,0.0,47.1,OCC_TO_CU
1717442488.496056,273,89.5,47.3,CU_TO_DEV
1717442488.5090456,273,100.0,47.3,CU_TO_DEV
1717442498.484932,322,4.1,47.0,OCC_TO_CU
1717442498.485547,322,0.0,47.0,OCC_TO_CU
1717442498.501514,273,66.7,47.0,CU_TO_DEV
1717442498.515243,273,40.0,47.1,CU_TO_DEV
1717442508.4831588,322,5.1,47.0,OCC_TO_CU
1717442508.4839358,322,0.0,47.0,OCC_TO_CU
1717442508.509053,273,33.3,47.0,CU_TO_DEV
1717442508.52624,273,50.0,47.2,CU_TO_DEV
1717442517.9483953,154,4.1,47.1,OCC_TO_CU
1717442518.117027,241,12.1,47.2,CU_TO_DEV
1717442518.131796,241,33.3,47.3,CU_TO_DEV
1717442518.4882536,322,6.4,47.3,OCC_TO_CU
1717442518.4888778,322,50.0,47.3,OCC_TO_CU
1717442518.5183694,273,36.4,47.3,CU_TO_DEV
1717442518.5326977,273,57.1,47.3,CU_TO_DEV
1717442528.5111227,322,4.0,47.1,OCC_TO_CU
1717442528.5118828,322,0.0,47.1,OCC_TO_CU
1717442528.52494,273,50.0,47.1,CU_TO_DEV
1717442528.53849,273,50.0,47.1,CU_TO_DEV
1717442538.5168734,322,4.2,47.1,OCC_TO_CU
1717442538.518877,322,0.0,47.1,OCC_TO_CU
1717442538.5329733,273,66.7,47.2,CU_TO_DEV
1717442538.5460882,273,40.0,47.2,CU_TO_DEV
1717442548.5305994,322,4.2,47.2,OCC_TO_CU
1717442548.5313492,322,0.0,47.2,OCC_TO_CU
1717442548.5408828,273,40.0,47.2,CU_TO_DEV
1717442548.5537314,273,80.0,47.2,CU_TO_DEV
1717442558.562236,322,5.8,47.1,OCC_TO_CU
1717442558.5633276,322,0.0,47.1,OCC_TO_CU
1717442558.7486446,273,13.3,47.3,CU_TO_DEV
1717442558.7600138,273,50.0,47.3,CU_TO_DEV
1717442568.0212812,154,3.9,47.1,OCC_TO_CU
1717442568.1536503,241,13.5,47.3,CU_TO_DEV
1717442568.16798,241,33.3,47.3,CU_TO_DEV
1717442568.5516596,322,7.2,47.4,OCC_TO_CU
1717442568.5543334,273,0.0,47.4,CU_TO_DEV
1717442568.5549545,322,0.0,47.4,OCC_TO_CU
1717442568.569059,273,66.7,47.4,CU_TO_DEV
1717442568.7549734,273,13.5,47.3,CU_TO_DEV
1717442578.5645375,322,3.7,47.1,OCC_TO_CU
1717442578.5651937,322,100.0,47.1,OCC_TO_CU
1717442578.575363,273,0.0,47.1,CU_TO_DEV
1717442578.7606354,273,19.7,47.3,CU_TO_DEV
1717442588.583829,322,4.8,47.1,OCC_TO_CU
1717442588.589189,273,0.0,47.1,CU_TO_DEV
1717442588.5919385,322,0.0,47.1,OCC_TO_CU
1717442588.7680917,273,19.1,47.3,CU_TO_DEV
1717442588.7899137,273,44.4,47.3,CU_TO_DEV
1717442598.5943255,322,5.3,47.1,OCC_TO_CU
1717442598.5949705,322,0.0,47.1,OCC_TO_CU
1717442598.5953126,273,0.0,47.1,CU_TO_DEV
1717442598.7744107,273,12.7,47.3,CU_TO_DEV
1717442608.604964,322,4.1,47.1,OCC_TO_CU
1717442608.6231458,322,57.1,47.1,OCC_TO_CU
1717442608.78368,273,78.8,47.3,CU_TO_DEV
1717442608.8004909,273,40.0,47.3,CU_TO_DEV
1717442618.0965314,154,4.3,47.1,OCC_TO_CU
1717442618.188982,241,21.6,47.3,CU_TO_DEV
1717442618.2061577,241,28.6,47.3,CU_TO_DEV
1717442618.624139,322,6.7,47.3,OCC_TO_CU
1717442618.6249359,322,100.0,47.3,OCC_TO_CU
1717442618.7898145,273,9.2,47.3,CU_TO_DEV
1717442618.8072617,273,50.0,47.3,CU_TO_DEV
1717442628.6343532,322,4.3,47.2,OCC_TO_CU
1717442628.6349673,322,0.0,47.2,OCC_TO_CU
1717442628.796466,273,13.8,47.4,CU_TO_DEV
1717442628.812784,273,42.9,47.4,CU_TO_DEV
1717442638.6461482,322,4.7,47.1,OCC_TO_CU
1717442638.6466508,322,0.0,47.1,OCC_TO_CU
1717442638.8022661,273,12.7,47.3,CU_TO_DEV
1717442638.8184407,273,50.0,47.3,CU_TO_DEV
1717442648.66985,322,5.3,47.0,OCC_TO_CU
1717442648.6705918,322,0.0,47.0,OCC_TO_CU
1717442648.8092601,273,14.8,47.3,CU_TO_DEV
1717442648.822945,273,50.0,47.3,CU_TO_DEV
1717442658.6782339,322,4.3,47.1,OCC_TO_CU
1717442658.6789098,322,0.0,47.1,OCC_TO_CU
1717442658.8158166,273,16.7,47.3,CU_TO_DEV
1717442658.8289938,273,66.7,47.3,CU_TO_DEV
1717442667.9696496,154,4.4,47.1,OCC_TO_CU
1717442668.0223563,241,38.1,47.3,CU_TO_DEV
1717442668.035691,241,40.0,47.3,CU_TO_DEV
1717442668.6920407,322,3.5,47.4,OCC_TO_CU
1717442668.697449,322,0.0,47.4,OCC_TO_CU
1717442668.8235126,273,22.9,47.4,CU_TO_DEV
1717442668.8373356,273,40.0,47.4,CU_TO_DEV
1717442678.7092586,322,4.1,47.2,OCC_TO_CU
1717442678.7098873,322,0.0,47.2,OCC_TO_CU
1717442678.829832,273,91.7,47.5,CU_TO_DEV
1717442678.845234,273,85.7,47.5,CU_TO_DEV
1717442688.7140284,322,5.3,47.1,OCC_TO_CU
1717442688.7145562,322,0.0,47.1,OCC_TO_CU
1717442688.8412073,273,15.7,47.3,CU_TO_DEV
1717442688.8580499,273,42.9,47.3,CU_TO_DEV
1717442698.7329366,322,4.3,47.0,OCC_TO_CU
1717442698.7335613,322,0.0,47.0,OCC_TO_CU
1717442698.8472683,273,15.9,47.3,CU_TO_DEV
1717442698.863964,273,16.7,47.3,CU_TO_DEV
1717442708.741802,322,4.2,47.2,OCC_TO_CU
1717442708.7424133,322,0.0,47.2,OCC_TO_CU
1717442708.8532073,273,19.0,47.4,CU_TO_DEV
1717442708.868996,273,66.7,47.4,CU_TO_DEV
1717442718.1454442,154,4.2,47.3,OCC_TO_CU
1717442718.2599366,241,22.7,47.5,CU_TO_DEV
1717442718.2743564,241,42.9,47.5,CU_TO_DEV
1717442718.7584722,322,2.1,47.5,OCC_TO_CU
1717442718.7590973,322,0.0,47.5,OCC_TO_CU
1717442718.8624108,273,24.4,47.5,CU_TO_DEV
1717442718.8760104,273,100.0,47.5,CU_TO_DEV
1717442728.7742271,322,4.9,47.3,OCC_TO_CU
1717442728.7748594,322,0.0,47.3,OCC_TO_CU
1717442728.8692656,273,92.1,47.5,CU_TO_DEV
1717442728.8858707,273,100.0,47.4,CU_TO_DEV
1717442738.795367,322,5.1,47.2,OCC_TO_CU
1717442738.7959886,322,0.0,47.2,OCC_TO_CU
1717442738.8826463,273,36.4,47.4,CU_TO_DEV
1717442738.8978662,273,40.0,47.4,CU_TO_DEV
1717442748.8076816,322,3.6,47.2,OCC_TO_CU
1717442748.808317,322,0.0,47.2,OCC_TO_CU
1717442748.8890715,273,42.9,47.4,CU_TO_DEV
1717442748.9049637,273,57.1,47.4,CU_TO_DEV
1717442758.801524,322,3.8,47.3,OCC_TO_CU
1717442758.8116348,322,33.3,47.3,OCC_TO_CU
1717442758.8959591,273,48.5,47.5,CU_TO_DEV
1717442758.9122863,273,50.0,47.5,CU_TO_DEV
1717442768.8258328,322,4.0,47.3,OCC_TO_CU
1717442768.8264525,322,0.0,47.3,OCC_TO_CU
1717442768.8269234,154,0.0,47.3,OCC_TO_CU
1717442768.903054,241,36.7,47.5,CU_TO_DEV
1717442768.9187746,241,66.7,47.5,CU_TO_DEV
1717442778.8349895,322,6.1,47.6,OCC_TO_CU
1717442778.8360388,322,0.0,47.6,OCC_TO_CU
1717442778.916388,273,90.3,47.8,CU_TO_DEV
1717442778.9265478,273,100.0,47.8,CU_TO_DEV
1717442788.8453388,322,4.6,47.4,OCC_TO_CU
1717442788.8459964,322,0.0,47.4,OCC_TO_CU
1717442788.9267926,273,37.9,47.6,CU_TO_DEV
1717442788.9335608,273,66.7,47.6,CU_TO_DEV
1717442798.8984282,322,4.0,47.4,OCC_TO_CU
1717442798.8992033,322,0.0,47.4,OCC_TO_CU
1717442798.9329152,273,71.4,47.5,CU_TO_DEV
1717442798.9392502,273,66.7,47.5,CU_TO_DEV
1717442808.882395,322,5.0,47.3,OCC_TO_CU
1717442808.8830075,322,0.0,47.3,OCC_TO_CU
1717442808.9438715,273,39.1,47.6,CU_TO_DEV
1717442808.9484591,273,100.0,47.6,CU_TO_DEV
1717442818.9113483,322,4.0,47.4,OCC_TO_CU
1717442818.9124267,322,0.0,47.4,OCC_TO_CU
1717442818.9210298,154,66.7,47.4,OCC_TO_CU
1717442818.9513803,241,81.8,47.5,CU_TO_DEV
1717442818.9556139,241,100.0,47.5,CU_TO_DEV
1717442828.8992019,322,5.6,47.4,OCC_TO_CU
1717442828.900041,322,0.0,47.4,OCC_TO_CU
1717442828.9610147,273,44.0,47.6,CU_TO_DEV
1717442828.960833,273,45.8,47.6,CU_TO_DEV
1717442838.8996427,322,3.8,47.4,OCC_TO_CU
1717442838.9004848,322,0.0,47.4,OCC_TO_CU
1717442838.9662793,273,44.0,47.6,CU_TO_DEV
1717442838.9659984,273,44.0,47.6,CU_TO_DEV
1717442848.9154148,322,3.8,47.5,OCC_TO_CU
1717442848.9164789,322,0.0,47.5,OCC_TO_CU
1717442848.9714084,273,62.5,47.7,CU_TO_DEV
1717442848.9721298,273,0.0,47.7,CU_TO_DEV
1717442858.9448977,322,4.4,47.5,OCC_TO_CU
1717442858.9456456,322,0.0,47.5,OCC_TO_CU
1717442858.9771826,273,61.5,47.6,CU_TO_DEV
1717442858.9780295,273,0.0,47.6,CU_TO_DEV
1717442868.9522645,322,6.0,47.4,OCC_TO_CU
1717442868.9533412,322,100.0,47.4,OCC_TO_CU
1717442868.9623225,154,33.3,47.4,OCC_TO_CU
1717442868.9826772,241,50.0,47.5,CU_TO_DEV
1717442868.98435,241,0.0,47.5,CU_TO_DEV
1717442878.9471214,322,3.7,47.5,OCC_TO_CU
1717442878.947744,322,0.0,47.5,OCC_TO_CU
1717442878.9885814,273,42.1,47.6,CU_TO_DEV
1717442878.9903927,273,0.0,47.6,CU_TO_DEV
1717442888.958169,322,5.5,47.3,OCC_TO_CU
1717442888.9588795,322,0.0,47.3,OCC_TO_CU
1717442888.9952476,273,43.7,47.6,CU_TO_DEV
1717442888.9958813,273,0.0,47.6,CU_TO_DEV
1717442898.994552,322,4.0,47.3,OCC_TO_CU
1717442898.995274,322,0.0,47.3,OCC_TO_CU
1717442899.0013223,273,33.3,47.3,CU_TO_DEV
1717442899.0019486,273,0.0,47.3,CU_TO_DEV
1717442909.0109217,322,4.1,47.3,OCC_TO_CU
1717442909.0287833,322,50.0,47.4,OCC_TO_CU
1717442909.2071083,273,31.0,47.6,CU_TO_DEV
1717442909.2076576,273,0.0,47.6,CU_TO_DEV
1717442919.0089507,322,4.4,47.3,OCC_TO_CU
1717442919.0130064,273,0.0,47.3,CU_TO_DEV
1717442919.0145087,273,0.0,47.3,CU_TO_DEV
1717442919.0144062,322,0.0,47.3,OCC_TO_CU
1717442919.0158255,154,0.0,47.3,OCC_TO_CU
1717442919.2135606,241,33.7,47.6,CU_TO_DEV
1717442919.2153592,241,0.0,47.6,CU_TO_DEV
1717442929.0108445,322,3.8,47.4,OCC_TO_CU
1717442929.0129018,322,50.0,47.4,OCC_TO_CU
1717442929.0184894,273,0.0,47.4,CU_TO_DEV
1717442929.0199132,273,0.0,47.4,CU_TO_DEV
1717442939.0437841,322,3.9,47.4,OCC_TO_CU
1717442939.0446265,322,0.0,47.4,OCC_TO_CU
1717442939.2239518,273,25.4,47.6,CU_TO_DEV
1717442939.2254965,273,0.0,47.6,CU_TO_DEV
1717442949.0765162,322,3.8,47.5,OCC_TO_CU
1717442949.0772943,322,0.0,47.5,OCC_TO_CU
1717442949.2287443,273,34.4,47.7,CU_TO_DEV
1717442949.2300336,273,0.0,47.7,CU_TO_DEV
1717442959.0795107,322,3.8,47.6,OCC_TO_CU
1717442959.080359,322,0.0,47.6,OCC_TO_CU
1717442959.2336128,273,35.5,47.7,CU_TO_DEV
1717442959.2341754,273,0.0,47.7,CU_TO_DEV
1717442969.09794,322,4.9,47.5,OCC_TO_CU
1717442969.099037,322,0.0,47.5,OCC_TO_CU
1717442969.1260514,154,75.0,47.5,OCC_TO_CU
1717442969.2408135,241,95.7,47.7,CU_TO_DEV
1717442969.2410917,241,95.7,47.7,CU_TO_DEV
1717442979.088331,322,4.3,47.4,OCC_TO_CU
1717442979.0890272,322,100.0,47.4,OCC_TO_CU
1717442979.2461553,273,31.7,47.7,CU_TO_DEV
1717442979.2462835,273,31.7,47.7,CU_TO_DEV
1717442989.1017504,322,4.0,47.5,OCC_TO_CU
1717442989.1027684,322,0.0,47.5,OCC_TO_CU
1717442989.2515104,273,33.3,47.7,CU_TO_DEV
1717442989.2522361,273,0.0,47.7,CU_TO_DEV
1717442999.120963,322,3.7,47.5,OCC_TO_CU
1717442999.1250038,322,0.0,47.5,OCC_TO_CU
1717442999.2576194,273,96.3,47.7,CU_TO_DEV
1717442999.2584808,273,0.0,47.7,CU_TO_DEV
1717443009.1938655,322,6.3,47.4,OCC_TO_CU
1717443009.1970372,322,100.0,47.4,OCC_TO_CU
1717443009.2653098,273,36.0,47.4,CU_TO_DEV
1717443009.2653818,273,36.0,47.4,CU_TO_DEV
1717443019.1367486,322,4.0,47.4,OCC_TO_CU
1717443019.137517,322,0.0,47.4,OCC_TO_CU
1717443019.2703657,273,36.5,47.6,CU_TO_DEV
1717443019.2704358,273,36.5,47.6,CU_TO_DEV
1717443020.2450278,154,8.5,47.5,OCC_TO_CU
1717443020.2715757,241,54.5,47.6,CU_TO_DEV
1717443020.2721863,241,0.0,47.6,CU_TO_DEV
1717443029.1409085,322,3.9,47.4,OCC_TO_CU
1717443029.1415646,322,0.0,47.4,OCC_TO_CU
1717443029.2763238,273,37.3,47.6,CU_TO_DEV
1717443029.27697,273,0.0,47.6,CU_TO_DEV
1717443039.1749816,322,3.8,47.4,OCC_TO_CU
1717443039.1755006,322,0.0,47.4,OCC_TO_CU
1717443039.2817092,273,42.9,47.7,CU_TO_DEV
1717443039.282429,273,0.0,47.7,CU_TO_DEV
1717443049.1903057,322,4.0,47.5,OCC_TO_CU
1717443049.190821,322,0.0,47.5,OCC_TO_CU
1717443049.2872674,273,47.2,47.7,CU_TO_DEV
1717443049.2880259,273,0.0,47.7,CU_TO_DEV
1717443059.18524,322,6.3,47.4,OCC_TO_CU
1717443059.1888664,322,66.7,47.4,OCC_TO_CU
1717443059.2990253,273,40.5,47.6,CU_TO_DEV
1717443059.299195,273,40.5,47.6,CU_TO_DEV
1717443069.2080314,322,4.2,47.4,OCC_TO_CU
1717443069.2092295,322,100.0,47.4,OCC_TO_CU
1717443069.3042731,273,38.9,47.6,CU_TO_DEV
1717443069.3050473,273,100.0,47.6,CU_TO_DEV
1717443070.3069715,154,6.0,47.6,OCC_TO_CU
1717443070.5060573,241,22.5,47.7,CU_TO_DEV
1717443070.5064027,241,0.0,47.7,CU_TO_DEV
1717443079.2124505,322,3.8,47.5,OCC_TO_CU
1717443079.2140143,322,100.0,47.5,OCC_TO_CU
1717443079.3103518,273,44.4,47.7,CU_TO_DEV
1717443079.3101652,273,44.4,47.7,CU_TO_DEV
1717443089.2357473,322,4.3,47.5,OCC_TO_CU
1717443089.237001,322,100.0,47.5,OCC_TO_CU
1717443089.3153741,273,48.4,47.7,CU_TO_DEV
1717443089.3155124,273,48.4,47.7,CU_TO_DEV
1717443099.250681,322,3.9,47.6,OCC_TO_CU
1717443099.2514727,322,0.0,47.6,OCC_TO_CU
1717443099.3205225,273,50.0,47.8,CU_TO_DEV
1717443099.3204215,273,53.3,47.8,CU_TO_DEV
1717443109.2534218,322,6.7,47.4,OCC_TO_CU
1717443109.2587957,322,0.0,47.4,OCC_TO_CU
1717443109.3283248,273,58.6,47.5,CU_TO_DEV
1717443109.3301558,273,0.0,47.5,CU_TO_DEV
1717443119.261061,322,4.1,47.5,OCC_TO_CU
1717443119.2742531,322,40.0,47.5,OCC_TO_CU
1717443119.3368042,273,100.0,47.5,CU_TO_DEV
1717443119.3334332,273,100.0,47.5,CU_TO_DEV
1717443120.3852735,154,14.6,47.7,OCC_TO_CU
1717443120.539363,241,8.5,47.7,CU_TO_DEV
1717443120.539767,241,0.0,47.7,CU_TO_DEV
1717443129.2853384,322,3.8,47.5,OCC_TO_CU
1717443129.2864697,322,0.0,47.5,OCC_TO_CU
1717443129.3440058,273,50.0,47.6,CU_TO_DEV
1717443129.3444386,273,0.0,47.6,CU_TO_DEV
1717443139.2866344,322,4.8,47.4,OCC_TO_CU
1717443139.2898302,322,100.0,47.4,OCC_TO_CU
1717443139.3505511,273,37.5,47.4,CU_TO_DEV
1717443139.3503976,273,37.5,47.4,CU_TO_DEV
1717443149.2948704,322,5.6,47.3,OCC_TO_CU
1717443149.2980597,322,100.0,47.3,OCC_TO_CU
1717443149.3561864,273,36.4,47.4,CU_TO_DEV
1717443149.3562446,273,36.4,47.4,CU_TO_DEV
1717443159.3186688,322,4.2,47.4,OCC_TO_CU
1717443159.3195684,322,0.0,47.4,OCC_TO_CU
1717443159.3619204,273,35.3,47.5,CU_TO_DEV
1717443159.3618088,273,35.3,47.5,CU_TO_DEV
1717443169.3410046,322,4.3,47.4,OCC_TO_CU
1717443169.3663445,322,55.6,47.5,OCC_TO_CU
1717443169.367858,273,0.0,47.5,CU_TO_DEV
1717443169.3677716,273,0.0,47.5,CU_TO_DEV
1717443170.4555058,154,8.5,47.6,OCC_TO_CU
1717443170.5714455,241,17.0,47.8,CU_TO_DEV
1717443170.5713649,241,17.0,47.8,CU_TO_DEV
1717443179.3310084,322,4.2,47.5,OCC_TO_CU
1717443179.3322845,322,0.0,47.5,OCC_TO_CU
1717443179.3774474,273,38.9,47.6,CU_TO_DEV
1717443179.3775296,273,38.9,47.6,CU_TO_DEV
1717443189.3674257,322,4.5,47.5,OCC_TO_CU
1717443189.3686752,322,50.0,47.5,OCC_TO_CU
1717443189.3835354,273,60.0,47.5,CU_TO_DEV
1717443189.384323,273,0.0,47.5,CU_TO_DEV
1717443199.3772485,322,5.3,47.5,OCC_TO_CU
1717443199.3922317,273,50.0,47.5,CU_TO_DEV
1717443199.391951,273,50.0,47.5,CU_TO_DEV
1717443199.4001887,322,100.0,47.5,OCC_TO_CU
1717443199.5940595,273,81.0,47.7,CU_TO_DEV
1717443199.5939338,273,81.0,47.7,CU_TO_DEV
1717443209.3838973,322,3.8,47.4,OCC_TO_CU
1717443209.384945,322,100.0,47.4,OCC_TO_CU
1717443209.3998446,273,33.3,47.4,CU_TO_DEV
1717443209.399767,273,33.3,47.4,CU_TO_DEV
1717443219.3941734,322,5.1,47.4,OCC_TO_CU
1717443219.40071,322,33.3,47.4,OCC_TO_CU
1717443219.4102073,273,75.0,47.4,CU_TO_DEV
1717443219.4108016,273,0.0,47.4,CU_TO_DEV
1717443220.2221446,154,4.0,47.6,OCC_TO_CU
1717443220.4131145,241,20.0,47.6,CU_TO_DEV
1717443220.4129753,241,20.0,47.6,CU_TO_DEV
1717443229.4035668,322,4.0,47.4,OCC_TO_CU
1717443229.4045413,322,0.0,47.4,OCC_TO_CU
1717443229.418067,273,40.0,47.4,CU_TO_DEV
1717443229.4187849,273,0.0,47.4,CU_TO_DEV
1717443239.412911,322,5.8,47.4,OCC_TO_CU
1717443239.4138305,322,0.0,47.4,OCC_TO_CU
1717443239.4247758,273,40.0,47.4,CU_TO_DEV
1717443239.4252968,273,0.0,47.4,CU_TO_DEV
1717443249.4266691,322,4.9,47.4,OCC_TO_CU
1717443249.4300616,273,0.0,47.4,CU_TO_DEV
1717443249.4301462,273,0.0,47.4,CU_TO_DEV
1717443249.448327,322,66.7,47.4,OCC_TO_CU
1717443249.6308947,273,18.9,47.5,CU_TO_DEV
1717443249.6314504,273,0.0,47.5,CU_TO_DEV
1717443259.433419,322,3.8,47.4,OCC_TO_CU
1717443259.4342718,322,0.0,47.4,OCC_TO_CU
1717443259.4359622,273,0.0,47.4,CU_TO_DEV
1717443259.436194,273,0.0,47.4,CU_TO_DEV
1717443269.4436288,322,4.0,47.4,OCC_TO_CU
1717443269.4441435,322,0.0,47.4,OCC_TO_CU
1717443269.6412585,273,7.8,47.7,CU_TO_DEV
1717443269.6413262,273,7.8,47.7,CU_TO_DEV
1717443270.3209424,154,1.1,47.7,OCC_TO_CU
1717443270.4424596,241,33.3,47.7,CU_TO_DEV
1717443270.442395,241,33.3,47.7,CU_TO_DEV
1717443279.4791176,322,3.9,47.5,OCC_TO_CU
1717443279.480171,322,0.0,47.5,OCC_TO_CU
1717443279.6475582,273,11.9,47.7,CU_TO_DEV
1717443279.6478987,273,0.0,47.7,CU_TO_DEV
1717443289.4716446,322,5.0,47.4,OCC_TO_CU
1717443289.4735742,322,0.0,47.4,OCC_TO_CU
1717443289.6542385,273,8.6,47.6,CU_TO_DEV
1717443289.6546874,273,0.0,47.6,CU_TO_DEV
1717443299.480846,322,5.0,47.4,OCC_TO_CU
1717443299.4815779,322,0.0,47.4,OCC_TO_CU
1717443299.6603763,273,9.9,47.6,CU_TO_DEV
1717443299.6608148,273,0.0,47.6,CU_TO_DEV
1717443309.5010982,322,5.0,47.4,OCC_TO_CU
1717443309.5018766,322,0.0,47.4,OCC_TO_CU
1717443309.6659782,273,9.5,47.6,CU_TO_DEV
1717443309.6664605,273,0.0,47.6,CU_TO_DEV
1717443319.510586,322,4.2,47.4,OCC_TO_CU
1717443319.5111883,322,0.0,47.4,OCC_TO_CU
1717443319.6726346,273,10.8,47.6,CU_TO_DEV
1717443319.673133,273,0.0,47.6,CU_TO_DEV
1717443320.3747497,154,1.8,47.6,OCC_TO_CU
1717443320.4736404,241,43.9,47.6,CU_TO_DEV
1717443320.473873,241,43.9,47.6,CU_TO_DEV
1717443329.520833,322,5.7,47.4,OCC_TO_CU
1717443329.5219295,322,0.0,47.4,OCC_TO_CU
1717443329.6807585,273,49.2,47.6,CU_TO_DEV
1717443329.680612,273,49.2,47.6,CU_TO_DEV
1717443339.526933,322,3.9,47.4,OCC_TO_CU
1717443339.540498,322,25.0,47.4,OCC_TO_CU
1717443339.6857302,273,23.7,47.7,CU_TO_DEV
1717443339.686447,273,0.0,47.7,CU_TO_DEV
1717443349.5444598,322,4.1,47.5,OCC_TO_CU
1717443349.546068,322,50.0,47.5,OCC_TO_CU
1717443349.6913345,273,12.3,47.7,CU_TO_DEV
1717443349.6918116,273,0.0,47.7,CU_TO_DEV
1717443359.5428627,322,4.0,47.5,OCC_TO_CU
1717443359.5437036,322,0.0,47.5,OCC_TO_CU
1717443359.6965268,273,13.1,47.7,CU_TO_DEV
1717443359.6968632,273,100.0,47.7,CU_TO_DEV
1717443369.549438,322,4.4,47.5,OCC_TO_CU
1717443369.5506406,322,0.0,47.5,OCC_TO_CU
1717443369.704273,273,12.1,47.7,CU_TO_DEV
1717443369.7043374,273,12.1,47.7,CU_TO_DEV
1717443370.3417313,154,2.4,47.7,OCC_TO_CU
1717443370.5055811,241,22.2,47.7,CU_TO_DEV
1717443370.5054636,241,22.2,47.7,CU_TO_DEV
1717443379.565702,322,5.6,47.5,OCC_TO_CU
1717443379.6043687,322,31.2,47.7,OCC_TO_CU
1717443379.7112346,273,14.6,47.7,CU_TO_DEV
1717443379.713639,273,0.0,47.7,CU_TO_DEV
1717443389.570597,322,5.2,47.4,OCC_TO_CU
1717443389.5713472,322,0.0,47.4,OCC_TO_CU
1717443389.7212026,273,11.9,47.6,CU_TO_DEV
1717443389.7212827,273,11.9,47.6,CU_TO_DEV
1717443399.5960112,322,4.4,47.4,OCC_TO_CU
1717443399.5970576,322,0.0,47.4,OCC_TO_CU
1717443399.7276442,273,90.4,47.6,CU_TO_DEV
1717443399.7288108,273,100.0,47.6,CU_TO_DEV
1717443409.6038487,322,3.9,47.4,OCC_TO_CU
1717443409.6044462,322,0.0,47.4,OCC_TO_CU
1717443409.7330415,273,15.7,47.6,CU_TO_DEV
1717443409.740257,273,0.0,47.6,CU_TO_DEV
1717443419.6127195,322,3.8,47.4,OCC_TO_CU
1717443419.613328,322,0.0,47.4,OCC_TO_CU
1717443419.738054,273,14.6,47.6,CU_TO_DEV
1717443419.7464066,273,25.0,47.6,CU_TO_DEV
1717443420.5233295,154,6.7,47.6,OCC_TO_CU
1717443420.5393517,241,50.0,47.6,CU_TO_DEV
1717443420.5480304,241,66.7,47.6,CU_TO_DEV
1717443429.619201,322,5.5,47.4,OCC_TO_CU
1717443429.619821,322,0.0,47.4,OCC_TO_CU
1717443429.749238,273,17.3,47.6,CU_TO_DEV
1717443429.7550724,273,0.0,47.6,CU_TO_DEV
1717443439.6250098,322,3.8,47.5,OCC_TO_CU
1717443439.6256196,322,0.0,47.5,OCC_TO_CU
1717443439.755758,273,10.2,47.7,CU_TO_DEV
1717443439.7595289,273,0.0,47.7,CU_TO_DEV
1717443449.6582227,322,3.9,47.4,OCC_TO_CU
1717443449.6589713,322,0.0,47.4,OCC_TO_CU
1717443449.761125,273,20.0,47.7,CU_TO_DEV
1717443449.7648416,273,0.0,47.7,CU_TO_DEV
1717443459.654711,322,4.1,47.5,OCC_TO_CU
1717443459.6553206,322,0.0,47.5,OCC_TO_CU
1717443459.7667108,273,20.0,47.7,CU_TO_DEV
1717443459.768759,273,0.0,47.7,CU_TO_DEV
1717443469.6860228,322,6.2,47.4,OCC_TO_CU
1717443469.686707,322,0.0,47.4,OCC_TO_CU
1717443469.7736368,273,20.0,47.6,CU_TO_DEV
1717443469.7753832,273,0.0,47.6,CU_TO_DEV
1717443470.5982544,154,4.3,47.6,OCC_TO_CU
1717443470.7746549,241,14.5,47.6,CU_TO_DEV
1717443470.7763016,241,0.0,47.6,CU_TO_DEV
1717443479.6725078,322,4.1,47.5,OCC_TO_CU
1717443479.6731548,322,100.0,47.5,OCC_TO_CU
1717443479.780776,273,20.5,47.7,CU_TO_DEV
1717443479.7808697,273,20.5,47.7,CU_TO_DEV
1717443489.7087939,322,4.6,47.4,OCC_TO_CU
1717443489.7368078,322,41.7,47.4,OCC_TO_CU
1717443489.785946,273,42.1,47.6,CU_TO_DEV
1717443489.7857878,273,42.1,47.6,CU_TO_DEV
1717443499.7059317,322,4.1,47.4,OCC_TO_CU
1717443499.7066596,322,0.0,47.4,OCC_TO_CU
1717443499.7924943,273,88.2,47.7,CU_TO_DEV
1717443499.7969406,273,100.0,47.7,CU_TO_DEV
1717443509.713971,322,4.2,47.4,OCC_TO_CU
1717443509.7146988,322,0.0,47.4,OCC_TO_CU
1717443509.797486,273,21.2,47.6,CU_TO_DEV
1717443509.8019679,273,0.0,47.6,CU_TO_DEV
1717443519.750502,322,5.0,47.3,OCC_TO_CU
1717443519.7511835,322,0.0,47.3,OCC_TO_CU
1717443519.803175,273,36.4,47.6,CU_TO_DEV
1717443519.8081965,273,0.0,47.6,CU_TO_DEV
1717443520.673294,154,5.0,47.6,OCC_TO_CU
1717443520.8045635,241,25.0,47.6,CU_TO_DEV
1717443520.8097482,241,50.0,47.6,CU_TO_DEV
1717443529.736535,322,4.3,47.4,OCC_TO_CU
1717443529.7371976,322,50.0,47.4,OCC_TO_CU
1717443529.8096974,273,31.0,47.6,CU_TO_DEV
1717443529.8138044,273,0.0,47.6,CU_TO_DEV
1717443539.750218,322,4.2,47.5,OCC_TO_CU
1717443539.7508543,322,0.0,47.5,OCC_TO_CU
1717443539.8151464,273,38.5,47.7,CU_TO_DEV
1717443539.8177798,273,0.0,47.7,CU_TO_DEV
1717443549.7706618,322,4.8,47.4,OCC_TO_CU
1717443549.7719033,322,0.0,47.4,OCC_TO_CU
1717443549.8212264,273,26.3,47.6,CU_TO_DEV
1717443549.8240466,273,0.0,47.6,CU_TO_DEV
1717443559.7790875,322,4.0,47.5,OCC_TO_CU
1717443559.779764,322,0.0,47.5,OCC_TO_CU
1717443559.8272386,273,33.3,47.7,CU_TO_DEV
1717443559.828165,273,0.0,47.7,CU_TO_DEV
1717443569.7801068,322,5.0,47.4,OCC_TO_CU
1717443569.7807784,322,100.0,47.4,OCC_TO_CU
1717443569.8327987,273,30.0,47.6,CU_TO_DEV
1717443569.8342652,273,0.0,47.6,CU_TO_DEV
1717443570.7497334,154,4.9,47.6,OCC_TO_CU
1717443570.8348217,241,45.2,47.7,CU_TO_DEV
1717443570.8358622,241,0.0,47.7,CU_TO_DEV
1717443579.7917435,322,3.9,47.5,OCC_TO_CU
1717443579.7924016,322,0.0,47.5,OCC_TO_CU
1717443579.840801,273,35.0,47.7,CU_TO_DEV
1717443579.8408635,273,35.0,47.7,CU_TO_DEV
1717443589.8000507,322,3.8,47.5,OCC_TO_CU
1717443589.8007202,322,100.0,47.5,OCC_TO_CU
1717443589.8466883,273,35.3,47.7,CU_TO_DEV
1717443589.847333,273,0.0,47.7,CU_TO_DEV
1717443599.810538,322,4.3,47.6,OCC_TO_CU
1717443599.8190763,322,33.3,47.6,OCC_TO_CU
1717443599.8528516,273,64.3,47.7,CU_TO_DEV
1717443599.8545747,273,0.0,47.8,CU_TO_DEV
1717443609.8316693,322,6.1,47.4,OCC_TO_CU
1717443609.832278,322,0.0,47.4,OCC_TO_CU
1717443609.8627295,273,27.3,47.6,CU_TO_DEV
1717443609.8629863,273,27.3,47.6,CU_TO_DEV
1717443619.8421733,322,4.0,47.4,OCC_TO_CU
1717443619.8429723,322,0.0,47.4,OCC_TO_CU
1717443619.8697193,273,75.0,47.5,CU_TO_DEV
1717443619.8710816,273,0.0,47.5,CU_TO_DEV
1717443620.8228006,154,14.2,47.6,OCC_TO_CU
1717443620.87154,241,50.0,47.7,CU_TO_DEV
1717443620.8777094,241,66.7,47.7,CU_TO_DEV
1717443629.8443906,322,4.6,47.4,OCC_TO_CU
1717443629.8506703,322,0.0,47.4,OCC_TO_CU
1717443629.8833983,273,61.5,47.6,CU_TO_DEV
1717443629.885376,273,0.0,47.6,CU_TO_DEV
1717443639.8469245,322,4.2,47.4,OCC_TO_CU
1717443639.848955,322,0.0,47.4,OCC_TO_CU
1717443639.8904665,273,44.4,47.5,CU_TO_DEV
1717443639.8903828,273,44.4,47.5,CU_TO_DEV
1717443649.858263,322,3.9,47.4,OCC_TO_CU
1717443649.8590233,322,0.0,47.4,OCC_TO_CU
1717443649.896153,273,40.0,47.6,CU_TO_DEV
1717443649.896945,273,0.0,47.6,CU_TO_DEV
1717443659.87739,322,5.1,47.4,OCC_TO_CU
1717443659.8781645,322,0.0,47.4,OCC_TO_CU
1717443659.9036953,273,33.3,47.4,CU_TO_DEV
1717443659.9042215,273,0.0,47.4,CU_TO_DEV
1717443669.8830059,322,3.9,47.4,OCC_TO_CU
1717443669.8844047,322,0.0,47.4,OCC_TO_CU
1717443669.9097152,273,45.5,47.5,CU_TO_DEV
1717443669.9095461,273,45.5,47.5,CU_TO_DEV
1717443670.5901911,154,4.0,47.7,OCC_TO_CU
1717443670.711129,241,34.8,47.7,CU_TO_DEV
1717443670.7115958,241,0.0,47.7,CU_TO_DEV
1717443679.893397,322,4.3,47.5,OCC_TO_CU
1717443679.8945138,322,0.0,47.5,OCC_TO_CU
1717443679.9166167,273,42.9,47.5,CU_TO_DEV
1717443679.9170098,273,0.0,47.5,CU_TO_DEV
1717443689.9088874,322,4.4,47.5,OCC_TO_CU
1717443689.9096465,322,0.0,47.5,OCC_TO_CU
1717443689.9227939,273,25.0,47.6,CU_TO_DEV
1717443689.9226038,273,25.0,47.6,CU_TO_DEV
1717443699.91698,322,5.6,47.5,OCC_TO_CU
1717443699.9175427,322,0.0,47.5,OCC_TO_CU
1717443699.9312015,273,40.0,47.6,CU_TO_DEV
1717443699.931632,273,0.0,47.6,CU_TO_DEV
1717443709.929063,322,4.0,47.5,OCC_TO_CU
1717443709.9301157,322,0.0,47.5,OCC_TO_CU
1717443709.9377906,273,33.3,47.5,CU_TO_DEV
1717443709.9376397,273,33.3,47.5,CU_TO_DEV
1717443719.9515111,322,5.9,47.4,OCC_TO_CU
1717443719.9521978,273,0.0,47.4,CU_TO_DEV
1717443719.9525483,322,0.0,47.4,OCC_TO_CU
1717443720.1454284,273,13.2,47.6,CU_TO_DEV
1717443720.1530602,273,33.3,47.6,CU_TO_DEV
1717443720.66333,154,3.0,47.6,OCC_TO_CU
1717443720.7463367,241,54.3,47.6,CU_TO_DEV
1717443720.7541473,241,0.0,47.6,CU_TO_DEV
1717443729.9618208,322,4.5,47.5,OCC_TO_CU
1717443729.9626656,322,0.0,47.5,OCC_TO_CU
1717443730.1517253,273,10.8,47.7,CU_TO_DEV
1717443730.1625948,273,25.0,47.7,CU_TO_DEV
1717443739.9721782,322,5.0,47.5,OCC_TO_CU
1717443739.9727416,322,100.0,47.5,OCC_TO_CU
1717443740.1623325,273,8.0,47.6,CU_TO_DEV
1717443740.1701238,273,33.3,47.6,CU_TO_DEV
1717443750.001008,322,5.4,47.4,OCC_TO_CU
1717443750.0016618,322,0.0,47.4,OCC_TO_CU
1717443750.1685696,273,6.5,47.6,CU_TO_DEV
1717443750.1772273,273,40.0,47.6,CU_TO_DEV
1717443759.9980965,322,3.9,47.4,OCC_TO_CU
1717443759.9987435,322,0.0,47.4,OCC_TO_CU
1717443760.1745186,273,11.4,47.6,CU_TO_DEV
1717443760.1826196,273,25.0,47.6,CU_TO_DEV
1717443770.0130265,322,4.0,47.4,OCC_TO_CU
1717443770.0140421,322,0.0,47.4,OCC_TO_CU
1717443770.1802552,273,10.6,47.6,CU_TO_DEV
1717443770.1877882,273,0.0,47.6,CU_TO_DEV
1717443770.7407765,154,6.3,47.7,OCC_TO_CU
1717443770.7817287,241,58.8,47.7,CU_TO_DEV
1717443770.7888784,241,50.0,47.7,CU_TO_DEV
1717443780.0129254,322,4.3,47.6,OCC_TO_CU
1717443780.0137858,322,0.0,47.6,OCC_TO_CU
1717443780.187265,273,11.8,47.7,CU_TO_DEV
1717443780.1957142,273,25.0,47.7,CU_TO_DEV
1717443790.0300727,322,5.3,47.5,OCC_TO_CU
1717443790.031083,322,0.0,47.5,OCC_TO_CU
1717443790.193862,273,10.6,47.7,CU_TO_DEV
1717443790.2023816,273,0.0,47.7,CU_TO_DEV
1717443800.0560772,322,5.0,47.4,OCC_TO_CU
1717443800.0568416,322,100.0,47.4,OCC_TO_CU
1717443800.1997552,273,14.0,47.6,CU_TO_DEV
1717443800.2111888,273,0.0,47.6,CU_TO_DEV
1717443810.0718095,322,4.1,47.4,OCC_TO_CU
1717443810.0724967,322,0.0,47.4,OCC_TO_CU
1717443810.208953,273,89.1,47.6,CU_TO_DEV
1717443810.216524,273,100.0,47.6,CU_TO_DEV
1717443820.06598,322,3.8,47.4,OCC_TO_CU
1717443820.0667818,322,0.0,47.4,OCC_TO_CU
1717443820.2143824,273,15.0,47.6,CU_TO_DEV
1717443820.2248514,273,40.0,47.6,CU_TO_DEV
1717443820.809338,154,7.3,47.6,OCC_TO_CU
1717443820.815448,241,0.0,47.6,CU_TO_DEV
1717443820.8264883,241,80.0,47.6,CU_TO_DEV
1717443830.0783222,322,4.7,47.5,OCC_TO_CU
1717443830.0791526,322,0.0,47.5,OCC_TO_CU
1717443830.2217543,273,14.3,47.7,CU_TO_DEV
1717443830.2328517,273,20.0,47.7,CU_TO_DEV
1717443840.0991795,322,4.9,47.4,OCC_TO_CU
1717443840.1001146,322,0.0,47.4,OCC_TO_CU
1717443840.228478,273,17.3,47.7,CU_TO_DEV
1717443840.2375772,273,50.0,47.7,CU_TO_DEV
1717443850.1223528,322,3.9,47.5,OCC_TO_CU
1717443850.1230292,322,0.0,47.5,OCC_TO_CU
1717443850.234054,273,14.0,47.7,CU_TO_DEV
1717443850.2442343,273,33.3,47.7,CU_TO_DEV
1717443860.129853,322,4.2,47.6,OCC_TO_CU
1717443860.130479,322,0.0,47.6,OCC_TO_CU
1717443860.241163,273,88.4,47.8,CU_TO_DEV
1717443860.2500424,273,100.0,47.8,CU_TO_DEV
1717443870.1351094,322,4.2,47.5,OCC_TO_CU
1717443870.1357481,322,0.0,47.5,OCC_TO_CU
1717443870.2486894,273,19.6,47.7,CU_TO_DEV
1717443870.2563236,273,0.0,47.7,CU_TO_DEV
1717443870.889624,154,6.4,47.7,OCC_TO_CU
1717443871.0495832,241,7.9,47.7,CU_TO_DEV
1717443871.0573506,241,33.3,47.7,CU_TO_DEV
1717443880.1432378,322,6.6,47.4,OCC_TO_CU
1717443880.1453035,322,0.0,47.4,OCC_TO_CU
1717443880.2555113,273,11.9,47.6,CU_TO_DEV
1717443880.2653868,273,0.0,47.6,CU_TO_DEV
1717443890.161195,322,3.9,47.4,OCC_TO_CU
1717443890.161934,322,0.0,47.4,OCC_TO_CU
1717443890.262115,273,15.8,47.6,CU_TO_DEV
1717443890.2704747,273,33.3,47.6,CU_TO_DEV
1717443900.1762002,322,4.0,47.5,OCC_TO_CU
1717443900.1768634,322,100.0,47.5,OCC_TO_CU
1717443900.2672215,273,20.0,47.7,CU_TO_DEV
1717443900.2779205,273,25.0,47.7,CU_TO_DEV
1717443910.2009165,322,4.1,47.5,OCC_TO_CU
1717443910.201652,322,0.0,47.5,OCC_TO_CU
1717443910.2769597,273,83.9,47.7,CU_TO_DEV
1717443910.289659,273,100.0,47.7,CU_TO_DEV
1717443920.200455,322,4.5,47.5,OCC_TO_CU
1717443920.2011101,322,50.0,47.5,OCC_TO_CU
1717443920.2858255,273,21.9,47.7,CU_TO_DEV
1717443920.2988453,273,33.3,47.7,CU_TO_DEV
1717443920.960954,154,6.4,47.7,OCC_TO_CU
1717443921.0867743,241,10.2,47.7,CU_TO_DEV
1717443921.0997453,241,20.0,47.7,CU_TO_DEV
1717443930.2137687,322,5.5,47.4,OCC_TO_CU
1717443930.2143898,322,0.0,47.4,OCC_TO_CU
1717443930.2933455,273,29.0,47.6,CU_TO_DEV
1717443930.3080475,273,28.6,47.6,CU_TO_DEV
1717443940.2309785,322,3.9,47.5,OCC_TO_CU
1717443940.2314804,322,0.0,47.5,OCC_TO_CU
1717443940.2988272,273,25.0,47.7,CU_TO_DEV
1717443940.3134277,273,0.0,47.7,CU_TO_DEV
1717443950.240865,322,3.6,47.5,OCC_TO_CU
1717443950.2415042,322,0.0,47.5,OCC_TO_CU
1717443950.3039405,273,21.7,47.7,CU_TO_DEV
1717443950.3191898,273,20.0,47.7,CU_TO_DEV
1717443960.2641807,322,5.0,47.4,OCC_TO_CU
1717443960.2648368,322,0.0,47.4,OCC_TO_CU
1717443960.3114486,273,27.8,47.7,CU_TO_DEV
1717443960.3253138,273,33.3,47.7,CU_TO_DEV
1717443970.2594106,322,4.0,47.5,OCC_TO_CU
1717443970.2614517,322,0.0,47.5,OCC_TO_CU
1717443970.3167992,273,37.5,47.7,CU_TO_DEV
1717443970.3351166,273,16.7,47.7,CU_TO_DEV
1717443971.0371797,154,25.1,47.7,OCC_TO_CU
1717443971.1189663,241,12.5,47.7,CU_TO_DEV
1717443971.1367683,241,28.6,47.7,CU_TO_DEV
1717443980.2801197,322,3.6,47.5,OCC_TO_CU
1717443980.2807634,322,100.0,47.5,OCC_TO_CU
1717443980.325026,273,84.2,47.6,CU_TO_DEV
1717443980.3468642,273,100.0,47.7,CU_TO_DEV
1717443990.2884037,322,4.4,47.4,OCC_TO_CU
1717443990.2896764,322,50.0,47.4,OCC_TO_CU
1717443990.3303092,273,35.7,47.6,CU_TO_DEV
1717443990.3539257,273,33.3,47.6,CU_TO_DEV
1717444000.3203406,322,4.2,47.5,OCC_TO_CU
1717444000.3210046,322,100.0,47.5,OCC_TO_CU
1717444000.3373642,273,42.9,47.5,CU_TO_DEV
1717444000.3601577,273,42.9,47.6,CU_TO_DEV
1717444010.3164592,322,4.5,47.5,OCC_TO_CU
1717444010.3172176,322,100.0,47.5,OCC_TO_CU
1717444010.353284,273,73.3,47.6,CU_TO_DEV
1717444010.370434,273,100.0,47.6,CU_TO_DEV
1717444020.327622,322,5.9,47.4,OCC_TO_CU
1717444020.328202,322,0.0,47.4,OCC_TO_CU
1717444020.3610535,273,33.3,47.6,CU_TO_DEV
1717444020.3785012,273,42.9,47.6,CU_TO_DEV
1717444021.114983,154,7.1,47.6,OCC_TO_CU
1717444021.1623633,241,25.0,47.6,CU_TO_DEV
1717444021.1797128,241,33.3,47.6,CU_TO_DEV
1717444030.3450983,322,4.3,47.4,OCC_TO_CU
1717444030.3599076,322,40.0,47.4,OCC_TO_CU
1717444030.369046,273,80.0,47.4,CU_TO_DEV
1717444030.385107,273,66.7,47.5,CU_TO_DEV
1717444040.3572178,322,5.2,47.4,OCC_TO_CU
1717444040.357806,322,0.0,47.4,OCC_TO_CU
1717444040.3757467,273,20.0,47.4,CU_TO_DEV
1717444040.3914413,273,40.0,47.6,CU_TO_DEV
1717444050.3709428,322,4.2,47.4,OCC_TO_CU
1717444050.371572,322,0.0,47.4,OCC_TO_CU
1717444050.3808947,273,40.0,47.4,CU_TO_DEV
1717444050.4005296,273,66.7,47.5,CU_TO_DEV
1717444060.3766942,322,4.5,47.4,OCC_TO_CU
1717444060.3869767,322,0.0,47.4,OCC_TO_CU
1717444060.3895128,273,100.0,47.4,CU_TO_DEV
1717444060.4062939,273,83.3,47.5,CU_TO_DEV
1717444070.3964837,322,5.3,47.4,OCC_TO_CU
1717444070.3973992,322,0.0,47.4,OCC_TO_CU
1717444070.3978608,273,0.0,47.4,CU_TO_DEV
1717444070.4162264,273,57.1,47.5,CU_TO_DEV
1717444070.598442,273,12.7,47.6,CU_TO_DEV
1717444070.8816936,154,4.4,47.6,OCC_TO_CU
1717444070.9993105,241,26.7,47.6,CU_TO_DEV
1717444071.0174017,241,50.0,47.6,CU_TO_DEV
1717444080.3965223,322,3.9,47.5,OCC_TO_CU
1717444080.3996065,322,0.0,47.5,OCC_TO_CU
1717444080.404035,273,0.0,47.5,CU_TO_DEV
1717444080.4265957,273,60.0,47.5,CU_TO_DEV
1717444090.421687,322,4.1,47.6,OCC_TO_CU
1717444090.4298122,322,50.0,47.6,OCC_TO_CU
1717444090.4332428,273,0.0,47.6,CU_TO_DEV
1717444090.6104743,273,22.2,47.8,CU_TO_DEV
1717444100.4346302,322,4.6,47.6,OCC_TO_CU
1717444100.4357278,322,0.0,47.6,OCC_TO_CU
1717444100.438925,273,0.0,47.6,CU_TO_DEV
1717444100.6155794,273,62.3,47.7,CU_TO_DEV
1717444110.4413176,322,5.4,47.5,OCC_TO_CU
1717444110.4448438,273,0.0,47.5,CU_TO_DEV
1717444110.4573576,322,80.0,47.5,OCC_TO_CU
1717444110.6208742,273,83.1,47.7,CU_TO_DEV
1717444110.6454039,273,30.0,47.7,CU_TO_DEV
1717444120.4658065,322,5.1,47.3,OCC_TO_CU
1717444120.466384,322,0.0,47.3,OCC_TO_CU
1717444120.6260943,273,8.1,47.5,CU_TO_DEV
1717444120.6513915,273,20.0,47.5,CU_TO_DEV
1717444120.9157434,154,6.5,47.5,OCC_TO_CU
1717444121.026819,241,26.7,47.5,CU_TO_DEV
1717444121.0522318,241,40.0,47.5,CU_TO_DEV
1717444130.4708312,322,3.7,47.4,OCC_TO_CU
1717444130.4719014,322,0.0,47.4,OCC_TO_CU
1717444130.631695,273,12.5,47.6,CU_TO_DEV
1717444130.6576228,273,30.0,47.6,CU_TO_DEV
1717444140.4980028,322,4.1,47.4,OCC_TO_CU
1717444140.4988108,322,0.0,47.4,OCC_TO_CU
1717444140.636625,273,18.2,47.6,CU_TO_DEV
1717444140.6659756,273,25.0,47.6,CU_TO_DEV
1717444150.4876373,322,4.1,47.4,OCC_TO_CU
1717444150.491196,322,50.0,47.4,OCC_TO_CU
1717444150.641733,273,16.1,47.6,CU_TO_DEV
1717444150.6763191,273,31.2,47.6,CU_TO_DEV
1717444160.5103064,322,4.5,47.4,OCC_TO_CU
1717444160.510949,322,0.0,47.4,OCC_TO_CU
1717444160.6474419,273,11.1,47.6,CU_TO_DEV
1717444160.6851652,273,28.6,47.6,CU_TO_DEV
1717444170.5215015,322,3.9,47.4,OCC_TO_CU
1717444170.522146,322,0.0,47.4,OCC_TO_CU
1717444170.6526723,273,15.4,47.7,CU_TO_DEV
1717444170.6940956,273,23.5,47.7,CU_TO_DEV
1717444171.0296416,154,6.8,47.7,OCC_TO_CU
1717444171.054179,241,60.0,47.7,CU_TO_DEV
1717444171.095806,241,31.3,47.7,CU_TO_DEV
1717444180.5401013,322,4.1,47.5,OCC_TO_CU
1717444180.5406997,322,50.0,47.5,OCC_TO_CU
1717444180.660987,273,15.2,47.7,CU_TO_DEV
1717444180.7041154,273,16.7,47.7,CU_TO_DEV
1717444190.5508897,322,4.1,47.6,OCC_TO_CU
1717444190.5515473,322,0.0,47.6,OCC_TO_CU
1717444190.6701283,273,18.7,47.8,CU_TO_DEV
1717444190.7125947,273,17.6,47.8,CU_TO_DEV
1717444200.575351,322,5.3,47.6,OCC_TO_CU
1717444200.57842,322,0.0,47.6,OCC_TO_CU
1717444200.6774695,273,17.9,47.8,CU_TO_DEV
1717444200.7187436,273,13.3,47.8,CU_TO_DEV
1717444210.584981,322,4.7,47.5,OCC_TO_CU
1717444210.5860608,322,0.0,47.5,OCC_TO_CU
1717444210.686116,273,90.2,47.7,CU_TO_DEV
1717444210.7277303,273,81.2,47.7,CU_TO_DEV
1717444220.584263,322,4.1,47.5,OCC_TO_CU
1717444220.5850747,322,100.0,47.5,OCC_TO_CU
1717444220.6929266,273,90.9,47.7,CU_TO_DEV
1717444220.7343931,273,56.2,47.5,CU_TO_DEV
1717444221.0023973,154,4.7,47.5,OCC_TO_CU
1717444221.0938113,241,28.2,47.5,CU_TO_DEV
1717444221.1355495,241,43.7,47.5,CU_TO_DEV
1717444230.584614,322,3.8,47.4,OCC_TO_CU
1717444230.5854118,322,0.0,47.4,OCC_TO_CU
1717444230.699372,273,14.0,47.6,CU_TO_DEV
1717444230.740608,273,27.8,47.6,CU_TO_DEV
1717444240.599477,322,4.3,47.4,OCC_TO_CU
1717444240.6002593,322,0.0,47.4,OCC_TO_CU
1717444240.705768,273,23.3,47.6,CU_TO_DEV
1717444240.748192,273,17.6,47.6,CU_TO_DEV
1717444250.6140883,322,5.2,47.4,OCC_TO_CU
1717444250.62826,322,25.0,47.4,OCC_TO_CU
1717444250.7127063,273,40.0,47.6,CU_TO_DEV
1717444250.7545836,273,18.7,47.6,CU_TO_DEV
1717444260.623059,322,3.9,47.4,OCC_TO_CU
1717444260.6274915,322,0.0,47.4,OCC_TO_CU
1717444260.7206326,273,28.6,47.6,CU_TO_DEV
1717444260.76027,273,25.0,47.7,CU_TO_DEV
1717444270.6392996,322,4.0,47.5,OCC_TO_CU
1717444270.6398077,322,0.0,47.5,OCC_TO_CU
1717444270.7274523,273,17.6,47.6,CU_TO_DEV
1717444270.768964,273,17.6,47.6,CU_TO_DEV
1717444271.1172981,154,2.9,47.6,OCC_TO_CU
1717444271.1282585,241,80.0,47.7,CU_TO_DEV
1717444271.1698263,241,60.0,47.7,CU_TO_DEV
1717444280.659532,322,4.2,47.5,OCC_TO_CU
1717444280.6601636,322,0.0,47.5,OCC_TO_CU
1717444280.7359138,273,31.3,47.6,CU_TO_DEV
1717444280.7750585,273,14.3,47.6,CU_TO_DEV
1717444290.6652515,322,4.7,47.4,OCC_TO_CU
1717444290.6661727,322,0.0,47.4,OCC_TO_CU
1717444290.743585,273,20.7,47.6,CU_TO_DEV
1717444290.7818887,273,25.0,47.6,CU_TO_DEV
1717444300.689896,322,5.3,47.4,OCC_TO_CU
1717444300.6907768,322,0.0,47.4,OCC_TO_CU
1717444300.7498138,273,27.3,47.6,CU_TO_DEV
1717444300.787305,273,31.2,47.6,CU_TO_DEV
1717444310.6992822,322,4.0,47.4,OCC_TO_CU
1717444310.6999543,322,0.0,47.4,OCC_TO_CU
1717444310.7610905,273,84.0,47.6,CU_TO_DEV
1717444310.7925253,273,100.0,47.7,CU_TO_DEV
1717444320.7063093,322,4.3,47.3,OCC_TO_CU
1717444320.7071972,322,0.0,47.3,OCC_TO_CU
1717444320.7674832,273,32.0,47.5,CU_TO_DEV
1717444320.80034,273,33.3,47.5,CU_TO_DEV
1717444321.1597638,154,5.5,47.5,OCC_TO_CU
1717444321.1689315,241,100.0,47.5,CU_TO_DEV
1717444321.2015302,241,76.9,47.5,CU_TO_DEV
1717444330.7172687,322,4.0,47.4,OCC_TO_CU
1717444330.7238977,322,0.0,47.4,OCC_TO_CU
1717444330.777503,273,52.2,47.6,CU_TO_DEV
1717444330.8085353,273,36.4,47.6,CU_TO_DEV
1717444340.7314675,322,5.5,47.4,OCC_TO_CU
1717444340.7320473,322,0.0,47.4,OCC_TO_CU
1717444340.785937,273,27.3,47.6,CU_TO_DEV
1717444340.816956,273,30.8,47.6,CU_TO_DEV
1717444350.7610312,322,3.9,47.5,OCC_TO_CU
1717444350.762083,322,0.0,47.5,OCC_TO_CU
1717444350.793757,273,83.3,47.5,CU_TO_DEV
1717444350.8252757,273,100.0,47.7,CU_TO_DEV
1717444360.7657728,322,4.4,47.4,OCC_TO_CU
1717444360.7665224,322,0.0,47.4,OCC_TO_CU
1717444360.8007495,273,38.5,47.5,CU_TO_DEV
1717444360.832664,273,50.0,47.6,CU_TO_DEV
1717444370.7784977,322,4.5,47.3,OCC_TO_CU
1717444370.7791185,322,0.0,47.3,OCC_TO_CU
1717444370.8078268,273,45.5,47.3,CU_TO_DEV
1717444370.8466363,273,33.3,47.5,CU_TO_DEV
1717444371.1913118,154,6.5,47.5,OCC_TO_CU
1717444371.209443,241,88.9,47.5,CU_TO_DEV
1717444371.2481384,241,73.3,47.5,CU_TO_DEV
1717444380.7828548,322,4.0,47.3,OCC_TO_CU
1717444380.78353,322,0.0,47.3,OCC_TO_CU
1717444380.817113,273,42.9,47.4,CU_TO_DEV
1717444380.8532317,273,30.8,47.5,CU_TO_DEV
1717444390.811911,322,5.3,47.3,OCC_TO_CU
1717444390.8125331,322,0.0,47.3,OCC_TO_CU
1717444390.8241253,273,25.0,47.3,CU_TO_DEV
1717444390.8598626,273,50.0,47.5,CU_TO_DEV
1717444400.8167448,322,4.0,47.4,OCC_TO_CU
1717444400.8174205,322,0.0,47.4,OCC_TO_CU
1717444400.8322499,273,40.0,47.4,CU_TO_DEV
1717444400.8652654,273,53.8,47.6,CU_TO_DEV
1717444410.8426104,322,4.5,47.4,OCC_TO_CU
1717444410.8432503,322,0.0,47.4,OCC_TO_CU
1717444410.8741193,273,72.7,47.4,CU_TO_DEV
1717444411.0416234,273,75.8,47.5,CU_TO_DEV
1717444420.8427947,322,3.8,47.4,OCC_TO_CU
1717444420.8434818,322,0.0,47.4,OCC_TO_CU
1717444420.8464215,273,0.0,47.4,CU_TO_DEV
1717444420.8804855,273,57.1,47.6,CU_TO_DEV
1717444422.328647,154,7.6,47.5,OCC_TO_CU
1717444422.4478498,241,10.9,47.6,CU_TO_DEV
1717444422.4825308,241,21.4,47.6,CU_TO_DEV
1717444430.8600054,322,3.9,47.4,OCC_TO_CU
1717444430.8606422,322,100.0,47.4,OCC_TO_CU
1717444430.8890913,273,83.3,47.4,CU_TO_DEV
1717444431.052649,273,89.2,47.6,CU_TO_DEV
1717444440.8729339,322,3.9,47.4,OCC_TO_CU
1717444440.8739843,322,0.0,47.4,OCC_TO_CU
1717444440.8952494,273,44.4,47.4,CU_TO_DEV
1717444441.0576344,273,6.5,47.6,CU_TO_DEV
1717444450.88362,322,4.5,47.3,OCC_TO_CU
1717444450.8842487,322,0.0,47.3,OCC_TO_CU
1717444450.900963,273,50.0,47.3,CU_TO_DEV
1717444451.0641174,273,10.9,47.5,CU_TO_DEV
1717444460.8936317,322,3.5,47.4,OCC_TO_CU
1717444460.8942635,322,0.0,47.4,OCC_TO_CU
1717444460.907967,273,25.0,47.4,CU_TO_DEV
1717444461.069927,273,18.5,47.6,CU_TO_DEV
1717444470.905665,322,3.8,47.4,OCC_TO_CU
1717444470.9062836,322,0.0,47.4,OCC_TO_CU
1717444470.9133472,273,0.0,47.4,CU_TO_DEV
1717444471.0757613,273,18.5,47.6,CU_TO_DEV
1717444472.403733,154,7.4,47.6,OCC_TO_CU
1717444472.4805682,241,87.1,47.7,CU_TO_DEV
1717444472.5156636,241,92.3,47.7,CU_TO_DEV
1717444480.9142506,322,5.3,47.4,OCC_TO_CU
1717444480.921879,322,0.0,47.4,OCC_TO_CU
1717444480.9264767,273,50.0,47.4,CU_TO_DEV
1717444481.085816,273,23.8,47.5,CU_TO_DEV
1717444490.9275634,322,3.9,47.3,OCC_TO_CU
1717444490.9282284,322,0.0,47.3,OCC_TO_CU
1717444490.9333756,273,66.7,47.3,CU_TO_DEV
1717444491.091431,273,20.3,47.6,CU_TO_DEV
1717444500.9579868,322,3.6,47.4,OCC_TO_CU
1717444500.9587097,322,0.0,47.4,OCC_TO_CU
1717444501.0969505,273,12.5,47.6,CU_TO_DEV
1717444501.1381845,273,18.8,47.6,CU_TO_DEV
1717444510.9596658,322,3.8,47.5,OCC_TO_CU
1717444510.9604738,322,0.0,47.5,OCC_TO_CU
1717444511.1025205,273,87.7,47.7,CU_TO_DEV
1717444511.1437602,273,17.6,47.7,CU_TO_DEV
1717444520.9736676,322,3.9,47.4,OCC_TO_CU
1717444520.9744456,322,0.0,47.4,OCC_TO_CU
1717444521.108743,273,16.7,47.6,CU_TO_DEV
1717444521.148477,273,13.3,47.6,CU_TO_DEV
1717444522.481266,154,6.6,47.6,OCC_TO_CU
1717444522.5103161,241,45.5,47.7,CU_TO_DEV
1717444522.550374,241,82.4,47.7,CU_TO_DEV
1717444530.9908311,322,6.2,47.3,OCC_TO_CU
1717444530.9917593,322,0.0,47.3,OCC_TO_CU
1717444531.1155324,273,19.6,47.5,CU_TO_DEV
1717444531.1584156,273,17.6,47.5,CU_TO_DEV
1717444540.9941273,322,4.5,47.3,OCC_TO_CU
1717444540.9953234,322,0.0,47.3,OCC_TO_CU
1717444541.1228476,273,17.6,47.5,CU_TO_DEV
1717444541.1636314,273,6.7,47.5,CU_TO_DEV
1717444551.0081186,322,4.4,47.3,OCC_TO_CU
1717444551.0087652,322,100.0,47.3,OCC_TO_CU
1717444551.1299214,273,18.4,47.6,CU_TO_DEV
1717444551.1689227,273,23.5,47.6,CU_TO_DEV
1717444561.0219305,322,3.7,47.4,OCC_TO_CU
1717444561.0225987,322,0.0,47.4,OCC_TO_CU
1717444561.138624,273,15.6,47.6,CU_TO_DEV
1717444561.1759875,273,14.3,47.6,CU_TO_DEV
1717444571.0328474,322,5.6,47.4,OCC_TO_CU
1717444571.0334659,322,0.0,47.4,OCC_TO_CU
1717444571.1444354,273,13.6,47.6,CU_TO_DEV
1717444571.183777,273,13.3,47.6,CU_TO_DEV
1717444572.5481546,154,6.1,47.5,OCC_TO_CU
1717444572.5851068,241,35.7,47.7,CU_TO_DEV
1717444572.7456186,241,10.6,47.7,CU_TO_DEV
1717444581.0409303,322,3.4,47.5,OCC_TO_CU
1717444581.0417392,322,0.0,47.5,OCC_TO_CU
1717444581.151598,273,16.3,47.6,CU_TO_DEV
1717444581.189464,273,20.0,47.7,CU_TO_DEV
1717444591.0703137,322,4.5,47.4,OCC_TO_CU
1717444591.0710173,322,0.0,47.4,OCC_TO_CU
1717444591.1582217,273,19.4,47.6,CU_TO_DEV
1717444591.1950772,273,18.8,47.6,CU_TO_DEV
1717444601.072343,322,3.7,47.4,OCC_TO_CU
1717444601.0730166,322,100.0,47.4,OCC_TO_CU
1717444601.1653476,273,17.6,47.6,CU_TO_DEV
1717444601.2012947,273,21.4,47.6,CU_TO_DEV
1717444611.085747,322,4.4,47.4,OCC_TO_CU
1717444611.086292,322,0.0,47.4,OCC_TO_CU
1717444611.172937,273,91.4,47.6,CU_TO_DEV
1717444611.213117,273,73.3,47.6,CU_TO_DEV
1717444621.095855,322,5.3,47.3,OCC_TO_CU
1717444621.096673,322,100.0,47.3,OCC_TO_CU
1717444621.1794615,273,25.0,47.5,CU_TO_DEV
1717444621.2218714,273,22.2,47.5,CU_TO_DEV
1717444622.3208158,154,6.4,47.5,OCC_TO_CU
1717444622.381016,241,50.0,47.6,CU_TO_DEV
1717444622.4239533,241,41.2,47.6,CU_TO_DEV
1717444631.1160753,322,3.4,47.3,OCC_TO_CU
1717444631.1181054,322,50.0,47.3,OCC_TO_CU
1717444631.1864524,273,20.8,47.5,CU_TO_DEV
1717444631.228336,273,23.5,47.5,CU_TO_DEV
1717444641.1141636,322,4.1,47.4,OCC_TO_CU
1717444641.114973,322,0.0,47.4,OCC_TO_CU
1717444641.1941864,273,25.0,47.6,CU_TO_DEV
1717444641.2331736,273,20.0,47.6,CU_TO_DEV
1717444651.1261103,322,3.7,47.4,OCC_TO_CU
1717444651.1419513,322,50.0,47.4,OCC_TO_CU
1717444651.2005675,273,48.0,47.6,CU_TO_DEV
1717444651.2383122,273,28.6,47.7,CU_TO_DEV
1717444661.142116,322,5.4,47.4,OCC_TO_CU
1717444661.1430302,322,0.0,47.4,OCC_TO_CU
1717444661.2086506,273,23.1,47.6,CU_TO_DEV
1717444661.2452686,273,31.3,47.6,CU_TO_DEV
1717444671.1560135,322,3.1,47.4,OCC_TO_CU
1717444671.156701,322,100.0,47.4,OCC_TO_CU
1717444671.2140348,273,29.2,47.6,CU_TO_DEV
1717444671.250591,273,40.0,47.6,CU_TO_DEV
1717444672.3936186,154,7.2,47.6,OCC_TO_CU
1717444672.4155912,241,66.7,47.6,CU_TO_DEV
1717444672.4519842,241,46.7,47.7,CU_TO_DEV
1717444681.15689,322,3.5,47.5,OCC_TO_CU
1717444681.1575289,322,0.0,47.5,OCC_TO_CU
1717444681.2221594,273,25.0,47.7,CU_TO_DEV
1717444681.2569199,273,35.7,47.7,CU_TO_DEV
1717444691.1752734,322,4.8,47.4,OCC_TO_CU
1717444691.17579,322,0.0,47.4,OCC_TO_CU
1717444691.2303205,273,23.8,47.7,CU_TO_DEV
1717444691.2630804,273,33.3,47.7,CU_TO_DEV
1717444701.201799,322,4.0,47.5,OCC_TO_CU
1717444701.202471,322,0.0,47.5,OCC_TO_CU
1717444701.2357168,273,46.7,47.6,CU_TO_DEV
1717444701.2682867,273,33.3,47.7,CU_TO_DEV
1717444711.1985128,322,6.8,47.2,OCC_TO_CU
1717444711.226565,322,36.4,47.3,OCC_TO_CU
1717444711.2439954,273,50.0,47.4,CU_TO_DEV
1717444711.2785976,273,46.2,47.4,CU_TO_DEV
1717444721.2098188,322,4.0,47.3,OCC_TO_CU
1717444721.224427,322,33.3,47.3,OCC_TO_CU
1717444721.2522998,273,70.0,47.4,CU_TO_DEV
1717444721.2841265,273,33.3,47.4,CU_TO_DEV
1717444722.472523,154,7.2,47.5,OCC_TO_CU
1717444722.488086,241,50.0,47.5,CU_TO_DEV
1717444722.654273,241,17.2,47.6,CU_TO_DEV
1717444731.2229784,322,3.7,47.3,OCC_TO_CU
1717444731.2234902,322,0.0,47.3,OCC_TO_CU
1717444731.2595577,273,40.0,47.5,CU_TO_DEV
1717444731.2930725,273,28.6,47.5,CU_TO_DEV
1717444741.2622766,322,3.8,47.4,OCC_TO_CU
1717444741.2628179,322,0.0,47.4,OCC_TO_CU
1717444741.2651086,273,0.0,47.4,CU_TO_DEV
1717444741.2978816,273,46.2,47.6,CU_TO_DEV
1717444751.2538476,322,3.9,47.4,OCC_TO_CU
1717444751.2545867,322,0.0,47.4,OCC_TO_CU
1717444751.2716343,273,33.3,47.4,CU_TO_DEV
1717444751.3036664,273,50.0,47.6,CU_TO_DEV
1717444761.2696254,322,4.9,47.4,OCC_TO_CU
1717444761.270208,322,0.0,47.4,OCC_TO_CU
1717444761.2813084,273,40.0,47.4,CU_TO_DEV
1717444761.3124168,273,53.8,47.5,CU_TO_DEV
1717444771.2816906,322,3.5,47.4,OCC_TO_CU
1717444771.2824545,322,0.0,47.4,OCC_TO_CU
1717444771.2884467,273,0.0,47.4,CU_TO_DEV
1717444771.319524,273,69.2,47.5,CU_TO_DEV
1717444772.5841532,154,14.1,47.6,OCC_TO_CU
1717444772.6909387,241,44.2,47.7,CU_TO_DEV
1717444772.7214653,241,16.7,47.7,CU_TO_DEV
1717444781.2884517,322,3.3,47.4,OCC_TO_CU
1717444781.2890937,322,100.0,47.4,OCC_TO_CU
1717444781.2957325,273,0.0,47.4,CU_TO_DEV
1717444781.3259623,273,66.7,47.5,CU_TO_DEV
1717444791.29807,322,3.7,47.4,OCC_TO_CU
1717444791.2987196,322,0.0,47.4,OCC_TO_CU
1717444791.3025746,273,0.0,47.4,CU_TO_DEV
1717444791.3328662,273,58.3,47.5,CU_TO_DEV
1717444801.312956,322,5.4,47.4,OCC_TO_CU
1717444801.3134844,322,0.0,47.4,OCC_TO_CU
1717444801.342279,273,36.4,47.5,CU_TO_DEV
1717444801.5094306,273,16.4,47.6,CU_TO_DEV
1717444811.3351696,322,5.0,47.3,OCC_TO_CU
1717444811.3357935,322,0.0,47.3,OCC_TO_CU
1717444811.3475065,273,25.0,47.3,CU_TO_DEV
1717444811.5175426,273,21.2,47.6,CU_TO_DEV
1717444821.3526833,322,4.0,47.4,OCC_TO_CU
1717444821.3533392,322,0.0,47.4,OCC_TO_CU
1717444821.354701,273,0.0,47.4,CU_TO_DEV
1717444821.5236545,273,22.4,47.6,CU_TO_DEV
1717444822.6221771,154,7.8,47.6,OCC_TO_CU
1717444822.725542,241,24.4,47.7,CU_TO_DEV
1717444822.7560318,241,23.1,47.7,CU_TO_DEV
1717444831.3552768,322,3.8,47.4,OCC_TO_CU
1717444831.3560767,322,0.0,47.4,OCC_TO_CU
1717444831.3617647,273,0.0,47.4,CU_TO_DEV
1717444831.5302832,273,81.2,47.6,CU_TO_DEV
1717444841.3785062,322,3.5,47.4,OCC_TO_CU
1717444841.3795853,322,0.0,47.4,OCC_TO_CU
1717444841.5369236,273,21.0,47.6,CU_TO_DEV
1717444841.5666614,273,33.3,47.6,CU_TO_DEV
1717444851.3798559,322,5.1,47.4,OCC_TO_CU
1717444851.3805773,322,0.0,47.4,OCC_TO_CU
1717444851.546298,273,19.7,47.6,CU_TO_DEV
1717444851.5723617,273,33.3,47.6,CU_TO_DEV
1717444861.392309,322,4.7,47.3,OCC_TO_CU
1717444861.3929954,322,100.0,47.3,OCC_TO_CU
1717444861.5550032,273,8.2,47.5,CU_TO_DEV
1717444861.5817952,273,76.9,47.5,CU_TO_DEV
1717444871.4022505,322,4.1,47.3,OCC_TO_CU
1717444871.4043012,322,0.0,47.3,OCC_TO_CU
1717444871.561864,273,21.9,47.6,CU_TO_DEV
1717444871.5875864,273,44.4,47.6,CU_TO_DEV
1717444872.6944501,154,8.8,47.5,OCC_TO_CU
1717444872.7638075,241,25.9,47.6,CU_TO_DEV
1717444872.7893403,241,27.3,47.6,CU_TO_DEV
1717444881.4188316,322,3.6,47.4,OCC_TO_CU
1717444881.4194562,322,0.0,47.4,OCC_TO_CU
1717444881.5686748,273,23.0,47.6,CU_TO_DEV
1717444881.5947227,273,40.0,47.6,CU_TO_DEV
1717444891.4318578,322,5.4,47.4,OCC_TO_CU
1717444891.4324827,322,0.0,47.4,OCC_TO_CU
1717444891.5742514,273,22.4,47.6,CU_TO_DEV
1717444891.6013596,273,20.0,47.6,CU_TO_DEV
1717444901.4598958,322,3.7,47.3,OCC_TO_CU
1717444901.4609923,322,0.0,47.3,OCC_TO_CU
1717444901.5863068,273,93.9,47.6,CU_TO_DEV
1717444901.6110356,273,88.9,47.6,CU_TO_DEV
1717444911.4576633,322,3.9,47.4,OCC_TO_CU
1717444911.4581566,322,0.0,47.4,OCC_TO_CU
1717444911.5912673,273,20.8,47.6,CU_TO_DEV
1717444911.619524,273,38.5,47.6,CU_TO_DEV
1717444921.475727,322,3.5,47.4,OCC_TO_CU
1717444921.476258,322,0.0,47.4,OCC_TO_CU
1717444921.5972457,273,15.2,47.5,CU_TO_DEV
1717444921.624587,273,63.6,47.6,CU_TO_DEV
1717444922.7747698,154,7.4,47.6,OCC_TO_CU
1717444922.7997787,241,50.0,47.6,CU_TO_DEV
1717444922.8264635,241,41.7,47.7,CU_TO_DEV
1717444931.4816833,322,4.0,47.6,OCC_TO_CU
1717444931.484718,322,50.0,47.6,OCC_TO_CU
1717444931.6051838,273,28.6,47.7,CU_TO_DEV
1717444931.6320994,273,45.5,47.7,CU_TO_DEV
1717444941.5004737,322,5.9,47.3,OCC_TO_CU
1717444941.5012367,322,100.0,47.3,OCC_TO_CU
1717444941.6180308,273,25.0,47.5,CU_TO_DEV
1717444941.6423979,273,40.0,47.5,CU_TO_DEV
1717444951.505072,322,3.8,47.3,OCC_TO_CU
1717444951.5058093,322,0.0,47.3,OCC_TO_CU
1717444951.6230624,273,29.5,47.5,CU_TO_DEV
1717444951.6470528,273,40.0,47.6,CU_TO_DEV
1717444961.5186956,322,3.7,47.4,OCC_TO_CU
1717444961.5192194,322,0.0,47.4,OCC_TO_CU
1717444961.6293972,273,88.9,47.6,CU_TO_DEV
1717444961.6515992,273,88.9,47.6,CU_TO_DEV
1717444971.5064943,322,4.0,47.3,OCC_TO_CU
1717444971.5076246,322,0.0,47.3,OCC_TO_CU
1717444971.6360033,273,30.6,47.5,CU_TO_DEV
1717444971.6562824,273,37.5,47.5,CU_TO_DEV
1717444972.5955422,154,6.2,47.6,OCC_TO_CU
1717444972.6373386,241,31.3,47.7,CU_TO_DEV
1717444972.6572642,241,66.7,47.7,CU_TO_DEV
1717444981.511672,322,3.8,47.5,OCC_TO_CU
1717444981.513157,322,0.0,47.5,OCC_TO_CU
1717444981.644963,273,81.1,47.6,CU_TO_DEV
1717444981.6650023,273,100.0,47.6,CU_TO_DEV
1717444991.508919,322,4.4,47.4,OCC_TO_CU
1717444991.509973,322,0.0,47.4,OCC_TO_CU
1717444991.6494648,273,30.4,47.6,CU_TO_DEV
1717444991.669402,273,37.5,47.6,CU_TO_DEV
1717445001.516547,322,5.1,47.4,OCC_TO_CU
1717445001.517188,322,0.0,47.4,OCC_TO_CU
1717445001.6576607,273,32.7,47.6,CU_TO_DEV
1717445001.67491,273,57.1,47.6,CU_TO_DEV
1717445011.5117743,322,3.9,47.4,OCC_TO_CU
1717445011.5128436,322,0.0,47.4,OCC_TO_CU
1717445011.6636565,273,27.6,47.6,CU_TO_DEV
1717445011.680147,273,40.0,47.6,CU_TO_DEV
1717445021.5283847,322,4.3,47.3,OCC_TO_CU
1717445021.5290968,322,100.0,47.3,OCC_TO_CU
1717445021.668717,273,29.1,47.5,CU_TO_DEV
1717445021.6864314,273,42.9,47.5,CU_TO_DEV
1717445022.5519128,154,3.8,47.5,OCC_TO_CU
1717445022.6709714,241,40.8,47.6,CU_TO_DEV
1717445022.6891618,241,75.0,47.6,CU_TO_DEV
1717445031.5213208,322,5.4,47.4,OCC_TO_CU
1717445031.5223649,322,0.0,47.4,OCC_TO_CU
1717445031.677022,273,30.6,47.5,CU_TO_DEV
1717445031.6972451,273,28.6,47.5,CU_TO_DEV
1717445041.5768387,322,3.8,47.3,OCC_TO_CU
1717445041.5778942,322,0.0,47.3,OCC_TO_CU
1717445041.6821907,273,48.8,47.6,CU_TO_DEV
1717445041.70123,273,37.5,47.6,CU_TO_DEV
1717445051.555101,322,3.6,47.4,OCC_TO_CU
1717445051.5556052,322,0.0,47.4,OCC_TO_CU
1717445051.687608,273,24.0,47.7,CU_TO_DEV
1717445051.706203,273,33.3,47.7,CU_TO_DEV
1717445061.5387082,322,3.9,47.5,OCC_TO_CU
1717445061.5393212,322,0.0,47.5,OCC_TO_CU
1717445061.6937973,273,34.4,47.7,CU_TO_DEV
1717445061.7119598,273,28.6,47.7,CU_TO_DEV
1717445071.5623386,322,3.8,47.5,OCC_TO_CU
1717445071.562914,322,0.0,47.5,OCC_TO_CU
1717445071.7000477,273,34.5,47.7,CU_TO_DEV
1717445071.7165477,273,50.0,47.7,CU_TO_DEV
1717445072.6087446,154,4.2,47.7,OCC_TO_CU
1717445072.7012339,241,40.5,47.8,CU_TO_DEV
1717445072.7185087,241,66.7,47.8,CU_TO_DEV
1717445081.5831416,322,5.2,47.6,OCC_TO_CU
1717445081.583776,322,0.0,47.6,OCC_TO_CU
1717445081.7112958,273,79.6,47.7,CU_TO_DEV
1717445081.7292407,273,100.0,47.7,CU_TO_DEV
1717445091.5993364,322,4.1,47.4,OCC_TO_CU
1717445091.6005397,322,0.0,47.4,OCC_TO_CU
1717445091.7169442,273,43.7,47.6,CU_TO_DEV
1717445091.7358687,273,20.0,47.6,CU_TO_DEV
1717445101.616713,322,5.9,47.3,OCC_TO_CU
1717445101.617753,322,0.0,47.3,OCC_TO_CU
1717445101.7233915,273,26.8,47.4,CU_TO_DEV
1717445101.7448382,273,40.0,47.4,CU_TO_DEV
1717445111.6224606,322,4.1,47.3,OCC_TO_CU
1717445111.6248512,322,100.0,47.3,OCC_TO_CU
1717445111.7302392,273,28.2,47.5,CU_TO_DEV
1717445111.750642,273,50.0,47.5,CU_TO_DEV
1717445121.6493344,322,5.2,47.3,OCC_TO_CU
1717445121.6503723,322,0.0,47.3,OCC_TO_CU
1717445121.7373538,273,28.6,47.5,CU_TO_DEV
1717445121.7567666,273,62.5,47.5,CU_TO_DEV
1717445122.6634414,154,3.1,47.5,OCC_TO_CU
1717445122.7386599,241,60.0,47.5,CU_TO_DEV
1717445122.7581387,241,62.5,47.6,CU_TO_DEV
1717445131.6433794,322,4.0,47.3,OCC_TO_CU
1717445131.6466985,322,0.0,47.3,OCC_TO_CU
1717445131.7435844,273,30.8,47.5,CU_TO_DEV
1717445131.7631183,273,50.0,47.5,CU_TO_DEV
1717445141.6479647,322,3.9,47.3,OCC_TO_CU
1717445141.6613903,322,71.4,47.3,OCC_TO_CU
1717445141.749617,273,38.2,47.6,CU_TO_DEV
1717445141.7691035,273,28.6,47.6,CU_TO_DEV
1717445151.6717625,322,3.9,47.4,OCC_TO_CU
1717445151.673679,322,0.0,47.4,OCC_TO_CU
1717445151.755646,273,25.8,47.6,CU_TO_DEV
1717445151.7741513,273,55.6,47.6,CU_TO_DEV
1717445161.6804585,322,3.6,47.5,OCC_TO_CU
1717445161.68176,322,100.0,47.5,OCC_TO_CU
1717445161.7622218,273,30.0,47.7,CU_TO_DEV
1717445161.7820957,273,42.9,47.7,CU_TO_DEV
1717445171.6793091,322,5.3,47.5,OCC_TO_CU
1717445171.680361,322,0.0,47.5,OCC_TO_CU
1717445171.7687428,273,34.3,47.7,CU_TO_DEV
1717445171.79024,273,66.7,47.7,CU_TO_DEV
1717445172.7355103,154,6.1,47.8,OCC_TO_CU
1717445172.770377,241,50.0,47.8,CU_TO_DEV
1717445172.7921348,241,75.0,47.8,CU_TO_DEV
1717445181.6904404,322,4.6,47.4,OCC_TO_CU
1717445181.6915517,322,0.0,47.4,OCC_TO_CU
1717445181.7787592,273,26.5,47.6,CU_TO_DEV
1717445181.7968457,273,42.9,47.6,CU_TO_DEV
1717445191.7093322,322,5.0,47.3,OCC_TO_CU
1717445191.710241,322,0.0,47.3,OCC_TO_CU
1717445191.7893293,273,34.4,47.5,CU_TO_DEV
1717445191.805261,273,40.0,47.5,CU_TO_DEV
1717445201.7291653,322,3.7,47.4,OCC_TO_CU
1717445201.7306607,322,0.0,47.4,OCC_TO_CU
1717445201.797018,273,86.2,47.6,CU_TO_DEV
1717445201.8139253,273,100.0,47.6,CU_TO_DEV
1717445211.7505891,322,5.5,47.3,OCC_TO_CU
1717445211.7516112,322,0.0,47.3,OCC_TO_CU
1717445211.8059144,273,35.0,47.4,CU_TO_DEV
1717445211.8192923,273,40.0,47.4,CU_TO_DEV
1717445221.767463,322,4.0,47.3,OCC_TO_CU
1717445221.7680342,322,0.0,47.3,OCC_TO_CU
1717445221.8118544,273,38.9,47.5,CU_TO_DEV
1717445221.8255734,273,50.0,47.6,CU_TO_DEV
1717445222.8043976,154,5.7,47.6,OCC_TO_CU
1717445222.813133,241,80.0,47.6,CU_TO_DEV
1717445222.8281217,241,100.0,47.6,CU_TO_DEV
1717445231.7646294,322,4.0,47.3,OCC_TO_CU
1717445231.7655687,322,0.0,47.3,OCC_TO_CU
1717445231.8188221,273,35.0,47.5,CU_TO_DEV
1717445231.83406,273,66.7,47.5,CU_TO_DEV
1717445241.7838867,322,4.1,47.4,OCC_TO_CU
1717445241.7869666,322,50.0,47.4,OCC_TO_CU
1717445241.8259466,273,57.1,47.6,CU_TO_DEV
1717445241.840332,273,40.0,47.6,CU_TO_DEV
1717445251.7758858,322,3.7,47.5,OCC_TO_CU
1717445251.7891822,322,50.0,47.5,OCC_TO_CU
1717445251.8315308,273,56.2,47.7,CU_TO_DEV
1717445251.8475215,273,40.0,47.7,CU_TO_DEV
1717445261.7889569,322,5.9,47.3,OCC_TO_CU
1717445261.7895763,322,0.0,47.3,OCC_TO_CU
1717445261.8360918,273,38.9,47.5,CU_TO_DEV
1717445261.8523839,273,40.0,47.5,CU_TO_DEV
1717445271.8050144,322,3.8,47.4,OCC_TO_CU
1717445271.8060865,322,0.0,47.4,OCC_TO_CU
1717445271.84221,273,53.8,47.6,CU_TO_DEV
1717445271.8588433,273,50.0,47.6,CU_TO_DEV
1717445272.8728974,154,7.4,47.6,OCC_TO_CU
1717445273.0437472,241,16.7,47.7,CU_TO_DEV
1717445273.061119,241,16.7,47.7,CU_TO_DEV
1717445281.830891,322,3.4,47.4,OCC_TO_CU
1717445281.8316796,322,0.0,47.4,OCC_TO_CU
1717445281.8503118,273,66.7,47.4,CU_TO_DEV
1717445281.8651776,273,50.0,47.5,CU_TO_DEV
1717445291.8502245,322,4.5,47.5,OCC_TO_CU
1717445291.8509035,322,0.0,47.5,OCC_TO_CU
1717445291.8581028,273,33.3,47.5,CU_TO_DEV
1717445291.87072,273,100.0,47.5,CU_TO_DEV
1717445301.83179,322,6.5,47.4,OCC_TO_CU
1717445301.832433,322,0.0,47.4,OCC_TO_CU
1717445301.8633764,273,58.3,47.5,CU_TO_DEV
1717445301.877439,273,71.4,47.6,CU_TO_DEV
1717445311.8482509,322,3.6,47.4,OCC_TO_CU
1717445311.8487856,322,100.0,47.4,OCC_TO_CU
1717445311.8691607,273,66.7,47.4,CU_TO_DEV
1717445311.8819263,273,50.0,47.5,CU_TO_DEV
1717445321.854303,322,4.5,47.4,OCC_TO_CU
1717445321.871299,322,75.0,47.4,OCC_TO_CU
1717445321.8772612,273,100.0,47.5,CU_TO_DEV
1717445321.8878512,273,100.0,47.5,CU_TO_DEV
1717445322.9448352,154,18.5,47.7,OCC_TO_CU
1717445323.0789616,241,11.3,47.7,CU_TO_DEV
1717445323.0891275,241,25.0,47.7,CU_TO_DEV
1717445331.862993,322,3.3,47.4,OCC_TO_CU
1717445331.8636832,322,0.0,47.4,OCC_TO_CU
1717445331.8835495,273,70.0,47.4,CU_TO_DEV
1717445331.895322,273,50.0,47.5,CU_TO_DEV
1717445341.9216146,322,4.8,47.4,OCC_TO_CU
1717445341.9249215,322,0.0,47.4,OCC_TO_CU
1717445342.0905483,273,14.7,47.6,CU_TO_DEV
1717445342.1009736,273,40.0,47.6,CU_TO_DEV
1717445351.8853524,322,4.8,47.3,OCC_TO_CU
1717445351.8896768,322,50.0,47.3,OCC_TO_CU
1717445351.897758,273,80.0,47.3,CU_TO_DEV
1717445351.9067225,273,100.0,47.3,CU_TO_DEV
1717445361.9077094,322,3.4,47.3,OCC_TO_CU
1717445361.9123762,273,0.0,47.3,CU_TO_DEV
1717445361.92187,322,100.0,47.3,OCC_TO_CU
1717445362.1048775,273,17.1,47.6,CU_TO_DEV
1717445362.114193,273,25.0,47.6,CU_TO_DEV
1717445371.9280446,322,4.1,47.4,OCC_TO_CU
1717445371.9288342,322,100.0,47.4,OCC_TO_CU
1717445372.1097846,273,7.1,47.6,CU_TO_DEV
1717445372.1197355,273,60.0,47.6,CU_TO_DEV
1717445373.0206985,154,6.7,47.7,OCC_TO_CU
1717445373.1108198,241,21.6,47.7,CU_TO_DEV
1717445373.1210356,241,33.3,47.7,CU_TO_DEV
1717445381.9194763,322,4.0,47.5,OCC_TO_CU
1717445381.9255238,273,0.0,47.5,CU_TO_DEV
1717445381.9377403,322,80.0,47.5,OCC_TO_CU
1717445382.1175385,273,18.3,47.7,CU_TO_DEV
1717445382.1266088,273,33.3,47.7,CU_TO_DEV
1717445391.934166,322,5.5,47.5,OCC_TO_CU
1717445391.93713,322,0.0,47.5,OCC_TO_CU
1717445392.125629,273,9.3,47.7,CU_TO_DEV
1717445392.1340897,273,33.3,47.7,CU_TO_DEV
1717445401.9521682,322,4.9,47.4,OCC_TO_CU
1717445401.9529433,322,0.0,47.4,OCC_TO_CU
1717445402.1303935,273,11.6,47.6,CU_TO_DEV
1717445402.1406853,273,25.0,47.6,CU_TO_DEV
1717445411.9842536,322,4.0,47.4,OCC_TO_CU
1717445411.985242,322,0.0,47.4,OCC_TO_CU
1717445412.1356914,273,11.9,47.7,CU_TO_DEV
1717445412.1454651,273,33.3,47.7,CU_TO_DEV
1717445421.9783514,322,4.0,47.5,OCC_TO_CU
1717445421.9793348,322,0.0,47.5,OCC_TO_CU
1717445422.141177,273,12.5,47.6,CU_TO_DEV
1717445422.1502573,273,25.0,47.7,CU_TO_DEV
1717445422.825568,154,2.6,47.7,OCC_TO_CU
1717445422.942231,241,31.1,47.7,CU_TO_DEV
1717445422.9512675,241,50.0,47.7,CU_TO_DEV
1717445432.0078027,322,4.7,47.4,OCC_TO_CU
1717445432.0085115,322,0.0,47.4,OCC_TO_CU
1717445432.1470356,273,16.1,47.6,CU_TO_DEV
1717445432.1570323,273,33.3,47.6,CU_TO_DEV
1717445441.9980044,322,4.7,47.3,OCC_TO_CU
1717445441.9986606,322,0.0,47.3,OCC_TO_CU
1717445442.1529274,273,71.0,47.5,CU_TO_DEV
1717445442.163825,273,0.0,47.5,CU_TO_DEV
1717445452.0117474,322,3.5,47.3,OCC_TO_CU
1717445452.0123835,322,0.0,47.3,OCC_TO_CU
1717445452.1590006,273,15.0,47.5,CU_TO_DEV
1717445452.1691024,273,0.0,47.5,CU_TO_DEV
1717445462.0314307,322,3.9,47.3,OCC_TO_CU
1717445462.0327704,322,100.0,47.3,OCC_TO_CU
1717445462.164073,273,15.4,47.6,CU_TO_DEV
1717445462.1767633,273,40.0,47.6,CU_TO_DEV
1717445472.038044,322,3.9,47.4,OCC_TO_CU
1717445472.0444126,322,0.0,47.4,OCC_TO_CU
1717445472.1701717,273,31.4,47.6,CU_TO_DEV
1717445472.182383,273,33.3,47.6,CU_TO_DEV
1717445472.8591099,154,3.7,47.6,OCC_TO_CU
1717445472.9713397,241,29.5,47.7,CU_TO_DEV
1717445472.9833074,241,60.0,47.7,CU_TO_DEV
1717445482.042052,322,5.8,47.4,OCC_TO_CU
1717445482.0433962,322,0.0,47.4,OCC_TO_CU
1717445482.1769862,273,14.8,47.6,CU_TO_DEV
1717445482.188974,273,25.0,47.6,CU_TO_DEV
1717445492.0439432,322,4.7,47.4,OCC_TO_CU
1717445492.0444698,322,0.0,47.4,OCC_TO_CU
1717445492.1864572,273,9.3,47.6,CU_TO_DEV
1717445492.1946137,273,25.0,47.6,CU_TO_DEV
1717445502.0727286,322,4.3,47.4,OCC_TO_CU
1717445502.073385,322,0.0,47.4,OCC_TO_CU
1717445502.191164,273,18.8,47.6,CU_TO_DEV
1717445502.1995907,273,0.0,47.6,CU_TO_DEV
1717445512.062798,322,4.8,47.3,OCC_TO_CU
1717445512.0645125,322,0.0,47.3,OCC_TO_CU
1717445512.1971197,273,17.0,47.5,CU_TO_DEV
1717445512.2068017,273,25.0,47.5,CU_TO_DEV
1717445522.0828705,322,4.2,47.3,OCC_TO_CU
1717445522.083522,322,0.0,47.3,OCC_TO_CU
1717445522.2025077,273,16.7,47.6,CU_TO_DEV
1717445522.2125876,273,40.0,47.6,CU_TO_DEV
1717445522.892155,154,4.4,47.6,OCC_TO_CU
1717445523.0035963,241,31.9,47.6,CU_TO_DEV
1717445523.013828,241,80.0,47.6,CU_TO_DEV
1717445532.118162,322,5.5,47.3,OCC_TO_CU
1717445532.1221414,322,0.0,47.3,OCC_TO_CU
1717445532.2100792,273,27.8,47.5,CU_TO_DEV
1717445532.2199798,273,25.0,47.5,CU_TO_DEV
1717445542.1012077,322,4.1,47.4,OCC_TO_CU
1717445542.1018302,322,0.0,47.4,OCC_TO_CU
1717445542.2152765,273,14.0,47.7,CU_TO_DEV
1717445542.2288425,273,33.3,47.7,CU_TO_DEV
1717445552.1127546,322,4.3,47.5,OCC_TO_CU
1717445552.1133888,322,0.0,47.5,OCC_TO_CU
1717445552.2206993,273,18.6,47.7,CU_TO_DEV
1717445552.2334297,273,20.0,47.7,CU_TO_DEV
1717445562.127722,322,4.3,47.5,OCC_TO_CU
1717445562.1283295,322,0.0,47.5,OCC_TO_CU
1717445562.2289464,273,92.9,47.8,CU_TO_DEV
1717445562.2379892,273,50.0,47.8,CU_TO_DEV
1717445572.139747,322,3.7,47.5,OCC_TO_CU
1717445572.1403995,322,0.0,47.5,OCC_TO_CU
1717445572.2338703,273,18.9,47.6,CU_TO_DEV
1717445572.243009,273,33.3,47.7,CU_TO_DEV
1717445573.0021951,154,18.5,47.6,OCC_TO_CU
1717445573.034834,241,50.0,47.6,CU_TO_DEV
1717445573.0439003,241,40.0,47.6,CU_TO_DEV
1717445582.1412416,322,4.2,47.4,OCC_TO_CU
1717445582.1418679,322,0.0,47.4,OCC_TO_CU
1717445582.2448673,273,92.5,47.7,CU_TO_DEV
1717445582.2490869,273,100.0,47.7,CU_TO_DEV
1717445592.1520057,322,5.0,47.3,OCC_TO_CU
1717445592.1526732,322,100.0,47.3,OCC_TO_CU
1717445592.2494106,273,21.1,47.5,CU_TO_DEV
1717445592.2585692,273,25.0,47.5,CU_TO_DEV
1717445602.185502,322,4.2,47.3,OCC_TO_CU
1717445602.186547,322,0.0,47.3,OCC_TO_CU
1717445602.2554114,273,28.6,47.5,CU_TO_DEV
1717445602.2645013,273,0.0,47.5,CU_TO_DEV
1717445612.2036378,322,4.0,47.4,OCC_TO_CU
1717445612.2043848,322,0.0,47.4,OCC_TO_CU
1717445612.2606127,273,27.3,47.6,CU_TO_DEV
1717445612.2709932,273,66.7,47.6,CU_TO_DEV
1717445622.1956701,322,4.8,47.3,OCC_TO_CU
1717445622.19671,322,100.0,47.3,OCC_TO_CU
1717445622.267635,273,22.2,47.6,CU_TO_DEV
1717445622.276283,273,33.3,47.6,CU_TO_DEV
1717445623.0649931,154,4.1,47.6,OCC_TO_CU
1717445623.0687213,241,0.0,47.6,CU_TO_DEV
1717445623.0775688,241,80.0,47.6,CU_TO_DEV
1717445632.2001922,322,4.1,47.4,OCC_TO_CU
1717445632.2008247,322,0.0,47.4,OCC_TO_CU
1717445632.273911,273,10.7,47.4,CU_TO_DEV
1717445632.2828074,273,50.0,47.4,CU_TO_DEV
1717445642.2057998,322,3.9,47.5,OCC_TO_CU
1717445642.2063959,322,0.0,47.5,OCC_TO_CU
1717445642.2793775,273,25.0,47.6,CU_TO_DEV
1717445642.2885985,273,50.0,47.6,CU_TO_DEV
1717445652.2288678,322,3.8,47.5,OCC_TO_CU
1717445652.2296543,322,0.0,47.5,OCC_TO_CU
1717445652.2848778,273,30.4,47.7,CU_TO_DEV
1717445652.2926958,273,50.0,47.7,CU_TO_DEV
1717445662.2447338,322,3.6,47.6,OCC_TO_CU
1717445662.2453926,322,0.0,47.6,OCC_TO_CU
1717445662.2896316,273,35.3,47.8,CU_TO_DEV
1717445662.297803,273,25.0,47.8,CU_TO_DEV
1717445672.2446203,322,5.8,47.4,OCC_TO_CU
1717445672.2451499,322,0.0,47.4,OCC_TO_CU
1717445672.2989938,273,30.4,47.6,CU_TO_DEV
1717445672.3039305,273,0.0,47.6,CU_TO_DEV
1717445673.1343849,154,4.2,47.6,OCC_TO_CU
1717445673.3002663,241,15.4,47.7,CU_TO_DEV
1717445673.3057888,241,66.7,47.7,CU_TO_DEV
1717445682.2734294,322,5.5,47.4,OCC_TO_CU
1717445682.2739742,322,0.0,47.4,OCC_TO_CU
1717445682.310527,273,78.6,47.4,CU_TO_DEV
1717445682.3129861,273,100.0,47.4,CU_TO_DEV
1717445692.2920709,322,4.4,47.3,OCC_TO_CU
1717445692.2930915,322,100.0,47.3,OCC_TO_CU
1717445692.318049,273,40.0,47.4,CU_TO_DEV
1717445692.3172197,273,40.0,47.4,CU_TO_DEV
1717445702.2766376,322,4.0,47.3,OCC_TO_CU
1717445702.277306,322,0.0,47.3,OCC_TO_CU
1717445702.3242571,273,29.4,47.5,CU_TO_DEV
1717445702.3250828,273,100.0,47.5,CU_TO_DEV
1717445712.2847128,322,5.5,47.3,OCC_TO_CU
1717445712.286151,322,0.0,47.3,OCC_TO_CU
1717445712.329957,273,33.3,47.5,CU_TO_DEV
1717445712.330468,273,0.0,47.5,CU_TO_DEV
1717445722.2952604,322,4.4,47.4,OCC_TO_CU
1717445722.2959414,322,0.0,47.4,OCC_TO_CU
1717445722.3354173,273,37.5,47.6,CU_TO_DEV
1717445722.3357956,273,0.0,47.6,CU_TO_DEV
1717445723.2053635,154,4.9,47.6,OCC_TO_CU
1717445723.33749,241,25.9,47.6,CU_TO_DEV
1717445723.3381412,241,0.0,47.6,CU_TO_DEV
1717445732.3040047,322,3.7,47.4,OCC_TO_CU
1717445732.3046486,322,100.0,47.4,OCC_TO_CU
1717445732.3419929,273,38.5,47.6,CU_TO_DEV
1717445732.3431542,273,0.0,47.6,CU_TO_DEV
1717445742.316146,322,4.0,47.5,OCC_TO_CU
1717445742.316835,322,100.0,47.5,OCC_TO_CU
1717445742.3474407,273,36.4,47.6,CU_TO_DEV
1717445742.3482325,273,0.0,47.6,CU_TO_DEV
1717445752.3288252,322,5.1,47.5,OCC_TO_CU
1717445752.3293633,322,0.0,47.5,OCC_TO_CU
1717445752.3524907,273,37.5,47.6,CU_TO_DEV
1717445752.3532078,273,100.0,47.6,CU_TO_DEV
1717445762.3340945,322,4.9,47.4,OCC_TO_CU
1717445762.334607,322,0.0,47.4,OCC_TO_CU
1717445762.3584015,273,33.3,47.4,CU_TO_DEV
1717445762.3593447,273,0.0,47.4,CU_TO_DEV
1717445772.3448985,322,3.8,47.4,OCC_TO_CU
1717445772.3455563,322,0.0,47.4,OCC_TO_CU
1717445772.3631375,273,50.0,47.5,CU_TO_DEV
1717445772.3637142,273,0.0,47.5,CU_TO_DEV
1717445773.2690353,154,5.0,47.7,OCC_TO_CU
1717445773.364383,241,21.6,47.7,CU_TO_DEV
1717445773.3650267,241,100.0,47.7,CU_TO_DEV
1717445782.376898,322,4.0,47.5,OCC_TO_CU
1717445782.3776476,322,0.0,47.5,OCC_TO_CU
1717445782.569923,273,8.0,47.7,CU_TO_DEV
1717445782.5700054,273,8.0,47.7,CU_TO_DEV
1717445792.3714929,322,4.7,47.5,OCC_TO_CU
1717445792.3743048,273,0.0,47.5,CU_TO_DEV
1717445792.3742635,273,0.0,47.5,CU_TO_DEV
1717445792.3950155,322,75.0,47.5,OCC_TO_CU
1717445792.5750692,273,16.9,47.7,CU_TO_DEV
1717445792.575113,273,16.9,47.7,CU_TO_DEV
1717445802.3826394,322,6.3,47.4,OCC_TO_CU
1717445802.383167,322,0.0,47.4,OCC_TO_CU
1717445802.5826142,273,7.6,47.5,CU_TO_DEV
1717445802.5829976,273,0.0,47.5,CU_TO_DEV
1717445812.3932097,322,4.1,47.3,OCC_TO_CU
1717445812.3938413,322,0.0,47.3,OCC_TO_CU
1717445812.5872865,273,8.0,47.6,CU_TO_DEV
1717445812.5873487,273,8.0,47.6,CU_TO_DEV
1717445822.4071028,322,3.8,47.4,OCC_TO_CU
1717445822.4077513,322,0.0,47.4,OCC_TO_CU
1717445822.5923743,273,13.3,47.6,CU_TO_DEV
1717445822.5928245,273,0.0,47.6,CU_TO_DEV
1717445823.3370283,154,5.7,47.7,OCC_TO_CU
1717445823.3941877,241,42.1,47.7,CU_TO_DEV
1717445823.3938506,241,42.1,47.7,CU_TO_DEV
1717445832.4150414,322,4.7,47.4,OCC_TO_CU
1717445832.415752,322,0.0,47.4,OCC_TO_CU
1717445832.5985165,273,9.6,47.6,CU_TO_DEV
1717445832.5986729,273,9.6,47.6,CU_TO_DEV
1717445842.429948,322,3.4,47.4,OCC_TO_CU
1717445842.4306202,322,0.0,47.4,OCC_TO_CU
1717445842.603117,273,11.6,47.6,CU_TO_DEV
1717445842.6031983,273,11.6,47.6,CU_TO_DEV
1717445852.437566,322,5.5,47.4,OCC_TO_CU
1717445852.438281,322,0.0,47.4,OCC_TO_CU
1717445852.6077485,273,7.8,47.6,CU_TO_DEV
1717445852.6078174,273,7.8,47.6,CU_TO_DEV
1717445862.4515445,322,4.1,47.4,OCC_TO_CU
1717445862.4522898,322,0.0,47.4,OCC_TO_CU
1717445862.613281,273,16.4,47.6,CU_TO_DEV
1717445862.6138272,273,0.0,47.6,CU_TO_DEV
1717445872.4741883,322,3.7,47.5,OCC_TO_CU
1717445872.47485,322,0.0,47.5,OCC_TO_CU
1717445872.6181004,273,15.5,47.6,CU_TO_DEV
1717445872.6183465,273,0.0,47.6,CU_TO_DEV
1717445873.0970154,154,3.7,47.7,OCC_TO_CU
1717445873.219311,241,32.7,47.7,CU_TO_DEV
1717445873.2191823,241,32.7,47.7,CU_TO_DEV
1717445882.46361,322,4.2,47.5,OCC_TO_CU
1717445882.4647288,322,100.0,47.5,OCC_TO_CU
1717445882.6240761,273,78.1,47.6,CU_TO_DEV
1717445882.624147,273,78.1,47.6,CU_TO_DEV
1717445892.472787,322,4.9,47.4,OCC_TO_CU
1717445892.473961,322,0.0,47.4,OCC_TO_CU
1717445892.6289191,273,11.3,47.6,CU_TO_DEV
1717445892.62881,273,11.3,47.6,CU_TO_DEV
1717445902.515194,322,3.5,47.4,OCC_TO_CU
1717445902.5159566,322,0.0,47.4,OCC_TO_CU
1717445902.6335876,273,17.0,47.6,CU_TO_DEV
1717445902.6336665,273,17.0,47.6,CU_TO_DEV
1717445912.502971,322,4.1,47.4,OCC_TO_CU
1717445912.5044782,322,0.0,47.4,OCC_TO_CU
1717445912.639462,273,14.8,47.6,CU_TO_DEV
1717445912.6400876,273,0.0,47.6,CU_TO_DEV
1717445922.5313454,322,4.5,47.3,OCC_TO_CU
1717445922.532117,322,0.0,47.3,OCC_TO_CU
1717445922.644545,273,20.0,47.5,CU_TO_DEV
1717445922.644626,273,20.0,47.5,CU_TO_DEV
1717445923.165729,154,21.7,47.5,OCC_TO_CU
1717445923.2454846,241,21.4,47.5,CU_TO_DEV
1717445923.2455342,241,21.4,47.5,CU_TO_DEV
1717445932.5260124,322,3.5,47.3,OCC_TO_CU
1717445932.5266418,322,0.0,47.3,OCC_TO_CU
1717445932.6500034,273,14.6,47.5,CU_TO_DEV
1717445932.6500878,273,14.6,47.5,CU_TO_DEV
1717445942.5265505,322,5.0,47.3,OCC_TO_CU
1717445942.5292919,322,0.0,47.3,OCC_TO_CU
1717445942.655548,273,15.7,47.5,CU_TO_DEV
1717445942.6557846,273,0.0,47.5,CU_TO_DEV
1717445952.5450006,322,4.2,47.3,OCC_TO_CU
1717445952.5638626,322,33.3,47.3,OCC_TO_CU
1717445952.6606736,273,32.5,47.5,CU_TO_DEV
1717445952.660576,273,32.5,47.5,CU_TO_DEV
1717445962.5531783,322,4.1,47.3,OCC_TO_CU
1717445962.5544536,322,0.0,47.3,OCC_TO_CU
1717445962.666076,273,12.2,47.5,CU_TO_DEV
1717445962.666309,273,0.0,47.5,CU_TO_DEV
1717445972.5712657,322,3.9,47.4,OCC_TO_CU
1717445972.571913,322,0.0,47.4,OCC_TO_CU
1717445972.6712396,273,18.4,47.6,CU_TO_DEV
1717445972.6716998,273,0.0,47.6,CU_TO_DEV
1717445973.1572196,154,4.1,47.6,OCC_TO_CU
1717445973.2724,241,33.3,47.6,CU_TO_DEV
1717445973.2721934,241,34.8,47.6,CU_TO_DEV
1717445982.568019,322,4.5,47.4,OCC_TO_CU
1717445982.5711777,322,0.0,47.4,OCC_TO_CU
1717445982.678448,273,18.6,47.6,CU_TO_DEV
1717445982.6783834,273,18.6,47.6,CU_TO_DEV
1717445992.5872416,322,5.5,47.3,OCC_TO_CU
1717445992.5880284,322,0.0,47.3,OCC_TO_CU
1717445992.685173,273,22.5,47.5,CU_TO_DEV
1717445992.6855824,273,0.0,47.5,CU_TO_DEV
1717446002.60934,322,4.6,47.3,OCC_TO_CU
1717446002.6099224,322,0.0,47.3,OCC_TO_CU
1717446002.6904123,273,21.9,47.5,CU_TO_DEV
1717446002.690474,273,21.9,47.5,CU_TO_DEV
1717446012.6152658,322,4.3,47.3,OCC_TO_CU
1717446012.615894,322,0.0,47.3,OCC_TO_CU
1717446012.6954224,273,25.8,47.5,CU_TO_DEV
1717446012.6955109,273,25.8,47.5,CU_TO_DEV
1717446022.6229043,322,3.8,47.3,OCC_TO_CU
1717446022.623979,322,0.0,47.3,OCC_TO_CU
1717446022.700597,273,28.1,47.6,CU_TO_DEV
1717446022.7008371,273,28.1,47.6,CU_TO_DEV
1717446023.298476,154,5.5,47.6,OCC_TO_CU
1717446023.301938,241,0.0,47.6,CU_TO_DEV
1717446023.3018854,241,0.0,47.6,CU_TO_DEV
1717446032.6414316,322,5.2,47.3,OCC_TO_CU
1717446032.6420975,322,0.0,47.3,OCC_TO_CU
1717446032.7071054,273,23.1,47.5,CU_TO_DEV
1717446032.7068462,273,23.1,47.5,CU_TO_DEV
1717446042.653489,322,4.0,47.4,OCC_TO_CU
1717446042.6542442,322,0.0,47.4,OCC_TO_CU
1717446042.7149973,273,84.6,47.6,CU_TO_DEV
1717446042.7152867,273,84.6,47.6,CU_TO_DEV
1717446052.6638048,322,4.4,47.3,OCC_TO_CU
1717446052.6645389,322,0.0,47.3,OCC_TO_CU
1717446052.7206366,273,33.3,47.5,CU_TO_DEV
1717446052.7200503,273,33.3,47.5,CU_TO_DEV
1717446062.6681585,322,4.1,47.3,OCC_TO_CU
1717446062.6688218,322,100.0,47.3,OCC_TO_CU
1717446062.7280533,273,30.4,47.5,CU_TO_DEV
1717446062.7281203,273,30.4,47.5,CU_TO_DEV
1717446072.6742618,322,3.9,47.4,OCC_TO_CU
1717446072.674944,322,0.0,47.4,OCC_TO_CU
1717446072.7340212,273,33.3,47.6,CU_TO_DEV
1717446072.7338192,273,33.3,47.6,CU_TO_DEV
1717446073.365091,154,9.8,47.7,OCC_TO_CU
1717446073.5358598,241,11.9,47.7,CU_TO_DEV
1717446073.5359526,241,11.9,47.7,CU_TO_DEV
1717446082.6920996,322,5.8,47.3,OCC_TO_CU
1717446082.6928213,322,100.0,47.3,OCC_TO_CU
1717446082.7403946,273,26.3,47.5,CU_TO_DEV
1717446082.740447,273,30.0,47.5,CU_TO_DEV
1717446092.7042327,322,4.8,47.2,OCC_TO_CU
1717446092.7050335,322,0.0,47.2,OCC_TO_CU
1717446092.745593,273,40.0,47.4,CU_TO_DEV
1717446092.745502,273,40.0,47.4,CU_TO_DEV
1717446102.741251,322,4.1,47.2,OCC_TO_CU
1717446102.741891,322,0.0,47.2,OCC_TO_CU
1717446102.7511435,273,0.0,47.2,CU_TO_DEV
1717446102.7518373,273,0.0,47.2,CU_TO_DEV
1717446112.7393098,322,4.5,47.3,OCC_TO_CU
1717446112.7399738,322,0.0,47.3,OCC_TO_CU
1717446112.7576654,273,33.3,47.3,CU_TO_DEV
1717446112.758353,273,0.0,47.3,CU_TO_DEV
1717446122.7595372,322,5.6,47.3,OCC_TO_CU
1717446122.7600527,322,0.0,47.3,OCC_TO_CU
1717446122.767863,273,0.0,47.3,CU_TO_DEV
1717446122.7688596,273,100.0,47.3,CU_TO_DEV
1717446123.4548373,154,8.8,47.5,OCC_TO_CU
1717446123.568945,241,10.9,47.5,CU_TO_DEV
1717446123.5697453,241,0.0,47.5,CU_TO_DEV
1717446132.7825756,322,3.9,47.3,OCC_TO_CU
1717446132.7832382,322,0.0,47.3,OCC_TO_CU
1717446132.97832,273,9.1,47.5,CU_TO_DEV
1717446132.9788446,273,0.0,47.5,CU_TO_DEV
1717446142.827125,322,4.1,47.4,OCC_TO_CU
1717446142.828202,322,0.0,47.4,OCC_TO_CU
1717446142.9872494,273,14.3,47.6,CU_TO_DEV
1717446142.9874964,273,0.0,47.6,CU_TO_DEV
1717446152.8554778,322,4.1,47.4,OCC_TO_CU
1717446152.8560987,322,0.0,47.4,OCC_TO_CU
1717446152.9948442,273,12.7,47.6,CU_TO_DEV
1717446152.995443,273,0.0,47.6,CU_TO_DEV
1717446162.8600988,322,4.1,47.5,OCC_TO_CU
1717446162.8607008,322,100.0,47.5,OCC_TO_CU
1717446163.0036478,273,78.9,47.6,CU_TO_DEV
1717446163.0042589,273,0.0,47.6,CU_TO_DEV
1717446172.8852131,322,5.8,47.2,OCC_TO_CU
1717446172.8857462,322,0.0,47.2,OCC_TO_CU
1717446173.0132253,273,8.3,47.4,CU_TO_DEV
1717446173.0170527,273,0.0,47.4,CU_TO_DEV
1717446173.3796072,154,7.0,47.5,OCC_TO_CU
1717446173.4139433,241,64.3,47.5,CU_TO_DEV
1717446173.4177034,241,0.0,47.5,CU_TO_DEV
1717446182.8947284,322,4.0,47.3,OCC_TO_CU
1717446182.8956444,322,0.0,47.3,OCC_TO_CU
1717446183.0201218,273,14.3,47.5,CU_TO_DEV
1717446183.0234451,273,0.0,47.5,CU_TO_DEV
1717446192.9176364,322,5.0,47.2,OCC_TO_CU
1717446192.9253561,322,50.0,47.2,OCC_TO_CU
1717446193.0265467,273,27.0,47.5,CU_TO_DEV
1717446193.0276399,273,0.0,47.5,CU_TO_DEV
1717446202.949031,322,4.1,47.3,OCC_TO_CU
1717446202.9501054,322,0.0,47.3,OCC_TO_CU
1717446203.034531,273,18.7,47.5,CU_TO_DEV
1717446203.03448,273,18.7,47.5,CU_TO_DEV
1717446212.9721477,322,5.3,47.2,OCC_TO_CU
1717446212.9726837,322,100.0,47.2,OCC_TO_CU
1717446213.0420487,273,16.0,47.4,CU_TO_DEV
1717446213.0420988,273,16.0,47.4,CU_TO_DEV
1717446222.9966455,322,4.0,47.3,OCC_TO_CU
1717446222.9973469,322,0.0,47.3,OCC_TO_CU
1717446223.0482266,273,31.6,47.5,CU_TO_DEV
1717446223.0482805,273,31.6,47.5,CU_TO_DEV
1717446223.49054,154,9.7,47.5,OCC_TO_CU
1717446223.649556,241,16.1,47.5,CU_TO_DEV
1717446223.6496398,241,16.1,47.5,CU_TO_DEV
1717446232.9983501,322,3.6,47.3,OCC_TO_CU
1717446233.0003395,322,0.0,47.3,OCC_TO_CU
1717446233.0549653,273,31.8,47.5,CU_TO_DEV
1717446233.055205,273,31.8,47.5,CU_TO_DEV
1717446243.002554,322,3.7,47.4,OCC_TO_CU
1717446243.0157785,322,25.0,47.4,OCC_TO_CU
1717446243.0626986,273,50.0,47.6,CU_TO_DEV
1717446243.0631847,273,0.0,47.6,CU_TO_DEV
1717446253.02244,322,4.6,47.3,OCC_TO_CU
1717446253.0230763,322,0.0,47.3,OCC_TO_CU
1717446253.070425,273,40.0,47.6,CU_TO_DEV
1717446253.0730946,273,0.0,47.6,CU_TO_DEV
1717446263.0325017,322,5.0,47.3,OCC_TO_CU
1717446263.0331912,322,0.0,47.3,OCC_TO_CU
1717446263.0794568,273,38.9,47.5,CU_TO_DEV
1717446263.08009,273,0.0,47.5,CU_TO_DEV
1717446273.0515532,322,3.8,47.4,OCC_TO_CU
1717446273.0649662,322,40.0,47.4,OCC_TO_CU
1717446273.0863245,273,55.6,47.5,CU_TO_DEV
1717446273.0883348,273,0.0,47.5,CU_TO_DEV
1717446273.4814155,154,12.8,47.6,OCC_TO_CU
1717446273.4878325,241,100.0,47.6,CU_TO_DEV
1717446273.4914193,241,100.0,47.6,CU_TO_DEV
1717446283.0654368,322,3.8,47.4,OCC_TO_CU
1717446283.0808825,322,50.0,47.4,OCC_TO_CU
1717446283.0963454,273,100.0,47.5,CU_TO_DEV
1717446283.0993297,273,100.0,47.5,CU_TO_DEV
1717446293.0817976,322,5.7,47.3,OCC_TO_CU
1717446293.0824883,322,0.0,47.3,OCC_TO_CU
1717446293.1070802,273,40.0,47.3,CU_TO_DEV
1717446293.1071272,273,40.0,47.3,CU_TO_DEV
1717446303.0965571,322,5.2,47.2,OCC_TO_CU
1717446303.0971081,322,100.0,47.2,OCC_TO_CU
1717446303.1137757,273,33.3,47.2,CU_TO_DEV
1717446303.1136491,273,33.3,47.2,CU_TO_DEV
1717446313.1113012,322,3.7,47.3,OCC_TO_CU
1717446313.1119533,322,0.0,47.3,OCC_TO_CU
1717446313.121395,273,40.0,47.3,CU_TO_DEV
1717446313.1221197,273,0.0,47.3,CU_TO_DEV
1717446323.1283674,322,4.6,47.3,OCC_TO_CU
1717446323.129211,322,100.0,47.3,OCC_TO_CU
1717446323.3290932,273,10.0,47.5,CU_TO_DEV
1717446323.3291714,273,10.0,47.5,CU_TO_DEV
1717446323.5541918,154,14.9,47.6,OCC_TO_CU
1717446323.7299566,241,17.1,47.6,CU_TO_DEV
1717446323.7305827,241,0.0,47.6,CU_TO_DEV
1717446333.1494634,322,4.4,47.3,OCC_TO_CU
1717446333.150209,322,0.0,47.3,OCC_TO_CU
1717446333.3361359,273,12.0,47.5,CU_TO_DEV
1717446333.3367884,273,100.0,47.5,CU_TO_DEV
1717446343.1798747,322,4.2,47.3,OCC_TO_CU
1717446343.1806407,322,50.0,47.3,OCC_TO_CU
1717446343.3433087,273,11.1,47.5,CU_TO_DEV
1717446343.3439717,273,0.0,47.5,CU_TO_DEV
1717446353.1688862,322,5.2,47.3,OCC_TO_CU
1717446353.169645,322,0.0,47.3,OCC_TO_CU
1717446353.3508394,273,11.1,47.5,CU_TO_DEV
1717446353.3509028,273,11.1,47.5,CU_TO_DEV
1717446363.1822553,322,3.9,47.3,OCC_TO_CU
1717446363.1921957,322,0.0,47.3,OCC_TO_CU
1717446363.3582036,273,16.9,47.5,CU_TO_DEV
1717446363.3582873,273,16.9,47.5,CU_TO_DEV
1717446373.2024837,322,4.2,47.4,OCC_TO_CU
1717446373.203131,322,0.0,47.4,OCC_TO_CU
1717446373.3648763,273,12.5,47.7,CU_TO_DEV
1717446373.3649406,273,12.5,47.7,CU_TO_DEV
1717446373.6350179,154,14.0,47.7,OCC_TO_CU
1717446373.7659945,241,17.6,47.7,CU_TO_DEV
1717446373.7660816,241,17.6,47.7,CU_TO_DEV
1717446383.207936,322,5.4,47.5,OCC_TO_CU
1717446383.2088616,322,100.0,47.5,OCC_TO_CU
1717446383.372706,273,12.3,47.7,CU_TO_DEV
1717446383.3734238,273,0.0,47.7,CU_TO_DEV
1717446393.22804,322,5.3,47.5,OCC_TO_CU
1717446393.231627,322,0.0,47.5,OCC_TO_CU
1717446393.3851953,273,78.3,47.7,CU_TO_DEV
1717446393.385309,273,78.3,47.7,CU_TO_DEV
1717446403.2503028,322,3.9,47.4,OCC_TO_CU
1717446403.250952,322,0.0,47.4,OCC_TO_CU
1717446403.3912952,273,82.1,47.6,CU_TO_DEV
1717446403.3911874,273,82.1,47.6,CU_TO_DEV
1717446413.2575603,322,4.0,47.2,OCC_TO_CU
1717446413.2580917,322,0.0,47.2,OCC_TO_CU
1717446413.398233,273,14.8,47.5,CU_TO_DEV
1717446413.3987422,273,0.0,47.5,CU_TO_DEV
1717446423.269763,322,3.9,47.2,OCC_TO_CU
1717446423.2705505,322,0.0,47.2,OCC_TO_CU
1717446423.4053035,273,18.9,47.5,CU_TO_DEV
1717446423.4053714,273,18.9,47.5,CU_TO_DEV
1717446423.6110315,154,12.2,47.5,OCC_TO_CU
1717446423.8064723,241,19.0,47.5,CU_TO_DEV
1717446423.8069232,241,0.0,47.5,CU_TO_DEV
1717446433.2902122,322,4.2,47.3,OCC_TO_CU
1717446433.2910311,322,0.0,47.3,OCC_TO_CU
1717446433.4129019,273,28.0,47.5,CU_TO_DEV
1717446433.4133575,273,0.0,47.5,CU_TO_DEV
1717446443.2930777,322,5.2,47.3,OCC_TO_CU
1717446443.2938552,322,0.0,47.3,OCC_TO_CU
1717446443.419612,273,20.4,47.6,CU_TO_DEV
1717446443.4195282,273,20.4,47.6,CU_TO_DEV
1717446453.3091633,322,3.7,47.4,OCC_TO_CU
1717446453.3101125,322,0.0,47.4,OCC_TO_CU
1717446453.4265702,273,26.1,47.6,CU_TO_DEV
1717446453.4270456,273,0.0,47.6,CU_TO_DEV
1717446463.3237112,322,3.6,47.4,OCC_TO_CU
1717446463.324785,322,0.0,47.4,OCC_TO_CU
1717446463.4349644,273,27.9,47.6,CU_TO_DEV
1717446463.4354575,273,0.0,47.6,CU_TO_DEV
1717446473.341861,322,3.9,47.4,OCC_TO_CU
1717446473.3426466,322,0.0,47.4,OCC_TO_CU
1717446473.4426637,273,34.2,47.7,CU_TO_DEV
1717446473.442848,273,33.3,47.7,CU_TO_DEV
1717446473.6924121,154,11.1,47.7,OCC_TO_CU
1717446473.8435786,241,19.4,47.7,CU_TO_DEV
1717446473.8441572,241,0.0,47.7,CU_TO_DEV
1717446483.3370166,322,5.2,47.4,OCC_TO_CU
1717446483.3376307,322,0.0,47.4,OCC_TO_CU
1717446483.4535227,273,20.0,47.7,CU_TO_DEV
1717446483.4537685,273,0.0,47.7,CU_TO_DEV
1717446493.3553565,322,3.5,47.5,OCC_TO_CU
1717446493.356169,322,0.0,47.5,OCC_TO_CU
1717446493.4624615,273,90.5,47.7,CU_TO_DEV
1717446493.463004,273,0.0,47.7,CU_TO_DEV
1717446503.3753488,322,5.0,47.4,OCC_TO_CU
1717446503.3831258,322,0.0,47.4,OCC_TO_CU
1717446503.4687948,273,61.8,47.5,CU_TO_DEV
1717446503.4694133,273,0.0,47.5,CU_TO_DEV
1717446513.3836858,322,3.4,47.4,OCC_TO_CU
1717446513.3847365,322,66.7,47.4,OCC_TO_CU
1717446513.4749393,273,36.1,47.6,CU_TO_DEV
1717446513.475285,273,0.0,47.6,CU_TO_DEV
1717446523.4245503,322,4.1,47.4,OCC_TO_CU
1717446523.4255502,322,0.0,47.4,OCC_TO_CU
1717446523.482912,273,30.4,47.6,CU_TO_DEV
1717446523.4828196,273,30.4,47.6,CU_TO_DEV
1717446523.7730236,154,33.1,47.6,OCC_TO_CU
1717446523.88409,241,66.7,47.6,CU_TO_DEV
1717446523.884451,241,0.0,47.6,CU_TO_DEV
1717446533.403323,322,4.8,47.2,OCC_TO_CU
1717446533.4043553,322,0.0,47.2,OCC_TO_CU
1717446533.4918432,273,25.0,47.4,CU_TO_DEV
1717446533.4920807,273,0.0,47.4,CU_TO_DEV
1717446543.4150276,322,3.7,47.3,OCC_TO_CU
1717446543.415983,322,0.0,47.3,OCC_TO_CU
1717446543.4977753,273,27.3,47.5,CU_TO_DEV
1717446543.4980106,273,27.3,47.5,CU_TO_DEV
1717446553.4247358,322,4.0,47.3,OCC_TO_CU
1717446553.4393983,322,25.0,47.3,OCC_TO_CU
1717446553.5037484,273,42.3,47.5,CU_TO_DEV
1717446553.503666,273,42.3,47.5,CU_TO_DEV
1717446563.4407725,322,3.5,47.4,OCC_TO_CU
1717446563.4414523,322,0.0,47.4,OCC_TO_CU
1717446563.5098696,273,20.0,47.6,CU_TO_DEV
1717446563.5103998,273,0.0,47.6,CU_TO_DEV
1717446573.4522004,322,4.2,47.5,OCC_TO_CU
1717446573.452878,322,100.0,47.5,OCC_TO_CU
1717446573.5165648,273,16.0,47.5,CU_TO_DEV
1717446573.516859,273,100.0,47.5,CU_TO_DEV
1717446573.7454655,154,28.3,47.7,OCC_TO_CU
1717446573.918446,241,88.2,47.7,CU_TO_DEV
1717446573.920203,241,0.0,47.7,CU_TO_DEV
1717446583.4604182,322,4.4,47.3,OCC_TO_CU
1717446583.461158,322,100.0,47.3,OCC_TO_CU
1717446583.5249047,273,26.9,47.5,CU_TO_DEV
1717446583.5257428,273,0.0,47.5,CU_TO_DEV
1717446593.4866185,322,3.8,47.4,OCC_TO_CU
1717446593.4872918,322,0.0,47.4,OCC_TO_CU
1717446593.5332303,273,36.8,47.6,CU_TO_DEV
1717446593.5331337,273,36.8,47.6,CU_TO_DEV
1717446603.490201,322,4.7,47.4,OCC_TO_CU
1717446603.4908216,322,0.0,47.4,OCC_TO_CU
1717446603.5403028,273,27.8,47.5,CU_TO_DEV
1717446603.5403526,273,27.8,47.5,CU_TO_DEV
1717446613.5109224,322,4.2,47.4,OCC_TO_CU
1717446613.5115538,322,0.0,47.4,OCC_TO_CU
1717446613.5470915,273,35.7,47.6,CU_TO_DEV
1717446613.5477438,273,0.0,47.6,CU_TO_DEV
1717446623.5184789,322,4.7,47.4,OCC_TO_CU
1717446623.519007,322,0.0,47.4,OCC_TO_CU
1717446623.553118,273,42.9,47.6,CU_TO_DEV
1717446623.5535343,273,0.0,47.6,CU_TO_DEV
1717446623.8200986,154,7.8,47.6,OCC_TO_CU
1717446623.9538975,241,16.7,47.6,CU_TO_DEV
1717446623.9544232,241,0.0,47.6,CU_TO_DEV
1717446633.529974,322,3.8,47.4,OCC_TO_CU
1717446633.5306118,322,0.0,47.4,OCC_TO_CU
1717446633.5600595,273,38.5,47.5,CU_TO_DEV
1717446633.561013,273,100.0,47.5,CU_TO_DEV
1717446643.5422118,322,3.9,47.5,OCC_TO_CU
1717446643.5428689,322,0.0,47.5,OCC_TO_CU
1717446643.5695777,273,41.7,47.6,CU_TO_DEV
1717446643.5703104,273,0.0,47.6,CU_TO_DEV
1717446653.5727394,322,4.3,47.5,OCC_TO_CU
1717446653.5734007,322,0.0,47.5,OCC_TO_CU
1717446653.5760682,273,0.0,47.5,CU_TO_DEV
1717446653.5759468,273,0.0,47.5,CU_TO_DEV
1717446663.5820637,322,5.6,47.4,OCC_TO_CU
1717446663.5827672,322,0.0,47.4,OCC_TO_CU
1717446663.7822094,273,12.8,47.6,CU_TO_DEV
1717446663.782824,273,0.0,47.6,CU_TO_DEV
1717446673.5885363,322,5.0,47.3,OCC_TO_CU
1717446673.5890841,322,100.0,47.3,OCC_TO_CU
1717446673.5900965,273,0.0,47.3,CU_TO_DEV
1717446673.5970664,273,33.3,47.3,CU_TO_DEV
1717446673.9219396,154,13.1,47.5,OCC_TO_CU
1717446673.9906888,241,35.7,47.5,CU_TO_DEV
1717446673.9982967,241,33.3,47.5,CU_TO_DEV
1717446683.6030385,322,4.3,47.3,OCC_TO_CU
1717446683.603806,322,0.0,47.3,OCC_TO_CU
1717446683.6104684,273,50.0,47.3,CU_TO_DEV
1717446683.796724,273,17.8,47.5,CU_TO_DEV
1717446693.617723,322,4.0,47.4,OCC_TO_CU
1717446693.6184485,322,0.0,47.4,OCC_TO_CU
1717446693.8035994,273,8.5,47.6,CU_TO_DEV
1717446693.816536,273,57.1,47.6,CU_TO_DEV
1717446703.635868,322,4.0,47.4,OCC_TO_CU
1717446703.6366897,322,100.0,47.4,OCC_TO_CU
1717446703.8087132,273,75.0,47.6,CU_TO_DEV
1717446703.822814,273,33.3,47.6,CU_TO_DEV
1717446713.6506577,322,4.9,47.3,OCC_TO_CU
1717446713.6512027,322,0.0,47.3,OCC_TO_CU
1717446713.8147473,273,6.5,47.5,CU_TO_DEV
1717446713.8291209,273,37.5,47.5,CU_TO_DEV
1717446723.6551483,322,4.2,47.3,OCC_TO_CU
1717446723.672253,322,42.9,47.3,OCC_TO_CU
1717446723.8198822,273,19.0,47.6,CU_TO_DEV
1717446723.8334608,273,25.0,47.6,CU_TO_DEV
1717446723.9729586,154,25.9,47.6,OCC_TO_CU
1717446724.0205808,241,42.1,47.6,CU_TO_DEV
1717446724.0343382,241,40.0,47.6,CU_TO_DEV
1717446733.672507,322,4.2,47.4,OCC_TO_CU
1717446733.6734164,322,0.0,47.4,OCC_TO_CU
1717446733.8257756,273,11.7,47.6,CU_TO_DEV
1717446733.8406975,273,33.3,47.6,CU_TO_DEV
1717446743.6905472,322,4.8,47.4,OCC_TO_CU
1717446743.6910615,322,0.0,47.4,OCC_TO_CU
1717446743.8326504,273,10.7,47.6,CU_TO_DEV
1717446743.849607,273,28.6,47.6,CU_TO_DEV
1717446753.7002869,322,4.1,47.4,OCC_TO_CU
1717446753.7011092,322,0.0,47.4,OCC_TO_CU
1717446753.8377275,273,13.0,47.6,CU_TO_DEV
1717446753.8565228,273,28.6,47.6,CU_TO_DEV
1717446763.7179542,322,5.3,47.4,OCC_TO_CU
1717446763.7189915,322,0.0,47.4,OCC_TO_CU
1717446763.8433752,273,19.2,47.6,CU_TO_DEV
1717446763.8629844,273,37.5,47.6,CU_TO_DEV
1717446773.7332916,322,4.0,47.4,OCC_TO_CU
1717446773.7461808,322,40.0,47.4,OCC_TO_CU
1717446773.8498027,273,97.6,47.6,CU_TO_DEV
1717446773.8698013,273,100.0,47.6,CU_TO_DEV
1717446773.9974246,154,30.0,47.6,OCC_TO_CU
1717446774.0537093,241,63.6,47.6,CU_TO_DEV
1717446774.0771353,241,63.6,47.6,CU_TO_DEV
1717446783.7367182,322,3.5,47.3,OCC_TO_CU
1717446783.7373714,322,0.0,47.3,OCC_TO_CU
1717446783.8588457,273,16.7,47.5,CU_TO_DEV
1717446783.8825917,273,12.5,47.5,CU_TO_DEV
1717446793.7529528,322,3.9,47.4,OCC_TO_CU
1717446793.7670553,322,25.0,47.4,OCC_TO_CU
1717446793.8639593,273,24.3,47.6,CU_TO_DEV
1717446793.88861,273,27.3,47.6,CU_TO_DEV
1717446803.774424,322,6.4,47.4,OCC_TO_CU
1717446803.7749343,322,0.0,47.4,OCC_TO_CU
1717446803.870948,273,20.5,47.6,CU_TO_DEV
1717446803.8960066,273,30.0,47.6,CU_TO_DEV
1717446813.7870145,322,3.5,47.3,OCC_TO_CU
1717446813.80126,322,50.0,47.3,OCC_TO_CU
1717446813.8766768,273,30.0,47.5,CU_TO_DEV
1717446813.9016538,273,25.0,47.6,CU_TO_DEV
1717446823.7972848,322,4.7,47.2,OCC_TO_CU
1717446823.7977974,322,0.0,47.2,OCC_TO_CU
1717446823.8818219,273,15.6,47.5,CU_TO_DEV
1717446823.908317,273,27.3,47.5,CU_TO_DEV
1717446824.036195,154,16.7,47.5,OCC_TO_CU
1717446824.0827103,241,83.3,47.5,CU_TO_DEV
1717446824.1093514,241,27.3,47.5,CU_TO_DEV
1717446833.8097718,322,3.7,47.3,OCC_TO_CU
1717446833.8105817,322,0.0,47.3,OCC_TO_CU
1717446833.8878918,273,20.7,47.5,CU_TO_DEV
1717446833.9141722,273,18.2,47.5,CU_TO_DEV
1717446843.8156674,322,4.3,47.4,OCC_TO_CU
1717446843.8170564,322,50.0,47.4,OCC_TO_CU
1717446843.89327,273,29.0,47.6,CU_TO_DEV
1717446843.919132,273,20.0,47.6,CU_TO_DEV
1717446853.8376164,322,5.2,47.3,OCC_TO_CU
1717446853.8383474,322,0.0,47.3,OCC_TO_CU
1717446853.9015872,273,33.3,47.5,CU_TO_DEV
1717446853.9251266,273,33.3,47.5,CU_TO_DEV
1717446863.846904,322,3.9,47.3,OCC_TO_CU
1717446863.8476806,322,0.0,47.3,OCC_TO_CU
1717446863.906931,273,34.6,47.6,CU_TO_DEV
1717446863.930597,273,40.0,47.6,CU_TO_DEV
1717446873.8594291,322,3.7,47.5,OCC_TO_CU
1717446873.8600712,322,0.0,47.5,OCC_TO_CU
1717446873.9123025,273,30.0,47.7,CU_TO_DEV
1717446873.9359863,273,44.4,47.7,CU_TO_DEV
1717446874.0995514,154,28.1,47.7,OCC_TO_CU
1717446874.113321,241,66.7,47.7,CU_TO_DEV
1717446874.1381066,241,55.6,47.7,CU_TO_DEV
1717446883.8658483,322,4.0,47.5,OCC_TO_CU
1717446883.8667266,322,0.0,47.5,OCC_TO_CU
1717446883.9190373,273,34.8,47.7,CU_TO_DEV
1717446883.943726,273,44.4,47.7,CU_TO_DEV
1717446893.8769999,322,5.9,47.4,OCC_TO_CU
1717446893.877653,322,0.0,47.4,OCC_TO_CU
1717446893.9289286,273,81.0,47.6,CU_TO_DEV
1717446893.954062,273,100.0,47.6,CU_TO_DEV
1717446903.8997848,322,5.7,47.2,OCC_TO_CU
1717446903.9003046,322,0.0,47.2,OCC_TO_CU
1717446903.9346828,273,30.8,47.4,CU_TO_DEV
1717446903.9603539,273,22.2,47.4,CU_TO_DEV
1717446913.9068704,322,4.1,47.2,OCC_TO_CU
1717446913.922254,322,42.9,47.3,OCC_TO_CU
1717446913.940799,273,71.4,47.3,CU_TO_DEV
1717446913.9649715,273,66.7,47.5,CU_TO_DEV
1717446923.9208302,322,3.5,47.3,OCC_TO_CU
1717446923.921432,322,0.0,47.3,OCC_TO_CU
1717446923.9456668,273,44.4,47.4,CU_TO_DEV
1717446923.9695132,273,33.3,47.5,CU_TO_DEV
1717446925.119921,154,8.7,47.5,OCC_TO_CU
1717446925.147201,241,90.9,47.5,CU_TO_DEV
1717446925.171558,241,50.0,47.5,CU_TO_DEV
1717446933.929621,322,3.2,47.4,OCC_TO_CU
1717446933.9425015,322,42.9,47.4,OCC_TO_CU
1717446933.9527214,273,100.0,47.4,CU_TO_DEV
1717446933.97592,273,70.0,47.6,CU_TO_DEV
1717446943.9570234,322,5.0,47.3,OCC_TO_CU
1717446943.957676,322,0.0,47.3,OCC_TO_CU
1717446943.959829,273,0.0,47.3,CU_TO_DEV
1717446943.9830897,273,50.0,47.4,CU_TO_DEV
1717446953.9578397,322,4.1,47.4,OCC_TO_CU
1717446953.9646182,273,50.0,47.4,CU_TO_DEV
1717446953.9739668,322,66.7,47.4,OCC_TO_CU
1717446953.9914155,273,71.4,47.4,CU_TO_DEV
1717446954.1660206,273,42.9,47.6,CU_TO_DEV
1717446963.9814847,322,3.5,47.4,OCC_TO_CU
1717446963.9822714,322,0.0,47.4,OCC_TO_CU
1717446963.9969966,273,40.0,47.5,CU_TO_DEV
1717446964.1717212,273,38.2,47.7,CU_TO_DEV
1717446973.9737995,322,3.6,47.4,OCC_TO_CU
1717446973.9745722,322,0.0,47.4,OCC_TO_CU
1717446973.9760675,273,0.0,47.4,CU_TO_DEV
1717446974.0091832,273,57.1,47.5,CU_TO_DEV
1717446975.1637273,154,9.6,47.6,OCC_TO_CU
1717446975.177756,241,80.0,47.6,CU_TO_DEV
1717446975.2114244,241,76.9,47.7,CU_TO_DEV
1717446983.997213,322,5.7,47.5,OCC_TO_CU
1717446983.9978096,322,0.0,47.5,OCC_TO_CU
1717446984.0175736,273,42.9,47.5,CU_TO_DEV
1717446984.1860714,273,35.3,47.6,CU_TO_DEV
1717446994.0364141,322,3.5,47.4,OCC_TO_CU
1717446994.037286,322,100.0,47.4,OCC_TO_CU
1717446994.19277,273,80.6,47.7,CU_TO_DEV
1717446994.223853,273,92.3,47.7,CU_TO_DEV
1717447004.018044,322,4.0,47.4,OCC_TO_CU
1717447004.018792,322,0.0,47.4,OCC_TO_CU
1717447004.0328755,273,60.0,47.4,CU_TO_DEV
1717447004.19738,273,89.2,47.6,CU_TO_DEV
1717447014.0364323,322,3.6,47.3,OCC_TO_CU
1717447014.0370686,322,100.0,47.3,OCC_TO_CU
1717447014.037452,273,0.0,47.3,CU_TO_DEV
1717447014.2043667,273,38.5,47.5,CU_TO_DEV
1717447014.2381492,273,35.7,47.5,CU_TO_DEV
1717447024.040977,322,3.7,47.3,OCC_TO_CU
1717447024.0418768,322,0.0,47.3,OCC_TO_CU
1717447024.0438457,273,0.0,47.3,CU_TO_DEV
1717447024.210786,273,36.4,47.6,CU_TO_DEV
1717447025.2476833,154,9.4,47.6,OCC_TO_CU
1717447025.4121585,241,9.4,47.7,CU_TO_DEV
1717447025.4451046,241,26.7,47.7,CU_TO_DEV
1717447034.0561814,322,4.6,47.3,OCC_TO_CU
1717447034.056934,322,100.0,47.3,OCC_TO_CU
1717447034.2176254,273,31.7,47.5,CU_TO_DEV
1717447034.2498517,273,33.3,47.5,CU_TO_DEV
1717447044.0690243,322,3.7,47.3,OCC_TO_CU
1717447044.0695758,322,0.0,47.3,OCC_TO_CU
1717447044.2239277,273,23.0,47.6,CU_TO_DEV
1717447044.2550256,273,33.3,47.6,CU_TO_DEV
1717447054.08314,322,3.7,47.4,OCC_TO_CU
1717447054.0838234,322,0.0,47.4,OCC_TO_CU
1717447054.2299097,273,28.1,47.6,CU_TO_DEV
1717447054.2601757,273,38.5,47.6,CU_TO_DEV
1717447064.087217,322,5.0,47.4,OCC_TO_CU
1717447064.0879269,322,0.0,47.4,OCC_TO_CU
1717447064.2381291,273,26.2,47.6,CU_TO_DEV
1717447064.2670937,273,30.0,47.6,CU_TO_DEV
1717447074.103868,322,4.9,47.4,OCC_TO_CU
1717447074.1107743,322,0.0,47.4,OCC_TO_CU
1717447074.244939,273,46.4,47.6,CU_TO_DEV
1717447074.2747216,273,20.0,47.6,CU_TO_DEV
1717447075.2340698,154,4.5,47.6,OCC_TO_CU
1717447075.248442,241,83.3,47.6,CU_TO_DEV
1717447075.2758455,241,90.0,47.7,CU_TO_DEV
1717447084.1195872,322,3.5,47.5,OCC_TO_CU
1717447084.1201339,322,0.0,47.5,OCC_TO_CU
1717447084.255976,273,30.4,47.6,CU_TO_DEV
1717447084.2815537,273,30.0,47.7,CU_TO_DEV
1717447094.1519551,322,4.3,47.5,OCC_TO_CU
1717447094.1530263,322,0.0,47.5,OCC_TO_CU
1717447094.2630312,273,91.1,47.5,CU_TO_DEV
1717447094.2889836,273,100.0,47.6,CU_TO_DEV
1717447104.171494,322,4.3,47.4,OCC_TO_CU
1717447104.1723592,322,0.0,47.4,OCC_TO_CU
1717447104.2688549,273,35.9,47.6,CU_TO_DEV
1717447104.294458,273,37.5,47.6,CU_TO_DEV
1717447114.1690774,322,3.8,47.4,OCC_TO_CU
1717447114.1710386,322,0.0,47.4,OCC_TO_CU
1717447114.274847,273,23.7,47.7,CU_TO_DEV
1717447114.3009768,273,36.4,47.7,CU_TO_DEV
1717447124.1954892,322,5.1,47.4,OCC_TO_CU
1717447124.1960385,322,0.0,47.4,OCC_TO_CU
1717447124.2815955,273,88.2,47.6,CU_TO_DEV
1717447124.306024,273,100.0,47.5,CU_TO_DEV
1717447125.3833792,154,11.5,47.6,OCC_TO_CU
1717447125.4828749,241,17.5,47.6,CU_TO_DEV
1717447125.5125418,241,25.0,47.6,CU_TO_DEV
1717447134.2004693,322,3.9,47.3,OCC_TO_CU
1717447134.2018082,322,0.0,47.3,OCC_TO_CU
1717447134.287776,273,33.3,47.5,CU_TO_DEV
1717447134.3173203,273,64.3,47.5,CU_TO_DEV
1717447144.2207026,322,4.4,47.3,OCC_TO_CU
1717447144.2213209,322,0.0,47.3,OCC_TO_CU
1717447144.2939665,273,37.9,47.5,CU_TO_DEV
1717447144.323254,273,45.5,47.5,CU_TO_DEV
1717447154.2309382,322,3.6,47.4,OCC_TO_CU
1717447154.2315524,322,0.0,47.4,OCC_TO_CU
1717447154.3003416,273,44.4,47.6,CU_TO_DEV
1717447154.3282433,273,50.0,47.6,CU_TO_DEV
1717447164.2415574,322,3.5,47.4,OCC_TO_CU
1717447164.2427645,322,0.0,47.4,OCC_TO_CU
1717447164.3071415,273,48.0,47.5,CU_TO_DEV
1717447164.333908,273,92.3,47.6,CU_TO_DEV
1717447174.2492344,322,5.4,47.4,OCC_TO_CU
1717447174.2501955,322,0.0,47.4,OCC_TO_CU
1717447174.3134122,273,33.3,47.4,CU_TO_DEV
1717447174.3396327,273,36.4,47.4,CU_TO_DEV
1717447175.4649506,154,10.4,47.5,OCC_TO_CU
1717447175.5149927,241,21.1,47.6,CU_TO_DEV
1717447175.541996,241,27.3,47.6,CU_TO_DEV
1717447184.2662268,322,3.4,47.4,OCC_TO_CU
1717447184.2673154,322,0.0,47.4,OCC_TO_CU
1717447184.3217633,273,50.0,47.6,CU_TO_DEV
1717447184.3471088,273,66.7,47.7,CU_TO_DEV
1717447194.264405,322,4.1,47.4,OCC_TO_CU
1717447194.265595,322,100.0,47.4,OCC_TO_CU
1717447194.3332684,273,88.5,47.6,CU_TO_DEV
1717447194.3573546,273,100.0,47.7,CU_TO_DEV
1717447204.2774794,322,4.1,47.4,OCC_TO_CU
1717447204.2780411,322,0.0,47.4,OCC_TO_CU
1717447204.3392577,273,48.0,47.6,CU_TO_DEV
1717447204.3631527,273,44.4,47.6,CU_TO_DEV
1717447214.307155,322,4.9,47.4,OCC_TO_CU
1717447214.3082075,322,0.0,47.4,OCC_TO_CU
1717447214.3460054,273,73.3,47.5,CU_TO_DEV
1717447214.3703444,273,54.5,47.6,CU_TO_DEV
1717447224.3168464,322,4.1,47.4,OCC_TO_CU
1717447224.317682,322,0.0,47.4,OCC_TO_CU
1717447224.3563848,273,78.6,47.7,CU_TO_DEV
1717447224.3754392,273,50.0,47.6,CU_TO_DEV
1717447225.3466165,154,5.2,47.7,OCC_TO_CU
1717447225.3596463,241,100.0,47.7,CU_TO_DEV
1717447225.3798065,241,100.0,47.7,CU_TO_DEV
1717447234.3234634,322,5.2,47.4,OCC_TO_CU
1717447234.324231,322,0.0,47.4,OCC_TO_CU
1717447234.3671565,273,75.0,47.6,CU_TO_DEV
1717447234.3855205,273,50.0,47.6,CU_TO_DEV
1717447244.3225584,322,3.8,47.4,OCC_TO_CU
1717447244.3233595,322,0.0,47.4,OCC_TO_CU
1717447244.375929,273,85.7,47.5,CU_TO_DEV
1717447244.3906279,273,100.0,47.5,CU_TO_DEV
1717447254.3601813,322,4.5,47.3,OCC_TO_CU
1717447254.360895,322,0.0,47.3,OCC_TO_CU
1717447254.3831823,273,77.8,47.3,CU_TO_DEV
1717447254.3970387,273,100.0,47.3,CU_TO_DEV
1717447264.3698835,322,5.0,47.3,OCC_TO_CU
1717447264.3713741,322,0.0,47.3,OCC_TO_CU
1717447264.3929968,273,77.8,47.3,CU_TO_DEV
1717447264.4026656,273,100.0,47.4,CU_TO_DEV
1717447274.3831394,322,3.9,47.4,OCC_TO_CU
1717447274.3842924,322,0.0,47.4,OCC_TO_CU
1717447274.3999827,273,71.4,47.4,CU_TO_DEV
1717447274.4107606,273,100.0,47.4,CU_TO_DEV
1717447276.5291176,154,7.0,47.5,OCC_TO_CU
1717447276.6041586,241,25.0,47.7,CU_TO_DEV
1717447276.6134906,241,0.0,47.7,CU_TO_DEV
1717447284.373087,322,3.9,47.5,OCC_TO_CU
1717447284.3741455,322,0.0,47.5,OCC_TO_CU
1717447284.4107103,273,71.4,47.7,CU_TO_DEV
1717447284.417501,273,50.0,47.7,CU_TO_DEV
1717447294.3853152,322,4.4,47.5,OCC_TO_CU
1717447294.3864133,322,0.0,47.5,OCC_TO_CU
1717447294.4176822,273,76.9,47.6,CU_TO_DEV
1717447294.424523,273,100.0,47.6,CU_TO_DEV
1717447304.403725,322,6.3,47.4,OCC_TO_CU
1717447304.4042604,322,0.0,47.4,OCC_TO_CU
1717447304.4279015,273,87.5,47.4,CU_TO_DEV
1717447304.4358625,273,75.0,47.4,CU_TO_DEV
1717447314.4109387,322,5.3,47.3,OCC_TO_CU
1717447314.41163,322,0.0,47.3,OCC_TO_CU
1717447314.4410203,273,81.8,47.3,CU_TO_DEV
1717447314.444272,273,0.0,47.3,CU_TO_DEV
1717447324.4491503,322,4.6,47.3,OCC_TO_CU
1717447324.4504871,322,0.0,47.3,OCC_TO_CU
1717447324.6491714,273,13.9,47.5,CU_TO_DEV
1717447324.6494076,273,0.0,47.5,CU_TO_DEV
1717447326.6035113,154,5.8,47.5,OCC_TO_CU
1717447326.6512399,241,27.8,47.6,CU_TO_DEV
1717447326.651062,241,27.8,47.6,CU_TO_DEV
1717447334.4477406,322,4.4,47.5,OCC_TO_CU
1717447334.4500477,322,100.0,47.5,OCC_TO_CU
1717447334.4566274,273,100.0,47.5,CU_TO_DEV
1717447334.4568346,273,100.0,47.5,CU_TO_DEV
1717447344.4647756,322,4.3,47.4,OCC_TO_CU
1717447344.4657164,322,0.0,47.4,OCC_TO_CU
1717447344.6632185,273,15.2,47.6,CU_TO_DEV
1717447344.6630847,273,15.2,47.6,CU_TO_DEV
1717447354.5001109,322,5.4,47.4,OCC_TO_CU
1717447354.501749,322,0.0,47.4,OCC_TO_CU
1717447354.671275,273,14.9,47.6,CU_TO_DEV
1717447354.6760077,273,0.0,47.6,CU_TO_DEV
1717447364.5011659,322,4.1,47.5,OCC_TO_CU
1717447364.5034685,322,0.0,47.5,OCC_TO_CU
1717447364.6767972,273,15.5,47.7,CU_TO_DEV
1717447364.6807187,273,33.3,47.7,CU_TO_DEV
1717447374.5130916,322,4.9,47.4,OCC_TO_CU
1717447374.5152552,322,0.0,47.4,OCC_TO_CU
1717447374.6834033,273,10.6,47.7,CU_TO_DEV
1717447374.6852906,273,0.0,47.7,CU_TO_DEV
1717447376.5758905,154,5.0,47.6,OCC_TO_CU
1717447376.6853387,241,11.6,47.7,CU_TO_DEV
1717447376.6864145,241,0.0,47.7,CU_TO_DEV
1717447384.5102477,322,4.1,47.5,OCC_TO_CU
1717447384.511081,322,0.0,47.5,OCC_TO_CU
1717447384.689792,273,13.9,47.6,CU_TO_DEV
1717447384.6902833,273,0.0,47.6,CU_TO_DEV
1717447394.5151522,322,6.1,47.4,OCC_TO_CU
1717447394.517234,322,0.0,47.4,OCC_TO_CU
1717447394.696867,273,70.8,47.5,CU_TO_DEV
1717447394.6968133,273,70.8,47.5,CU_TO_DEV
1717447404.5444458,322,3.9,47.1,OCC_TO_CU
1717447404.5618572,322,85.7,47.2,OCC_TO_CU
1717447404.702913,273,28.1,47.5,CU_TO_DEV
1717447404.7037115,273,0.0,47.5,CU_TO_DEV
1717447414.568989,322,3.8,47.3,OCC_TO_CU
1717447414.5696213,322,0.0,47.3,OCC_TO_CU
1717447414.708987,273,14.5,47.5,CU_TO_DEV
1717447414.7094135,273,0.0,47.5,CU_TO_DEV
1717447424.575688,322,3.9,47.4,OCC_TO_CU
1717447424.5764866,322,0.0,47.4,OCC_TO_CU
1717447424.7148352,273,14.3,47.5,CU_TO_DEV
1717447424.7149818,273,14.3,47.5,CU_TO_DEV
1717447426.7521758,154,5.1,47.5,OCC_TO_CU
1717447426.916721,241,18.8,47.6,CU_TO_DEV
1717447426.9167783,241,18.8,47.6,CU_TO_DEV
1717447434.5776584,322,3.6,47.4,OCC_TO_CU
1717447434.5787249,322,0.0,47.4,OCC_TO_CU
1717447434.7215946,273,10.9,47.6,CU_TO_DEV
1717447434.7220466,273,0.0,47.6,CU_TO_DEV
1717447444.5903456,322,5.2,47.3,OCC_TO_CU
1717447444.591382,322,0.0,47.3,OCC_TO_CU
1717447444.728601,273,16.4,47.5,CU_TO_DEV
1717447444.7308278,273,0.0,47.5,CU_TO_DEV
1717447454.6332743,322,4.2,47.4,OCC_TO_CU
1717447454.6339097,322,0.0,47.4,OCC_TO_CU
1717447454.7349489,273,13.2,47.6,CU_TO_DEV
1717447454.736861,273,0.0,47.6,CU_TO_DEV
1717447464.6316257,322,4.0,47.5,OCC_TO_CU
1717447464.63458,322,0.0,47.5,OCC_TO_CU
1717447464.7414625,273,18.6,47.7,CU_TO_DEV
1717447464.7423477,273,0.0,47.7,CU_TO_DEV
1717447474.637744,322,4.2,47.5,OCC_TO_CU
1717447474.6408129,322,50.0,47.5,OCC_TO_CU
1717447474.7480516,273,16.7,47.7,CU_TO_DEV
1717447474.748845,273,0.0,47.7,CU_TO_DEV
1717447476.628783,154,10.3,47.6,OCC_TO_CU
1717447476.7501729,241,17.0,47.8,CU_TO_DEV
1717447476.7532997,241,0.0,47.8,CU_TO_DEV
1717447484.653237,322,3.8,47.5,OCC_TO_CU
1717447484.6542673,322,0.0,47.5,OCC_TO_CU
1717447484.75604,273,15.4,47.7,CU_TO_DEV
1717447484.7571664,273,0.0,47.7,CU_TO_DEV
1717447494.6633444,322,4.8,47.4,OCC_TO_CU
1717447494.663982,322,0.0,47.4,OCC_TO_CU
1717447494.7642307,273,92.3,47.7,CU_TO_DEV
1717447494.7650092,273,100.0,47.7,CU_TO_DEV
1717447504.690034,322,4.6,47.3,OCC_TO_CU
1717447504.6910784,322,0.0,47.3,OCC_TO_CU
1717447504.7708788,273,25.8,47.5,CU_TO_DEV
1717447504.7725823,273,0.0,47.5,CU_TO_DEV
1717447514.678473,322,4.2,47.3,OCC_TO_CU
1717447514.679098,322,0.0,47.3,OCC_TO_CU
1717447514.7780948,273,22.0,47.5,CU_TO_DEV
1717447514.7779443,273,22.0,47.5,CU_TO_DEV
1717447524.702935,322,3.8,47.4,OCC_TO_CU
1717447524.7039723,322,0.0,47.4,OCC_TO_CU
1717447524.7847588,273,27.3,47.6,CU_TO_DEV
1717447524.7848597,273,27.3,47.6,CU_TO_DEV
1717447526.600315,154,5.3,47.5,OCC_TO_CU
1717447526.7866416,241,13.7,47.7,CU_TO_DEV
1717447526.787089,241,0.0,47.7,CU_TO_DEV
1717447534.7097986,322,5.0,47.3,OCC_TO_CU
1717447534.7106564,322,0.0,47.3,OCC_TO_CU
1717447534.7920005,273,16.7,47.5,CU_TO_DEV
1717447534.7917433,273,16.7,47.5,CU_TO_DEV
1717447544.7219787,322,3.6,47.4,OCC_TO_CU
1717447544.7230413,322,0.0,47.4,OCC_TO_CU
1717447544.7985125,273,28.1,47.6,CU_TO_DEV
1717447544.7992759,273,0.0,47.6,CU_TO_DEV
1717447554.766029,322,4.1,47.4,OCC_TO_CU
1717447554.7670634,322,0.0,47.4,OCC_TO_CU
1717447554.805919,273,47.1,47.6,CU_TO_DEV
1717447554.807417,273,0.0,47.6,CU_TO_DEV
1717447564.7442677,322,4.7,47.4,OCC_TO_CU
1717447564.7459207,322,0.0,47.4,OCC_TO_CU
1717447564.8126504,273,32.1,47.6,CU_TO_DEV
1717447564.8146248,273,0.0,47.6,CU_TO_DEV
1717447574.7781494,322,4.1,47.4,OCC_TO_CU
1717447574.7792199,322,0.0,47.4,OCC_TO_CU
1717447574.8194768,273,40.0,47.6,CU_TO_DEV
1717447574.8201764,273,0.0,47.6,CU_TO_DEV
1717447576.6888273,154,8.3,47.6,OCC_TO_CU
1717447576.8218029,241,79.2,47.7,CU_TO_DEV
1717447576.8222291,241,0.0,47.7,CU_TO_DEV
1717447584.7842498,322,3.6,47.4,OCC_TO_CU
1717447584.7849023,322,0.0,47.4,OCC_TO_CU
1717447584.827061,273,33.3,47.6,CU_TO_DEV
1717447584.8279364,273,0.0,47.6,CU_TO_DEV
1717447594.796097,322,3.9,47.4,OCC_TO_CU
1717447594.7967672,322,100.0,47.4,OCC_TO_CU
1717447594.8343196,273,35.7,47.6,CU_TO_DEV
1717447594.835925,273,0.0,47.6,CU_TO_DEV
1717447604.794601,322,4.8,47.4,OCC_TO_CU
1717447604.795432,322,0.0,47.4,OCC_TO_CU
1717447604.8415728,273,35.0,47.6,CU_TO_DEV
1717447604.8424497,273,0.0,47.6,CU_TO_DEV
1717447614.8049328,322,3.9,47.4,OCC_TO_CU
1717447614.8130112,322,50.0,47.4,OCC_TO_CU
1717447614.8508294,273,92.9,47.5,CU_TO_DEV
1717447614.8513746,273,0.0,47.5,CU_TO_DEV
1717447624.830131,322,5.6,47.3,OCC_TO_CU
1717447624.8310657,322,0.0,47.3,OCC_TO_CU
1717447624.861766,273,36.4,47.5,CU_TO_DEV
1717447624.8654342,273,50.0,47.5,CU_TO_DEV
1717447626.7580879,154,4.5,47.4,OCC_TO_CU
1717447626.8644953,241,18.6,47.6,CU_TO_DEV
1717447626.8676138,241,50.0,47.6,CU_TO_DEV
1717447634.8179874,322,4.0,47.4,OCC_TO_CU
1717447634.8307436,322,40.0,47.4,OCC_TO_CU
1717447634.871844,273,53.3,47.6,CU_TO_DEV
1717447634.8721585,273,0.0,47.6,CU_TO_DEV
1717447644.834416,322,4.6,47.3,OCC_TO_CU
1717447644.8350494,322,0.0,47.3,OCC_TO_CU
1717447644.8788807,273,35.3,47.5,CU_TO_DEV
1717447644.8798733,273,0.0,47.5,CU_TO_DEV
1717447654.8620777,322,4.0,47.3,OCC_TO_CU
1717447654.8626149,322,0.0,47.3,OCC_TO_CU
1717447654.8849308,273,44.4,47.4,CU_TO_DEV
1717447654.8850904,273,44.4,47.4,CU_TO_DEV
1717447664.8594792,322,4.0,47.4,OCC_TO_CU
1717447664.8601105,322,0.0,47.4,OCC_TO_CU
1717447664.8930674,273,46.2,47.5,CU_TO_DEV
1717447664.8937445,273,0.0,47.6,CU_TO_DEV
1717447674.876212,322,5.3,47.4,OCC_TO_CU
1717447674.8776274,322,0.0,47.4,OCC_TO_CU
1717447674.9022648,273,40.0,47.4,CU_TO_DEV
1717447674.902182,273,40.0,47.4,CU_TO_DEV
1717447676.727097,154,5.8,47.5,OCC_TO_CU
1717447676.9045806,241,8.8,47.7,CU_TO_DEV
1717447676.9049604,241,0.0,47.7,CU_TO_DEV
1717447684.873616,322,3.9,47.4,OCC_TO_CU
1717447684.8742807,322,0.0,47.4,OCC_TO_CU
1717447684.910531,273,43.7,47.6,CU_TO_DEV
1717447684.9107053,273,43.7,47.6,CU_TO_DEV
1717447694.8871133,322,3.6,47.5,OCC_TO_CU
1717447694.8881721,322,0.0,47.5,OCC_TO_CU
1717447694.9184809,273,46.2,47.6,CU_TO_DEV
1717447694.919185,273,0.0,47.6,CU_TO_DEV
1717447704.9025517,322,4.6,47.2,OCC_TO_CU
1717447704.9097185,322,33.3,47.2,OCC_TO_CU
1717447704.92775,273,66.7,47.2,CU_TO_DEV
1717447704.9278202,273,66.7,47.2,CU_TO_DEV
1717447714.915661,322,5.7,47.2,OCC_TO_CU
1717447714.9297037,322,33.3,47.2,OCC_TO_CU
1717447714.933764,273,0.0,47.2,CU_TO_DEV
1717447714.9369886,273,100.0,47.2,CU_TO_DEV
1717447724.9537735,322,4.1,47.2,OCC_TO_CU
1717447724.9545188,322,0.0,47.2,OCC_TO_CU
1717447725.1411438,273,10.8,47.4,CU_TO_DEV
1717447725.142262,273,0.0,47.4,CU_TO_DEV
1717447727.8851843,154,7.8,47.2,OCC_TO_CU
1717447727.94311,241,21.7,47.4,CU_TO_DEV
1717447727.9452672,241,0.0,47.4,CU_TO_DEV
1717447734.9427884,322,3.6,47.2,OCC_TO_CU
1717447734.9434237,322,0.0,47.2,OCC_TO_CU
1717447734.9475267,273,0.0,47.2,CU_TO_DEV
1717447734.9479809,273,0.0,47.2,CU_TO_DEV
1717447744.9508114,322,4.5,47.1,OCC_TO_CU
1717447744.9514682,322,0.0,47.1,OCC_TO_CU
1717447744.9529407,273,0.0,47.1,CU_TO_DEV
1717447744.952993,273,0.0,47.1,CU_TO_DEV
1717447754.9688494,322,3.8,47.2,OCC_TO_CU
1717447754.9694746,322,0.0,47.2,OCC_TO_CU
1717447755.159714,273,11.8,47.4,CU_TO_DEV
1717447755.1597576,273,11.8,47.4,CU_TO_DEV
1717447764.9942021,322,4.6,47.1,OCC_TO_CU
1717447765.0208302,322,50.0,47.2,OCC_TO_CU
1717447765.16566,273,17.9,47.4,CU_TO_DEV
1717447765.172479,273,0.0,47.4,CU_TO_DEV
1717447774.9877458,322,4.3,47.2,OCC_TO_CU
1717447774.9883957,322,0.0,47.2,OCC_TO_CU
1717447775.1714084,273,14.7,47.4,CU_TO_DEV
1717447775.179163,273,0.0,47.4,CU_TO_DEV
1717447777.9185915,154,5.5,47.3,OCC_TO_CU
1717447777.9732747,241,27.3,47.4,CU_TO_DEV
1717447777.981991,241,60.0,47.4,CU_TO_DEV
1717447784.99537,322,4.1,47.3,OCC_TO_CU
1717447784.9960084,322,0.0,47.3,OCC_TO_CU
1717447785.1798837,273,9.9,47.5,CU_TO_DEV
1717447785.1862671,273,0.0,47.5,CU_TO_DEV
1717447795.0045073,322,4.1,47.3,OCC_TO_CU
1717447795.0181496,322,40.0,47.3,OCC_TO_CU
1717447795.18738,273,20.6,47.5,CU_TO_DEV
1717447795.1928504,273,0.0,47.5,CU_TO_DEV
1717447805.036861,322,5.7,47.4,OCC_TO_CU
1717447805.037459,322,0.0,47.4,OCC_TO_CU
1717447805.2010758,273,73.4,47.5,CU_TO_DEV
1717447805.2010326,273,73.4,47.5,CU_TO_DEV
1717447815.0677044,322,4.3,47.1,OCC_TO_CU
1717447815.0683434,322,0.0,47.1,OCC_TO_CU
1717447815.2063618,273,16.7,47.3,CU_TO_DEV
1717447815.20688,273,0.0,47.3,CU_TO_DEV
1717447825.0500424,322,4.0,47.1,OCC_TO_CU
1717447825.0508525,322,0.0,47.1,OCC_TO_CU
1717447825.2126265,273,16.7,47.3,CU_TO_DEV
1717447825.212768,273,16.7,47.3,CU_TO_DEV
1717447827.975581,154,4.5,47.2,OCC_TO_CU
1717447828.0151565,241,28.6,47.4,CU_TO_DEV
1717447828.0156791,241,0.0,47.4,CU_TO_DEV
1717447835.058084,322,4.1,47.3,OCC_TO_CU
1717447835.0587058,322,0.0,47.3,OCC_TO_CU
1717447835.2198126,273,9.8,47.4,CU_TO_DEV
1717447835.2198884,273,9.8,47.4,CU_TO_DEV
1717447845.0861049,322,3.9,47.3,OCC_TO_CU
1717447845.0867481,322,0.0,47.3,OCC_TO_CU
1717447845.2281616,273,11.3,47.5,CU_TO_DEV
1717447845.2286801,273,100.0,47.5,CU_TO_DEV
1717447855.0851388,322,5.0,47.2,OCC_TO_CU
1717447855.0863698,322,0.0,47.2,OCC_TO_CU
1717447855.0905983,273,0.0,47.2,CU_TO_DEV
1717447855.2353253,273,20.3,47.4,CU_TO_DEV
1717447865.0994225,322,4.6,47.1,OCC_TO_CU
1717447865.100004,322,0.0,47.1,OCC_TO_CU
1717447865.2419386,273,9.1,47.3,CU_TO_DEV
1717447865.2981462,273,13.0,47.3,CU_TO_DEV
1717447875.11219,322,3.9,47.2,OCC_TO_CU
1717447875.1283896,322,42.9,47.2,OCC_TO_CU
1717447875.248038,273,26.5,47.4,CU_TO_DEV
1717447875.303454,273,9.5,47.4,CU_TO_DEV
1717447878.0624263,154,4.8,47.3,OCC_TO_CU
1717447878.105253,241,35.3,47.4,CU_TO_DEV
1717447878.2498884,241,10.3,47.4,CU_TO_DEV
1717447885.1239874,322,4.2,47.3,OCC_TO_CU
1717447885.1246924,322,100.0,47.3,OCC_TO_CU
1717447885.253562,273,12.0,47.5,CU_TO_DEV
1717447885.3089306,273,18.2,47.5,CU_TO_DEV
1717447895.1435533,322,4.6,47.2,OCC_TO_CU
1717447895.1440766,322,0.0,47.2,OCC_TO_CU
1717447895.2611213,273,18.4,47.4,CU_TO_DEV
1717447895.3135834,273,14.3,47.4,CU_TO_DEV
1717447905.1435819,322,4.9,47.2,OCC_TO_CU
1717447905.1481624,322,0.0,47.2,OCC_TO_CU
1717447905.2689908,273,24.0,47.4,CU_TO_DEV
1717447905.3199673,273,78.9,47.4,CU_TO_DEV
1717447915.1657722,322,4.6,47.2,OCC_TO_CU
1717447915.1669931,322,0.0,47.2,OCC_TO_CU
1717447915.2773864,273,20.0,47.4,CU_TO_DEV
1717447915.3261588,273,11.1,47.4,CU_TO_DEV
1717447925.1581464,322,4.2,47.2,OCC_TO_CU
1717447925.1589413,322,0.0,47.2,OCC_TO_CU
1717447925.2827773,273,18.0,47.4,CU_TO_DEV
1717447925.3312068,273,20.0,47.4,CU_TO_DEV
1717447928.1085017,154,5.4,47.3,OCC_TO_CU
1717447928.1330526,241,44.4,47.3,CU_TO_DEV
1717447928.284428,241,14.8,47.4,CU_TO_DEV
1717447935.1519046,322,4.0,47.3,OCC_TO_CU
1717447935.1671734,322,33.3,47.3,OCC_TO_CU
1717447935.2876062,273,25.0,47.4,CU_TO_DEV
1717447935.3373983,273,15.8,47.5,CU_TO_DEV
1717447945.1598577,322,5.3,47.2,OCC_TO_CU
1717447945.1603718,322,0.0,47.2,OCC_TO_CU
1717447945.292008,273,14.8,47.4,CU_TO_DEV
1717447945.341338,273,10.5,47.4,CU_TO_DEV
1717447955.1562955,322,3.6,47.3,OCC_TO_CU
1717447955.1569567,322,0.0,47.3,OCC_TO_CU
1717447955.2978075,273,15.8,47.5,CU_TO_DEV
1717447955.3448708,273,15.8,47.5,CU_TO_DEV
1717447965.197215,322,4.1,47.3,OCC_TO_CU
1717447965.2002337,322,0.0,47.3,OCC_TO_CU
1717447965.3018703,273,22.0,47.5,CU_TO_DEV
1717447965.3528273,273,19.0,47.5,CU_TO_DEV
1717447975.185075,322,4.7,47.3,OCC_TO_CU
1717447975.1978443,322,40.0,47.3,OCC_TO_CU
1717447975.3059683,273,25.0,47.4,CU_TO_DEV
1717447975.3597794,273,18.2,47.4,CU_TO_DEV
1717447978.0256424,154,4.7,47.3,OCC_TO_CU
1717447978.1075702,241,21.9,47.5,CU_TO_DEV
1717447978.1614048,241,10.0,47.5,CU_TO_DEV
1717447985.164137,322,3.7,47.4,OCC_TO_CU
1717447985.1648843,322,100.0,47.4,OCC_TO_CU
1717447985.3107374,273,77.6,47.4,CU_TO_DEV
1717447985.364442,273,18.2,47.4,CU_TO_DEV
1717447995.1798594,322,5.0,47.2,OCC_TO_CU
1717447995.1806772,322,100.0,47.2,OCC_TO_CU
1717447995.3146214,273,13.2,47.4,CU_TO_DEV
1717447995.3702142,273,20.8,47.4,CU_TO_DEV
1717448005.1885908,322,4.6,47.2,OCC_TO_CU
1717448005.1894279,322,0.0,47.2,OCC_TO_CU
1717448005.3188567,273,15.7,47.4,CU_TO_DEV
1717448005.374958,273,9.5,47.4,CU_TO_DEV
1717448015.182926,322,4.0,47.1,OCC_TO_CU
1717448015.1837053,322,0.0,47.1,OCC_TO_CU
1717448015.3240707,273,16.1,47.3,CU_TO_DEV
1717448015.3789425,273,9.5,47.3,CU_TO_DEV
1717448025.1861825,322,3.8,47.2,OCC_TO_CU
1717448025.1902533,322,0.0,47.2,OCC_TO_CU
1717448025.3282506,273,20.0,47.4,CU_TO_DEV
1717448025.3830273,273,13.6,47.4,CU_TO_DEV
1717448028.0627458,154,5.2,47.3,OCC_TO_CU
1717448028.1298687,241,29.6,47.4,CU_TO_DEV
1717448028.1850486,241,18.2,47.4,CU_TO_DEV
1717448035.1971612,322,5.6,47.3,OCC_TO_CU
1717448035.1977804,322,0.0,47.3,OCC_TO_CU
1717448035.332991,273,11.1,47.4,CU_TO_DEV
1717448035.3901238,273,9.1,47.4,CU_TO_DEV
1717448045.2020128,322,3.8,47.2,OCC_TO_CU
1717448045.202798,322,0.0,47.2,OCC_TO_CU
1717448045.3386028,273,16.1,47.4,CU_TO_DEV
1717448045.3939946,273,9.5,47.4,CU_TO_DEV
1717448055.204917,322,4.8,47.2,OCC_TO_CU
1717448055.205414,322,0.0,47.2,OCC_TO_CU
1717448055.3430424,273,9.3,47.4,CU_TO_DEV
1717448055.4003916,273,9.1,47.4,CU_TO_DEV
1717448065.220735,322,4.0,47.3,OCC_TO_CU
1717448065.2213914,322,0.0,47.3,OCC_TO_CU
1717448065.3470273,273,16.0,47.5,CU_TO_DEV
1717448065.4043362,273,4.8,47.5,CU_TO_DEV
1717448075.2191224,322,3.9,47.3,OCC_TO_CU
1717448075.219742,322,0.0,47.3,OCC_TO_CU
1717448075.3524187,273,18.5,47.5,CU_TO_DEV
1717448075.408333,273,30.4,47.5,CU_TO_DEV
1717448077.9988437,154,5.2,47.4,OCC_TO_CU
1717448078.0127428,241,40.0,47.4,CU_TO_DEV
1717448078.1541028,241,94.5,47.6,CU_TO_DEV
1717448085.2197251,322,3.8,47.3,OCC_TO_CU
1717448085.2238424,322,0.0,47.3,OCC_TO_CU
1717448085.3574915,273,13.2,47.5,CU_TO_DEV
1717448085.4162655,273,17.4,47.5,CU_TO_DEV
1717448095.2360566,322,4.1,47.3,OCC_TO_CU
1717448095.2366953,322,100.0,47.3,OCC_TO_CU
1717448095.3619688,273,87.8,47.5,CU_TO_DEV
1717448095.4212372,273,43.5,47.4,CU_TO_DEV
1717448105.255633,322,3.6,47.3,OCC_TO_CU
1717448105.256254,322,0.0,47.3,OCC_TO_CU
1717448105.3693168,273,87.0,47.5,CU_TO_DEV
1717448105.4296563,273,37.5,47.4,CU_TO_DEV
1717448115.2717993,322,3.6,47.2,OCC_TO_CU
1717448115.2724283,322,0.0,47.2,OCC_TO_CU
1717448115.374153,273,17.5,47.5,CU_TO_DEV
1717448115.4349797,273,16.0,47.5,CU_TO_DEV
1717448125.273354,322,5.1,47.3,OCC_TO_CU
1717448125.2739913,322,0.0,47.3,OCC_TO_CU
1717448125.3783462,273,16.3,47.5,CU_TO_DEV
1717448125.4396565,273,16.0,47.5,CU_TO_DEV
1717448128.0159078,154,4.4,47.4,OCC_TO_CU
1717448128.0412464,241,22.2,47.4,CU_TO_DEV
1717448128.179731,241,10.9,47.5,CU_TO_DEV
1717448135.2680485,322,5.1,47.3,OCC_TO_CU
1717448135.268633,322,100.0,47.3,OCC_TO_CU
1717448135.3826325,273,11.1,47.4,CU_TO_DEV
1717448135.4476395,273,11.5,47.4,CU_TO_DEV
1717448145.273629,322,3.8,47.2,OCC_TO_CU
1717448145.2745295,322,0.0,47.2,OCC_TO_CU
1717448145.3881564,273,17.4,47.4,CU_TO_DEV
1717448145.4523077,273,15.4,47.4,CU_TO_DEV
1717448155.2956133,322,4.1,47.3,OCC_TO_CU
1717448155.3033552,322,0.0,47.3,OCC_TO_CU
1717448155.3921137,273,38.9,47.5,CU_TO_DEV
1717448155.457002,273,25.0,47.5,CU_TO_DEV
1717448165.2975316,322,4.4,47.4,OCC_TO_CU
1717448165.3068163,322,25.0,47.4,OCC_TO_CU
1717448165.399001,273,31.4,47.6,CU_TO_DEV
1717448165.4631507,273,16.7,47.6,CU_TO_DEV
1717448175.3108048,322,5.3,47.3,OCC_TO_CU
1717448175.3120522,322,0.0,47.3,OCC_TO_CU
1717448175.4028158,273,17.1,47.5,CU_TO_DEV
1717448175.4697394,273,14.8,47.5,CU_TO_DEV
1717448178.0340877,154,4.9,47.4,OCC_TO_CU
1717448178.0718544,241,40.0,47.6,CU_TO_DEV
1717448178.2055888,241,9.6,47.6,CU_TO_DEV
1717448185.3169374,322,4.1,47.5,OCC_TO_CU
1717448185.3175576,322,0.0,47.5,OCC_TO_CU
1717448185.4085028,273,20.0,47.7,CU_TO_DEV
1717448185.4849777,273,90.6,47.7,CU_TO_DEV
1717448195.3320026,322,4.2,47.4,OCC_TO_CU
1717448195.332632,322,100.0,47.4,OCC_TO_CU
1717448195.4134443,273,29.4,47.6,CU_TO_DEV
1717448195.49054,273,13.3,47.6,CU_TO_DEV
1717448205.340038,322,4.0,47.5,OCC_TO_CU
1717448205.3408477,322,0.0,47.5,OCC_TO_CU
1717448205.4189835,273,23.3,47.7,CU_TO_DEV
1717448205.497009,273,9.7,47.7,CU_TO_DEV
1717448215.345258,322,6.0,47.4,OCC_TO_CU
1717448215.3465285,322,0.0,47.4,OCC_TO_CU
1717448215.425565,273,21.9,47.6,CU_TO_DEV
1717448215.5036044,273,9.7,47.6,CU_TO_DEV
1717448225.3592002,322,3.8,47.4,OCC_TO_CU
1717448225.378796,322,62.5,47.4,OCC_TO_CU
1717448225.4324212,273,100.0,47.6,CU_TO_DEV
1717448225.5088222,273,96.7,47.5,CU_TO_DEV
1717448228.0981095,154,3.9,47.3,OCC_TO_CU
1717448228.1115096,241,50.0,47.3,CU_TO_DEV
1717448228.2394884,241,15.7,47.5,CU_TO_DEV
1717448235.3703709,322,3.5,47.4,OCC_TO_CU
1717448235.3711085,322,0.0,47.4,OCC_TO_CU
1717448235.4428196,273,25.0,47.5,CU_TO_DEV
1717448235.5163457,273,10.7,47.5,CU_TO_DEV
1717448245.3809175,322,4.1,47.4,OCC_TO_CU
1717448245.3816667,322,0.0,47.4,OCC_TO_CU
1717448245.4474003,273,24.0,47.6,CU_TO_DEV
1717448245.5222714,273,10.3,47.6,CU_TO_DEV
1717448255.403353,322,4.2,47.4,OCC_TO_CU
1717448255.4040842,322,0.0,47.4,OCC_TO_CU
1717448255.4543538,273,31.6,47.6,CU_TO_DEV
1717448255.5270774,273,20.7,47.6,CU_TO_DEV
1717448265.4105654,322,5.2,47.4,OCC_TO_CU
1717448265.4111247,322,0.0,47.4,OCC_TO_CU
1717448265.4592347,273,23.5,47.6,CU_TO_DEV
1717448265.5317392,273,13.8,47.6,CU_TO_DEV
1717448275.446696,322,3.9,47.5,OCC_TO_CU
1717448275.447771,322,0.0,47.5,OCC_TO_CU
1717448275.4641204,273,50.0,47.5,CU_TO_DEV
1717448275.536859,273,28.6,47.6,CU_TO_DEV
1717448278.1605096,154,8.6,47.5,OCC_TO_CU
1717448278.2658708,241,14.3,47.7,CU_TO_DEV
1717448278.3423772,241,6.7,47.7,CU_TO_DEV
1717448285.418732,322,3.4,47.5,OCC_TO_CU
1717448285.4193776,322,0.0,47.5,OCC_TO_CU
1717448285.470446,273,43.5,47.6,CU_TO_DEV
1717448285.5461996,273,16.7,47.6,CU_TO_DEV
1717448295.4530199,322,4.8,47.4,OCC_TO_CU
1717448295.4540727,322,0.0,47.4,OCC_TO_CU
1717448295.4769537,273,44.4,47.4,CU_TO_DEV
1717448295.5505927,273,17.9,47.6,CU_TO_DEV
1717448305.4531505,322,4.0,47.4,OCC_TO_CU
1717448305.4537795,322,0.0,47.4,OCC_TO_CU
1717448305.484398,273,33.3,47.5,CU_TO_DEV
1717448305.555006,273,27.6,47.6,CU_TO_DEV
1717448315.4570043,322,5.0,47.3,OCC_TO_CU
1717448315.4576912,322,0.0,47.3,OCC_TO_CU
1717448315.4922132,273,38.5,47.5,CU_TO_DEV
1717448315.5605364,273,20.0,47.5,CU_TO_DEV
1717448325.4696252,322,4.1,47.4,OCC_TO_CU
1717448325.470127,322,0.0,47.4,OCC_TO_CU
1717448325.4982026,273,36.4,47.5,CU_TO_DEV
1717448325.5673378,273,24.1,47.6,CU_TO_DEV
1717448329.1569908,154,4.7,47.5,OCC_TO_CU
1717448329.169796,241,40.0,47.5,CU_TO_DEV
1717448329.300601,241,18.9,47.7,CU_TO_DEV
1717448335.481516,322,3.8,47.5,OCC_TO_CU
1717448335.4821494,322,0.0,47.5,OCC_TO_CU
1717448335.5048666,273,45.5,47.5,CU_TO_DEV
1717448335.5735729,273,26.9,47.7,CU_TO_DEV
1717448345.5003242,322,3.7,47.5,OCC_TO_CU
1717448345.500997,322,0.0,47.5,OCC_TO_CU
1717448345.5129097,273,50.0,47.5,CU_TO_DEV
1717448345.5801477,273,96.2,47.7,CU_TO_DEV
1717448355.525392,322,5.5,47.4,OCC_TO_CU
1717448355.5259073,322,0.0,47.4,OCC_TO_CU
1717448355.5863404,273,21.7,47.6,CU_TO_DEV
1717448355.7217715,273,10.9,47.6,CU_TO_DEV
1717448365.5262377,322,4.0,47.4,OCC_TO_CU
1717448365.5269825,322,0.0,47.4,OCC_TO_CU
1717448365.592209,273,28.0,47.6,CU_TO_DEV
1717448365.7261326,273,5.8,47.6,CU_TO_DEV
1717448375.5287592,322,4.2,47.4,OCC_TO_CU
1717448375.5303178,273,0.0,47.4,CU_TO_DEV
1717448375.5328863,322,0.0,47.4,OCC_TO_CU
1717448375.6009896,273,89.7,47.6,CU_TO_DEV
1717448375.7308464,273,67.3,47.6,CU_TO_DEV
1717448379.2139542,154,6.9,47.4,OCC_TO_CU
1717448379.3326733,241,10.6,47.5,CU_TO_DEV
1717448379.403957,241,7.4,47.5,CU_TO_DEV
1717448385.5657182,322,3.7,47.4,OCC_TO_CU
1717448385.5865774,322,37.5,47.4,OCC_TO_CU
1717448385.607432,273,71.4,47.5,CU_TO_DEV
1717448385.7358513,273,16.3,47.6,CU_TO_DEV
1717448395.5637004,322,4.1,47.4,OCC_TO_CU
1717448395.5643685,322,0.0,47.4,OCC_TO_CU
1717448395.6136522,273,38.1,47.6,CU_TO_DEV
1717448395.7402258,273,11.8,47.6,CU_TO_DEV
1717448405.567804,322,5.2,47.3,OCC_TO_CU
1717448405.5686047,322,0.0,47.3,OCC_TO_CU
1717448405.618346,273,38.1,47.5,CU_TO_DEV
1717448405.7463162,273,13.5,47.6,CU_TO_DEV
1717448415.5810635,322,4.2,47.4,OCC_TO_CU
1717448415.5819697,322,0.0,47.4,OCC_TO_CU
1717448415.6240385,273,37.5,47.5,CU_TO_DEV
1717448415.7512586,273,11.8,47.6,CU_TO_DEV
1717448425.6038904,322,4.2,47.4,OCC_TO_CU
1717448425.6137989,322,25.0,47.4,OCC_TO_CU
1717448425.6319945,273,50.0,47.5,CU_TO_DEV
1717448425.7573745,273,24.1,47.6,CU_TO_DEV
1717448429.3028843,154,4.9,47.6,OCC_TO_CU
1717448429.3604696,241,29.2,47.7,CU_TO_DEV
1717448429.4360065,241,19.4,47.7,CU_TO_DEV
1717448435.644049,322,3.8,47.6,OCC_TO_CU
1717448435.644894,322,100.0,47.6,OCC_TO_CU
1717448435.7650974,273,11.1,47.7,CU_TO_DEV
1717448435.8437586,273,9.7,47.7,CU_TO_DEV
1717448445.6581557,322,4.4,47.6,OCC_TO_CU
1717448445.6589596,322,0.0,47.6,OCC_TO_CU
1717448445.7714758,273,19.6,47.8,CU_TO_DEV
1717448445.8568847,273,91.2,47.8,CU_TO_DEV
1717448455.660386,322,4.5,47.5,OCC_TO_CU
1717448455.6658652,273,33.3,47.5,CU_TO_DEV
1717448455.6814194,322,80.0,47.5,OCC_TO_CU
1717448455.7778213,273,31.6,47.7,CU_TO_DEV
1717448455.8664265,273,16.2,47.7,CU_TO_DEV
1717448465.6853588,322,5.9,47.4,OCC_TO_CU
1717448465.6860375,322,0.0,47.4,OCC_TO_CU
1717448465.7889628,273,90.7,47.6,CU_TO_DEV
1717448465.8730898,273,63.6,47.5,CU_TO_DEV
1717448475.706184,322,3.8,47.3,OCC_TO_CU
1717448475.7068965,322,0.0,47.3,OCC_TO_CU
1717448475.7948442,273,22.2,47.5,CU_TO_DEV
1717448475.879397,273,6.1,47.5,CU_TO_DEV
1717448479.4121313,154,4.4,47.4,OCC_TO_CU
1717448479.481823,241,32.1,47.6,CU_TO_DEV
1717448479.5973685,241,6.7,47.6,CU_TO_DEV
1717448485.7265778,322,4.1,47.4,OCC_TO_CU
1717448485.7273643,322,0.0,47.4,OCC_TO_CU
1717448485.8013039,273,35.7,47.6,CU_TO_DEV
1717448485.8861392,273,12.1,47.6,CU_TO_DEV
1717448495.7391553,322,5.2,47.3,OCC_TO_CU
1717448495.7490025,322,40.0,47.3,OCC_TO_CU
1717448495.8077502,273,39.1,47.5,CU_TO_DEV
1717448495.8937635,273,12.1,47.5,CU_TO_DEV
1717448505.7701688,322,4.3,47.4,OCC_TO_CU
1717448505.7732427,322,0.0,47.4,OCC_TO_CU
1717448505.814163,273,43.7,47.5,CU_TO_DEV
1717448505.8997958,273,17.6,47.5,CU_TO_DEV
1717448515.7803977,322,4.0,47.4,OCC_TO_CU
1717448515.7972476,322,62.5,47.4,OCC_TO_CU
1717448515.820963,273,72.7,47.6,CU_TO_DEV
1717448515.9068077,273,24.2,47.6,CU_TO_DEV
1717448525.784871,322,4.2,47.5,OCC_TO_CU
1717448525.785676,322,0.0,47.5,OCC_TO_CU
1717448525.8300033,273,35.3,47.7,CU_TO_DEV
1717448525.9131992,273,15.2,47.7,CU_TO_DEV
1717448529.3069975,154,5.4,47.6,OCC_TO_CU
1717448529.3154256,241,33.3,47.6,CU_TO_DEV
1717448529.4333768,241,22.9,47.7,CU_TO_DEV
1717448535.807859,322,3.9,47.6,OCC_TO_CU
1717448535.8087018,322,0.0,47.6,OCC_TO_CU
1717448535.8386133,273,41.7,47.7,CU_TO_DEV
1717448535.9197283,273,19.4,47.8,CU_TO_DEV
1717448545.821828,322,5.7,47.4,OCC_TO_CU
1717448545.8276093,322,0.0,47.4,OCC_TO_CU
1717448545.8510072,273,63.6,47.4,CU_TO_DEV
1717448545.9294577,273,40.0,47.6,CU_TO_DEV
1717448555.8599336,322,4.9,47.3,OCC_TO_CU
1717448555.8611898,322,0.0,47.3,OCC_TO_CU
1717448555.936469,273,29.0,47.5,CU_TO_DEV
1717448556.0578778,273,4.3,47.5,CU_TO_DEV
1717448565.8613148,322,4.2,47.4,OCC_TO_CU
1717448565.8621533,322,0.0,47.4,OCC_TO_CU
1717448565.8640068,273,0.0,47.4,CU_TO_DEV
1717448565.9415755,273,26.7,47.5,CU_TO_DEV
1717448575.8865979,322,4.0,47.5,OCC_TO_CU
1717448575.8872786,322,0.0,47.5,OCC_TO_CU
1717448575.9496186,273,36.0,47.6,CU_TO_DEV
1717448576.0707445,273,8.2,47.6,CU_TO_DEV
1717448579.29235,154,5.4,47.5,OCC_TO_CU
1717448579.3519735,241,33.3,47.6,CU_TO_DEV
1717448579.474817,241,12.8,47.7,CU_TO_DEV
1717448585.8847623,322,5.9,47.5,OCC_TO_CU
1717448585.8853202,322,0.0,47.5,OCC_TO_CU
1717448585.9593058,273,89.3,47.6,CU_TO_DEV
1717448586.082303,273,36.7,47.5,CU_TO_DEV
1717448595.900161,322,3.8,47.4,OCC_TO_CU
1717448595.901184,322,100.0,47.4,OCC_TO_CU
1717448595.9664192,273,24.0,47.6,CU_TO_DEV
1717448596.0910773,273,16.7,47.6,CU_TO_DEV
1717448605.9188929,322,4.1,47.4,OCC_TO_CU
1717448605.9344969,322,42.9,47.4,OCC_TO_CU
1717448605.9718742,273,50.0,47.7,CU_TO_DEV
1717448606.0985658,273,15.7,47.7,CU_TO_DEV
1717448615.934478,322,4.1,47.4,OCC_TO_CU
1717448615.9355226,322,0.0,47.4,OCC_TO_CU
1717448615.977453,273,41.2,47.6,CU_TO_DEV
1717448616.1046445,273,18.5,47.6,CU_TO_DEV
1717448625.9484756,322,4.7,47.4,OCC_TO_CU
1717448625.9492846,322,100.0,47.4,OCC_TO_CU
1717448625.9835994,273,42.9,47.6,CU_TO_DEV
1717448626.1098151,273,8.3,47.6,CU_TO_DEV
1717448629.384826,154,6.4,47.5,OCC_TO_CU
1717448629.3892484,241,100.0,47.5,CU_TO_DEV
1717448629.5124166,241,95.9,47.7,CU_TO_DEV
1717448635.9674034,322,3.3,47.4,OCC_TO_CU
1717448635.9680665,322,0.0,47.4,OCC_TO_CU
1717448635.9930284,273,40.0,47.5,CU_TO_DEV
1717448636.1167026,273,16.7,47.6,CU_TO_DEV
1717448645.9767983,322,4.7,47.4,OCC_TO_CU
1717448645.9774406,322,0.0,47.4,OCC_TO_CU
1717448646.0013125,273,37.5,47.4,CU_TO_DEV
1717448646.121895,273,15.2,47.6,CU_TO_DEV
1717448656.0155778,322,4.0,47.4,OCC_TO_CU
1717448656.0163307,322,0.0,47.4,OCC_TO_CU
1717448656.1270704,273,25.5,47.6,CU_TO_DEV
1717448656.20859,273,11.8,47.6,CU_TO_DEV
1717448666.0040956,322,4.1,47.4,OCC_TO_CU
1717448666.004773,322,100.0,47.4,OCC_TO_CU
1717448666.013383,273,0.0,47.4,CU_TO_DEV
1717448666.1321409,273,25.0,47.6,CU_TO_DEV
1717448676.0211327,322,4.7,47.4,OCC_TO_CU
1717448676.0473182,322,33.3,47.5,OCC_TO_CU
1717448676.138859,273,21.6,47.7,CU_TO_DEV
1717448676.2211454,273,9.4,47.7,CU_TO_DEV
1717448680.4701297,154,4.2,47.5,OCC_TO_CU
1717448680.541588,241,22.2,47.6,CU_TO_DEV
1717448680.6241062,241,12.1,47.6,CU_TO_DEV
1717448686.0321186,322,4.3,47.5,OCC_TO_CU
1717448686.0327842,322,100.0,47.5,OCC_TO_CU
1717448686.1459093,273,13.6,47.7,CU_TO_DEV
1717448686.2271621,273,6.5,47.7,CU_TO_DEV
1717448696.046029,322,4.0,47.5,OCC_TO_CU
1717448696.0601494,322,33.3,47.5,OCC_TO_CU
1717448696.1511948,273,33.3,47.7,CU_TO_DEV
1717448696.2325656,273,12.5,47.7,CU_TO_DEV
1717448706.098354,322,4.9,47.5,OCC_TO_CU
1717448706.0996265,322,0.0,47.5,OCC_TO_CU
1717448706.1569743,273,90.9,47.6,CU_TO_DEV
1717448706.237823,273,75.0,47.6,CU_TO_DEV
1717448716.0680416,322,4.3,47.4,OCC_TO_CU
1717448716.083712,322,50.0,47.4,OCC_TO_CU
1717448716.163232,273,40.6,47.6,CU_TO_DEV
1717448716.2444737,273,15.6,47.6,CU_TO_DEV
1717448726.0936399,322,5.0,47.3,OCC_TO_CU
1717448726.0946689,322,0.0,47.3,OCC_TO_CU
1717448726.1696303,273,23.3,47.5,CU_TO_DEV
1717448726.2566254,273,77.1,47.5,CU_TO_DEV
1717448730.5131743,154,5.1,47.4,OCC_TO_CU
1717448730.572772,241,19.0,47.5,CU_TO_DEV
1717448730.6590352,241,11.4,47.5,CU_TO_DEV
1717448736.0946326,322,4.1,47.4,OCC_TO_CU
1717448736.0966868,322,100.0,47.4,OCC_TO_CU
1717448736.176346,273,24.2,47.5,CU_TO_DEV
1717448736.261989,273,11.8,47.5,CU_TO_DEV
1717448746.107383,322,4.1,47.4,OCC_TO_CU
1717448746.1081572,322,0.0,47.4,OCC_TO_CU
1717448746.1838298,273,23.3,47.6,CU_TO_DEV
1717448746.2668839,273,6.7,47.6,CU_TO_DEV
1717448756.1197915,322,4.0,47.4,OCC_TO_CU
1717448756.120418,322,0.0,47.4,OCC_TO_CU
1717448756.1915712,273,25.0,47.6,CU_TO_DEV
1717448756.2718854,273,6.7,47.6,CU_TO_DEV
1717448766.133989,322,4.3,47.5,OCC_TO_CU
1717448766.1346376,322,0.0,47.5,OCC_TO_CU
1717448766.199479,273,30.8,47.7,CU_TO_DEV
1717448766.277859,273,6.9,47.7,CU_TO_DEV
1717448776.1456387,322,5.2,47.4,OCC_TO_CU
1717448776.1462717,322,0.0,47.4,OCC_TO_CU
1717448776.2090247,273,32.0,47.6,CU_TO_DEV
1717448776.2826447,273,14.3,47.6,CU_TO_DEV
1717448780.60887,154,4.9,47.6,OCC_TO_CU
1717448780.6119642,241,0.0,47.6,CU_TO_DEV
1717448780.685289,241,30.0,47.7,CU_TO_DEV
1717448786.1779237,322,5.2,47.4,OCC_TO_CU
1717448786.1784348,322,0.0,47.4,OCC_TO_CU
1717448786.2154512,273,33.3,47.6,CU_TO_DEV
1717448786.2897573,273,11.1,47.6,CU_TO_DEV
1717448796.1877067,322,3.9,47.4,OCC_TO_CU
1717448796.1883376,322,0.0,47.4,OCC_TO_CU
1717448796.2243829,273,33.3,47.6,CU_TO_DEV
1717448796.2967288,273,23.3,47.6,CU_TO_DEV
1717448806.191315,322,4.3,47.5,OCC_TO_CU
1717448806.2016277,322,50.0,47.5,OCC_TO_CU
1717448806.2327328,273,69.2,47.7,CU_TO_DEV
1717448806.3027492,273,31.0,47.7,CU_TO_DEV
1717448816.2067194,322,5.0,47.5,OCC_TO_CU
1717448816.207282,322,0.0,47.5,OCC_TO_CU
1717448816.2395787,273,33.3,47.7,CU_TO_DEV
1717448816.3079329,273,22.2,47.7,CU_TO_DEV
1717448826.215096,322,5.1,47.4,OCC_TO_CU
1717448826.2158823,322,0.0,47.4,OCC_TO_CU
1717448826.2472324,273,83.3,47.5,CU_TO_DEV
1717448826.31672,273,96.7,47.7,CU_TO_DEV
1717448830.6560967,154,5.0,47.4,OCC_TO_CU
1717448830.7223883,241,23.1,47.6,CU_TO_DEV
1717448830.851084,241,11.1,47.6,CU_TO_DEV
1717448836.223962,322,3.7,47.4,OCC_TO_CU
1717448836.2246113,322,100.0,47.4,OCC_TO_CU
1717448836.2554734,273,41.7,47.5,CU_TO_DEV
1717448836.3258286,273,25.0,47.6,CU_TO_DEV
1717448846.25515,322,4.2,47.4,OCC_TO_CU
1717448846.2630613,273,50.0,47.4,CU_TO_DEV
1717448846.271504,322,75.0,47.4,OCC_TO_CU
1717448846.333688,273,51.9,47.6,CU_TO_DEV
1717448846.4639378,273,17.6,47.6,CU_TO_DEV
1717448856.2614124,322,4.4,47.5,OCC_TO_CU
1717448856.2622955,322,0.0,47.5,OCC_TO_CU
1717448856.2708287,273,0.0,47.5,CU_TO_DEV
1717448856.3401957,273,37.0,47.7,CU_TO_DEV
1717448866.2571511,322,5.9,47.3,OCC_TO_CU
1717448866.257976,322,0.0,47.3,OCC_TO_CU
1717448866.2767618,273,50.0,47.4,CU_TO_DEV
1717448866.3507009,273,25.0,47.6,CU_TO_DEV
1717448876.2882192,322,4.2,47.4,OCC_TO_CU
1717448876.2891364,322,100.0,47.4,OCC_TO_CU
1717448876.3561306,273,29.6,47.6,CU_TO_DEV
1717448876.484244,273,16.3,47.6,CU_TO_DEV
1717448880.8020883,154,4.9,47.5,OCC_TO_CU
1717448880.8879852,241,23.5,47.7,CU_TO_DEV
1717448880.9608202,241,13.3,47.7,CU_TO_DEV
1717448886.290289,322,3.6,47.5,OCC_TO_CU
1717448886.2909982,273,0.0,47.5,CU_TO_DEV
1717448886.2908635,322,0.0,47.5,OCC_TO_CU
1717448886.364876,273,28.1,47.7,CU_TO_DEV
1717448886.4919174,273,14.3,47.7,CU_TO_DEV
1717448896.3014677,322,4.0,47.4,OCC_TO_CU
1717448896.3022416,322,0.0,47.4,OCC_TO_CU
1717448896.3713303,273,25.9,47.7,CU_TO_DEV
1717448896.4996798,273,18.0,47.7,CU_TO_DEV
1717448906.315805,322,5.0,47.5,OCC_TO_CU
1717448906.3163068,322,0.0,47.5,OCC_TO_CU
1717448906.3775465,273,83.3,47.7,CU_TO_DEV
1717448906.5076437,273,70.6,47.6,CU_TO_DEV
1717448916.3471184,322,3.9,47.4,OCC_TO_CU
1717448916.3477473,322,0.0,47.4,OCC_TO_CU
1717448916.38465,273,46.7,47.6,CU_TO_DEV
1717448916.5140107,273,21.6,47.6,CU_TO_DEV
1717448926.3421524,322,4.0,47.4,OCC_TO_CU
1717448926.3441064,322,0.0,47.4,OCC_TO_CU
1717448926.3900216,273,29.4,47.6,CU_TO_DEV
1717448926.519652,273,20.0,47.6,CU_TO_DEV
1717448930.7779756,154,4.6,47.5,OCC_TO_CU
1717448930.7927406,241,50.0,47.5,CU_TO_DEV
1717448930.9226868,241,18.9,47.7,CU_TO_DEV
1717448936.3542192,322,3.7,47.6,OCC_TO_CU
1717448936.3548675,322,0.0,47.6,OCC_TO_CU
1717448936.3966508,273,37.5,47.7,CU_TO_DEV
1717448936.5263567,273,16.3,47.7,CU_TO_DEV
1717448946.3674343,322,5.8,47.4,OCC_TO_CU
1717448946.3679552,322,0.0,47.4,OCC_TO_CU
1717448946.4088817,273,42.1,47.5,CU_TO_DEV
1717448946.5365565,273,21.2,47.6,CU_TO_DEV
1717448956.3821118,322,4.8,47.3,OCC_TO_CU
1717448956.382875,322,0.0,47.3,OCC_TO_CU
1717448956.4180708,273,42.9,47.5,CU_TO_DEV
1717448956.5419755,273,19.1,47.5,CU_TO_DEV
1717448966.391485,322,4.0,47.4,OCC_TO_CU
1717448966.398588,322,33.3,47.4,OCC_TO_CU
1717448966.4248304,273,63.6,47.4,CU_TO_DEV
1717448966.5477798,273,25.5,47.6,CU_TO_DEV
1717448976.4111292,322,4.2,47.4,OCC_TO_CU
1717448976.4117713,322,0.0,47.4,OCC_TO_CU
1717448976.4329262,273,44.4,47.4,CU_TO_DEV
1717448976.5544224,273,18.7,47.6,CU_TO_DEV
1717448980.8516235,154,5.0,47.5,OCC_TO_CU
1717448980.9574392,241,19.0,47.7,CU_TO_DEV
1717448981.0398784,241,9.1,47.7,CU_TO_DEV
1717448986.4226627,322,3.9,47.6,OCC_TO_CU
1717448986.4233289,322,0.0,47.6,OCC_TO_CU
1717448986.4428518,273,55.6,47.6,CU_TO_DEV
1717448986.5604358,273,22.9,47.7,CU_TO_DEV
1717448996.4315164,322,5.2,47.5,OCC_TO_CU
1717448996.4321182,322,0.0,47.5,OCC_TO_CU
1717448996.4499404,273,42.9,47.5,CU_TO_DEV
1717448996.570216,273,26.5,47.7,CU_TO_DEV
1717449006.4438374,322,5.0,47.4,OCC_TO_CU
1717449006.4444563,322,0.0,47.4,OCC_TO_CU
1717449006.4595635,273,57.1,47.4,CU_TO_DEV
1717449006.5782878,273,24.4,47.6,CU_TO_DEV
1717449016.4566715,322,4.0,47.4,OCC_TO_CU
1717449016.46213,322,0.0,47.4,OCC_TO_CU
1717449016.465846,273,100.0,47.4,CU_TO_DEV
1717449016.5844624,273,37.0,47.6,CU_TO_DEV
1717449026.4764056,322,5.0,47.3,OCC_TO_CU
1717449026.4769597,322,50.0,47.3,OCC_TO_CU
1717449026.5893614,273,14.3,47.6,CU_TO_DEV
1717449026.6759603,273,29.4,47.6,CU_TO_DEV
1717449030.9312885,154,3.8,47.5,OCC_TO_CU
1717449030.992015,241,26.1,47.6,CU_TO_DEV
1717449031.079855,241,9.1,47.6,CU_TO_DEV
1717449036.4806833,322,3.9,47.5,OCC_TO_CU
1717449036.4837177,273,0.0,47.5,CU_TO_DEV
1717449036.484414,322,0.0,47.5,OCC_TO_CU
1717449036.595308,273,22.0,47.7,CU_TO_DEV
1717449036.684591,273,30.6,47.7,CU_TO_DEV
1717449046.4957912,322,4.9,47.4,OCC_TO_CU
1717449046.4964366,322,0.0,47.4,OCC_TO_CU
1717449046.6016731,273,21.4,47.6,CU_TO_DEV
1717449046.6917799,273,31.4,47.6,CU_TO_DEV
1717449056.5156608,322,3.8,47.5,OCC_TO_CU
1717449056.523031,322,0.0,47.5,OCC_TO_CU
1717449056.608914,273,37.5,47.7,CU_TO_DEV
1717449056.6972718,273,31.4,47.7,CU_TO_DEV
1717449066.530169,322,4.6,47.4,OCC_TO_CU
1717449066.5306783,322,0.0,47.4,OCC_TO_CU
1717449066.617231,273,28.6,47.6,CU_TO_DEV
1717449066.703443,273,26.5,47.6,CU_TO_DEV
1717449076.537613,322,3.9,47.4,OCC_TO_CU
1717449076.5382392,322,0.0,47.4,OCC_TO_CU
1717449076.6226828,273,31.4,47.7,CU_TO_DEV
1717449076.7097843,273,24.2,47.7,CU_TO_DEV
1717449081.0016372,154,4.0,47.6,OCC_TO_CU
1717449081.0259213,241,30.0,47.7,CU_TO_DEV
1717449081.112529,241,15.2,47.7,CU_TO_DEV
1717449086.552524,322,5.9,47.6,OCC_TO_CU
1717449086.553076,322,0.0,47.6,OCC_TO_CU
1717449086.6332626,273,25.0,47.7,CU_TO_DEV
1717449086.722564,273,86.1,47.7,CU_TO_DEV
1717449096.5753717,322,4.3,47.4,OCC_TO_CU
1717449096.57748,322,0.0,47.4,OCC_TO_CU
1717449096.639117,273,40.0,47.6,CU_TO_DEV
1717449096.727793,273,22.2,47.5,CU_TO_DEV
1717449106.573078,322,4.9,47.3,OCC_TO_CU
1717449106.5735931,322,0.0,47.3,OCC_TO_CU
1717449106.6474054,273,25.0,47.5,CU_TO_DEV
1717449106.733159,273,27.3,47.6,CU_TO_DEV
1717449116.592722,322,3.9,47.4,OCC_TO_CU
1717449116.6072764,322,40.0,47.4,OCC_TO_CU
1717449116.6528907,273,68.4,47.5,CU_TO_DEV
1717449116.7395709,273,25.0,47.6,CU_TO_DEV
1717449126.6095583,322,3.9,47.4,OCC_TO_CU
1717449126.6101947,322,0.0,47.4,OCC_TO_CU
1717449126.6582158,273,44.4,47.6,CU_TO_DEV
1717449126.7469923,273,36.8,47.6,CU_TO_DEV
1717449130.9824886,154,7.2,47.5,OCC_TO_CU
1717449131.064964,241,12.9,47.7,CU_TO_DEV
1717449131.150715,241,6.1,47.7,CU_TO_DEV
1717449136.6209044,322,3.4,47.5,OCC_TO_CU
1717449136.6216605,322,0.0,47.5,OCC_TO_CU
1717449136.668169,273,50.0,47.6,CU_TO_DEV
1717449136.7545745,273,29.4,47.6,CU_TO_DEV
1717449146.6581461,322,4.0,47.4,OCC_TO_CU
1717449146.65915,322,0.0,47.4,OCC_TO_CU
1717449146.6744878,273,66.7,47.4,CU_TO_DEV
1717449146.7603478,273,43.8,47.7,CU_TO_DEV
1717449156.6619945,322,3.2,47.5,OCC_TO_CU
1717449156.685604,273,45.5,47.6,CU_TO_DEV
1717449156.7012343,322,50.0,47.7,OCC_TO_CU
1717449156.7656658,273,56.0,47.7,CU_TO_DEV
1717449156.8864415,273,24.0,47.7,CU_TO_DEV
1717449166.659789,322,4.1,47.6,OCC_TO_CU
1717449166.6602874,322,0.0,47.6,OCC_TO_CU
1717449166.6948848,273,53.8,47.7,CU_TO_DEV
1717449166.7728226,273,32.4,47.7,CU_TO_DEV
1717449176.6705935,322,5.6,47.5,OCC_TO_CU
1717449176.6711152,322,0.0,47.5,OCC_TO_CU
1717449176.7044504,273,57.1,47.7,CU_TO_DEV
1717449176.7809918,273,40.6,47.8,CU_TO_DEV
1717449180.9053357,154,9.1,47.4,OCC_TO_CU
1717449180.9136305,241,25.0,47.4,CU_TO_DEV
1717449180.9872587,241,39.3,47.6,CU_TO_DEV
1717449186.6842923,322,5.2,47.3,OCC_TO_CU
1717449186.6848383,322,100.0,47.3,OCC_TO_CU
1717449186.717981,273,50.0,47.4,CU_TO_DEV
1717449186.7949104,273,32.3,47.4,CU_TO_DEV
1717449196.7140179,322,3.8,47.3,OCC_TO_CU
1717449196.7231894,322,25.0,47.3,OCC_TO_CU
1717449196.7241433,273,0.0,47.3,CU_TO_DEV
1717449196.7997816,273,73.3,47.5,CU_TO_DEV
1717449206.7137053,322,3.8,47.3,OCC_TO_CU
1717449206.7167656,322,0.0,47.3,OCC_TO_CU
1717449206.7294986,273,60.0,47.3,CU_TO_DEV
1717449206.8075168,273,48.5,47.6,CU_TO_DEV
1717449216.7513728,322,3.9,47.4,OCC_TO_CU
1717449216.7518902,322,0.0,47.4,OCC_TO_CU
1717449216.813514,273,50.0,47.6,CU_TO_DEV
1717449216.9386077,273,20.0,47.6,CU_TO_DEV
1717449226.7435842,322,4.8,47.4,OCC_TO_CU
1717449226.7472937,273,0.0,47.4,CU_TO_DEV
1717449226.7473783,322,0.0,47.4,OCC_TO_CU
1717449226.820864,273,64.5,47.6,CU_TO_DEV
1717449226.948396,273,20.0,47.6,CU_TO_DEV
1717449230.9482565,154,3.8,47.5,OCC_TO_CU
1717449230.9541547,241,33.3,47.5,CU_TO_DEV
1717449231.024553,241,34.5,47.6,CU_TO_DEV
1717449236.7564754,322,3.7,47.5,OCC_TO_CU
1717449236.7574317,322,0.0,47.5,OCC_TO_CU
1717449236.7575054,273,0.0,47.5,CU_TO_DEV
1717449236.8286488,273,48.3,47.6,CU_TO_DEV
1717449236.958386,273,18.0,47.6,CU_TO_DEV
1717449246.768372,322,3.8,47.5,OCC_TO_CU
1717449246.7704175,322,0.0,47.5,OCC_TO_CU
1717449246.8355849,273,52.0,47.7,CU_TO_DEV
1717449246.963353,273,18.0,47.7,CU_TO_DEV
1717449256.7768219,322,3.8,47.6,OCC_TO_CU
1717449256.7778199,322,0.0,47.6,OCC_TO_CU
1717449256.843662,273,40.0,47.8,CU_TO_DEV
1717449256.9683173,273,24.0,47.8,CU_TO_DEV
1717449266.7779856,322,5.0,47.5,OCC_TO_CU
1717449266.7810717,322,66.7,47.5,OCC_TO_CU
1717449266.8511212,273,36.0,47.7,CU_TO_DEV
1717449266.9740155,273,93.9,47.8,CU_TO_DEV
1717449276.7940876,322,4.7,47.4,OCC_TO_CU
1717449276.795272,322,0.0,47.4,OCC_TO_CU
1717449276.860769,273,51.7,47.6,CU_TO_DEV
1717449276.9825912,273,26.0,47.6,CU_TO_DEV
1717449280.9810572,154,4.3,47.4,OCC_TO_CU
1717449280.984844,241,0.0,47.4,CU_TO_DEV
1717449281.064395,241,22.6,47.6,CU_TO_DEV
1717449286.8078926,322,3.6,47.5,OCC_TO_CU
1717449286.8087046,322,100.0,47.5,OCC_TO_CU
1717449286.8691535,273,56.5,47.6,CU_TO_DEV
1717449286.987894,273,13.3,47.6,CU_TO_DEV
1717449296.8298707,322,3.5,47.4,OCC_TO_CU
1717449296.8305287,322,0.0,47.4,OCC_TO_CU
1717449296.875195,273,82.4,47.6,CU_TO_DEV
1717449296.99696,273,94.1,47.7,CU_TO_DEV
1717449306.8542495,322,3.5,47.4,OCC_TO_CU
1717449306.8547924,322,0.0,47.4,OCC_TO_CU
1717449306.8826528,273,72.7,47.5,CU_TO_DEV
1717449307.002277,273,23.4,47.6,CU_TO_DEV
1717449316.8590999,322,4.8,47.4,OCC_TO_CU
1717449316.8597877,322,0.0,47.4,OCC_TO_CU
1717449316.8945622,273,73.3,47.4,CU_TO_DEV
1717449317.0101461,273,28.3,47.5,CU_TO_DEV
1717449326.8710668,322,4.0,47.4,OCC_TO_CU
1717449326.8731213,322,0.0,47.4,OCC_TO_CU
1717449326.9021437,273,81.8,47.5,CU_TO_DEV
1717449327.0158875,273,29.2,47.6,CU_TO_DEV
1717449331.0727193,154,4.6,47.5,OCC_TO_CU
1717449331.1056662,241,27.3,47.6,CU_TO_DEV
1717449331.2191608,241,17.4,47.7,CU_TO_DEV
1717449336.8826153,322,3.7,47.6,OCC_TO_CU
1717449336.8831518,322,0.0,47.6,OCC_TO_CU
1717449336.909138,273,75.0,47.6,CU_TO_DEV
1717449337.0226839,273,16.7,47.7,CU_TO_DEV
1717449346.893743,322,3.8,47.6,OCC_TO_CU
1717449346.8993804,322,50.0,47.6,OCC_TO_CU
1717449346.9200962,273,100.0,47.6,CU_TO_DEV
1717449347.0279045,273,30.2,47.7,CU_TO_DEV
1717449356.9398835,322,5.0,47.5,OCC_TO_CU
1717449356.9451823,322,100.0,47.5,OCC_TO_CU
1717449357.0364542,273,100.0,47.6,CU_TO_DEV
1717449357.132406,273,97.4,47.7,CU_TO_DEV
1717449366.929818,322,4.5,47.4,OCC_TO_CU
1717449366.9307816,322,0.0,47.4,OCC_TO_CU
1717449366.940904,273,100.0,47.4,CU_TO_DEV
1717449367.0422978,273,33.3,47.6,CU_TO_DEV
1717449376.9601226,322,4.0,47.4,OCC_TO_CU
1717449376.961055,322,0.0,47.4,OCC_TO_CU
1717449377.0472136,273,31.4,47.6,CU_TO_DEV
1717449377.1465468,273,10.0,47.6,CU_TO_DEV
1717449381.1524417,154,4.8,47.5,OCC_TO_CU
1717449381.2497382,241,20.0,47.6,CU_TO_DEV
1717449381.3488562,241,7.7,47.6,CU_TO_DEV
1717449386.9571497,322,4.1,47.5,OCC_TO_CU
1717449386.9581249,322,0.0,47.5,OCC_TO_CU
1717449387.0530427,273,22.2,47.7,CU_TO_DEV
1717449387.151887,273,12.5,47.7,CU_TO_DEV
1717449396.979057,322,4.1,47.5,OCC_TO_CU
1717449396.9801433,322,0.0,47.5,OCC_TO_CU
1717449397.061537,273,36.4,47.7,CU_TO_DEV
1717449397.157385,273,7.9,47.7,CU_TO_DEV
1717449406.9882743,322,5.2,47.5,OCC_TO_CU
1717449406.989248,322,50.0,47.5,OCC_TO_CU
1717449407.071218,273,22.6,47.6,CU_TO_DEV
1717449407.162343,273,8.6,47.7,CU_TO_DEV
1717449417.0084832,322,3.9,47.5,OCC_TO_CU
1717449417.0096645,322,100.0,47.5,OCC_TO_CU
1717449417.0785887,273,88.9,47.7,CU_TO_DEV
1717449417.167311,273,72.2,47.6,CU_TO_DEV
1717449427.0217378,322,3.9,47.4,OCC_TO_CU
1717449427.0238204,322,0.0,47.4,OCC_TO_CU
1717449427.0850186,273,34.6,47.6,CU_TO_DEV
1717449427.1729474,273,9.1,47.6,CU_TO_DEV
1717449431.2280462,154,4.2,47.5,OCC_TO_CU
1717449431.2884603,241,26.1,47.7,CU_TO_DEV
1717449431.3760588,241,16.7,47.7,CU_TO_DEV
1717449437.0566673,322,5.2,47.5,OCC_TO_CU
1717449437.0586846,322,0.0,47.5,OCC_TO_CU
1717449437.0929387,273,38.5,47.6,CU_TO_DEV
1717449437.1801426,273,9.4,47.6,CU_TO_DEV
1717449447.0553012,322,4.1,47.5,OCC_TO_CU
1717449447.0560992,322,0.0,47.5,OCC_TO_CU
1717449447.1008866,273,81.0,47.5,CU_TO_DEV
1717449447.1918516,273,100.0,47.7,CU_TO_DEV
1717449457.044965,322,5.2,47.4,OCC_TO_CU
1717449457.045729,322,0.0,47.4,OCC_TO_CU
1717449457.1064138,273,30.4,47.6,CU_TO_DEV
1717449457.1969347,273,13.5,47.6,CU_TO_DEV
1717449467.086168,322,4.0,47.3,OCC_TO_CU
1717449467.0868936,322,0.0,47.3,OCC_TO_CU
1717449467.1117609,273,50.0,47.4,CU_TO_DEV
1717449467.2026434,273,25.6,47.6,CU_TO_DEV
1717449477.080325,322,4.1,47.4,OCC_TO_CU
1717449477.081352,322,100.0,47.4,OCC_TO_CU
1717449477.1225345,273,37.5,47.6,CU_TO_DEV
1717449477.2088141,273,19.4,47.6,CU_TO_DEV
1717449481.1256278,154,5.0,47.5,OCC_TO_CU
1717449481.1266224,241,0.0,47.5,CU_TO_DEV
1717449481.2119818,241,25.7,47.7,CU_TO_DEV
1717449487.0729845,322,3.9,47.6,OCC_TO_CU
1717449487.0736926,322,0.0,47.6,OCC_TO_CU
1717449487.1330085,273,39.1,47.7,CU_TO_DEV
1717449487.216555,273,9.4,47.7,CU_TO_DEV
1717449497.0859673,322,4.3,47.0,OCC_TO_CU
1717449497.0869493,322,0.0,47.0,OCC_TO_CU
1717449497.1422706,273,23.8,47.3,CU_TO_DEV
1717449497.2228332,273,9.7,47.3,CU_TO_DEV
1717449507.0942502,322,3.7,47.1,OCC_TO_CU
1717449507.0949693,322,0.0,47.1,OCC_TO_CU
1717449507.1487205,273,33.3,47.3,CU_TO_DEV
1717449507.2286718,273,15.6,47.3,CU_TO_DEV
1717449517.113483,322,3.9,47.2,OCC_TO_CU
1717449517.1141,322,0.0,47.2,OCC_TO_CU
1717449517.1547742,273,40.0,47.4,CU_TO_DEV
1717449517.2346013,273,18.8,47.4,CU_TO_DEV
1717449527.1337774,322,4.6,47.2,OCC_TO_CU
1717449527.1344726,322,0.0,47.2,OCC_TO_CU
1717449527.1611426,273,50.0,47.2,CU_TO_DEV
1717449527.2454782,273,13.3,47.4,CU_TO_DEV
1717449532.30033,154,4.0,47.3,OCC_TO_CU
1717449532.3650537,241,19.2,47.3,CU_TO_DEV
1717449532.4485812,241,12.5,47.4,CU_TO_DEV
1717449537.1374614,322,4.9,47.3,OCC_TO_CU
1717449537.1380732,322,0.0,47.3,OCC_TO_CU
1717449537.1687558,273,76.9,47.4,CU_TO_DEV
1717449537.2529814,273,100.0,47.4,CU_TO_DEV
1717449547.1637838,322,6.2,47.0,OCC_TO_CU
1717449547.1648335,322,100.0,47.0,OCC_TO_CU
1717449547.180733,273,50.0,47.0,CU_TO_DEV
1717449547.2627976,273,30.3,47.2,CU_TO_DEV
1717449557.1617112,322,4.3,47.0,OCC_TO_CU
1717449557.1697516,322,33.3,47.0,OCC_TO_CU
1717449557.1905844,273,66.7,47.1,CU_TO_DEV
1717449557.2685595,273,36.7,47.2,CU_TO_DEV
1717449567.210085,322,3.9,47.1,OCC_TO_CU
1717449567.2107892,322,0.0,47.1,OCC_TO_CU
1717449567.274298,273,30.8,47.3,CU_TO_DEV
1717449567.3974254,273,8.3,47.3,CU_TO_DEV
1717449577.1841147,322,3.9,47.1,OCC_TO_CU
1717449577.2037857,273,55.6,47.1,CU_TO_DEV
1717449577.2050493,322,0.0,47.2,OCC_TO_CU
1717449577.2807076,273,37.9,47.3,CU_TO_DEV
1717449577.4046416,273,8.3,47.3,CU_TO_DEV
1717449583.2947702,154,4.0,47.2,OCC_TO_CU
1717449583.412839,241,25.0,47.4,CU_TO_DEV
1717449583.4845014,241,14.8,47.5,CU_TO_DEV
1717449587.2121544,322,7.1,47.2,OCC_TO_CU
1717449587.2131798,322,100.0,47.2,OCC_TO_CU
1717449587.2179868,273,0.0,47.2,CU_TO_DEV
1717449587.2883255,273,29.6,47.4,CU_TO_DEV
1717449597.2381942,322,3.5,47.2,OCC_TO_CU
1717449597.2420936,322,0.0,47.2,OCC_TO_CU
1717449597.293543,273,35.0,47.4,CU_TO_DEV
1717449597.4227722,273,11.5,47.4,CU_TO_DEV
1717449607.2358902,322,4.9,47.1,OCC_TO_CU
1717449607.252573,322,57.1,47.1,OCC_TO_CU
1717449607.3009908,273,50.0,47.3,CU_TO_DEV
1717449607.4286323,273,12.0,47.3,CU_TO_DEV
1717449617.2414923,322,3.9,47.1,OCC_TO_CU
1717449617.242141,322,0.0,47.1,OCC_TO_CU
1717449617.306611,273,33.3,47.3,CU_TO_DEV
1717449617.4356728,273,13.2,47.3,CU_TO_DEV
1717449627.2534328,322,4.3,47.2,OCC_TO_CU
1717449627.2544258,322,0.0,47.2,OCC_TO_CU
1717449627.3147416,273,27.3,47.4,CU_TO_DEV
1717449627.4415054,273,9.8,47.4,CU_TO_DEV
1717449634.28972,154,7.0,47.2,OCC_TO_CU
1717449634.319778,241,41.7,47.3,CU_TO_DEV
1717449634.4504511,241,13.5,47.4,CU_TO_DEV
1717449637.269149,322,3.4,47.1,OCC_TO_CU
1717449637.2698202,322,0.0,47.1,OCC_TO_CU
1717449637.322377,273,25.0,47.3,CU_TO_DEV
1717449637.4522517,273,11.8,47.3,CU_TO_DEV
1717449647.2742653,322,4.1,47.1,OCC_TO_CU
1717449647.2750125,322,0.0,47.1,OCC_TO_CU
1717449647.3296468,273,30.0,47.3,CU_TO_DEV
1717449647.4589684,273,13.2,47.3,CU_TO_DEV
1717449657.2996392,322,3.9,47.2,OCC_TO_CU
1717449657.3007483,322,50.0,47.2,OCC_TO_CU
1717449657.3359098,273,33.3,47.3,CU_TO_DEV
1717449657.4645472,273,12.0,47.4,CU_TO_DEV
1717449667.3049083,322,4.9,47.1,OCC_TO_CU
1717449667.3080714,322,0.0,47.1,OCC_TO_CU
1717449667.3431227,273,38.5,47.3,CU_TO_DEV
1717449667.4749846,273,13.2,47.3,CU_TO_DEV
1717449677.3107438,322,5.7,47.1,OCC_TO_CU
1717449677.3113341,322,0.0,47.1,OCC_TO_CU
1717449677.3505583,273,40.0,47.3,CU_TO_DEV
1717449677.4820902,273,14.5,47.3,CU_TO_DEV
1717449684.3711636,154,5.5,47.1,OCC_TO_CU
1717449684.488581,241,20.8,47.3,CU_TO_DEV
1717449684.5578914,241,21.4,47.3,CU_TO_DEV
1717449687.337403,322,3.7,47.1,OCC_TO_CU
1717449687.3380592,322,0.0,47.1,OCC_TO_CU
1717449687.3597617,273,50.0,47.1,CU_TO_DEV
1717449687.4905634,273,12.0,47.2,CU_TO_DEV
1717449697.3399398,322,4.0,47.0,OCC_TO_CU
1717449697.340711,322,100.0,47.0,OCC_TO_CU
1717449697.3657389,273,40.0,47.1,CU_TO_DEV
1717449697.4983857,273,17.0,47.3,CU_TO_DEV
1717449707.3593366,322,4.2,47.1,OCC_TO_CU
1717449707.3600116,322,0.0,47.1,OCC_TO_CU
1717449707.372465,273,25.0,47.1,CU_TO_DEV
1717449707.505652,273,22.2,47.3,CU_TO_DEV
1717449717.3843246,322,4.3,47.2,OCC_TO_CU
1717449717.3849597,322,0.0,47.2,OCC_TO_CU
1717449717.5135658,273,10.4,47.4,CU_TO_DEV
1717449717.5808218,273,14.3,47.4,CU_TO_DEV
1717449727.3891451,322,6.0,47.0,OCC_TO_CU
1717449727.3901427,322,0.0,47.0,OCC_TO_CU
1717449727.5270576,273,13.0,47.3,CU_TO_DEV
1717449727.5889904,273,12.5,47.3,CU_TO_DEV
1717449734.2050564,154,4.8,47.2,OCC_TO_CU
1717449734.3306708,241,18.0,47.4,CU_TO_DEV
1717449734.3945267,241,15.4,47.4,CU_TO_DEV
1717449737.3789582,322,3.6,47.1,OCC_TO_CU
1717449737.37974,322,0.0,47.1,OCC_TO_CU
1717449737.3967385,273,42.9,47.1,CU_TO_DEV
1717449737.5329044,273,17.0,47.3,CU_TO_DEV
1717449747.4123578,322,3.7,47.2,OCC_TO_CU
1717449747.413133,322,100.0,47.2,OCC_TO_CU
1717449747.5394719,273,12.2,47.4,CU_TO_DEV
1717449747.6050067,273,18.5,47.4,CU_TO_DEV
1717449757.4047048,322,4.3,47.2,OCC_TO_CU
1717449757.4054627,322,0.0,47.2,OCC_TO_CU
1717449757.412134,273,0.0,47.2,CU_TO_DEV
1717449757.5453525,273,19.2,47.4,CU_TO_DEV
1717449767.4150739,322,4.6,47.2,OCC_TO_CU
1717449767.416842,322,0.0,47.2,OCC_TO_CU
1717449767.419071,273,0.0,47.2,CU_TO_DEV
1717449767.5508866,273,92.5,47.4,CU_TO_DEV
1717449777.42873,322,4.2,47.1,OCC_TO_CU
1717449777.4293995,322,0.0,47.1,OCC_TO_CU
1717449777.556874,273,17.3,47.3,CU_TO_DEV
1717449777.6244617,273,11.5,47.3,CU_TO_DEV
1717449784.2419682,154,4.8,47.3,OCC_TO_CU
1717449784.3641908,241,87.2,47.4,CU_TO_DEV
1717449784.427808,241,34.6,47.4,CU_TO_DEV
1717449787.4329479,322,3.0,47.1,OCC_TO_CU
1717449787.4335244,322,0.0,47.1,OCC_TO_CU
1717449787.5702436,273,12.5,47.3,CU_TO_DEV
1717449787.6297414,273,12.5,47.3,CU_TO_DEV
1717449797.4742692,322,3.7,47.1,OCC_TO_CU
1717449797.4749408,322,0.0,47.1,OCC_TO_CU
1717449797.5810897,273,22.7,47.3,CU_TO_DEV
1717449797.6344676,273,14.3,47.3,CU_TO_DEV
1717449807.4692607,322,4.0,47.2,OCC_TO_CU
1717449807.469896,322,0.0,47.2,OCC_TO_CU
1717449807.5905583,273,13.0,47.4,CU_TO_DEV
1717449807.6398356,273,20.0,47.4,CU_TO_DEV
1717449817.4801927,322,6.3,47.1,OCC_TO_CU
1717449817.4808884,322,0.0,47.1,OCC_TO_CU
1717449817.5975401,273,13.6,47.3,CU_TO_DEV
1717449817.6482425,273,22.7,47.3,CU_TO_DEV
1717449827.484785,322,4.4,47.1,OCC_TO_CU
1717449827.4854639,322,0.0,47.1,OCC_TO_CU
1717449827.602978,273,15.2,47.3,CU_TO_DEV
1717449827.6541142,273,10.5,47.3,CU_TO_DEV
1717449834.2912068,154,4.8,47.2,OCC_TO_CU
1717449834.4079826,241,19.6,47.4,CU_TO_DEV
1717449834.458718,241,10.5,47.4,CU_TO_DEV
1717449837.4977322,322,4.3,47.2,OCC_TO_CU
1717449837.4998105,322,0.0,47.2,OCC_TO_CU
1717449837.6098757,273,14.3,47.4,CU_TO_DEV
1717449837.6608264,273,19.0,47.4,CU_TO_DEV
1717449847.5117292,322,4.5,47.1,OCC_TO_CU
1717449847.5258913,322,40.0,47.1,OCC_TO_CU
1717449847.6187546,273,28.2,47.3,CU_TO_DEV
1717449847.6665082,273,21.1,47.3,CU_TO_DEV
1717449857.5300512,322,4.5,47.2,OCC_TO_CU
1717449857.5341754,322,0.0,47.2,OCC_TO_CU
1717449857.623877,273,20.0,47.4,CU_TO_DEV
1717449857.6723175,273,11.1,47.4,CU_TO_DEV
1717449867.5384662,322,5.3,47.2,OCC_TO_CU
1717449867.5390902,322,0.0,47.2,OCC_TO_CU
1717449867.633048,273,23.1,47.4,CU_TO_DEV
1717449867.6795068,273,11.8,47.4,CU_TO_DEV
1717449877.5464797,322,3.7,47.2,OCC_TO_CU
1717449877.5472395,322,0.0,47.2,OCC_TO_CU
1717449877.6404426,273,21.6,47.4,CU_TO_DEV
1717449877.6843731,273,25.0,47.4,CU_TO_DEV
1717449884.3615978,154,4.4,47.4,OCC_TO_CU
1717449884.4443614,241,21.9,47.6,CU_TO_DEV
1717449884.4879096,241,22.2,47.6,CU_TO_DEV
1717449887.5570354,322,3.5,47.3,OCC_TO_CU
1717449887.5578065,322,0.0,47.3,OCC_TO_CU
1717449887.6463149,273,15.2,47.5,CU_TO_DEV
1717449887.689975,273,26.3,47.5,CU_TO_DEV
1717449897.5762439,322,4.0,47.3,OCC_TO_CU
1717449897.5768435,322,0.0,47.3,OCC_TO_CU
1717449897.6521246,273,21.4,47.5,CU_TO_DEV
1717449897.695529,273,22.2,47.5,CU_TO_DEV
1717449907.5955024,322,5.1,47.3,OCC_TO_CU
1717449907.596177,322,0.0,47.3,OCC_TO_CU
1717449907.6618452,273,81.5,47.5,CU_TO_DEV
1717449907.7025967,273,100.0,47.5,CU_TO_DEV
1717449917.6107814,322,5.1,47.2,OCC_TO_CU
1717449917.6112833,322,0.0,47.2,OCC_TO_CU
1717449917.6669168,273,23.8,47.3,CU_TO_DEV
1717449917.7088826,273,17.6,47.3,CU_TO_DEV
1717449927.6134336,322,4.4,47.1,OCC_TO_CU
1717449927.613946,322,0.0,47.1,OCC_TO_CU
1717449927.6735823,273,29.2,47.3,CU_TO_DEV
1717449927.717062,273,27.8,47.3,CU_TO_DEV
1717449934.438014,154,4.2,47.2,OCC_TO_CU
1717449934.4777734,241,40.0,47.4,CU_TO_DEV
1717449934.5223262,241,23.5,47.4,CU_TO_DEV
1717449937.6247673,322,4.2,47.2,OCC_TO_CU
1717449937.6253917,322,0.0,47.2,OCC_TO_CU
1717449937.6800265,273,28.6,47.3,CU_TO_DEV
1717449937.72481,273,35.0,47.3,CU_TO_DEV
1717449947.6393247,322,3.7,47.2,OCC_TO_CU
1717449947.6540911,322,50.0,47.2,OCC_TO_CU
1717449947.6861145,273,61.5,47.4,CU_TO_DEV
1717449947.7306104,273,29.4,47.4,CU_TO_DEV
1717449957.6740377,322,4.9,47.2,OCC_TO_CU
1717449957.6746914,322,0.0,47.2,OCC_TO_CU
1717449957.6954336,273,50.0,47.2,CU_TO_DEV
1717449957.7353833,273,40.0,47.4,CU_TO_DEV
1717449967.6651278,322,4.1,47.3,OCC_TO_CU
1717449967.6657557,322,0.0,47.3,OCC_TO_CU
1717449967.7026174,273,46.7,47.5,CU_TO_DEV
1717449967.7414432,273,26.7,47.5,CU_TO_DEV
1717449977.6737275,322,5.2,48.0,OCC_TO_CU
1717449977.6742983,322,0.0,48.0,OCC_TO_CU
1717449977.7089927,273,25.0,48.2,CU_TO_DEV
1717449977.747859,273,26.7,48.2,CU_TO_DEV
1717449984.5174005,154,4.7,47.5,OCC_TO_CU
1717449984.5523188,241,41.7,47.6,CU_TO_DEV
1717449984.7136807,241,11.1,47.7,CU_TO_DEV
1717449987.7098436,322,3.8,47.5,OCC_TO_CU
1717449987.7104955,322,0.0,47.5,OCC_TO_CU
1717449987.7156641,273,0.0,47.5,CU_TO_DEV
1717449987.755813,273,56.2,47.7,CU_TO_DEV
1717449997.702191,322,5.3,47.5,OCC_TO_CU
1717449997.7027707,322,0.0,47.5,OCC_TO_CU
1717449997.7246504,273,40.0,47.5,CU_TO_DEV
1717449997.7658868,273,35.7,47.6,CU_TO_DEV
1717450007.7092235,322,5.5,47.3,OCC_TO_CU
1717450007.7097247,322,0.0,47.3,OCC_TO_CU
1717450007.7381403,273,50.0,47.4,CU_TO_DEV
1717450007.7711434,273,25.0,47.5,CU_TO_DEV
1717450017.7180533,322,3.6,47.3,OCC_TO_CU
1717450017.7187066,322,0.0,47.3,OCC_TO_CU
1717450017.743739,273,45.5,47.4,CU_TO_DEV
1717450017.7762718,273,36.4,47.5,CU_TO_DEV
1717450027.735465,322,3.1,47.4,OCC_TO_CU
1717450027.7360458,322,0.0,47.4,OCC_TO_CU
1717450027.7494245,273,66.7,47.3,CU_TO_DEV
1717450027.7812078,273,36.4,47.5,CU_TO_DEV
1717450034.5929894,154,4.5,47.5,OCC_TO_CU
1717450034.7535741,241,9.5,47.7,CU_TO_DEV
1717450034.785894,241,33.3,47.7,CU_TO_DEV
1717450037.753972,322,3.7,47.5,OCC_TO_CU
1717450037.7546854,322,0.0,47.5,OCC_TO_CU
1717450037.7555418,273,0.0,47.5,CU_TO_DEV
1717450037.7893767,273,92.3,47.6,CU_TO_DEV
1717450047.7531905,322,5.9,47.3,OCC_TO_CU
1717450047.7539568,322,0.0,47.3,OCC_TO_CU
1717450047.7628198,273,40.0,47.3,CU_TO_DEV
1717450047.8024094,273,50.0,47.4,CU_TO_DEV
1717450057.7637954,322,4.1,47.3,OCC_TO_CU
1717450057.7644217,322,0.0,47.3,OCC_TO_CU
1717450057.7680428,273,33.3,47.3,CU_TO_DEV
1717450057.8078697,273,42.9,47.5,CU_TO_DEV
1717450067.7723973,322,4.3,47.4,OCC_TO_CU
1717450067.7735364,273,0.0,47.4,CU_TO_DEV
1717450067.7890456,322,50.0,47.4,OCC_TO_CU
1717450067.8169568,273,58.3,47.6,CU_TO_DEV
1717450067.974094,273,13.3,47.6,CU_TO_DEV
1717450077.8025603,322,4.4,47.4,OCC_TO_CU
1717450077.8036928,322,0.0,47.4,OCC_TO_CU
1717450077.8242073,273,50.0,47.5,CU_TO_DEV
1717450077.9806054,273,14.5,47.6,CU_TO_DEV
1717450084.6646314,154,4.7,47.6,OCC_TO_CU
1717450084.7865055,241,10.9,47.8,CU_TO_DEV
1717450084.8282402,241,22.2,47.8,CU_TO_DEV
1717450087.8004186,322,9.9,47.4,OCC_TO_CU
1717450087.800988,322,0.0,47.4,OCC_TO_CU
1717450087.8330958,273,27.3,47.6,CU_TO_DEV
1717450087.988614,273,10.9,47.6,CU_TO_DEV
1717450097.8138852,322,3.6,47.3,OCC_TO_CU
1717450097.8265371,322,20.0,47.3,OCC_TO_CU
1717450097.838613,273,75.0,47.4,CU_TO_DEV
1717450097.9945414,273,23.8,47.6,CU_TO_DEV
1717450107.8261578,322,4.5,47.3,OCC_TO_CU
1717450107.8277214,322,0.0,47.3,OCC_TO_CU
1717450107.8448088,273,50.0,47.4,CU_TO_DEV
1717450108.0002775,273,16.1,47.5,CU_TO_DEV
1717450117.8591487,322,4.3,47.3,OCC_TO_CU
1717450117.8598156,322,0.0,47.3,OCC_TO_CU
1717450118.0067632,273,12.3,47.6,CU_TO_DEV
1717450118.0522258,273,16.7,47.6,CU_TO_DEV
1717450127.85251,322,4.2,47.4,OCC_TO_CU
1717450127.8531902,322,0.0,47.4,OCC_TO_CU
1717450127.8573668,273,0.0,47.4,CU_TO_DEV
1717450128.0128841,273,23.1,47.6,CU_TO_DEV
1717450134.5074124,154,6.1,47.4,OCC_TO_CU
1717450134.6172554,241,22.7,47.6,CU_TO_DEV
1717450134.6653025,241,5.9,47.6,CU_TO_DEV
1717450137.8584661,322,3.1,47.4,OCC_TO_CU
1717450137.8591127,322,0.0,47.4,OCC_TO_CU
1717450137.8684323,273,25.0,47.4,CU_TO_DEV
1717450138.0192947,273,17.2,47.6,CU_TO_DEV
1717450147.8823998,322,4.0,47.4,OCC_TO_CU
1717450147.8830528,322,0.0,47.4,OCC_TO_CU
1717450148.0251594,273,20.7,47.7,CU_TO_DEV
1717450148.0739849,273,20.0,47.6,CU_TO_DEV
1717450157.8985906,322,4.0,47.5,OCC_TO_CU
1717450157.8992295,322,0.0,47.5,OCC_TO_CU
1717450158.032351,273,81.5,47.6,CU_TO_DEV
1717450158.078956,273,11.8,47.6,CU_TO_DEV
1717450167.9092207,322,3.9,47.4,OCC_TO_CU
1717450167.9098537,322,0.0,47.4,OCC_TO_CU
1717450168.0384402,273,14.0,47.6,CU_TO_DEV
1717450168.0836322,273,11.8,47.6,CU_TO_DEV
1717450177.9133954,322,4.5,47.3,OCC_TO_CU
1717450177.9141552,322,0.0,47.3,OCC_TO_CU
1717450178.0444224,273,14.0,47.6,CU_TO_DEV
1717450178.0970988,273,87.0,47.6,CU_TO_DEV
1717450184.7110236,154,5.7,47.4,OCC_TO_CU
1717450184.8483558,241,14.5,47.6,CU_TO_DEV
1717450184.900532,241,10.0,47.6,CU_TO_DEV
1717450187.9230354,322,3.2,47.4,OCC_TO_CU
1717450187.9236608,322,0.0,47.4,OCC_TO_CU
1717450188.0513725,273,15.7,47.5,CU_TO_DEV
1717450188.1026068,273,14.3,47.5,CU_TO_DEV
1717450197.935631,322,4.3,47.4,OCC_TO_CU
1717450197.9362612,322,0.0,47.4,OCC_TO_CU
1717450198.059201,273,90.2,47.6,CU_TO_DEV
1717450198.1077025,273,52.6,47.5,CU_TO_DEV
1717450207.9419043,322,3.8,47.3,OCC_TO_CU
1717450207.9457269,322,0.0,47.3,OCC_TO_CU
1717450208.0659668,273,16.7,47.5,CU_TO_DEV
1717450208.1123416,273,21.1,47.5,CU_TO_DEV
1717450217.9551666,322,3.9,47.3,OCC_TO_CU
1717450217.9558053,322,0.0,47.3,OCC_TO_CU
1717450218.0740905,273,17.0,47.5,CU_TO_DEV
1717450218.1173005,273,17.6,47.5,CU_TO_DEV
1717450227.9703784,322,5.3,47.3,OCC_TO_CU
1717450227.9709692,322,0.0,47.3,OCC_TO_CU
1717450228.083325,273,13.3,47.5,CU_TO_DEV
1717450228.1267264,273,17.6,47.5,CU_TO_DEV
1717450234.78876,154,4.6,47.5,OCC_TO_CU
1717450234.887406,241,16.7,47.6,CU_TO_DEV
1717450234.931071,241,25.0,47.6,CU_TO_DEV
1717450237.9842196,322,3.5,47.4,OCC_TO_CU
1717450237.9848719,322,0.0,47.4,OCC_TO_CU
1717450238.089934,273,17.1,47.6,CU_TO_DEV
1717450238.1331336,273,17.6,47.6,CU_TO_DEV
1717450247.9894648,322,4.4,47.4,OCC_TO_CU
1717450247.995798,322,0.0,47.4,OCC_TO_CU
1717450248.095381,273,32.5,47.6,CU_TO_DEV
1717450248.1397371,273,16.7,47.6,CU_TO_DEV
1717450258.0147414,322,4.6,47.4,OCC_TO_CU
1717450258.0153632,322,0.0,47.4,OCC_TO_CU
1717450258.1016374,273,23.5,47.5,CU_TO_DEV
1717450258.1490042,273,15.8,47.5,CU_TO_DEV
1717450268.0211256,322,4.2,47.4,OCC_TO_CU
1717450268.0217974,322,0.0,47.4,OCC_TO_CU
1717450268.109804,273,18.2,47.7,CU_TO_DEV
1717450268.1541243,273,21.1,47.7,CU_TO_DEV
1717450278.0433521,322,5.4,47.4,OCC_TO_CU
1717450278.0439854,322,0.0,47.4,OCC_TO_CU
1717450278.1176143,273,86.7,47.6,CU_TO_DEV
1717450278.1632962,273,94.4,47.6,CU_TO_DEV
1717450284.7265964,154,4.5,47.4,OCC_TO_CU
1717450284.7667727,241,37.5,47.6,CU_TO_DEV
1717450284.9229188,241,5.1,47.6,CU_TO_DEV
1717450288.041561,322,3.3,47.4,OCC_TO_CU
1717450288.0566354,322,50.0,47.4,OCC_TO_CU
1717450288.1255257,273,26.1,47.6,CU_TO_DEV
1717450288.1692693,273,33.3,47.6,CU_TO_DEV
1717450298.0643754,322,3.9,47.4,OCC_TO_CU
1717450298.0650282,322,0.0,47.4,OCC_TO_CU
1717450298.1372209,273,89.7,47.6,CU_TO_DEV
1717450298.1743214,273,86.7,47.6,CU_TO_DEV
1717450308.1202388,322,4.3,47.4,OCC_TO_CU
1717450308.1208873,322,100.0,47.4,OCC_TO_CU
1717450308.14471,273,50.0,47.4,CU_TO_DEV
1717450308.1819701,273,30.8,47.5,CU_TO_DEV
1717450318.0815656,322,4.9,47.3,OCC_TO_CU
1717450318.09985,322,33.3,47.3,OCC_TO_CU
1717450318.1525335,273,40.9,47.5,CU_TO_DEV
1717450318.1872616,273,30.8,47.5,CU_TO_DEV
1717450328.0996535,322,3.8,47.3,OCC_TO_CU
1717450328.1006188,322,0.0,47.3,OCC_TO_CU
1717450328.1606436,273,32.0,47.6,CU_TO_DEV
1717450328.1934109,273,25.0,47.6,CU_TO_DEV
1717450334.7608078,154,5.1,47.4,OCC_TO_CU
1717450334.765589,241,0.0,47.4,CU_TO_DEV
1717450334.7974627,241,41.7,47.5,CU_TO_DEV
1717450338.1143596,322,3.7,47.4,OCC_TO_CU
1717450338.115176,322,0.0,47.4,OCC_TO_CU
1717450338.1693254,273,28.6,47.5,CU_TO_DEV
1717450338.2001278,273,42.9,47.5,CU_TO_DEV
1717450348.140768,322,4.1,47.3,OCC_TO_CU
1717450348.141403,322,0.0,47.3,OCC_TO_CU
1717450348.1761887,273,42.9,47.5,CU_TO_DEV
1717450348.2051246,273,41.7,47.5,CU_TO_DEV
1717450358.1474905,322,4.0,47.4,OCC_TO_CU
1717450358.1481423,322,0.0,47.4,OCC_TO_CU
1717450358.1836588,273,30.8,47.6,CU_TO_DEV
1717450358.213647,273,41.7,47.6,CU_TO_DEV
1717450368.1548178,322,4.7,47.4,OCC_TO_CU
1717450368.1555092,322,0.0,47.4,OCC_TO_CU
1717450368.198058,273,41.2,47.5,CU_TO_DEV
1717450368.224087,273,40.0,47.5,CU_TO_DEV
1717450378.175174,322,3.9,47.4,OCC_TO_CU
1717450378.1757994,322,0.0,47.4,OCC_TO_CU
1717450378.2037644,273,45.5,47.5,CU_TO_DEV
1717450378.2292337,273,50.0,47.6,CU_TO_DEV
1717450384.8080037,154,4.5,47.6,OCC_TO_CU
1717450384.8109615,241,50.0,47.6,CU_TO_DEV
1717450384.8327403,241,57.1,47.6,CU_TO_DEV
1717450388.187606,322,3.1,47.5,OCC_TO_CU
1717450388.1882417,322,0.0,47.5,OCC_TO_CU
1717450388.213443,273,40.0,47.6,CU_TO_DEV
1717450388.2349782,273,37.5,47.7,CU_TO_DEV
1717450398.191426,322,3.9,47.5,OCC_TO_CU
1717450398.1920671,322,0.0,47.5,OCC_TO_CU
1717450398.219781,273,60.0,47.6,CU_TO_DEV
1717450398.2430751,273,100.0,47.7,CU_TO_DEV
1717450408.216749,322,6.1,47.4,OCC_TO_CU
1717450408.2172506,322,0.0,47.4,OCC_TO_CU
1717450408.2316544,273,60.0,47.4,CU_TO_DEV
1717450408.24979,273,100.0,47.5,CU_TO_DEV
1717450418.2255423,322,5.4,47.2,OCC_TO_CU
1717450418.2261662,322,0.0,47.2,OCC_TO_CU
1717450418.2389648,273,40.0,47.2,CU_TO_DEV
1717450418.2581527,273,75.0,47.3,CU_TO_DEV
1717450428.2341437,322,4.2,47.2,OCC_TO_CU
1717450428.2349124,322,0.0,47.2,OCC_TO_CU
1717450428.2461462,273,50.0,47.2,CU_TO_DEV
1717450428.2639723,273,62.5,47.3,CU_TO_DEV
1717450434.8878326,154,5.3,47.4,OCC_TO_CU
1717450435.0532634,241,12.1,47.6,CU_TO_DEV
1717450435.0708017,241,28.6,47.6,CU_TO_DEV
1717450438.2550137,322,3.4,47.4,OCC_TO_CU
1717450438.255877,322,0.0,47.4,OCC_TO_CU
1717450438.2737505,273,50.0,47.4,CU_TO_DEV
1717450438.4556859,273,14.9,47.5,CU_TO_DEV
1717450448.2600713,322,4.1,47.4,OCC_TO_CU
1717450448.2606943,322,100.0,47.4,OCC_TO_CU
1717450448.2610228,273,0.0,47.4,CU_TO_DEV
1717450448.2787426,273,50.0,47.4,CU_TO_DEV
1717450448.4617016,273,11.1,47.6,CU_TO_DEV
1717450458.2725348,322,5.2,47.3,OCC_TO_CU
1717450458.2732315,322,0.0,47.3,OCC_TO_CU
1717450458.2851865,273,40.0,47.3,CU_TO_DEV
1717450458.469724,273,13.9,47.5,CU_TO_DEV
1717450468.2885816,322,4.0,47.4,OCC_TO_CU
1717450468.2892628,322,0.0,47.4,OCC_TO_CU
1717450468.289992,273,0.0,47.4,CU_TO_DEV
1717450468.4751997,273,13.3,47.6,CU_TO_DEV
1717450478.2810204,322,4.1,47.4,OCC_TO_CU
1717450478.284574,322,0.0,47.4,OCC_TO_CU
1717450478.2945008,273,75.0,47.4,CU_TO_DEV
1717450478.4804862,273,13.5,47.7,CU_TO_DEV
1717450485.8770993,154,4.6,47.5,OCC_TO_CU
1717450485.8850803,241,0.0,47.5,CU_TO_DEV
1717450485.9000683,241,60.0,47.5,CU_TO_DEV
1717450488.2863603,322,3.7,47.5,OCC_TO_CU
1717450488.2870162,273,0.0,47.5,CU_TO_DEV
1717450488.2877953,322,0.0,47.5,OCC_TO_CU
1717450488.3030703,273,66.7,47.5,CU_TO_DEV
1717450488.4875412,273,18.9,47.7,CU_TO_DEV
1717450498.31865,322,5.9,47.4,OCC_TO_CU
1717450498.3191886,322,0.0,47.4,OCC_TO_CU
1717450498.492957,273,6.0,47.6,CU_TO_DEV
1717450498.514704,273,55.6,47.6,CU_TO_DEV
1717450508.316863,322,4.6,47.3,OCC_TO_CU
1717450508.3175042,322,0.0,47.3,OCC_TO_CU
1717450508.3190374,273,0.0,47.3,CU_TO_DEV
1717450508.498832,273,12.5,47.5,CU_TO_DEV
1717450518.3383262,322,3.9,47.3,OCC_TO_CU
1717450518.3395545,322,0.0,47.3,OCC_TO_CU
1717450518.504374,273,10.8,47.5,CU_TO_DEV
1717450518.524828,273,28.6,47.5,CU_TO_DEV
1717450528.3448317,322,4.1,47.4,OCC_TO_CU
1717450528.3456078,322,0.0,47.4,OCC_TO_CU
1717450528.5100117,273,13.4,47.6,CU_TO_DEV
1717450528.5307348,273,42.9,47.6,CU_TO_DEV
1717450535.9667509,154,4.4,47.5,OCC_TO_CU
1717450536.1144118,241,76.3,47.6,CU_TO_DEV
1717450536.1371076,241,30.0,47.6,CU_TO_DEV
1717450538.3536325,322,3.4,47.4,OCC_TO_CU
1717450538.3541362,322,0.0,47.4,OCC_TO_CU
1717450538.5158541,273,7.8,47.6,CU_TO_DEV
1717450538.5387328,273,44.4,47.6,CU_TO_DEV
1717450548.3680983,322,4.9,47.2,OCC_TO_CU
1717450548.368775,322,100.0,47.3,OCC_TO_CU
1717450548.5225022,273,12.9,47.5,CU_TO_DEV
1717450548.545232,273,55.6,47.5,CU_TO_DEV
1717450558.3772125,322,4.2,47.3,OCC_TO_CU
1717450558.3799803,322,0.0,47.3,OCC_TO_CU
1717450558.5295918,273,12.1,47.5,CU_TO_DEV
1717450558.55243,273,60.0,47.5,CU_TO_DEV
1717450568.3907762,322,3.9,47.4,OCC_TO_CU
1717450568.391428,322,0.0,47.4,OCC_TO_CU
1717450568.5352592,273,18.6,47.7,CU_TO_DEV
1717450568.5574927,273,50.0,47.7,CU_TO_DEV
1717450578.4052665,322,5.0,47.4,OCC_TO_CU
1717450578.4059079,322,0.0,47.4,OCC_TO_CU
1717450578.5463185,273,16.1,47.6,CU_TO_DEV
1717450578.5626163,273,33.3,47.6,CU_TO_DEV
1717450586.0220945,154,4.3,47.4,OCC_TO_CU
1717450586.1516683,241,15.4,47.6,CU_TO_DEV
1717450586.1663835,241,33.3,47.6,CU_TO_DEV
1717450588.4122798,322,4.0,47.5,OCC_TO_CU
1717450588.4227092,322,25.0,47.5,OCC_TO_CU
1717450588.5536768,273,29.6,47.6,CU_TO_DEV
1717450588.5709977,273,66.7,47.6,CU_TO_DEV
1717450598.4297328,322,6.0,47.3,OCC_TO_CU
1717450598.4302118,322,0.0,47.3,OCC_TO_CU
1717450598.5595546,273,19.6,47.5,CU_TO_DEV
1717450598.5802665,273,14.3,47.5,CU_TO_DEV
1717450608.4473038,322,3.7,47.3,OCC_TO_CU
1717450608.4479847,322,0.0,47.3,OCC_TO_CU
1717450608.5643303,273,22.7,47.5,CU_TO_DEV
1717450608.5858498,273,30.0,47.5,CU_TO_DEV
1717450618.4603958,322,3.9,47.4,OCC_TO_CU
1717450618.461191,322,100.0,47.4,OCC_TO_CU
1717450618.5696287,273,27.9,47.6,CU_TO_DEV
1717450618.5923822,273,25.0,47.6,CU_TO_DEV
1717450628.479875,322,4.2,47.4,OCC_TO_CU
1717450628.4807093,322,0.0,47.4,OCC_TO_CU
1717450628.576138,273,32.4,47.7,CU_TO_DEV
1717450628.5984373,273,36.4,47.7,CU_TO_DEV
1717450636.0993059,154,6.0,47.4,OCC_TO_CU
1717450636.1807566,241,32.4,47.6,CU_TO_DEV
1717450636.202303,241,25.0,47.6,CU_TO_DEV
1717450638.487549,322,2.4,47.4,OCC_TO_CU
1717450638.4882174,322,0.0,47.4,OCC_TO_CU
1717450638.582452,273,30.8,47.6,CU_TO_DEV
1717450638.6039538,273,28.6,47.6,CU_TO_DEV
1717450648.4919956,322,3.9,47.5,OCC_TO_CU
1717450648.492864,322,100.0,47.5,OCC_TO_CU
1717450648.589296,273,31.6,47.7,CU_TO_DEV
1717450648.6114848,273,62.5,47.7,CU_TO_DEV
1717450658.5049126,322,5.4,47.3,OCC_TO_CU
1717450658.5054421,322,0.0,47.3,OCC_TO_CU
1717450658.5952878,273,31.4,47.5,CU_TO_DEV
1717450658.6170008,273,25.0,47.5,CU_TO_DEV
1717450668.511641,322,3.8,47.4,OCC_TO_CU
1717450668.512279,322,0.0,47.4,OCC_TO_CU
1717450668.6016507,273,38.2,47.6,CU_TO_DEV
1717450668.623213,273,30.0,47.6,CU_TO_DEV
1717450678.5450654,322,3.7,47.4,OCC_TO_CU
1717450678.546152,322,0.0,47.4,OCC_TO_CU
1717450678.6071186,273,43.5,47.7,CU_TO_DEV
1717450678.6281397,273,33.3,47.7,CU_TO_DEV
1717450686.0551834,154,6.1,47.4,OCC_TO_CU
1717450686.2161007,241,12.3,47.6,CU_TO_DEV
1717450686.2329643,241,42.9,47.6,CU_TO_DEV
1717450688.5384402,322,2.8,47.4,OCC_TO_CU
1717450688.539248,322,0.0,47.4,OCC_TO_CU
1717450688.6177492,273,33.3,47.6,CU_TO_DEV
1717450688.6348453,273,28.6,47.6,CU_TO_DEV
1717450698.5513017,322,4.7,47.4,OCC_TO_CU
1717450698.5567636,322,33.3,47.4,OCC_TO_CU
1717450698.62707,273,53.8,47.6,CU_TO_DEV
1717450698.6395357,273,50.0,47.6,CU_TO_DEV
1717450708.5782382,322,4.0,47.4,OCC_TO_CU
1717450708.5789495,322,0.0,47.4,OCC_TO_CU
1717450708.6335046,273,31.8,47.6,CU_TO_DEV
1717450708.6444745,273,50.0,47.6,CU_TO_DEV
1717450718.5862913,322,3.9,47.4,OCC_TO_CU
1717450718.5869691,322,0.0,47.4,OCC_TO_CU
1717450718.6401117,273,28.6,47.6,CU_TO_DEV
1717450718.649625,273,66.7,47.6,CU_TO_DEV
1717450728.5919335,322,5.5,47.4,OCC_TO_CU
1717450728.607431,322,33.3,47.4,OCC_TO_CU
1717450728.6499445,273,50.0,47.5,CU_TO_DEV
1717450728.6574528,273,33.3,47.5,CU_TO_DEV
1717450736.1319826,154,4.6,47.5,OCC_TO_CU
1717450736.2551656,241,86.0,47.6,CU_TO_DEV
1717450736.2621589,241,0.0,47.6,CU_TO_DEV
1717450738.6288667,322,2.5,47.4,OCC_TO_CU
1717450738.6297476,322,0.0,47.4,OCC_TO_CU
1717450738.6571639,273,36.4,47.5,CU_TO_DEV
1717450738.6645038,273,0.0,47.6,CU_TO_DEV
1717450748.6240838,322,3.8,47.4,OCC_TO_CU
1717450748.6248703,322,100.0,47.4,OCC_TO_CU
1717450748.665527,273,37.5,47.6,CU_TO_DEV
1717450748.6696248,273,0.0,47.6,CU_TO_DEV
1717450758.6308067,322,4.0,47.4,OCC_TO_CU
1717450758.6316473,322,0.0,47.4,OCC_TO_CU
1717450758.6726346,273,37.5,47.6,CU_TO_DEV
1717450758.674564,273,0.0,47.6,CU_TO_DEV
1717450768.6406896,322,4.1,47.5,OCC_TO_CU
1717450768.6413162,322,0.0,47.5,OCC_TO_CU
1717450768.681449,273,82.4,47.5,CU_TO_DEV
1717450768.6813796,273,82.4,47.5,CU_TO_DEV
1717450778.6586776,322,5.6,47.3,OCC_TO_CU
1717450778.6594627,322,0.0,47.3,OCC_TO_CU
1717450778.689554,273,41.7,47.4,CU_TO_DEV
1717450778.6894546,273,41.7,47.4,CU_TO_DEV
1717450786.9235396,154,4.4,47.4,OCC_TO_CU
1717450787.0950854,241,19.4,47.5,CU_TO_DEV
1717450787.0952349,241,19.4,47.5,CU_TO_DEV
1717450788.6699293,322,3.2,47.5,OCC_TO_CU
1717450788.670614,322,0.0,47.5,OCC_TO_CU
1717450788.6976335,273,72.7,47.5,CU_TO_DEV
1717450788.7040625,273,100.0,47.5,CU_TO_DEV
1717450798.687341,322,4.9,47.3,OCC_TO_CU
1717450798.6884048,322,0.0,47.3,OCC_TO_CU
1717450798.7049384,273,57.1,47.4,CU_TO_DEV
1717450798.7088542,273,75.0,47.4,CU_TO_DEV
1717450808.6988482,322,4.0,47.4,OCC_TO_CU
1717450808.699641,322,0.0,47.4,OCC_TO_CU
1717450808.7111926,273,25.0,47.4,CU_TO_DEV
1717450808.7154434,273,100.0,47.4,CU_TO_DEV
1717450818.7009456,322,5.6,47.3,OCC_TO_CU
1717450818.7180002,322,33.3,47.4,OCC_TO_CU
1717450818.7195985,273,0.0,47.4,CU_TO_DEV
1717450818.721796,273,100.0,47.4,CU_TO_DEV
1717450828.7149127,322,4.8,47.3,OCC_TO_CU
1717450828.7155826,322,0.0,47.3,OCC_TO_CU
1717450828.7278833,273,50.0,47.3,CU_TO_DEV
1717450828.7290697,273,0.0,47.3,CU_TO_DEV
1717450836.9886858,154,4.7,47.3,OCC_TO_CU
1717450837.1329517,241,18.2,47.5,CU_TO_DEV
1717450837.1334295,241,0.0,47.5,CU_TO_DEV
1717450838.7270734,322,3.5,47.4,OCC_TO_CU
1717450838.7281377,322,0.0,47.4,OCC_TO_CU
1717450838.7346573,273,66.7,47.4,CU_TO_DEV
1717450838.7344499,273,66.7,47.4,CU_TO_DEV
1717450848.7313745,322,4.2,47.3,OCC_TO_CU
1717450848.732061,322,0.0,47.3,OCC_TO_CU
1717450848.740736,273,25.0,47.3,CU_TO_DEV
1717450848.741392,273,0.0,47.3,CU_TO_DEV
1717450858.752148,322,4.3,47.4,OCC_TO_CU
1717450858.7528806,322,100.0,47.4,OCC_TO_CU
1717450858.9481347,273,14.7,47.7,CU_TO_DEV
1717450858.9490304,273,100.0,47.7,CU_TO_DEV
1717450868.7648058,322,5.4,47.4,OCC_TO_CU
1717450868.7654462,322,0.0,47.4,OCC_TO_CU
1717450868.9541936,273,13.7,47.6,CU_TO_DEV
1717450868.9568458,273,0.0,47.6,CU_TO_DEV
1717450878.7953963,322,4.3,47.5,OCC_TO_CU
1717450878.7965496,322,0.0,47.5,OCC_TO_CU
1717450878.9603596,273,21.2,47.7,CU_TO_DEV
1717450878.9635735,273,50.0,47.7,CU_TO_DEV
1717450887.0677269,154,4.8,47.6,OCC_TO_CU
1717450887.1671748,241,92.7,47.7,CU_TO_DEV
1717450887.1689951,241,0.0,47.7,CU_TO_DEV
1717450888.7958684,322,4.8,47.6,OCC_TO_CU
1717450888.7963994,322,0.0,47.6,OCC_TO_CU
1717450888.9688978,273,18.3,47.7,CU_TO_DEV
1717450888.9710398,273,0.0,47.7,CU_TO_DEV
1717450898.8009074,322,4.0,47.4,OCC_TO_CU
1717450898.8019612,322,0.0,47.4,OCC_TO_CU
1717450898.9741576,273,75.4,47.7,CU_TO_DEV
1717450898.9756901,273,0.0,47.7,CU_TO_DEV
1717450908.8135588,322,6.3,47.3,OCC_TO_CU
1717450908.8140764,322,0.0,47.3,OCC_TO_CU
1717450908.982035,273,14.1,47.5,CU_TO_DEV
1717450908.9820952,273,14.1,47.5,CU_TO_DEV
1717450918.8253403,322,3.9,47.3,OCC_TO_CU
1717450918.8259974,322,0.0,47.3,OCC_TO_CU
1717450918.9877415,273,20.3,47.5,CU_TO_DEV
1717450918.9879355,273,20.6,47.5,CU_TO_DEV
1717450928.840589,322,4.2,47.3,OCC_TO_CU
1717450928.8412366,322,0.0,47.3,OCC_TO_CU
1717450928.9960158,273,19.7,47.5,CU_TO_DEV
1717450928.9957674,273,19.7,47.5,CU_TO_DEV
1717450937.1353247,154,4.3,47.4,OCC_TO_CU
1717450937.2012405,241,32.1,47.6,CU_TO_DEV
1717450937.20135,241,32.1,47.6,CU_TO_DEV
1717450938.8448334,322,2.9,47.5,OCC_TO_CU
1717450938.8455248,322,0.0,47.5,OCC_TO_CU
1717450939.0030982,273,17.2,47.7,CU_TO_DEV
1717450939.0029416,273,17.2,47.7,CU_TO_DEV
1717450948.8685627,322,4.0,47.4,OCC_TO_CU
1717450948.869389,322,100.0,47.4,OCC_TO_CU
1717450949.0088546,273,23.2,47.6,CU_TO_DEV
1717450949.010324,273,0.0,47.6,CU_TO_DEV
1717450958.8856106,322,5.0,47.4,OCC_TO_CU
1717450958.8861437,322,0.0,47.4,OCC_TO_CU
1717450959.0164516,273,23.1,47.6,CU_TO_DEV
1717450959.016624,273,25.9,47.6,CU_TO_DEV
1717450968.8880267,322,3.9,47.4,OCC_TO_CU
1717450968.8887146,322,100.0,47.4,OCC_TO_CU
1717450969.0223255,273,25.5,47.6,CU_TO_DEV
1717450969.0231383,273,0.0,47.6,CU_TO_DEV
1717450978.8954365,322,4.3,47.5,OCC_TO_CU
1717450978.8961258,322,0.0,47.5,OCC_TO_CU
1717450979.0289829,273,17.3,47.7,CU_TO_DEV
1717450979.0290556,273,17.3,47.7,CU_TO_DEV
1717450987.2090936,154,5.2,47.5,OCC_TO_CU
1717450987.2345076,241,50.0,47.5,CU_TO_DEV
1717450987.2346783,241,50.0,47.5,CU_TO_DEV
1717450988.9059417,322,3.9,47.5,OCC_TO_CU
1717450988.9066937,322,0.0,47.5,OCC_TO_CU
1717450989.036353,273,21.6,47.7,CU_TO_DEV
1717450989.0372217,273,100.0,47.7,CU_TO_DEV
1717450998.9096239,322,5.2,47.4,OCC_TO_CU
1717450998.9101963,322,0.0,47.4,OCC_TO_CU
1717450999.0491345,273,26.8,47.6,CU_TO_DEV
1717450999.0507774,273,0.0,47.6,CU_TO_DEV
1717451008.9316344,322,5.2,47.4,OCC_TO_CU
1717451008.9322665,322,0.0,47.4,OCC_TO_CU
1717451009.059834,273,90.2,47.5,CU_TO_DEV
1717451009.0592277,273,90.2,47.5,CU_TO_DEV
1717451018.9724631,322,4.0,47.3,OCC_TO_CU
1717451018.973186,322,100.0,47.3,OCC_TO_CU
1717451019.065457,273,26.5,47.5,CU_TO_DEV
1717451019.0667443,273,0.0,47.5,CU_TO_DEV
1717451028.9808764,322,4.3,47.4,OCC_TO_CU
1717451028.9892302,322,0.0,47.4,OCC_TO_CU
1717451029.0713804,273,51.6,47.5,CU_TO_DEV
1717451029.072239,273,0.0,47.5,CU_TO_DEV
1717451037.2871134,154,4.4,47.5,OCC_TO_CU
1717451037.4787982,241,9.2,47.7,CU_TO_DEV
1717451037.4790175,241,0.0,47.7,CU_TO_DEV
1717451038.9705217,322,2.8,47.5,OCC_TO_CU
1717451038.9711707,322,0.0,47.5,OCC_TO_CU
1717451039.0803506,273,25.0,47.7,CU_TO_DEV
1717451039.0800788,273,25.0,47.7,CU_TO_DEV
1717451048.9945374,322,5.4,47.4,OCC_TO_CU
1717451048.9951315,322,0.0,47.4,OCC_TO_CU
1717451049.0854433,273,31.4,47.6,CU_TO_DEV
1717451049.0855908,273,31.4,47.6,CU_TO_DEV
1717451059.0099788,322,3.8,47.5,OCC_TO_CU
1717451059.01057,322,0.0,47.5,OCC_TO_CU
1717451059.0908825,273,39.4,47.7,CU_TO_DEV
1717451059.0917645,273,0.0,47.7,CU_TO_DEV
1717451069.0045815,322,4.9,47.4,OCC_TO_CU
1717451069.0052223,322,100.0,47.4,OCC_TO_CU
1717451069.0987396,273,30.6,47.6,CU_TO_DEV
1717451069.0983772,273,30.6,47.6,CU_TO_DEV
1717451079.0093532,322,3.8,47.4,OCC_TO_CU
1717451079.0099714,322,0.0,47.4,OCC_TO_CU
1717451079.104133,273,38.9,47.6,CU_TO_DEV
1717451079.1045485,273,0.0,47.6,CU_TO_DEV
1717451087.3614047,154,4.8,47.4,OCC_TO_CU
1717451087.5098398,241,12.1,47.7,CU_TO_DEV
1717451087.5111334,241,0.0,47.7,CU_TO_DEV
1717451089.0175788,322,3.5,47.6,OCC_TO_CU
1717451089.0181923,322,0.0,47.6,OCC_TO_CU
1717451089.1111844,273,22.9,47.7,CU_TO_DEV
1717451089.1122286,273,0.0,47.7,CU_TO_DEV
1717451099.0378325,322,6.5,47.4,OCC_TO_CU
1717451099.0384812,322,0.0,47.4,OCC_TO_CU
1717451099.11705,273,48.5,47.6,CU_TO_DEV
1717451099.121291,273,100.0,47.6,CU_TO_DEV
1717451109.0615857,322,3.8,47.4,OCC_TO_CU
1717451109.0622327,322,0.0,47.4,OCC_TO_CU
1717451109.1220438,273,48.0,47.6,CU_TO_DEV
1717451109.1269126,273,50.0,47.6,CU_TO_DEV
1717451119.0607235,322,4.1,47.5,OCC_TO_CU
1717451119.0614526,322,0.0,47.5,OCC_TO_CU
1717451119.130064,273,42.3,47.7,CU_TO_DEV
1717451119.1330307,273,100.0,47.7,CU_TO_DEV
1717451129.078424,322,3.8,47.5,OCC_TO_CU
1717451129.079074,322,0.0,47.5,OCC_TO_CU
1717451129.138011,273,54.2,47.7,CU_TO_DEV
1717451129.1377068,273,54.2,47.7,CU_TO_DEV
1717451137.4380286,154,5.8,47.5,OCC_TO_CU
1717451137.5491457,241,86.7,47.7,CU_TO_DEV
1717451137.5492194,241,86.7,47.7,CU_TO_DEV
1717451139.0854023,322,2.9,47.5,OCC_TO_CU
1717451139.0859227,322,0.0,47.5,OCC_TO_CU
1717451139.1509452,273,44.0,47.6,CU_TO_DEV
1717451139.151084,273,44.0,47.6,CU_TO_DEV
1717451149.0912087,322,3.9,47.5,OCC_TO_CU
1717451149.0956223,322,0.0,47.5,OCC_TO_CU
1717451149.1564248,273,60.9,47.6,CU_TO_DEV
1717451149.1562104,273,60.9,47.6,CU_TO_DEV
1717451159.1136885,322,5.1,47.4,OCC_TO_CU
1717451159.114297,322,0.0,47.4,OCC_TO_CU
1717451159.1648538,273,61.9,47.6,CU_TO_DEV
1717451159.1647403,273,61.9,47.6,CU_TO_DEV
1717451169.122668,322,4.5,47.4,OCC_TO_CU
1717451169.1231976,322,0.0,47.4,OCC_TO_CU
1717451169.1722524,273,57.9,47.5,CU_TO_DEV
1717451169.1722016,273,61.9,47.5,CU_TO_DEV
1717451179.1706455,322,4.2,47.5,OCC_TO_CU
1717451179.1714694,322,0.0,47.5,OCC_TO_CU
1717451179.1780257,273,33.3,47.5,CU_TO_DEV
1717451179.1794946,273,0.0,47.5,CU_TO_DEV
1717451187.205142,154,6.6,47.4,OCC_TO_CU
1717451187.3832057,241,18.1,47.6,CU_TO_DEV
1717451187.3861718,241,0.0,47.6,CU_TO_DEV
1717451189.148093,322,2.7,47.5,OCC_TO_CU
1717451189.1488993,322,100.0,47.5,OCC_TO_CU
1717451189.1852949,273,71.4,47.6,CU_TO_DEV
1717451189.1873727,273,0.0,47.6,CU_TO_DEV
1717451199.1604772,322,4.1,47.5,OCC_TO_CU
1717451199.161184,322,50.0,47.5,OCC_TO_CU
1717451199.1914234,273,72.7,47.6,CU_TO_DEV
1717451199.1925216,273,0.0,47.6,CU_TO_DEV
1717451209.1811748,322,5.8,47.5,OCC_TO_CU
1717451209.1818137,322,0.0,47.5,OCC_TO_CU
1717451209.1965346,273,50.0,47.4,CU_TO_DEV
1717451209.2006752,273,100.0,47.4,CU_TO_DEV
1717451219.1947267,322,4.3,47.5,OCC_TO_CU
1717451219.195761,322,0.0,47.5,OCC_TO_CU
1717451219.2020836,273,0.0,47.5,CU_TO_DEV
1717451219.2070506,273,100.0,47.5,CU_TO_DEV
1717451229.211658,322,4.7,47.6,OCC_TO_CU
1717451229.2139149,273,100.0,47.6,CU_TO_DEV
1717451229.21617,322,0.0,47.6,OCC_TO_CU
1717451229.4132898,273,93.7,47.8,CU_TO_DEV
1717451229.4167345,273,100.0,47.8,CU_TO_DEV
1717451237.277162,154,5.5,47.4,OCC_TO_CU
1717451237.419741,241,18.2,47.6,CU_TO_DEV
1717451237.425457,241,0.0,47.6,CU_TO_DEV
1717451239.2287867,322,3.3,47.5,OCC_TO_CU
1717451239.2297459,322,0.0,47.5,OCC_TO_CU
1717451239.420988,273,16.2,47.7,CU_TO_DEV
1717451239.426515,273,0.0,47.7,CU_TO_DEV
1717451249.2427535,322,4.4,47.5,OCC_TO_CU
1717451249.2454922,322,0.0,47.5,OCC_TO_CU
1717451249.4288158,273,16.4,47.7,CU_TO_DEV
1717451249.4306986,273,0.0,47.7,CU_TO_DEV
1717451259.2531388,322,4.0,47.5,OCC_TO_CU
1717451259.2541862,322,0.0,47.5,OCC_TO_CU
1717451259.4354725,273,16.4,47.7,CU_TO_DEV
1717451259.4358628,273,0.0,47.7,CU_TO_DEV
1717451269.2528288,322,4.9,47.5,OCC_TO_CU
1717451269.2539234,322,0.0,47.5,OCC_TO_CU
1717451269.4434273,273,20.0,47.7,CU_TO_DEV
1717451269.4438975,273,0.0,47.7,CU_TO_DEV
1717451279.2766628,322,5.0,47.4,OCC_TO_CU
1717451279.2796347,322,0.0,47.4,OCC_TO_CU
1717451279.4496627,273,17.9,47.6,CU_TO_DEV
1717451279.4501936,273,0.0,47.6,CU_TO_DEV
1717451287.3485835,154,4.2,47.5,OCC_TO_CU
1717451287.454031,241,23.8,47.6,CU_TO_DEV
1717451287.453989,241,23.8,47.6,CU_TO_DEV
1717451289.2970605,322,3.9,47.6,OCC_TO_CU
1717451289.298235,322,0.0,47.6,OCC_TO_CU
1717451289.4561858,273,17.7,47.7,CU_TO_DEV
1717451289.4563508,273,17.7,47.7,CU_TO_DEV
1717451299.293005,322,4.0,47.5,OCC_TO_CU
1717451299.2936716,322,0.0,47.5,OCC_TO_CU
1717451299.4635463,273,15.2,47.8,CU_TO_DEV
1717451299.4652429,273,0.0,47.8,CU_TO_DEV
1717451309.3183713,322,5.2,47.5,OCC_TO_CU
1717451309.3195832,322,0.0,47.5,OCC_TO_CU
1717451309.4699485,273,19.3,47.7,CU_TO_DEV
1717451309.470009,273,19.3,47.7,CU_TO_DEV
1717451319.3115523,322,5.1,47.4,OCC_TO_CU
1717451319.3126318,322,0.0,47.4,OCC_TO_CU
1717451319.4777894,273,18.2,47.6,CU_TO_DEV
1717451319.478002,273,0.0,47.6,CU_TO_DEV
1717451329.3435283,322,5.2,47.4,OCC_TO_CU
1717451329.3444037,322,0.0,47.4,OCC_TO_CU
1717451329.4874628,273,22.8,47.6,CU_TO_DEV
1717451329.4878318,273,0.0,47.6,CU_TO_DEV
1717451337.4274607,154,4.1,47.4,OCC_TO_CU
1717451337.4930608,241,26.9,47.6,CU_TO_DEV
1717451337.4932632,241,26.9,47.6,CU_TO_DEV
1717451339.3724658,322,3.6,47.5,OCC_TO_CU
1717451339.3730698,322,100.0,47.5,OCC_TO_CU
1717451339.4950814,273,20.8,47.7,CU_TO_DEV
1717451339.4955344,273,0.0,47.7,CU_TO_DEV
1717451349.3658037,322,4.2,47.5,OCC_TO_CU
1717451349.3668458,322,0.0,47.5,OCC_TO_CU
1717451349.501207,273,19.6,47.7,CU_TO_DEV
1717451349.5012832,273,19.6,47.7,CU_TO_DEV
1717451359.3805523,322,4.3,47.5,OCC_TO_CU
1717451359.381529,322,100.0,47.5,OCC_TO_CU
1717451359.5079336,273,26.5,47.7,CU_TO_DEV
1717451359.50771,273,26.5,47.7,CU_TO_DEV
1717451369.3773654,322,5.3,47.5,OCC_TO_CU
1717451369.3784912,322,0.0,47.5,OCC_TO_CU
1717451369.5140977,273,17.3,47.7,CU_TO_DEV
1717451369.5138817,273,17.3,47.7,CU_TO_DEV
1717451379.413558,322,4.0,47.5,OCC_TO_CU
1717451379.4146094,322,0.0,47.5,OCC_TO_CU
1717451379.5207708,273,21.4,47.7,CU_TO_DEV
1717451379.5208402,273,21.4,47.7,CU_TO_DEV
1717451387.5034728,154,4.1,47.6,OCC_TO_CU
1717451387.5289023,241,70.0,47.7,CU_TO_DEV
1717451387.5297823,241,0.0,47.7,CU_TO_DEV
1717451389.4034188,322,9.1,47.6,OCC_TO_CU
1717451389.4065685,322,50.0,47.6,OCC_TO_CU
1717451389.5305877,273,12.8,47.7,CU_TO_DEV
1717451389.5311544,273,0.0,47.7,CU_TO_DEV
1717451399.4468157,322,4.5,47.4,OCC_TO_CU
1717451399.447861,322,0.0,47.4,OCC_TO_CU
1717451399.536204,273,17.6,47.6,CU_TO_DEV
1717451399.5376854,273,50.0,47.6,CU_TO_DEV
1717451409.427342,322,4.8,47.4,OCC_TO_CU
1717451409.4336004,322,33.3,47.4,OCC_TO_CU
1717451409.541838,273,34.1,47.6,CU_TO_DEV
1717451409.5431964,273,0.0,47.6,CU_TO_DEV
1717451419.4513083,322,4.8,47.3,OCC_TO_CU
1717451419.4523203,322,0.0,47.3,OCC_TO_CU
1717451419.551415,273,22.5,47.6,CU_TO_DEV
1717451419.5514808,273,22.5,47.6,CU_TO_DEV
1717451429.4794507,322,4.2,47.4,OCC_TO_CU
1717451429.4804242,322,0.0,47.4,OCC_TO_CU
1717451429.5575473,273,31.3,47.6,CU_TO_DEV
1717451429.5593634,273,0.0,47.6,CU_TO_DEV
1717451437.5775776,154,4.3,47.5,OCC_TO_CU
1717451437.7639933,241,9.5,47.6,CU_TO_DEV
1717451437.7644715,241,0.0,47.6,CU_TO_DEV
1717451439.4719174,322,5.1,47.6,OCC_TO_CU
1717451439.4740279,322,50.0,47.6,OCC_TO_CU
1717451439.565832,273,16.7,47.7,CU_TO_DEV
1717451439.5659065,273,16.7,47.7,CU_TO_DEV
1717451449.5073771,322,4.2,47.5,OCC_TO_CU
1717451449.510373,322,0.0,47.5,OCC_TO_CU
1717451449.57257,273,32.0,47.7,CU_TO_DEV
1717451449.5726657,273,32.0,47.7,CU_TO_DEV
1717451459.5198717,322,5.4,47.6,OCC_TO_CU
1717451459.5204067,322,0.0,47.6,OCC_TO_CU
1717451459.5805974,273,29.2,47.8,CU_TO_DEV
1717451459.5803914,273,29.2,47.8,CU_TO_DEV
1717451469.5361109,322,3.8,47.5,OCC_TO_CU
1717451469.5371556,322,0.0,47.5,OCC_TO_CU
1717451469.586691,273,31.6,47.7,CU_TO_DEV
1717451469.5866103,273,31.6,47.7,CU_TO_DEV
1717451479.535285,322,4.3,47.6,OCC_TO_CU
1717451479.5359068,322,0.0,47.6,OCC_TO_CU
1717451479.5934775,273,0.0,47.8,CU_TO_DEV
1717451479.5929203,273,25.0,47.8,CU_TO_DEV
1717451487.647848,154,4.8,47.5,OCC_TO_CU
1717451487.8010342,241,12.9,47.7,CU_TO_DEV
1717451487.8032856,241,0.0,47.7,CU_TO_DEV
1717451489.5436144,322,4.9,47.6,OCC_TO_CU
1717451489.5442967,322,0.0,47.6,OCC_TO_CU
1717451489.6025229,273,30.4,47.8,CU_TO_DEV
1717451489.604348,273,0.0,47.8,CU_TO_DEV
1717451499.572792,322,4.2,47.6,OCC_TO_CU
1717451499.5738235,322,0.0,47.6,OCC_TO_CU
1717451499.6131244,273,76.5,47.7,CU_TO_DEV
1717451499.6130352,273,76.5,47.7,CU_TO_DEV
1717451509.5605888,322,6.2,47.5,OCC_TO_CU
1717451509.5613542,322,0.0,47.5,OCC_TO_CU
1717451509.6205683,273,0.0,47.7,CU_TO_DEV
1717451509.6201084,273,37.5,47.7,CU_TO_DEV
1717451519.577093,322,4.1,47.5,OCC_TO_CU
1717451519.5777373,322,0.0,47.5,OCC_TO_CU
1717451519.6314652,273,85.0,47.6,CU_TO_DEV
1717451519.6325107,273,0.0,47.6,CU_TO_DEV
1717451529.5866945,322,4.6,47.4,OCC_TO_CU
1717451529.5873058,322,0.0,47.4,OCC_TO_CU
1717451529.6362593,273,45.0,47.6,CU_TO_DEV
1717451529.6379566,273,0.0,47.6,CU_TO_DEV
1717451537.71374,154,3.7,47.5,OCC_TO_CU
1717451537.8401747,241,17.3,47.6,CU_TO_DEV
1717451537.841199,241,100.0,47.6,CU_TO_DEV
1717451539.5841718,322,5.2,47.6,OCC_TO_CU
1717451539.5848436,322,100.0,47.6,OCC_TO_CU
1717451539.6415946,273,34.8,47.7,CU_TO_DEV
1717451539.642487,273,0.0,47.7,CU_TO_DEV
1717451549.6077337,322,3.9,47.5,OCC_TO_CU
1717451549.6089542,322,0.0,47.5,OCC_TO_CU
1717451549.6468148,273,47.1,47.7,CU_TO_DEV
1717451549.6475248,273,0.0,47.7,CU_TO_DEV
1717451559.618504,322,5.3,47.5,OCC_TO_CU
1717451559.6191225,322,0.0,47.5,OCC_TO_CU
1717451559.6529832,273,50.0,47.7,CU_TO_DEV
1717451559.6528056,273,50.0,47.7,CU_TO_DEV
1717451569.6221468,322,4.7,47.4,OCC_TO_CU
1717451569.6231833,322,0.0,47.4,OCC_TO_CU
1717451569.6590166,273,38.5,47.6,CU_TO_DEV
1717451569.6597924,273,0.0,47.6,CU_TO_DEV
1717451579.6242478,322,3.9,47.4,OCC_TO_CU
1717451579.6395452,322,50.0,47.5,OCC_TO_CU
1717451579.665008,273,63.6,47.6,CU_TO_DEV
1717451579.6649523,273,63.6,47.6,CU_TO_DEV
1717451587.7803257,154,4.0,47.5,OCC_TO_CU
1717451587.8696084,241,17.6,47.7,CU_TO_DEV
1717451587.8701735,241,0.0,47.7,CU_TO_DEV
1717451589.6289985,322,5.3,47.6,OCC_TO_CU
1717451589.6309178,322,0.0,47.6,OCC_TO_CU
1717451589.6709964,273,44.4,47.7,CU_TO_DEV
1717451589.671363,273,0.0,47.7,CU_TO_DEV
1717451599.6525345,322,4.9,47.4,OCC_TO_CU
1717451599.6535256,322,0.0,47.4,OCC_TO_CU
1717451599.6777792,273,70.0,47.5,CU_TO_DEV
1717451599.67882,273,0.0,47.5,CU_TO_DEV
1717451609.6530032,322,4.9,47.4,OCC_TO_CU
1717451609.6540494,322,0.0,47.4,OCC_TO_CU
1717451609.6837368,273,53.8,47.5,CU_TO_DEV
1717451609.6842523,273,0.0,47.6,CU_TO_DEV
1717451619.6622615,322,4.1,47.4,OCC_TO_CU
1717451619.6634521,322,0.0,47.4,OCC_TO_CU
1717451619.690199,273,54.5,47.6,CU_TO_DEV
1717451619.6898468,273,54.5,47.6,CU_TO_DEV
1717451629.6784556,322,4.5,47.5,OCC_TO_CU
1717451629.6790867,322,0.0,47.5,OCC_TO_CU
1717451629.696456,273,33.3,47.5,CU_TO_DEV
1717451629.6967194,273,50.0,47.5,CU_TO_DEV
1717451637.576104,154,4.2,47.5,OCC_TO_CU
1717451637.700898,241,19.6,47.7,CU_TO_DEV
1717451637.7010026,241,19.6,47.7,CU_TO_DEV
1717451639.699343,322,4.4,47.6,OCC_TO_CU
1717451639.6999562,322,0.0,47.6,OCC_TO_CU
1717451639.7024293,273,0.0,47.6,CU_TO_DEV
1717451639.7024772,273,0.0,47.6,CU_TO_DEV
1717451649.7159083,322,6.8,47.3,OCC_TO_CU
1717451649.716411,322,0.0,47.3,OCC_TO_CU
1717451649.9074543,273,9.2,47.5,CU_TO_DEV
1717451649.9101868,273,0.0,47.5,CU_TO_DEV
1717451659.7083244,322,4.4,47.3,OCC_TO_CU
1717451659.7089412,322,100.0,47.3,OCC_TO_CU
1717451659.7123122,273,0.0,47.3,CU_TO_DEV
1717451659.7138329,273,0.0,47.3,CU_TO_DEV
1717451669.7289822,322,3.9,47.4,OCC_TO_CU
1717451669.7310524,322,0.0,47.4,OCC_TO_CU
1717451669.9164095,273,10.8,47.6,CU_TO_DEV
1717451669.9174678,273,100.0,47.6,CU_TO_DEV
1717451679.7302604,322,4.4,47.5,OCC_TO_CU
1717451679.7329664,322,0.0,47.5,OCC_TO_CU
1717451679.9212093,273,10.7,47.7,CU_TO_DEV
1717451679.9216115,273,0.0,47.7,CU_TO_DEV
1717451687.6183522,154,5.0,47.6,OCC_TO_CU
1717451687.7251155,241,97.6,47.7,CU_TO_DEV
1717451687.7258177,241,0.0,47.7,CU_TO_DEV
1717451689.7334895,322,5.0,47.6,OCC_TO_CU
1717451689.7371557,322,0.0,47.6,OCC_TO_CU
1717451689.9270265,273,8.0,47.7,CU_TO_DEV
1717451689.9270983,273,8.0,47.7,CU_TO_DEV
1717451699.7431996,322,3.6,47.5,OCC_TO_CU
1717451699.743953,322,0.0,47.5,OCC_TO_CU
1717451699.931381,273,10.7,47.7,CU_TO_DEV
1717451699.9313262,273,10.7,47.7,CU_TO_DEV
1717451709.754195,322,4.4,47.5,OCC_TO_CU
1717451709.754838,322,0.0,47.5,OCC_TO_CU
1717451709.9367511,273,12.2,47.7,CU_TO_DEV
1717451709.936818,273,12.2,47.7,CU_TO_DEV
1717451719.7774458,322,5.1,47.5,OCC_TO_CU
1717451719.7781246,322,0.0,47.5,OCC_TO_CU
1717451719.9415004,273,12.5,47.7,CU_TO_DEV
1717451719.9414186,273,12.5,47.7,CU_TO_DEV
1717451729.7721434,322,4.3,47.5,OCC_TO_CU
1717451729.7728195,322,100.0,47.5,OCC_TO_CU
1717451729.9460177,273,10.3,47.7,CU_TO_DEV
1717451729.945876,273,10.3,47.7,CU_TO_DEV
1717451737.6701698,154,6.8,47.4,OCC_TO_CU
1717451737.7530105,241,22.6,47.5,CU_TO_DEV
1717451737.7528732,241,21.9,47.5,CU_TO_DEV
1717451739.78475,322,4.7,47.5,OCC_TO_CU
1717451739.7852793,322,0.0,47.5,OCC_TO_CU
1717451739.9543016,273,7.5,47.6,CU_TO_DEV
1717451739.954575,273,0.0,47.6,CU_TO_DEV
1717451749.7859612,322,4.0,47.4,OCC_TO_CU
1717451749.7880614,322,0.0,47.4,OCC_TO_CU
1717451749.9589894,273,13.0,47.6,CU_TO_DEV
1717451749.9593499,273,0.0,47.6,CU_TO_DEV
1717451759.79307,322,4.6,47.5,OCC_TO_CU
1717451759.804616,322,40.0,47.5,OCC_TO_CU
1717451759.9639778,273,20.6,47.7,CU_TO_DEV
1717451759.9644256,273,0.0,47.7,CU_TO_DEV
1717451769.8191845,322,4.7,47.4,OCC_TO_CU
1717451769.8265,322,33.3,47.4,OCC_TO_CU
1717451769.9688497,273,21.4,47.6,CU_TO_DEV
1717451769.969339,273,0.0,47.6,CU_TO_DEV
1717451779.8198261,322,5.7,47.4,OCC_TO_CU
1717451779.8494644,322,36.4,47.6,OCC_TO_CU
1717451779.9734926,273,12.5,47.7,CU_TO_DEV
1717451779.9734466,273,12.5,47.7,CU_TO_DEV
1717451787.6744695,154,3.8,47.5,OCC_TO_CU
1717451787.777305,241,20.0,47.6,CU_TO_DEV
1717451787.7777393,241,0.0,47.6,CU_TO_DEV
1717451789.850233,322,4.2,47.5,OCC_TO_CU
1717451789.8512785,322,0.0,47.5,OCC_TO_CU
1717451789.9787111,273,10.2,47.7,CU_TO_DEV
1717451789.978988,273,0.0,47.7,CU_TO_DEV
1717451799.848732,322,4.0,47.5,OCC_TO_CU
1717451799.849506,322,0.0,47.5,OCC_TO_CU
1717451799.983517,273,14.8,47.7,CU_TO_DEV
1717451799.9833672,273,14.8,47.7,CU_TO_DEV
1717451809.8590586,322,4.2,47.6,OCC_TO_CU
1717451809.859906,322,0.0,47.6,OCC_TO_CU
1717451809.9881787,273,15.4,47.8,CU_TO_DEV
1717451809.988426,273,0.0,47.8,CU_TO_DEV
1717451819.859907,322,5.8,47.4,OCC_TO_CU
1717451819.860704,322,0.0,47.4,OCC_TO_CU
1717451819.9935937,273,14.8,47.6,CU_TO_DEV
1717451819.993739,273,14.8,47.6,CU_TO_DEV
1717451829.8902173,322,4.9,47.4,OCC_TO_CU
1717451829.8909574,322,0.0,47.4,OCC_TO_CU
1717451829.998371,273,16.7,47.5,CU_TO_DEV
1717451829.998504,273,16.7,47.5,CU_TO_DEV
1717451837.806639,154,4.5,47.5,OCC_TO_CU
1717451838.00259,241,7.9,47.6,CU_TO_DEV
1717451838.002951,241,0.0,47.6,CU_TO_DEV
1717451839.88676,322,4.1,47.5,OCC_TO_CU
1717451839.8874035,322,0.0,47.5,OCC_TO_CU
1717451840.004075,273,14.9,47.6,CU_TO_DEV
1717451840.004735,273,0.0,47.6,CU_TO_DEV
1717451849.9001265,322,3.9,47.5,OCC_TO_CU
1717451849.9007647,322,0.0,47.5,OCC_TO_CU
1717451850.0090249,273,20.0,47.7,CU_TO_DEV
1717451850.009103,273,20.0,47.7,CU_TO_DEV
1717451859.8979285,322,4.1,47.5,OCC_TO_CU
1717451859.9095545,322,40.0,47.5,OCC_TO_CU
1717451860.0140553,273,26.8,47.7,CU_TO_DEV
1717451860.01422,273,26.8,47.7,CU_TO_DEV
1717451869.9106414,322,4.3,47.6,OCC_TO_CU
1717451869.9112952,322,0.0,47.6,OCC_TO_CU
1717451870.0195973,273,95.3,47.8,CU_TO_DEV
1717451870.0249004,273,100.0,47.8,CU_TO_DEV
1717451879.9116647,322,4.2,47.6,OCC_TO_CU
1717451879.912742,322,100.0,47.6,OCC_TO_CU
1717451880.0288465,273,13.6,47.7,CU_TO_DEV
1717451880.0290995,273,0.0,47.7,CU_TO_DEV
1717451887.8712518,154,4.1,47.7,OCC_TO_CU
1717451888.0330524,241,10.9,47.8,CU_TO_DEV
1717451888.033011,241,10.9,47.8,CU_TO_DEV
1717451889.9257464,322,4.1,47.7,OCC_TO_CU
1717451889.9264042,322,0.0,47.7,OCC_TO_CU
1717451890.0375443,273,88.9,47.9,CU_TO_DEV
1717451890.0372927,273,88.9,47.9,CU_TO_DEV
1717451899.93303,322,4.7,47.5,OCC_TO_CU
1717451899.957934,322,45.5,47.5,OCC_TO_CU
1717451900.0426176,273,33.3,47.6,CU_TO_DEV
1717451900.0427616,273,33.3,47.6,CU_TO_DEV
1717451909.9688354,322,4.2,47.5,OCC_TO_CU
1717451909.971756,322,0.0,47.5,OCC_TO_CU
1717451910.0491405,273,90.3,47.7,CU_TO_DEV
1717451910.0529346,273,100.0,47.7,CU_TO_DEV
1717451919.9869802,322,5.2,47.4,OCC_TO_CU
1717451919.9874935,322,0.0,47.4,OCC_TO_CU
1717451920.054326,273,14.3,47.4,CU_TO_DEV
1717451920.064551,273,25.0,47.4,CU_TO_DEV
1717451929.9694295,322,3.9,47.4,OCC_TO_CU
1717451929.970074,322,0.0,47.4,OCC_TO_CU
1717451930.058901,273,15.2,47.6,CU_TO_DEV
1717451930.0688963,273,40.0,47.6,CU_TO_DEV
1717451937.9433508,154,4.2,47.4,OCC_TO_CU
1717451938.0644822,241,21.6,47.6,CU_TO_DEV
1717451938.0740244,241,25.0,47.6,CU_TO_DEV
1717451940.001043,322,4.8,47.5,OCC_TO_CU
1717451940.0016942,322,0.0,47.5,OCC_TO_CU
1717451940.0660048,273,24.0,47.7,CU_TO_DEV
1717451940.0759752,273,33.3,47.7,CU_TO_DEV
1717451950.0588214,322,4.1,47.5,OCC_TO_CU
1717451950.0599031,322,0.0,47.5,OCC_TO_CU
1717451950.0710945,273,40.0,47.5,CU_TO_DEV
1717451950.082755,273,80.0,47.5,CU_TO_DEV
1717451960.005607,322,4.4,47.6,OCC_TO_CU
1717451960.0070083,322,0.0,47.6,OCC_TO_CU
1717451960.0784438,273,32.3,47.7,CU_TO_DEV
1717451960.0922596,273,33.3,47.7,CU_TO_DEV
1717451970.0180447,322,5.0,47.5,OCC_TO_CU
1717451970.0186837,322,0.0,47.5,OCC_TO_CU
1717451970.0830488,273,30.8,47.7,CU_TO_DEV
1717451970.1005526,273,28.6,47.7,CU_TO_DEV
1717451980.0348468,322,4.7,47.4,OCC_TO_CU
1717451980.0354104,322,0.0,47.4,OCC_TO_CU
1717451980.0878124,273,28.6,47.6,CU_TO_DEV
1717451980.1062796,273,33.3,47.6,CU_TO_DEV
1717451988.017371,154,4.0,47.5,OCC_TO_CU
1717451988.092031,241,27.6,47.7,CU_TO_DEV
1717451988.1115582,241,33.3,47.7,CU_TO_DEV
1717451990.0366364,322,5.0,47.7,OCC_TO_CU
1717451990.0373566,322,0.0,47.6,OCC_TO_CU
1717451990.093686,273,30.4,47.8,CU_TO_DEV
1717451990.1129746,273,50.0,47.8,CU_TO_DEV
1717452000.0494637,322,4.1,47.6,OCC_TO_CU
1717452000.0501456,322,0.0,47.6,OCC_TO_CU
1717452000.099187,273,33.3,47.7,CU_TO_DEV
1717452000.1175485,273,33.3,47.8,CU_TO_DEV
1717452010.0695298,322,5.2,47.5,OCC_TO_CU
1717452010.0700147,322,0.0,47.5,OCC_TO_CU
1717452010.1092687,273,81.2,47.6,CU_TO_DEV
1717452010.1270623,273,100.0,47.7,CU_TO_DEV
1717452020.0651312,322,5.8,47.4,OCC_TO_CU
1717452020.065797,322,0.0,47.4,OCC_TO_CU
1717452020.1172202,273,30.0,47.6,CU_TO_DEV
1717452020.1315124,273,40.0,47.6,CU_TO_DEV
1717452030.096669,322,3.8,47.4,OCC_TO_CU
1717452030.0977263,322,0.0,47.4,OCC_TO_CU
1717452030.1223233,273,33.3,47.5,CU_TO_DEV
1717452030.1370575,273,60.0,47.6,CU_TO_DEV
1717452038.090305,154,4.1,47.4,OCC_TO_CU
1717452038.1276255,241,29.4,47.5,CU_TO_DEV
1717452038.1413448,241,40.0,47.5,CU_TO_DEV
1717452040.0933323,322,4.9,47.6,OCC_TO_CU
1717452040.0941198,322,0.0,47.6,OCC_TO_CU
1717452040.1291845,273,40.0,47.7,CU_TO_DEV
1717452040.1432343,273,40.0,47.7,CU_TO_DEV
1717452050.0928833,322,4.2,47.5,OCC_TO_CU
1717452050.0954022,322,0.0,47.5,OCC_TO_CU
1717452050.1344392,273,41.2,47.7,CU_TO_DEV
1717452050.1504571,273,20.0,47.7,CU_TO_DEV
1717452060.112888,322,6.1,47.4,OCC_TO_CU
1717452060.1134603,322,0.0,47.4,OCC_TO_CU
1717452060.139603,273,36.4,47.5,CU_TO_DEV
1717452060.1571498,273,42.9,47.6,CU_TO_DEV
1717452070.1130033,322,4.0,47.4,OCC_TO_CU
1717452070.1136162,322,0.0,47.4,OCC_TO_CU
1717452070.1452615,273,41.7,47.6,CU_TO_DEV
1717452070.1615124,273,16.7,47.6,CU_TO_DEV
1717452080.1349728,322,3.8,47.5,OCC_TO_CU
1717452080.135586,322,0.0,47.5,OCC_TO_CU
1717452080.15078,273,33.3,47.5,CU_TO_DEV
1717452080.1658087,273,50.0,47.6,CU_TO_DEV
1717452087.9051614,154,4.8,47.5,OCC_TO_CU
1717452087.9576404,241,33.3,47.6,CU_TO_DEV
1717452087.970303,241,60.0,47.7,CU_TO_DEV
1717452090.151926,322,4.8,47.6,OCC_TO_CU
1717452090.1525686,322,0.0,47.6,OCC_TO_CU
1717452090.1592665,273,50.0,47.6,CU_TO_DEV
1717452090.173002,273,60.0,47.7,CU_TO_DEV
1717452100.1648836,322,5.7,47.6,OCC_TO_CU
1717452100.166147,322,0.0,47.6,OCC_TO_CU
1717452100.1669714,273,0.0,47.6,CU_TO_DEV
1717452100.179658,273,60.0,47.6,CU_TO_DEV
1717452110.1853104,322,4.1,47.5,OCC_TO_CU
1717452110.1863701,322,0.0,47.5,OCC_TO_CU
1717452110.3713942,273,8.3,47.8,CU_TO_DEV
1717452110.3844492,273,40.0,47.8,CU_TO_DEV
1717452120.180134,322,5.3,47.5,OCC_TO_CU
1717452120.180958,322,0.0,47.5,OCC_TO_CU
1717452120.192381,273,0.0,47.5,CU_TO_DEV
1717452120.3759477,273,16.2,47.7,CU_TO_DEV
1717452130.207947,322,4.1,47.6,OCC_TO_CU
1717452130.2085729,322,0.0,47.6,OCC_TO_CU
1717452130.3806026,273,67.6,47.7,CU_TO_DEV
1717452130.4056022,273,22.2,47.8,CU_TO_DEV
1717452137.9506283,154,3.9,47.6,OCC_TO_CU
1717452137.9843636,241,46.7,47.6,CU_TO_DEV
1717452138.0103786,241,40.0,47.7,CU_TO_DEV
1717452140.2265425,322,8.6,47.5,OCC_TO_CU
1717452140.22704,322,0.0,47.5,OCC_TO_CU
1717452140.3894458,273,12.1,47.6,CU_TO_DEV
1717452140.4121954,273,22.2,47.6,CU_TO_DEV
1717452150.2187178,322,4.8,47.4,OCC_TO_CU
1717452150.2193785,322,0.0,47.4,OCC_TO_CU
1717452150.2222145,273,0.0,47.4,CU_TO_DEV
1717452150.399542,273,11.8,47.6,CU_TO_DEV
1717452160.2243052,322,3.2,47.4,OCC_TO_CU
1717452160.2249532,322,100.0,47.4,OCC_TO_CU
1717452160.2271526,273,0.0,47.4,CU_TO_DEV
1717452160.4086432,273,14.1,47.6,CU_TO_DEV
1717452170.2337065,322,3.4,47.4,OCC_TO_CU
1717452170.2343225,322,0.0,47.4,OCC_TO_CU
1717452170.4134681,273,11.4,47.6,CU_TO_DEV
1717452170.4332106,273,33.3,47.6,CU_TO_DEV
1717452180.2403402,322,2.8,47.4,OCC_TO_CU
1717452180.2409952,322,0.0,47.4,OCC_TO_CU
1717452180.417967,273,13.0,47.7,CU_TO_DEV
1717452180.4389498,273,12.5,47.7,CU_TO_DEV
1717452189.2225974,154,3.1,47.5,OCC_TO_CU
1717452189.244307,241,42.9,47.5,CU_TO_DEV
1717452189.4221525,241,21.1,47.8,CU_TO_DEV
1717452190.2570083,322,3.3,47.8,OCC_TO_CU
1717452190.258013,322,0.0,47.8,OCC_TO_CU
1717452190.4229543,273,9.1,47.8,CU_TO_DEV
1717452190.4462554,273,22.2,47.8,CU_TO_DEV
1717452200.2678914,322,2.8,47.5,OCC_TO_CU
1717452200.2685506,322,0.0,47.5,OCC_TO_CU
1717452200.4273474,273,12.9,47.7,CU_TO_DEV
1717452200.4526632,273,36.4,47.8,CU_TO_DEV
1717452210.2795825,322,4.0,47.5,OCC_TO_CU
1717452210.2808704,322,0.0,47.5,OCC_TO_CU
1717452210.432716,273,13.1,47.7,CU_TO_DEV
1717452210.4596982,273,27.3,47.7,CU_TO_DEV
1717452220.2890172,322,3.3,47.6,OCC_TO_CU
1717452220.290059,322,0.0,47.6,OCC_TO_CU
1717452220.4372447,273,86.0,47.7,CU_TO_DEV
1717452220.4657435,273,33.3,47.6,CU_TO_DEV
1717452230.311268,322,2.6,47.5,OCC_TO_CU
1717452230.3120482,322,0.0,47.5,OCC_TO_CU
1717452230.4420598,273,12.0,47.7,CU_TO_DEV
1717452230.470632,273,33.3,47.7,CU_TO_DEV
1717452240.2199352,154,3.5,47.4,OCC_TO_CU
1717452240.2475138,241,40.0,47.4,CU_TO_DEV
1717452240.2754748,241,45.5,47.6,CU_TO_DEV
1717452240.3285663,322,39.1,47.6,OCC_TO_CU
1717452240.3295298,322,0.0,47.6,OCC_TO_CU
1717452240.4483216,273,17.0,47.6,CU_TO_DEV
1717452240.477955,273,25.0,47.6,CU_TO_DEV
1717452250.3234,322,3.1,47.5,OCC_TO_CU
1717452250.3240726,322,0.0,47.5,OCC_TO_CU
1717452250.4532409,273,14.5,47.5,CU_TO_DEV
1717452250.4824638,273,36.4,47.7,CU_TO_DEV
1717452260.3406436,322,3.0,47.5,OCC_TO_CU
1717452260.3413284,322,0.0,47.5,OCC_TO_CU
1717452260.4596677,273,14.9,47.7,CU_TO_DEV
1717452260.4868228,273,30.0,47.7,CU_TO_DEV
1717452270.3622284,322,3.9,47.5,OCC_TO_CU
1717452270.3629818,322,0.0,47.5,OCC_TO_CU
1717452270.4671597,273,20.9,47.7,CU_TO_DEV
1717452270.4914732,273,30.0,47.7,CU_TO_DEV
1717452280.3600335,322,3.2,47.5,OCC_TO_CU
1717452280.360699,322,100.0,47.5,OCC_TO_CU
1717452280.4726188,273,87.0,47.7,CU_TO_DEV
1717452280.4974287,273,77.8,47.6,CU_TO_DEV
1717452290.3635345,322,2.8,47.4,OCC_TO_CU
1717452290.3642752,322,0.0,47.4,OCC_TO_CU
1717452290.4789503,273,13.6,47.6,CU_TO_DEV
1717452290.50283,273,22.2,47.6,CU_TO_DEV
1717452292.131649,154,5.2,47.6,OCC_TO_CU
1717452292.2812083,241,11.7,47.7,CU_TO_DEV
1717452292.3052988,241,25.0,47.7,CU_TO_DEV
1717452300.3754492,322,2.9,47.5,OCC_TO_CU
1717452300.3760922,322,0.0,47.5,OCC_TO_CU
1717452300.4855144,273,16.7,47.7,CU_TO_DEV
1717452300.509233,273,30.0,47.7,CU_TO_DEV
1717452310.3892941,322,3.1,47.5,OCC_TO_CU
1717452310.3900828,322,0.0,47.5,OCC_TO_CU
1717452310.490249,273,20.0,47.7,CU_TO_DEV
1717452310.51493,273,30.0,47.7,CU_TO_DEV
1717452320.4069128,322,2.9,47.3,OCC_TO_CU
1717452320.407552,322,0.0,47.3,OCC_TO_CU
1717452320.4949603,273,23.5,47.5,CU_TO_DEV
1717452320.5193639,273,20.0,47.5,CU_TO_DEV
1717452330.4304423,322,4.1,47.3,OCC_TO_CU
1717452330.4317012,322,0.0,47.3,OCC_TO_CU
1717452330.506186,273,20.7,47.5,CU_TO_DEV
1717452330.5237162,273,25.0,47.5,CU_TO_DEV
1717452340.4300342,322,4.0,47.2,OCC_TO_CU
1717452340.4307067,322,0.0,47.2,OCC_TO_CU
1717452340.5123935,273,24.2,47.4,CU_TO_DEV
1717452340.5285192,273,16.7,47.4,CU_TO_DEV
1717452345.280348,154,5.3,47.3,OCC_TO_CU
1717452345.3150098,241,46.7,47.4,CU_TO_DEV
1717452345.33082,241,28.6,47.4,CU_TO_DEV
1717452350.4461946,322,3.5,47.2,OCC_TO_CU
1717452350.4468675,322,0.0,47.2,OCC_TO_CU
1717452350.5181386,273,30.0,47.4,CU_TO_DEV
1717452350.5353436,273,28.6,47.4,CU_TO_DEV
1717452360.452774,322,3.4,47.2,OCC_TO_CU
1717452360.4535391,322,0.0,47.2,OCC_TO_CU
1717452360.5244203,273,25.0,47.4,CU_TO_DEV
1717452360.5396137,273,20.0,47.4,CU_TO_DEV
1717452370.4641733,322,4.0,47.3,OCC_TO_CU
1717452370.46483,322,100.0,47.3,OCC_TO_CU
1717452370.529659,273,30.8,47.5,CU_TO_DEV
1717452370.5449739,273,42.9,47.5,CU_TO_DEV
1717452380.4809659,322,4.1,47.3,OCC_TO_CU
1717452380.4817505,322,0.0,47.3,OCC_TO_CU
1717452380.5367815,273,28.6,47.5,CU_TO_DEV
1717452380.5503705,273,50.0,47.5,CU_TO_DEV
1717452390.4902444,322,4.9,47.3,OCC_TO_CU
1717452390.5002542,322,33.3,47.2,OCC_TO_CU
1717452390.5421455,273,55.6,47.5,CU_TO_DEV
1717452390.5555637,273,40.0,47.5,CU_TO_DEV
1717452397.196362,154,4.7,47.4,OCC_TO_CU
1717452397.3464468,241,11.9,47.6,CU_TO_DEV
1717452397.358856,241,25.0,47.6,CU_TO_DEV
1717452400.5096328,322,3.7,47.4,OCC_TO_CU
1717452400.5103877,322,0.0,47.4,OCC_TO_CU
1717452400.5485063,273,40.0,47.5,CU_TO_DEV
1717452400.5605104,273,40.0,47.5,CU_TO_DEV
1717452410.5196452,322,4.0,47.4,OCC_TO_CU
1717452410.5201614,322,0.0,47.4,OCC_TO_CU
1717452410.5535116,273,35.7,47.6,CU_TO_DEV
1717452410.5649447,273,25.0,47.6,CU_TO_DEV
1717452420.5334342,322,4.8,47.3,OCC_TO_CU
1717452420.533983,322,0.0,47.3,OCC_TO_CU
1717452420.5608752,273,72.7,47.4,CU_TO_DEV
1717452420.574049,273,100.0,47.4,CU_TO_DEV
1717452430.5555274,322,6.0,47.2,OCC_TO_CU
1717452430.5561686,322,0.0,47.2,OCC_TO_CU
1717452430.56971,273,40.0,47.2,CU_TO_DEV
1717452430.581571,273,33.3,47.3,CU_TO_DEV
1717452440.5551603,322,4.1,47.2,OCC_TO_CU
1717452440.555824,322,0.0,47.2,OCC_TO_CU
1717452440.5768886,273,42.9,47.2,CU_TO_DEV
1717452440.5865488,273,33.3,47.3,CU_TO_DEV
1717452447.270189,154,6.0,47.3,OCC_TO_CU
1717452447.3842797,241,17.4,47.4,CU_TO_DEV
1717452447.3916838,241,25.0,47.4,CU_TO_DEV
1717452450.565982,322,4.5,47.2,OCC_TO_CU
1717452450.5690298,322,0.0,47.2,OCC_TO_CU
1717452450.5862987,273,42.9,47.3,CU_TO_DEV
1717452450.5955892,273,66.7,47.3,CU_TO_DEV
1717452460.5768833,322,3.6,47.2,OCC_TO_CU
1717452460.577382,322,0.0,47.2,OCC_TO_CU
1717452460.5913413,273,40.0,47.2,CU_TO_DEV
1717452460.6005096,273,66.7,47.3,CU_TO_DEV
1717452470.5821497,322,4.1,47.2,OCC_TO_CU
1717452470.5828006,322,0.0,47.2,OCC_TO_CU
1717452470.5972087,273,57.1,47.2,CU_TO_DEV
1717452470.6072612,273,66.7,47.3,CU_TO_DEV
1717452480.6012423,322,5.6,47.3,OCC_TO_CU
1717452480.60175,322,0.0,47.3,OCC_TO_CU
1717452480.6081145,273,0.0,47.3,CU_TO_DEV
1717452480.615968,273,75.0,47.3,CU_TO_DEV
1717452490.6058805,322,4.2,47.3,OCC_TO_CU
1717452490.6065083,322,0.0,47.3,OCC_TO_CU
1717452490.613172,273,0.0,47.3,CU_TO_DEV
1717452490.622292,273,66.7,47.3,CU_TO_DEV
1717452497.3433688,154,4.6,47.4,OCC_TO_CU
1717452497.4185607,241,24.1,47.6,CU_TO_DEV
1717452497.425869,241,33.3,47.6,CU_TO_DEV
1717452500.6348484,322,6.9,47.3,OCC_TO_CU
1717452500.6353457,322,0.0,47.3,OCC_TO_CU
1717452500.8207197,273,9.3,47.5,CU_TO_DEV
1717452500.8334763,273,20.0,47.5,CU_TO_DEV
1717452510.6406224,322,4.2,47.3,OCC_TO_CU
1717452510.6448514,322,0.0,47.3,OCC_TO_CU
1717452510.8254101,273,8.6,47.5,CU_TO_DEV
1717452510.838815,273,20.0,47.5,CU_TO_DEV
1717452520.646729,322,4.5,47.3,OCC_TO_CU
1717452520.6473687,322,0.0,47.3,OCC_TO_CU
1717452520.8303907,273,13.5,47.6,CU_TO_DEV
1717452520.8436007,273,0.0,47.6,CU_TO_DEV
1717452530.6744368,322,5.1,47.3,OCC_TO_CU
1717452530.6750808,322,0.0,47.3,OCC_TO_CU
1717452530.8382301,273,12.3,47.5,CU_TO_DEV
1717452530.8516624,273,20.0,47.5,CU_TO_DEV
1717452540.6773996,322,4.2,47.4,OCC_TO_CU
1717452540.678157,322,0.0,47.4,OCC_TO_CU
1717452540.843981,273,10.8,47.6,CU_TO_DEV
1717452540.8560493,273,25.0,47.6,CU_TO_DEV
1717452548.334346,154,6.8,47.2,OCC_TO_CU
1717452548.4500277,241,15.6,47.4,CU_TO_DEV
1717452548.461539,241,33.3,47.4,CU_TO_DEV
1717452550.6895835,322,4.4,47.3,OCC_TO_CU
1717452550.6903455,322,0.0,47.3,OCC_TO_CU
1717452550.8516147,273,10.9,47.4,CU_TO_DEV
1717452550.864882,273,20.0,47.4,CU_TO_DEV
1717452560.6942756,322,4.2,47.2,OCC_TO_CU
1717452560.6962886,322,0.0,47.2,OCC_TO_CU
1717452560.8567452,273,15.2,47.4,CU_TO_DEV
1717452560.8723376,273,0.0,47.4,CU_TO_DEV
1717452570.7145693,322,5.5,47.3,OCC_TO_CU
1717452570.7152038,322,0.0,47.3,OCC_TO_CU
1717452570.8663814,273,8.5,47.5,CU_TO_DEV
1717452570.8801281,273,0.0,47.5,CU_TO_DEV
1717452580.7219741,322,4.0,47.2,OCC_TO_CU
1717452580.7227774,322,0.0,47.2,OCC_TO_CU
1717452580.8732214,273,11.9,47.5,CU_TO_DEV
1717452580.8846374,273,50.0,47.5,CU_TO_DEV
1717452590.7334895,322,4.9,47.2,OCC_TO_CU
1717452590.7341413,322,0.0,47.2,OCC_TO_CU
1717452590.8778305,273,15.3,47.5,CU_TO_DEV
1717452590.890378,273,0.0,47.5,CU_TO_DEV
1717452598.404907,154,4.5,47.3,OCC_TO_CU
1717452598.4822645,241,20.7,47.4,CU_TO_DEV
1717452598.4938633,241,40.0,47.4,CU_TO_DEV
1717452600.7540288,322,4.8,47.3,OCC_TO_CU
1717452600.7546558,322,0.0,47.3,OCC_TO_CU
1717452600.8842363,273,16.7,47.5,CU_TO_DEV
1717452600.8968375,273,40.0,47.5,CU_TO_DEV
1717452610.7552671,322,4.2,47.3,OCC_TO_CU
1717452610.7559025,322,0.0,47.3,OCC_TO_CU
1717452610.889528,273,13.5,47.5,CU_TO_DEV
1717452610.901439,273,33.3,47.5,CU_TO_DEV
1717452620.7685742,322,5.2,47.3,OCC_TO_CU
1717452620.7692168,322,50.0,47.3,OCC_TO_CU
1717452620.895699,273,10.6,47.5,CU_TO_DEV
1717452620.9088535,273,33.3,47.5,CU_TO_DEV
1717452630.790563,322,4.0,47.3,OCC_TO_CU
1717452630.7910812,322,0.0,47.3,OCC_TO_CU
1717452630.9006705,273,13.6,47.5,CU_TO_DEV
1717452630.9142992,273,33.3,47.5,CU_TO_DEV
1717452640.7950692,322,3.6,47.4,OCC_TO_CU
1717452640.7961316,322,0.0,47.4,OCC_TO_CU
1717452640.9088953,273,89.1,47.6,CU_TO_DEV
1717452640.9199238,273,100.0,47.6,CU_TO_DEV
1717452649.4018333,154,4.3,47.4,OCC_TO_CU
1717452649.5130289,241,16.3,47.5,CU_TO_DEV
1717452649.5279732,241,16.7,47.5,CU_TO_DEV
1717452650.8347218,322,3.5,47.4,OCC_TO_CU
1717452650.8355253,322,0.0,47.4,OCC_TO_CU
1717452650.914219,273,21.9,47.6,CU_TO_DEV
1717452650.929148,273,16.7,47.6,CU_TO_DEV
1717452660.8272629,322,4.3,47.4,OCC_TO_CU
1717452660.8285263,322,0.0,47.4,OCC_TO_CU
1717452660.9191241,273,24.3,47.6,CU_TO_DEV
1717452660.9362826,273,28.6,47.6,CU_TO_DEV
1717452670.8428626,322,7.0,47.1,OCC_TO_CU
1717452670.8436189,322,0.0,47.1,OCC_TO_CU
1717452670.9356356,273,20.0,47.3,CU_TO_DEV
1717452670.9463518,273,20.0,47.3,CU_TO_DEV
1717452680.865596,322,4.3,47.2,OCC_TO_CU
1717452680.8663287,322,0.0,47.2,OCC_TO_CU
1717452680.9409792,273,21.4,47.4,CU_TO_DEV
1717452680.950705,273,33.3,47.4,CU_TO_DEV
1717452690.8722317,322,4.1,47.2,OCC_TO_CU
1717452690.8728735,322,0.0,47.2,OCC_TO_CU
1717452690.9466486,273,30.0,47.4,CU_TO_DEV
1717452690.9568956,273,25.0,47.4,CU_TO_DEV
1717452699.4824026,154,4.5,47.3,OCC_TO_CU
1717452699.5512419,241,26.9,47.5,CU_TO_DEV
1717452699.5619397,241,50.0,47.5,CU_TO_DEV
1717452700.8755352,322,3.6,47.4,OCC_TO_CU
1717452700.8761806,322,0.0,47.4,OCC_TO_CU
1717452700.9526393,273,23.3,47.5,CU_TO_DEV
1717452700.9632254,273,25.0,47.5,CU_TO_DEV
1717452710.8928173,322,5.5,47.2,OCC_TO_CU
1717452710.8933086,322,0.0,47.2,OCC_TO_CU
1717452710.9619384,273,22.2,47.5,CU_TO_DEV
1717452710.969375,273,50.0,47.5,CU_TO_DEV
1717452720.9020011,322,3.8,47.4,OCC_TO_CU
1717452720.9027514,322,0.0,47.4,OCC_TO_CU
1717452720.967088,273,42.3,47.6,CU_TO_DEV
1717452720.9745436,273,0.0,47.6,CU_TO_DEV
1717452730.920573,322,3.9,47.4,OCC_TO_CU
1717452730.9212286,322,0.0,47.4,OCC_TO_CU
1717452730.972039,273,33.3,47.6,CU_TO_DEV
1717452730.9806216,273,50.0,47.6,CU_TO_DEV
1717452740.9210737,322,3.9,47.4,OCC_TO_CU
1717452740.9216957,322,0.0,47.4,OCC_TO_CU
1717452740.9776175,273,22.7,47.6,CU_TO_DEV
1717452740.986285,273,33.3,47.6,CU_TO_DEV
1717452750.4656472,154,6.0,47.3,OCC_TO_CU
1717452750.582596,241,15.2,47.5,CU_TO_DEV
1717452750.5957906,241,33.3,47.5,CU_TO_DEV
1717452750.9407718,322,4.3,47.5,OCC_TO_CU
1717452750.9413881,322,0.0,47.5,OCC_TO_CU
1717452750.9833813,273,29.4,47.5,CU_TO_DEV
1717452750.9966843,273,42.9,47.5,CU_TO_DEV
1717452760.9554772,322,5.1,47.2,OCC_TO_CU
1717452760.9561493,322,0.0,47.2,OCC_TO_CU
1717452760.9908342,273,46.2,47.5,CU_TO_DEV
1717452761.0037465,273,40.0,47.5,CU_TO_DEV
1717452770.9757926,322,4.0,47.3,OCC_TO_CU
1717452770.976422,322,0.0,47.3,OCC_TO_CU
1717452770.9968965,273,44.4,47.3,CU_TO_DEV
1717452771.010991,273,66.7,47.4,CU_TO_DEV
1717452780.9776,322,3.6,47.4,OCC_TO_CU
1717452780.9845283,322,0.0,47.4,OCC_TO_CU
1717452781.0054715,273,70.0,47.5,CU_TO_DEV
1717452781.0158823,273,100.0,47.5,CU_TO_DEV
1717452790.9813714,322,4.6,47.3,OCC_TO_CU
1717452790.9822538,322,0.0,47.3,OCC_TO_CU
1717452791.0134814,273,46.7,47.5,CU_TO_DEV
1717452791.023772,273,50.0,47.5,CU_TO_DEV
1717452800.5439646,154,4.0,47.4,OCC_TO_CU
1717452800.6191955,241,24.1,47.6,CU_TO_DEV
1717452800.6294248,241,25.0,47.6,CU_TO_DEV
1717452801.011556,322,3.9,47.6,OCC_TO_CU
1717452801.0122025,322,0.0,47.6,OCC_TO_CU
1717452801.020087,273,50.0,47.6,CU_TO_DEV
1717452801.030405,273,80.0,47.6,CU_TO_DEV
1717452811.0296154,322,4.5,47.4,OCC_TO_CU
1717452811.030397,322,0.0,47.4,OCC_TO_CU
1717452811.030789,273,0.0,47.4,CU_TO_DEV
1717452811.0364766,273,0.0,47.4,CU_TO_DEV
1717452811.2314115,273,19.0,47.6,CU_TO_DEV
1717452821.0424955,322,3.3,47.4,OCC_TO_CU
1717452821.0432787,322,0.0,47.4,OCC_TO_CU
1717452821.23695,273,9.1,47.6,CU_TO_DEV
1717452821.242186,273,0.0,47.6,CU_TO_DEV
1717452831.0490415,322,2.9,47.3,OCC_TO_CU
1717452831.0523434,322,0.0,47.3,OCC_TO_CU
1717452831.2424848,273,10.5,47.5,CU_TO_DEV
1717452831.246159,273,0.0,47.5,CU_TO_DEV
1717452841.049866,322,4.0,47.3,OCC_TO_CU
1717452841.050517,322,0.0,47.3,OCC_TO_CU
1717452841.0523667,273,0.0,47.3,CU_TO_DEV
1717452841.247229,273,11.7,47.5,CU_TO_DEV
1717452850.6180604,154,2.8,47.3,OCC_TO_CU
1717452850.6535044,241,71.4,47.4,CU_TO_DEV
1717452850.6609752,241,100.0,47.4,CU_TO_DEV
1717452851.0842729,322,30.4,47.5,OCC_TO_CU
1717452851.0847793,322,0.0,47.5,OCC_TO_CU
1717452851.2566152,273,7.2,47.5,CU_TO_DEV
1717452851.261893,273,0.0,47.5,CU_TO_DEV
1717452861.0777125,322,3.0,47.3,OCC_TO_CU
1717452861.0783777,322,0.0,47.3,OCC_TO_CU
1717452861.2621493,273,12.0,47.5,CU_TO_DEV
1717452861.2662115,273,0.0,47.5,CU_TO_DEV
1717452871.0908535,322,3.9,47.2,OCC_TO_CU
1717452871.0916247,322,0.0,47.2,OCC_TO_CU
1717452871.2706983,273,12.3,47.4,CU_TO_DEV
1717452871.2706406,273,12.3,47.4,CU_TO_DEV
1717452881.0964792,322,3.0,47.2,OCC_TO_CU
1717452881.0975451,322,100.0,47.2,OCC_TO_CU
1717452881.2754586,273,7.2,47.5,CU_TO_DEV
1717452881.275827,273,0.0,47.5,CU_TO_DEV
1717452891.1263766,322,3.2,47.3,OCC_TO_CU
1717452891.127041,322,0.0,47.3,OCC_TO_CU
1717452891.2804868,273,11.5,47.5,CU_TO_DEV
1717452891.2803366,273,11.5,47.5,CU_TO_DEV
1717452900.6899173,154,3.1,47.3,OCC_TO_CU
1717452900.8853316,241,6.7,47.5,CU_TO_DEV
1717452900.8855796,241,0.0,47.5,CU_TO_DEV
1717452901.1300132,322,5.1,47.6,OCC_TO_CU
1717452901.14178,322,40.0,47.6,OCC_TO_CU
1717452901.2864072,273,16.1,47.6,CU_TO_DEV
1717452901.2865412,273,16.1,47.6,CU_TO_DEV
1717452911.1441114,322,3.3,47.3,OCC_TO_CU
1717452911.1448197,322,0.0,47.3,OCC_TO_CU
1717452911.292539,273,15.0,47.6,CU_TO_DEV
1717452911.292798,273,100.0,47.6,CU_TO_DEV
1717452921.1533575,322,3.0,47.4,OCC_TO_CU
1717452921.154154,322,0.0,47.4,OCC_TO_CU
1717452921.297326,273,15.5,47.6,CU_TO_DEV
1717452921.2973757,273,15.5,47.6,CU_TO_DEV
1717452931.197697,322,5.0,47.2,OCC_TO_CU
1717452931.1982062,322,0.0,47.2,OCC_TO_CU
1717452931.3092272,273,87.0,47.4,CU_TO_DEV
1717452931.309163,273,87.0,47.4,CU_TO_DEV
1717452941.181779,322,2.8,47.1,OCC_TO_CU
1717452941.1824112,322,0.0,47.1,OCC_TO_CU
1717452941.314109,273,12.0,47.4,CU_TO_DEV
1717452941.314058,273,12.0,47.4,CU_TO_DEV
1717452950.7672756,154,3.0,47.2,OCC_TO_CU
1717452950.9187112,241,16.1,47.4,CU_TO_DEV
1717452950.9191184,241,0.0,47.4,CU_TO_DEV
1717452951.1957996,322,3.6,47.4,OCC_TO_CU
1717452951.1966815,322,0.0,47.4,OCC_TO_CU
1717452951.3198516,273,8.3,47.4,CU_TO_DEV
1717452951.3196664,273,8.3,47.4,CU_TO_DEV
1717452961.2105062,322,3.3,47.3,OCC_TO_CU
1717452961.2111676,322,0.0,47.3,OCC_TO_CU
1717452961.3245628,273,15.9,47.5,CU_TO_DEV
1717452961.3248103,273,100.0,47.5,CU_TO_DEV
1717452971.2172608,322,3.0,47.3,OCC_TO_CU
1717452971.2181497,322,0.0,47.3,OCC_TO_CU
1717452971.329118,273,11.9,47.5,CU_TO_DEV
1717452971.3297298,273,0.0,47.5,CU_TO_DEV
1717452981.2362936,322,3.6,47.3,OCC_TO_CU
1717452981.236986,322,100.0,47.3,OCC_TO_CU
1717452981.3336313,273,10.5,47.3,CU_TO_DEV
1717452981.3337355,273,10.5,47.3,CU_TO_DEV
1717452991.2698312,322,3.3,47.2,OCC_TO_CU
1717452991.2706726,322,0.0,47.2,OCC_TO_CU
1717452991.338797,273,25.9,47.5,CU_TO_DEV
1717452991.3389182,273,25.9,47.5,CU_TO_DEV
1717453000.730617,154,4.3,47.2,OCC_TO_CU
1717453000.7438045,241,25.0,47.2,CU_TO_DEV
1717453000.7450316,241,100.0,47.2,CU_TO_DEV
1717453001.2641869,322,4.9,47.4,OCC_TO_CU
1717453001.2648346,322,100.0,47.4,OCC_TO_CU
1717453001.3448236,273,16.1,47.4,CU_TO_DEV
1717453001.3458376,273,0.0,47.4,CU_TO_DEV
1717453011.2822075,322,3.0,47.2,OCC_TO_CU
1717453011.2828572,322,0.0,47.2,OCC_TO_CU
1717453011.3508625,273,26.9,47.4,CU_TO_DEV
1717453011.352895,273,0.0,47.4,CU_TO_DEV
1717453021.2881837,322,3.1,47.2,OCC_TO_CU
1717453021.2886887,322,0.0,47.2,OCC_TO_CU
1717453021.3571453,273,20.0,47.4,CU_TO_DEV
1717453021.3578365,273,0.0,47.4,CU_TO_DEV
1717453031.310781,322,3.6,47.1,OCC_TO_CU
1717453031.311428,322,0.0,47.1,OCC_TO_CU
1717453031.3640418,273,31.8,47.3,CU_TO_DEV
1717453031.3644435,273,31.8,47.3,CU_TO_DEV
1717453041.3263853,322,3.1,47.1,OCC_TO_CU
1717453041.3270192,322,0.0,47.1,OCC_TO_CU
1717453041.3697898,273,41.2,47.4,CU_TO_DEV
1717453041.3700213,273,41.2,47.4,CU_TO_DEV
1717453050.6718326,154,2.9,47.2,OCC_TO_CU
1717453050.7748642,241,19.5,47.4,CU_TO_DEV
1717453050.7751102,241,0.0,47.4,CU_TO_DEV
1717453051.3300633,322,3.1,47.4,OCC_TO_CU
1717453051.3307052,322,0.0,47.4,OCC_TO_CU
1717453051.3757553,273,23.5,47.4,CU_TO_DEV
1717453051.3761184,273,0.0,47.4,CU_TO_DEV
1717453061.3317544,322,3.9,47.2,OCC_TO_CU
1717453061.3323808,322,0.0,47.2,OCC_TO_CU
1717453061.3826334,273,33.3,47.4,CU_TO_DEV
1717453061.383102,273,0.0,47.4,CU_TO_DEV
1717453071.3565145,322,2.8,47.2,OCC_TO_CU
1717453071.3571634,322,50.0,47.2,OCC_TO_CU
1717453071.3879893,273,41.7,47.3,CU_TO_DEV
1717453071.3887198,273,100.0,47.3,CU_TO_DEV
1717453081.356318,322,2.8,47.2,OCC_TO_CU
1717453081.3569756,322,0.0,47.2,OCC_TO_CU
1717453081.3934855,273,40.0,47.4,CU_TO_DEV
1717453081.393897,273,40.0,47.4,CU_TO_DEV
1717453091.3581135,322,2.9,47.2,OCC_TO_CU
1717453091.3591518,322,0.0,47.2,OCC_TO_CU
1717453091.402193,273,82.4,47.4,CU_TO_DEV
1717453091.4034681,273,0.0,47.4,CU_TO_DEV
1717453100.7148685,154,3.8,47.2,OCC_TO_CU
1717453100.8071983,241,88.9,47.5,CU_TO_DEV
1717453100.8103247,241,100.0,47.5,CU_TO_DEV
1717453101.3859587,322,7.0,47.4,OCC_TO_CU
1717453101.3865318,322,0.0,47.4,OCC_TO_CU
1717453101.4083986,273,28.6,47.4,CU_TO_DEV
1717453101.4114823,273,50.0,47.4,CU_TO_DEV
1717453111.387302,322,2.9,47.1,OCC_TO_CU
1717453111.3880627,322,0.0,47.1,OCC_TO_CU
1717453111.4140656,273,50.0,47.2,CU_TO_DEV
1717453111.4158103,273,0.0,47.2,CU_TO_DEV
1717453121.3949656,322,4.0,47.1,OCC_TO_CU
1717453121.3955626,322,0.0,47.1,OCC_TO_CU
1717453121.425971,273,33.3,47.2,CU_TO_DEV
1717453121.4256837,273,33.3,47.2,CU_TO_DEV
1717453131.41454,322,3.7,47.0,OCC_TO_CU
1717453131.4151325,322,0.0,47.0,OCC_TO_CU
1717453131.4318836,273,33.3,47.1,CU_TO_DEV
1717453131.436533,273,0.0,47.1,CU_TO_DEV
1717453141.441822,322,3.0,47.1,OCC_TO_CU
1717453141.443578,322,0.0,47.1,OCC_TO_CU
1717453141.6399603,273,19.8,47.3,CU_TO_DEV
1717453141.6420891,273,0.0,47.3,CU_TO_DEV
1717453150.7519782,154,3.3,47.1,OCC_TO_CU
1717453150.8455224,241,19.4,47.3,CU_TO_DEV
1717453150.8453784,241,19.4,47.3,CU_TO_DEV
1717453151.4136806,322,2.6,47.3,OCC_TO_CU
1717453151.4142916,322,0.0,47.3,OCC_TO_CU
1717453151.4466007,273,35.7,47.3,CU_TO_DEV
1717453151.4467466,273,35.7,47.3,CU_TO_DEV
1717453161.4409273,322,2.8,47.1,OCC_TO_CU
1717453161.4415653,322,0.0,47.1,OCC_TO_CU
1717453161.454226,273,25.0,47.1,CU_TO_DEV
1717453161.4551332,273,0.0,47.1,CU_TO_DEV
1717453171.4386704,322,3.1,47.2,OCC_TO_CU
1717453171.4393344,322,0.0,47.2,OCC_TO_CU
1717453171.4593472,273,50.0,47.2,CU_TO_DEV
1717453171.4612062,273,50.0,47.2,CU_TO_DEV
1717453181.4559982,322,3.0,47.2,OCC_TO_CU
1717453181.4565156,322,0.0,47.2,OCC_TO_CU
1717453181.4662585,273,25.0,47.2,CU_TO_DEV
1717453181.4670386,273,0.0,47.2,CU_TO_DEV
1717453191.4596627,322,3.9,47.2,OCC_TO_CU
1717453191.460284,322,0.0,47.2,OCC_TO_CU
1717453191.473918,273,40.0,47.2,CU_TO_DEV
1717453191.4747236,273,0.0,47.2,CU_TO_DEV
1717453200.8211744,154,3.0,47.2,OCC_TO_CU
1717453200.8797548,241,29.2,47.4,CU_TO_DEV
1717453200.879689,241,29.2,47.4,CU_TO_DEV
1717453201.4803038,322,3.3,47.4,OCC_TO_CU
1717453201.4809508,322,0.0,47.4,OCC_TO_CU
1717453201.4813375,273,0.0,47.4,CU_TO_DEV
1717453201.4816165,273,0.0,47.4,CU_TO_DEV
1717453201.6827009,273,15.2,47.5,CU_TO_DEV
1717453201.6827672,273,15.2,47.5,CU_TO_DEV
1717453211.497377,322,2.9,47.3,OCC_TO_CU
1717453211.4981337,322,0.0,47.3,OCC_TO_CU
1717453211.6898756,273,18.2,47.5,CU_TO_DEV
1717453211.6902468,273,0.0,47.5,CU_TO_DEV
1717453221.5034337,322,3.9,47.2,OCC_TO_CU
1717453221.5039427,322,0.0,47.2,OCC_TO_CU
1717453221.700456,273,14.3,47.4,CU_TO_DEV
1717453221.7004151,273,14.3,47.4,CU_TO_DEV
1717453231.5149376,322,3.0,47.3,OCC_TO_CU
1717453231.516985,322,0.0,47.3,OCC_TO_CU
1717453231.7055216,273,82.7,47.4,CU_TO_DEV
1717453231.7053962,273,82.7,47.4,CU_TO_DEV
1717453241.54874,322,2.8,47.2,OCC_TO_CU
1717453241.5494688,322,0.0,47.2,OCC_TO_CU
1717453241.7102797,273,16.9,47.4,CU_TO_DEV
1717453241.7102382,273,16.9,47.4,CU_TO_DEV
1717453250.8938067,154,4.3,47.2,OCC_TO_CU
1717453250.9173899,241,33.3,47.2,CU_TO_DEV
1717453250.9187686,241,0.0,47.2,CU_TO_DEV
1717453251.554511,322,13.4,47.2,OCC_TO_CU
1717453251.555266,322,0.0,47.2,OCC_TO_CU
1717453251.718402,273,16.4,47.2,CU_TO_DEV
1717453251.71971,273,0.0,47.2,CU_TO_DEV
1717453261.5675666,322,3.1,47.1,OCC_TO_CU
1717453261.5683274,322,0.0,47.1,OCC_TO_CU
1717453261.7241225,273,24.2,47.3,CU_TO_DEV
1717453261.724616,273,0.0,47.3,CU_TO_DEV
1717453271.5800564,322,2.9,47.1,OCC_TO_CU
1717453271.5806978,322,100.0,47.1,OCC_TO_CU
1717453271.7289085,273,27.1,47.3,CU_TO_DEV
1717453271.7289846,273,27.1,47.3,CU_TO_DEV
1717453281.583803,322,3.0,47.1,OCC_TO_CU
1717453281.6061525,322,44.4,47.2,OCC_TO_CU
1717453281.7341251,273,34.0,47.4,CU_TO_DEV
1717453281.7340353,273,34.0,47.4,CU_TO_DEV
1717453291.6003487,322,2.6,47.2,OCC_TO_CU
1717453291.6194024,322,55.6,47.2,OCC_TO_CU
1717453291.7391958,273,48.9,47.3,CU_TO_DEV
1717453291.7388618,273,48.9,47.3,CU_TO_DEV
1717453300.964998,154,3.1,47.2,OCC_TO_CU
1717453301.1436243,241,13.7,47.5,CU_TO_DEV
1717453301.1437092,241,13.7,47.5,CU_TO_DEV
1717453301.6177075,322,2.1,47.5,OCC_TO_CU
1717453301.6185203,322,0.0,47.5,OCC_TO_CU
1717453301.7448132,273,29.4,47.5,CU_TO_DEV
1717453301.7447388,273,29.4,47.5,CU_TO_DEV
1717453311.630369,322,3.0,47.3,OCC_TO_CU
1717453311.6309881,322,0.0,47.3,OCC_TO_CU
1717453311.7508469,273,72.0,47.5,CU_TO_DEV
1717453311.7529087,273,100.0,47.5,CU_TO_DEV
1717453321.654366,322,4.5,47.1,OCC_TO_CU
1717453321.655427,322,0.0,47.1,OCC_TO_CU
1717453321.7565424,273,47.5,47.3,CU_TO_DEV
1717453321.7592857,273,100.0,47.3,CU_TO_DEV
1717453331.6781096,322,3.0,47.2,OCC_TO_CU
1717453331.6787753,322,0.0,47.2,OCC_TO_CU
1717453331.7613502,273,41.9,47.4,CU_TO_DEV
1717453331.7636223,273,0.0,47.4,CU_TO_DEV
1717453341.665381,322,3.0,47.2,OCC_TO_CU
1717453341.6661816,322,0.0,47.2,OCC_TO_CU
1717453341.7662148,273,43.6,47.5,CU_TO_DEV
1717453341.7682319,273,0.0,47.5,CU_TO_DEV
1717453350.9329896,154,2.9,47.3,OCC_TO_CU
1717453350.9730527,241,78.6,47.4,CU_TO_DEV
1717453350.9731228,241,78.6,47.4,CU_TO_DEV
1717453351.6860337,322,16.1,47.5,OCC_TO_CU
1717453351.7119303,322,40.0,47.4,OCC_TO_CU
1717453351.7745006,273,48.0,47.5,CU_TO_DEV
1717453351.774786,273,0.0,47.5,CU_TO_DEV
1717453361.693459,322,4.6,47.3,OCC_TO_CU
1717453361.6945238,322,0.0,47.3,OCC_TO_CU
1717453361.7805836,273,47.1,47.5,CU_TO_DEV
1717453361.7808118,273,47.1,47.5,CU_TO_DEV
1717453371.703956,322,2.9,47.2,OCC_TO_CU
1717453371.7046049,322,0.0,47.2,OCC_TO_CU
1717453371.7864423,273,50.0,47.4,CU_TO_DEV
1717453371.7861593,273,50.0,47.4,CU_TO_DEV
1717453381.7282615,322,4.3,47.2,OCC_TO_CU
1717453381.7349222,322,33.3,47.2,OCC_TO_CU
1717453381.7917645,273,90.9,47.3,CU_TO_DEV
1717453381.794578,273,50.0,47.3,CU_TO_DEV
1717453391.7245336,322,3.0,47.2,OCC_TO_CU
1717453391.7284713,322,100.0,47.2,OCC_TO_CU
1717453391.7984757,273,54.8,47.3,CU_TO_DEV
1717453391.7991302,273,0.0,47.3,CU_TO_DEV
1717453401.0126739,154,3.7,47.3,OCC_TO_CU
1717453401.203324,241,60.0,47.5,CU_TO_DEV
1717453401.2034676,241,60.0,47.5,CU_TO_DEV
1717453401.7681592,322,4.5,47.4,OCC_TO_CU
1717453401.7690308,322,100.0,47.4,OCC_TO_CU
1717453401.8043914,273,35.7,47.4,CU_TO_DEV
1717453401.8043487,273,35.7,47.4,CU_TO_DEV
1717453411.7964876,322,3.1,47.0,OCC_TO_CU
1717453411.8094287,273,40.0,47.1,CU_TO_DEV
1717453411.8097398,273,0.0,47.1,CU_TO_DEV
1717453411.8209097,322,60.0,47.1,OCC_TO_CU
1717453412.0102265,273,25.3,47.5,CU_TO_DEV
1717453412.0106542,273,0.0,47.5,CU_TO_DEV
1717453421.7992094,322,4.4,47.2,OCC_TO_CU
1717453421.8003364,322,0.0,47.2,OCC_TO_CU
1717453421.815575,273,66.7,47.2,CU_TO_DEV
1717453421.8203094,273,66.7,47.2,CU_TO_DEV
1717453431.8011708,322,3.5,47.2,OCC_TO_CU
1717453431.8023307,322,0.0,47.2,OCC_TO_CU
1717453431.8206918,273,66.7,47.2,CU_TO_DEV
1717453431.829468,273,60.0,47.3,CU_TO_DEV
1717453441.8153782,322,5.2,47.2,OCC_TO_CU
1717453441.8169222,322,100.0,47.2,OCC_TO_CU
1717453441.828996,273,33.3,47.2,CU_TO_DEV
1717453441.8365808,273,75.0,47.2,CU_TO_DEV
1717453450.9773045,154,4.7,47.2,OCC_TO_CU
1717453451.0340662,241,30.4,47.4,CU_TO_DEV
1717453451.044828,241,60.0,47.4,CU_TO_DEV
1717453451.8211043,322,5.2,47.4,OCC_TO_CU
1717453451.8219056,322,0.0,47.4,OCC_TO_CU
1717453451.8368213,273,57.1,47.4,CU_TO_DEV
1717453451.8461401,273,100.0,47.4,CU_TO_DEV
1717453461.8462121,322,4.5,47.3,OCC_TO_CU
1717453461.8471358,322,0.0,47.3,OCC_TO_CU
1717453461.8513474,273,0.0,47.3,CU_TO_DEV
1717453462.043758,273,72.7,47.4,CU_TO_DEV
1717453471.8631155,322,4.0,47.2,OCC_TO_CU
1717453471.8639383,322,0.0,47.2,OCC_TO_CU
1717453472.0485804,273,11.1,47.4,CU_TO_DEV
1717453472.0595148,273,25.0,47.4,CU_TO_DEV
1717453481.8650403,322,5.7,47.2,OCC_TO_CU
1717453481.8661642,322,0.0,47.2,OCC_TO_CU
1717453481.866019,273,0.0,47.2,CU_TO_DEV
1717453482.0537314,273,9.6,47.4,CU_TO_DEV
1717453482.0673137,273,33.3,47.4,CU_TO_DEV
1717453491.8731189,322,4.1,47.2,OCC_TO_CU
1717453491.8740542,273,0.0,47.2,CU_TO_DEV
1717453491.8746614,322,0.0,47.2,OCC_TO_CU
1717453492.0611029,273,14.7,47.4,CU_TO_DEV
1717453492.0752711,273,20.0,47.4,CU_TO_DEV
1717453501.0560627,154,5.1,47.2,OCC_TO_CU
1717453501.0707216,241,33.3,47.2,CU_TO_DEV
1717453501.0806777,241,80.0,47.3,CU_TO_DEV
1717453501.9052272,322,5.8,47.4,OCC_TO_CU
1717453501.906364,322,0.0,47.4,OCC_TO_CU
1717453502.0721426,273,14.7,47.5,CU_TO_DEV
1717453502.0819054,273,50.0,47.5,CU_TO_DEV
1717453511.9158626,322,4.6,47.3,OCC_TO_CU
1717453511.9169395,322,0.0,47.3,OCC_TO_CU
1717453512.079519,273,12.3,47.4,CU_TO_DEV
1717453512.0905943,273,0.0,47.5,CU_TO_DEV
1717453521.9234781,322,4.3,47.3,OCC_TO_CU
1717453521.9321232,322,0.0,47.3,OCC_TO_CU
1717453522.0879633,273,79.4,47.4,CU_TO_DEV
1717453522.0962946,273,0.0,47.4,CU_TO_DEV
1717453531.937107,322,5.2,47.1,OCC_TO_CU
1717453531.943905,322,0.0,47.1,OCC_TO_CU
1717453532.0971684,273,21.7,47.3,CU_TO_DEV
1717453532.1047833,273,50.0,47.3,CU_TO_DEV
1717453541.928181,322,4.5,47.2,OCC_TO_CU
1717453541.9368784,322,33.3,47.2,OCC_TO_CU
1717453542.1023731,273,23.5,47.5,CU_TO_DEV
1717453542.110909,273,25.0,47.5,CU_TO_DEV
1717453551.0479438,154,4.5,47.3,OCC_TO_CU
1717453551.1095672,241,28.0,47.5,CU_TO_DEV
1717453551.1167383,241,50.0,47.5,CU_TO_DEV
1717453551.959657,322,4.5,47.5,OCC_TO_CU
1717453551.9604375,322,0.0,47.5,OCC_TO_CU
1717453552.110781,273,17.7,47.5,CU_TO_DEV
1717453552.1185005,273,25.0,47.5,CU_TO_DEV
1717453561.9795127,322,4.3,47.3,OCC_TO_CU
1717453561.9835773,322,100.0,47.3,OCC_TO_CU
1717453562.1171434,273,17.3,47.5,CU_TO_DEV
1717453562.1253777,273,40.0,47.5,CU_TO_DEV
1717453571.9710772,322,5.7,47.3,OCC_TO_CU
1717453571.972063,322,0.0,47.3,OCC_TO_CU
1717453572.1249716,273,59.7,47.5,CU_TO_DEV
1717453572.132967,273,33.3,47.5,CU_TO_DEV
1717453582.0000155,322,5.9,47.5,OCC_TO_CU
1717453582.0011077,322,50.0,47.5,OCC_TO_CU
1717453582.1309834,273,12.2,47.5,CU_TO_DEV
1717453582.139228,273,25.0,47.5,CU_TO_DEV
1717453591.9959648,322,4.5,47.2,OCC_TO_CU
1717453591.9965882,322,0.0,47.2,OCC_TO_CU
1717453592.1365047,273,14.3,47.4,CU_TO_DEV
1717453592.144153,273,33.3,47.4,CU_TO_DEV
1717453601.0895913,154,4.1,47.3,OCC_TO_CU
1717453601.1411638,241,20.0,47.3,CU_TO_DEV
1717453601.149148,241,60.0,47.4,CU_TO_DEV
1717453602.0224743,322,5.7,47.5,OCC_TO_CU
1717453602.0231597,322,0.0,47.5,OCC_TO_CU
1717453602.142239,273,17.4,47.5,CU_TO_DEV
1717453602.1508632,273,33.3,47.5,CU_TO_DEV
1717453612.0467405,322,4.3,47.3,OCC_TO_CU
1717453612.047805,322,0.0,47.3,OCC_TO_CU
1717453612.148336,273,15.8,47.6,CU_TO_DEV
1717453612.1590848,273,40.0,47.6,CU_TO_DEV
1717453622.0569866,322,4.9,47.3,OCC_TO_CU
1717453622.0576618,322,0.0,47.3,OCC_TO_CU
1717453622.1534774,273,23.1,47.5,CU_TO_DEV
1717453622.1676989,273,20.0,47.5,CU_TO_DEV
1717453632.0612485,322,4.2,47.4,OCC_TO_CU
1717453632.0618534,322,0.0,47.4,OCC_TO_CU
1717453632.1582437,273,16.7,47.6,CU_TO_DEV
1717453632.1752079,273,0.0,47.6,CU_TO_DEV
1717453642.0718427,322,4.1,47.4,OCC_TO_CU
1717453642.0724702,322,0.0,47.4,OCC_TO_CU
1717453642.1649785,273,91.7,47.6,CU_TO_DEV
1717453642.1829462,273,71.4,47.6,CU_TO_DEV
1717453651.2209854,154,3.7,47.4,OCC_TO_CU
1717453651.3698797,241,79.7,47.5,CU_TO_DEV
1717453651.3889246,241,25.0,47.5,CU_TO_DEV
1717453652.0901031,322,5.0,47.5,OCC_TO_CU
1717453652.0911689,322,0.0,47.5,OCC_TO_CU
1717453652.1708694,273,13.3,47.5,CU_TO_DEV
1717453652.1908877,273,25.0,47.5,CU_TO_DEV
1717453662.0826962,322,5.0,47.1,OCC_TO_CU
1717453662.0834112,322,0.0,47.1,OCC_TO_CU
1717453662.177496,273,92.1,47.4,CU_TO_DEV
1717453662.2023554,273,100.0,47.4,CU_TO_DEV
1717453672.0908504,322,5.3,47.1,OCC_TO_CU
1717453672.0915835,322,0.0,47.1,OCC_TO_CU
1717453672.1822793,273,24.3,47.3,CU_TO_DEV
1717453672.2099102,273,20.0,47.3,CU_TO_DEV
1717453682.1435814,322,4.0,47.1,OCC_TO_CU
1717453682.1446452,322,0.0,47.1,OCC_TO_CU
1717453682.1876884,273,41.2,47.3,CU_TO_DEV
1717453682.2175167,273,38.5,47.3,CU_TO_DEV
1717453692.1122222,322,4.2,47.2,OCC_TO_CU
1717453692.114963,322,0.0,47.2,OCC_TO_CU
1717453692.1929045,273,21.4,47.4,CU_TO_DEV
1717453692.2247794,273,23.1,47.4,CU_TO_DEV
1717453701.2430382,154,4.1,47.3,OCC_TO_CU
1717453701.3974917,241,14.5,47.5,CU_TO_DEV
1717453701.4319458,241,21.4,47.5,CU_TO_DEV
1717453702.1441991,322,6.0,47.5,OCC_TO_CU
1717453702.1448364,322,100.0,47.5,OCC_TO_CU
1717453702.1984305,273,20.0,47.5,CU_TO_DEV
1717453702.2329419,273,15.4,47.5,CU_TO_DEV
1717453712.1502597,322,5.1,47.2,OCC_TO_CU
1717453712.1507955,322,0.0,47.2,OCC_TO_CU
1717453712.2035813,273,31.8,47.3,CU_TO_DEV
1717453712.2395759,273,15.4,47.3,CU_TO_DEV
1717453722.1633086,322,3.9,47.2,OCC_TO_CU
1717453722.1639147,322,0.0,47.2,OCC_TO_CU
1717453722.2093627,273,36.8,47.5,CU_TO_DEV
1717453722.2479916,273,33.3,47.5,CU_TO_DEV
1717453732.195501,322,4.1,47.4,OCC_TO_CU
1717453732.1961632,322,0.0,47.4,OCC_TO_CU
1717453732.2149284,273,57.1,47.5,CU_TO_DEV
1717453732.2543688,273,40.0,47.6,CU_TO_DEV
1717453742.2011154,322,5.1,47.4,OCC_TO_CU
1717453742.2017462,322,0.0,47.4,OCC_TO_CU
1717453742.2204936,273,33.3,47.4,CU_TO_DEV
1717453742.2611043,273,35.3,47.6,CU_TO_DEV
1717453751.3192449,154,4.0,47.4,OCC_TO_CU
1717453751.426244,241,22.7,47.6,CU_TO_DEV
1717453751.4679325,241,17.6,47.6,CU_TO_DEV
1717453752.20201,322,6.7,47.6,OCC_TO_CU
1717453752.2033336,322,0.0,47.6,OCC_TO_CU
1717453752.2272284,273,50.0,47.6,CU_TO_DEV
1717453752.269028,273,20.0,47.6,CU_TO_DEV
1717453762.210074,322,5.1,47.4,OCC_TO_CU
1717453762.2106972,322,0.0,47.4,OCC_TO_CU
1717453762.2363074,273,77.8,47.4,CU_TO_DEV
1717453762.2769034,273,100.0,47.5,CU_TO_DEV
1717453772.2147608,322,5.7,47.3,OCC_TO_CU
1717453772.2154431,322,0.0,47.3,OCC_TO_CU
1717453772.2415488,273,54.5,47.3,CU_TO_DEV
1717453772.2857823,273,29.4,47.4,CU_TO_DEV
1717453782.236468,322,3.7,47.3,OCC_TO_CU
1717453782.2375226,322,100.0,47.3,OCC_TO_CU
1717453782.2469292,273,0.0,47.3,CU_TO_DEV
1717453782.2917786,273,52.6,47.5,CU_TO_DEV
1717453792.2340493,322,4.3,47.3,OCC_TO_CU
1717453792.235288,322,0.0,47.3,OCC_TO_CU
1717453792.2523336,273,40.0,47.3,CU_TO_DEV
1717453792.3001654,273,42.1,47.5,CU_TO_DEV
1717453801.4361293,154,5.3,47.3,OCC_TO_CU
1717453801.460609,241,45.5,47.4,CU_TO_DEV
1717453801.5055742,241,33.3,47.6,CU_TO_DEV
1717453802.2888653,322,4.8,47.6,OCC_TO_CU
1717453802.301013,322,25.0,47.6,OCC_TO_CU
1717453802.306922,273,50.0,47.6,CU_TO_DEV
1717453802.4617503,273,20.6,47.6,CU_TO_DEV
1717453812.2768376,322,3.8,47.3,OCC_TO_CU
1717453812.2788815,322,0.0,47.3,OCC_TO_CU
1717453812.314479,273,42.9,47.5,CU_TO_DEV
1717453812.4672964,273,10.0,47.5,CU_TO_DEV
1717453822.3063757,322,4.8,47.3,OCC_TO_CU
1717453822.3068912,322,0.0,47.3,OCC_TO_CU
1717453822.320533,273,25.0,47.3,CU_TO_DEV
1717453822.4723527,273,13.1,47.5,CU_TO_DEV
1717453832.3084393,322,3.8,47.3,OCC_TO_CU
1717453832.309087,322,50.0,47.3,OCC_TO_CU
1717453832.327137,273,50.0,47.3,CU_TO_DEV
1717453832.480108,273,15.0,47.5,CU_TO_DEV
1717453842.293897,322,3.9,47.4,OCC_TO_CU
1717453842.2945175,322,0.0,47.4,OCC_TO_CU
1717453842.3347087,273,43.7,47.6,CU_TO_DEV
1717453842.4853256,273,10.0,47.6,CU_TO_DEV
1717453851.3597205,154,5.2,47.3,OCC_TO_CU
1717453851.4903696,241,13.5,47.5,CU_TO_DEV
1717453851.543249,241,10.0,47.5,CU_TO_DEV
1717453852.3252425,322,5.4,47.6,OCC_TO_CU
1717453852.3262954,322,0.0,47.6,OCC_TO_CU
1717453852.3442726,273,33.3,47.6,CU_TO_DEV
1717453852.491339,273,19.6,47.6,CU_TO_DEV
1717453862.3193128,322,5.1,47.3,OCC_TO_CU
1717453862.3198392,322,0.0,47.3,OCC_TO_CU
1717453862.352916,273,35.7,47.5,CU_TO_DEV
1717453862.496723,273,8.9,47.6,CU_TO_DEV
1717453872.3311913,322,3.8,47.4,OCC_TO_CU
1717453872.3322232,322,0.0,47.4,OCC_TO_CU
1717453872.358306,273,45.5,47.4,CU_TO_DEV
1717453872.5024762,273,15.5,47.6,CU_TO_DEV
1717453882.3516805,322,5.0,47.3,OCC_TO_CU
1717453882.3522112,322,0.0,47.3,OCC_TO_CU
1717453882.3653526,273,33.3,47.3,CU_TO_DEV
1717453882.5083313,273,15.5,47.6,CU_TO_DEV
1717453892.3587353,322,4.8,47.2,OCC_TO_CU
1717453892.3594522,322,0.0,47.2,OCC_TO_CU
1717453892.3713357,273,40.0,47.3,CU_TO_DEV
1717453892.5170102,273,14.3,47.5,CU_TO_DEV
1717453901.43758,154,3.7,47.3,OCC_TO_CU
1717453901.5213747,241,24.2,47.5,CU_TO_DEV
1717453901.576473,241,14.3,47.5,CU_TO_DEV
1717453902.387901,322,15.7,47.4,OCC_TO_CU
1717453902.389959,322,0.0,47.4,OCC_TO_CU
1717453902.5225453,273,4.0,47.4,CU_TO_DEV
1717453902.5797057,273,13.0,47.4,CU_TO_DEV
1717453912.3993661,322,3.9,47.2,OCC_TO_CU
1717453912.400009,322,0.0,47.2,OCC_TO_CU
1717453912.5272787,273,14.0,47.4,CU_TO_DEV
1717453912.5866299,273,13.0,47.4,CU_TO_DEV
1717453922.4195642,322,4.0,47.3,OCC_TO_CU
1717453922.4206522,322,0.0,47.3,OCC_TO_CU
1717453922.532185,273,16.3,47.5,CU_TO_DEV
1717453922.592609,273,16.0,47.5,CU_TO_DEV
1717453932.4187238,322,4.0,47.3,OCC_TO_CU
1717453932.4193635,322,0.0,47.3,OCC_TO_CU
1717453932.5372317,273,17.0,47.5,CU_TO_DEV
1717453932.5990896,273,12.5,47.5,CU_TO_DEV
1717453942.419489,322,4.9,47.3,OCC_TO_CU
1717453942.4199867,322,0.0,47.3,OCC_TO_CU
1717453942.542698,273,10.6,47.5,CU_TO_DEV
1717453942.6045637,273,12.0,47.5,CU_TO_DEV
1717453951.3733854,154,3.9,47.4,OCC_TO_CU
1717453951.4098322,241,30.8,47.5,CU_TO_DEV
1717453951.5483813,241,15.8,47.6,CU_TO_DEV
1717453952.444793,322,15.4,47.5,OCC_TO_CU
1717453952.4454093,322,0.0,47.5,OCC_TO_CU
1717453952.5493336,273,14.3,47.5,CU_TO_DEV
1717453952.6119275,273,12.0,47.5,CU_TO_DEV
1717453962.4375072,322,3.6,47.3,OCC_TO_CU
1717453962.4381602,322,0.0,47.3,OCC_TO_CU
1717453962.5541677,273,20.8,47.5,CU_TO_DEV
1717453962.6177802,273,15.4,47.5,CU_TO_DEV
1717453972.4579363,322,3.8,47.4,OCC_TO_CU
1717453972.458439,322,0.0,47.4,OCC_TO_CU
1717453972.5588932,273,12.8,47.6,CU_TO_DEV
1717453972.6236577,273,11.5,47.6,CU_TO_DEV
1717453982.4561572,322,4.0,47.4,OCC_TO_CU
1717453982.4568176,322,100.0,47.4,OCC_TO_CU
1717453982.5635538,273,17.1,47.6,CU_TO_DEV
1717453982.6289778,273,11.5,47.6,CU_TO_DEV
1717453992.4749653,322,5.7,47.2,OCC_TO_CU
1717453992.4803102,322,0.0,47.2,OCC_TO_CU
1717453992.5688038,273,41.7,47.4,CU_TO_DEV
1717453992.6379428,273,7.7,47.4,CU_TO_DEV
1717454001.421753,154,4.3,47.3,OCC_TO_CU
1717454001.4453833,241,60.0,47.3,CU_TO_DEV
1717454001.5743008,241,82.4,47.4,CU_TO_DEV
1717454002.506037,322,4.0,47.5,OCC_TO_CU
1717454002.5065765,322,0.0,47.5,OCC_TO_CU
1717454002.5753968,273,14.8,47.5,CU_TO_DEV
1717454002.6488025,273,13.3,47.5,CU_TO_DEV
1717454012.497667,322,3.8,47.3,OCC_TO_CU
1717454012.4983127,322,0.0,47.3,OCC_TO_CU
1717454012.5814307,273,24.2,47.5,CU_TO_DEV
1717454012.6544445,273,10.7,47.5,CU_TO_DEV
1717454022.5267653,322,3.8,47.3,OCC_TO_CU
1717454022.527839,322,0.0,47.3,OCC_TO_CU
1717454022.5882337,273,32.0,47.5,CU_TO_DEV
1717454022.661078,273,17.2,47.5,CU_TO_DEV
1717454032.5216124,322,5.1,47.3,OCC_TO_CU
1717454032.5302033,322,33.3,47.3,OCC_TO_CU
1717454032.5935233,273,40.0,47.5,CU_TO_DEV
1717454032.6675794,273,22.6,47.5,CU_TO_DEV
1717454042.543893,322,3.9,47.3,OCC_TO_CU
1717454042.5447943,322,100.0,47.3,OCC_TO_CU
1717454042.5993435,273,25.0,47.5,CU_TO_DEV
1717454042.6758456,273,72.4,47.5,CU_TO_DEV
1717454051.5459561,154,4.7,47.3,OCC_TO_CU
1717454051.6050987,241,33.3,47.5,CU_TO_DEV
1717454051.6829762,241,10.3,47.5,CU_TO_DEV
1717454052.566205,322,4.5,47.5,OCC_TO_CU
1717454052.5671282,322,0.0,47.5,OCC_TO_CU
1717454052.6067264,273,35.3,47.5,CU_TO_DEV
1717454052.683958,273,20.0,47.5,CU_TO_DEV
1717454062.5609553,322,4.1,47.4,OCC_TO_CU
1717454062.5616834,322,0.0,47.4,OCC_TO_CU
1717454062.6138134,273,22.2,47.6,CU_TO_DEV
1717454062.6892378,273,16.7,47.6,CU_TO_DEV
1717454072.6034539,322,4.3,47.3,OCC_TO_CU
1717454072.603987,322,0.0,47.3,OCC_TO_CU
1717454072.619982,273,42.9,47.3,CU_TO_DEV
1717454072.6967404,273,23.3,47.5,CU_TO_DEV
1717454082.604757,322,4.6,47.3,OCC_TO_CU
1717454082.6055875,322,0.0,47.3,OCC_TO_CU
1717454082.625564,273,42.9,47.3,CU_TO_DEV
1717454082.706074,273,25.8,47.5,CU_TO_DEV
1717454092.6204712,322,3.8,47.3,OCC_TO_CU
1717454092.6211424,322,0.0,47.3,OCC_TO_CU
1717454092.6325467,273,50.0,47.3,CU_TO_DEV
1717454092.7111356,273,22.2,47.5,CU_TO_DEV
1717454101.5302305,154,4.3,47.4,OCC_TO_CU
1717454101.6380813,241,14.6,47.5,CU_TO_DEV
1717454101.7168899,241,9.7,47.5,CU_TO_DEV
1717454102.6083865,322,4.5,47.6,OCC_TO_CU
1717454102.6090202,322,100.0,47.6,OCC_TO_CU
1717454102.6391761,273,30.0,47.6,CU_TO_DEV
1717454102.7179866,273,18.7,47.6,CU_TO_DEV
1717454112.6149085,322,3.8,47.4,OCC_TO_CU
1717454112.6157496,322,0.0,47.4,OCC_TO_CU
1717454112.650841,273,42.9,47.5,CU_TO_DEV
1717454112.72729,273,20.0,47.6,CU_TO_DEV
1717454122.6438615,322,5.3,47.5,OCC_TO_CU
1717454122.644366,322,0.0,47.5,OCC_TO_CU
1717454122.6585875,273,40.0,47.5,CU_TO_DEV
1717454122.7343993,273,96.8,47.7,CU_TO_DEV
1717454132.642676,322,4.3,47.4,OCC_TO_CU
1717454132.648988,322,0.0,47.4,OCC_TO_CU
1717454132.663694,273,80.0,47.4,CU_TO_DEV
1717454132.7415721,273,43.8,47.6,CU_TO_DEV
1717454142.682219,322,4.5,47.3,OCC_TO_CU
1717454142.685403,322,0.0,47.3,OCC_TO_CU
1717454142.7489722,273,26.9,47.5,CU_TO_DEV
1717454142.8691945,273,6.3,47.4,CU_TO_DEV
1717454151.597179,154,4.9,47.2,OCC_TO_CU
1717454151.6734202,241,14.8,47.4,CU_TO_DEV
1717454151.7551577,241,15.2,47.4,CU_TO_DEV
1717454152.6635253,322,3.9,47.4,OCC_TO_CU
1717454152.6643546,322,0.0,47.4,OCC_TO_CU
1717454152.6759286,273,50.0,47.4,CU_TO_DEV
1717454152.7562451,273,25.8,47.4,CU_TO_DEV
1717454162.6650531,322,3.8,47.3,OCC_TO_CU
1717454162.6657212,322,0.0,47.3,OCC_TO_CU
1717454162.6823614,273,40.0,47.3,CU_TO_DEV
1717454162.7630038,273,30.3,47.5,CU_TO_DEV
1717454172.687391,322,5.1,47.3,OCC_TO_CU
1717454172.688052,322,0.0,47.3,OCC_TO_CU
1717454172.6888857,273,0.0,47.3,CU_TO_DEV
1717454172.7720163,273,29.4,47.5,CU_TO_DEV
1717454182.6906724,322,4.0,47.3,OCC_TO_CU
1717454182.6917,322,0.0,47.3,OCC_TO_CU
1717454182.6954005,273,0.0,47.3,CU_TO_DEV
1717454182.777253,273,34.4,47.5,CU_TO_DEV
1717454192.710419,322,3.9,47.3,OCC_TO_CU
1717454192.7110677,322,0.0,47.3,OCC_TO_CU
1717454192.785152,273,32.3,47.5,CU_TO_DEV
1717454192.9006896,273,6.7,47.5,CU_TO_DEV
1717454201.6761005,154,4.0,47.4,OCC_TO_CU
1717454201.7089636,241,38.5,47.6,CU_TO_DEV
1717454201.790123,241,12.5,47.6,CU_TO_DEV
1717454202.7390728,322,3.2,47.6,OCC_TO_CU
1717454202.7395995,322,0.0,47.6,OCC_TO_CU
1717454202.791231,273,20.0,47.6,CU_TO_DEV
1717454202.910396,273,8.5,47.6,CU_TO_DEV
1717454212.7346764,322,4.2,47.5,OCC_TO_CU
1717454212.735914,322,0.0,47.5,OCC_TO_CU
1717454212.798125,273,28.0,47.6,CU_TO_DEV
1717454212.915693,273,89.4,47.6,CU_TO_DEV
1717454222.751121,322,4.1,47.5,OCC_TO_CU
1717454222.7517388,322,0.0,47.5,OCC_TO_CU
1717454222.8048406,273,28.6,47.6,CU_TO_DEV
1717454222.92257,273,14.9,47.6,CU_TO_DEV
1717454232.7559109,322,5.3,47.2,OCC_TO_CU
1717454232.7565465,322,0.0,47.2,OCC_TO_CU
1717454232.812831,273,33.3,47.5,CU_TO_DEV
1717454232.9277067,273,9.1,47.5,CU_TO_DEV
1717454242.7642875,322,4.0,47.3,OCC_TO_CU
1717454242.792785,322,72.7,47.4,OCC_TO_CU
1717454242.8224254,273,100.0,47.4,CU_TO_DEV
1717454242.9329088,273,86.4,47.4,CU_TO_DEV
1717454251.7409708,154,4.0,47.3,OCC_TO_CU
1717454251.8271031,241,15.6,47.5,CU_TO_DEV
1717454251.9375527,241,11.1,47.5,CU_TO_DEV
1717454252.782347,322,4.2,47.5,OCC_TO_CU
1717454252.79354,322,40.0,47.5,OCC_TO_CU
1717454252.82825,273,53.8,47.5,CU_TO_DEV
1717454252.9387789,273,14.3,47.5,CU_TO_DEV
1717454262.7915025,322,5.1,47.3,OCC_TO_CU
1717454262.7920222,322,0.0,47.3,OCC_TO_CU
1717454262.8354373,273,35.3,47.4,CU_TO_DEV
1717454262.944905,273,11.4,47.4,CU_TO_DEV
1717454272.8100793,322,4.1,47.3,OCC_TO_CU
1717454272.8107061,322,0.0,47.3,OCC_TO_CU
1717454272.8434,273,42.9,47.4,CU_TO_DEV
1717454272.9502656,273,12.5,47.5,CU_TO_DEV
1717454282.8133404,322,4.2,47.3,OCC_TO_CU
1717454282.8139665,322,0.0,47.3,OCC_TO_CU
1717454282.8511765,273,38.5,47.5,CU_TO_DEV
1717454282.9552438,273,12.2,47.5,CU_TO_DEV
1717454292.849492,322,4.1,47.4,OCC_TO_CU
1717454292.8502405,322,0.0,47.4,OCC_TO_CU
1717454292.856985,273,50.0,47.4,CU_TO_DEV
1717454292.960607,273,31.0,47.6,CU_TO_DEV
1717454301.7093334,154,4.5,47.5,OCC_TO_CU
1717454301.7667277,241,23.8,47.6,CU_TO_DEV
1717454301.8621917,241,13.2,47.6,CU_TO_DEV
1717454302.8498693,322,3.3,47.6,OCC_TO_CU
1717454302.853409,322,0.0,47.6,OCC_TO_CU
1717454302.8632095,273,33.3,47.6,CU_TO_DEV
1717454302.968021,273,21.4,47.7,CU_TO_DEV
1717454312.8475518,322,6.0,47.3,OCC_TO_CU
1717454312.852278,322,0.0,47.3,OCC_TO_CU
1717454312.8693204,273,71.4,47.4,CU_TO_DEV
1717454312.980913,273,95.5,47.6,CU_TO_DEV
1717454322.8614008,322,4.3,47.3,OCC_TO_CU
1717454322.874913,273,40.0,47.3,CU_TO_DEV
1717454322.8805397,322,66.7,47.3,OCC_TO_CU
1717454322.985714,273,34.9,47.5,CU_TO_DEV
1717454323.0758388,273,11.1,47.5,CU_TO_DEV
1717454332.8763254,322,4.3,47.3,OCC_TO_CU
1717454332.8818822,322,0.0,47.3,OCC_TO_CU
1717454332.881783,273,0.0,47.3,CU_TO_DEV
1717454332.9936287,273,32.6,47.6,CU_TO_DEV
1717454333.0833254,273,10.8,47.6,CU_TO_DEV
1717454342.8947492,322,4.4,47.4,OCC_TO_CU
1717454342.895517,322,0.0,47.4,OCC_TO_CU
1717454342.9991531,273,19.0,47.6,CU_TO_DEV
1717454343.090187,273,11.1,47.6,CU_TO_DEV
1717454351.782538,154,5.4,47.4,OCC_TO_CU
1717454351.80365,241,50.0,47.3,CU_TO_DEV
1717454351.8974226,241,21.1,47.5,CU_TO_DEV
1717454352.9182703,322,4.4,47.6,OCC_TO_CU
1717454352.919274,322,0.0,47.6,OCC_TO_CU
1717454353.0049062,273,17.6,47.6,CU_TO_DEV
1717454353.0985034,273,7.9,47.6,CU_TO_DEV
1717454362.9147182,322,4.1,47.4,OCC_TO_CU
1717454362.9153867,322,0.0,47.4,OCC_TO_CU
1717454363.012967,273,92.5,47.6,CU_TO_DEV
1717454363.104676,273,34.3,47.6,CU_TO_DEV
1717454372.9170675,322,3.9,47.3,OCC_TO_CU
1717454372.9178214,322,0.0,47.3,OCC_TO_CU
1717454373.0181775,273,13.5,47.6,CU_TO_DEV
1717454373.1105096,273,10.8,47.6,CU_TO_DEV
1717454382.9227903,322,4.3,47.4,OCC_TO_CU
1717454382.923551,322,0.0,47.4,OCC_TO_CU
1717454383.0231996,273,23.8,47.6,CU_TO_DEV
1717454383.116004,273,8.1,47.6,CU_TO_DEV
1717454392.9422462,322,4.9,47.3,OCC_TO_CU
1717454392.9428315,322,0.0,47.3,OCC_TO_CU
1717454393.0284936,273,15.2,47.5,CU_TO_DEV
1717454393.1254773,273,7.7,47.5,CU_TO_DEV
1717454401.8501768,154,5.2,47.3,OCC_TO_CU
1717454401.9300206,241,25.0,47.5,CU_TO_DEV
1717454402.0350034,241,7.3,47.5,CU_TO_DEV
1717454402.9367576,322,15.0,47.4,OCC_TO_CU
1717454402.9384139,322,0.0,47.4,OCC_TO_CU
1717454403.0359683,273,13.2,47.5,CU_TO_DEV
1717454403.1332707,273,7.7,47.5,CU_TO_DEV
1717454412.9474096,322,4.1,47.2,OCC_TO_CU
1717454412.9481685,322,0.0,47.2,OCC_TO_CU
1717454413.0413058,273,25.6,47.4,CU_TO_DEV
1717454413.1396472,273,7.7,47.4,CU_TO_DEV
1717454422.982292,322,4.3,47.3,OCC_TO_CU
1717454422.9831831,322,0.0,47.3,OCC_TO_CU
1717454423.0465605,273,28.0,47.5,CU_TO_DEV
1717454423.1447694,273,15.0,47.5,CU_TO_DEV
1717454432.9788017,322,4.3,47.3,OCC_TO_CU
1717454432.9795573,322,0.0,47.3,OCC_TO_CU
1717454433.0517824,273,30.0,47.5,CU_TO_DEV
1717454433.1504896,273,10.3,47.5,CU_TO_DEV
1717454442.9838796,322,5.5,47.3,OCC_TO_CU
1717454442.9845877,322,0.0,47.3,OCC_TO_CU
1717454443.0592673,273,20.0,47.6,CU_TO_DEV
1717454443.1558375,273,7.9,47.6,CU_TO_DEV
1717454451.801581,154,4.1,47.4,OCC_TO_CU
1717454451.8641412,241,30.8,47.5,CU_TO_DEV
1717454451.9622283,241,12.8,47.5,CU_TO_DEV
1717454453.0181613,322,4.2,47.4,OCC_TO_CU
1717454453.0189517,322,0.0,47.4,OCC_TO_CU
1717454453.0655565,273,25.0,47.4,CU_TO_DEV
1717454453.163753,273,12.8,47.5,CU_TO_DEV
1717454463.0318522,322,4.5,47.4,OCC_TO_CU
1717454463.032518,322,0.0,47.4,OCC_TO_CU
1717454463.0711706,273,38.5,47.6,CU_TO_DEV
1717454463.1697993,273,15.0,47.6,CU_TO_DEV
1717454473.024229,322,4.9,47.3,OCC_TO_CU
1717454473.0349176,322,50.0,47.3,OCC_TO_CU
1717454473.077115,273,18.8,47.4,CU_TO_DEV
1717454473.1782744,273,12.2,47.5,CU_TO_DEV
1717454483.0347862,322,5.2,47.3,OCC_TO_CU
1717454483.0360804,322,0.0,47.3,OCC_TO_CU
1717454483.0840108,273,27.8,47.5,CU_TO_DEV
1717454483.1890545,273,14.0,47.5,CU_TO_DEV
1717454493.047299,322,4.9,47.3,OCC_TO_CU
1717454493.0481334,322,0.0,47.3,OCC_TO_CU
1717454493.0900645,273,75.0,47.3,CU_TO_DEV
1717454493.1948864,273,92.9,47.5,CU_TO_DEV
1717454501.9213705,154,4.2,47.2,OCC_TO_CU
1717454502.0010636,241,21.9,47.4,CU_TO_DEV
1717454502.0967793,241,7.9,47.4,CU_TO_DEV
1717454503.0548253,322,3.4,47.4,OCC_TO_CU
1717454503.0553215,322,0.0,47.4,OCC_TO_CU
1717454503.0977206,273,23.5,47.4,CU_TO_DEV
1717454503.2022378,273,11.9,47.4,CU_TO_DEV
1717454513.0707839,322,4.0,47.2,OCC_TO_CU
1717454513.0714195,322,0.0,47.2,OCC_TO_CU
1717454513.103994,273,38.5,47.4,CU_TO_DEV
1717454513.2084959,273,16.7,47.5,CU_TO_DEV
1717454523.075582,322,3.9,47.3,OCC_TO_CU
1717454523.0926023,322,42.9,47.3,OCC_TO_CU
1717454523.1110756,273,57.1,47.4,CU_TO_DEV
1717454523.2143314,273,35.0,47.5,CU_TO_DEV
1717454533.105067,322,5.4,47.3,OCC_TO_CU
1717454533.1057189,322,0.0,47.3,OCC_TO_CU
1717454533.1181712,273,40.0,47.3,CU_TO_DEV
1717454533.2219956,273,19.5,47.5,CU_TO_DEV
1717454543.1014228,322,4.0,47.3,OCC_TO_CU
1717454543.1056774,322,0.0,47.3,OCC_TO_CU
1717454543.1236033,273,42.9,47.4,CU_TO_DEV
1717454543.2278907,273,17.1,47.5,CU_TO_DEV
1717454551.876748,154,5.3,47.3,OCC_TO_CU
1717454551.933995,241,26.1,47.4,CU_TO_DEV
1717454552.0346048,241,5.4,47.4,CU_TO_DEV
1717454553.1273081,322,3.4,47.3,OCC_TO_CU
1717454553.1280231,322,0.0,47.3,OCC_TO_CU
1717454553.135556,273,33.3,47.3,CU_TO_DEV
1717454553.2356014,273,24.4,47.5,CU_TO_DEV
1717454563.1397364,322,3.8,47.3,OCC_TO_CU
1717454563.140493,322,0.0,47.3,OCC_TO_CU
1717454563.1422641,273,0.0,47.3,CU_TO_DEV
1717454563.2417712,273,18.4,47.5,CU_TO_DEV
1717454573.1511734,322,3.8,47.4,OCC_TO_CU
1717454573.1519504,322,0.0,47.4,OCC_TO_CU
1717454573.249314,273,21.1,47.6,CU_TO_DEV
1717454573.34843,273,10.0,47.6,CU_TO_DEV
1717454583.1496272,322,5.3,47.4,OCC_TO_CU
1717454583.1506739,322,0.0,47.4,OCC_TO_CU
1717454583.1559877,273,0.0,47.4,CU_TO_DEV
1717454583.2595088,273,95.3,47.6,CU_TO_DEV
1717454593.163312,322,4.0,47.3,OCC_TO_CU
1717454593.1641085,322,0.0,47.3,OCC_TO_CU
1717454593.2659278,273,21.4,47.5,CU_TO_DEV
1717454593.3619287,273,10.5,47.5,CU_TO_DEV
1717454601.9560442,154,4.3,47.3,OCC_TO_CU
1717454601.968864,241,57.1,47.3,CU_TO_DEV
1717454602.0740032,241,97.6,47.5,CU_TO_DEV
1717454603.1796708,322,5.7,47.4,OCC_TO_CU
1717454603.1979685,322,33.3,47.4,OCC_TO_CU
1717454603.2756636,273,26.7,47.5,CU_TO_DEV
1717454603.3699927,273,7.9,47.5,CU_TO_DEV
1717454613.2065713,322,3.9,47.3,OCC_TO_CU
1717454613.207229,322,0.0,47.3,OCC_TO_CU
1717454613.2811844,273,22.2,47.5,CU_TO_DEV
1717454613.3781457,273,7.9,47.5,CU_TO_DEV
1717454623.2112277,322,5.2,47.3,OCC_TO_CU
1717454623.2117326,322,0.0,47.3,OCC_TO_CU
1717454623.2888181,273,25.8,47.5,CU_TO_DEV
1717454623.3856435,273,5.3,47.5,CU_TO_DEV
1717454633.2186182,322,5.0,47.2,OCC_TO_CU
1717454633.2191129,322,0.0,47.2,OCC_TO_CU
1717454633.296485,273,20.0,47.4,CU_TO_DEV
1717454633.393915,273,10.0,47.4,CU_TO_DEV
1717454643.234838,322,3.9,47.2,OCC_TO_CU
1717454643.2449248,322,40.0,47.2,OCC_TO_CU
1717454643.305326,273,48.0,47.4,CU_TO_DEV
1717454643.3985662,273,13.9,47.5,CU_TO_DEV
1717454652.0346837,154,4.5,47.3,OCC_TO_CU
1717454652.1129274,241,23.3,47.5,CU_TO_DEV
1717454652.2045267,241,8.3,47.5,CU_TO_DEV
1717454653.248425,322,3.8,47.4,OCC_TO_CU
1717454653.2630007,322,50.0,47.4,OCC_TO_CU
1717454653.314453,273,42.9,47.5,CU_TO_DEV
1717454653.405704,273,11.8,47.6,CU_TO_DEV
1717454663.260233,322,4.5,47.4,OCC_TO_CU
1717454663.2609487,322,50.0,47.4,OCC_TO_CU
1717454663.3229606,273,32.0,47.5,CU_TO_DEV
1717454663.4112554,273,16.7,47.6,CU_TO_DEV
1717454673.2741435,322,5.0,47.3,OCC_TO_CU
1717454673.274827,322,0.0,47.3,OCC_TO_CU
1717454673.3427126,273,85.2,47.5,CU_TO_DEV
1717454673.4186416,273,90.3,47.5,CU_TO_DEV
1717454683.2859871,322,3.9,47.3,OCC_TO_CU
1717454683.2866697,322,0.0,47.3,OCC_TO_CU
1717454683.3482442,273,29.2,47.5,CU_TO_DEV
1717454683.4269254,273,12.9,47.5,CU_TO_DEV
1717454693.299962,322,4.1,47.3,OCC_TO_CU
1717454693.3217218,322,44.4,47.4,OCC_TO_CU
1717454693.3545196,273,58.3,47.5,CU_TO_DEV
1717454693.4356213,273,30.6,47.6,CU_TO_DEV
1717454702.1109493,154,4.5,47.4,OCC_TO_CU
1717454702.161229,241,38.1,47.6,CU_TO_DEV
1717454702.2415311,241,12.9,47.6,CU_TO_DEV
1717454703.3098059,322,3.1,47.5,OCC_TO_CU
1717454703.3272426,322,42.9,47.5,OCC_TO_CU
1717454703.3626916,273,53.8,47.6,CU_TO_DEV
1717454703.4434657,273,21.9,47.6,CU_TO_DEV
1717454713.324931,322,6.1,47.3,OCC_TO_CU
1717454713.32599,322,0.0,47.3,OCC_TO_CU
1717454713.3724031,273,23.5,47.5,CU_TO_DEV
1717454713.453179,273,20.6,47.5,CU_TO_DEV
1717454723.3431146,322,4.5,47.2,OCC_TO_CU
1717454723.343635,322,0.0,47.2,OCC_TO_CU
1717454723.3785985,273,35.7,47.4,CU_TO_DEV
1717454723.4603705,273,17.6,47.4,CU_TO_DEV
1717454733.3533578,322,3.7,47.2,OCC_TO_CU
1717454733.3540432,322,0.0,47.2,OCC_TO_CU
1717454733.385385,273,41.7,47.3,CU_TO_DEV
1717454733.4664927,273,25.7,47.4,CU_TO_DEV
1717454743.3736014,322,3.6,47.3,OCC_TO_CU
1717454743.3741047,322,0.0,47.3,OCC_TO_CU
1717454743.3928359,273,50.0,47.3,CU_TO_DEV
1717454743.4728758,273,16.7,47.4,CU_TO_DEV
1717454752.0916822,154,4.0,47.4,OCC_TO_CU
1717454752.2000525,241,16.3,47.6,CU_TO_DEV
1717454752.2810903,241,12.5,47.6,CU_TO_DEV
1717454753.384415,322,4.1,47.5,OCC_TO_CU
1717454753.3850882,322,0.0,47.5,OCC_TO_CU
1717454753.4011595,273,42.9,47.5,CU_TO_DEV
1717454753.4824944,273,28.1,47.6,CU_TO_DEV
1717454763.384689,322,5.4,47.3,OCC_TO_CU
1717454763.3941526,322,25.0,47.3,OCC_TO_CU
1717454763.4081662,273,60.0,47.4,CU_TO_DEV
1717454763.4914114,273,100.0,47.6,CU_TO_DEV
1717454773.3963895,322,4.5,47.3,OCC_TO_CU
1717454773.3969157,322,0.0,47.3,OCC_TO_CU
1717454773.4175305,273,42.9,47.3,CU_TO_DEV
1717454773.498358,273,19.4,47.5,CU_TO_DEV
1717454783.4261305,322,3.5,47.3,OCC_TO_CU
1717454783.426998,322,0.0,47.3,OCC_TO_CU
1717454783.5070548,273,32.4,47.5,CU_TO_DEV
1717454783.6260252,273,6.4,47.5,CU_TO_DEV
1717454793.433466,322,5.2,47.2,OCC_TO_CU
1717454793.43412,322,0.0,47.2,OCC_TO_CU
1717454793.5153244,273,16.7,47.5,CU_TO_DEV
1717454793.633353,273,8.3,47.5,CU_TO_DEV
1717454802.1675365,154,4.2,47.4,OCC_TO_CU
1717454802.2402763,241,19.2,47.5,CU_TO_DEV
1717454802.3205314,241,12.5,47.5,CU_TO_DEV
1717454803.453722,322,3.3,47.4,OCC_TO_CU
1717454803.4543426,322,0.0,47.4,OCC_TO_CU
1717454803.5217032,273,23.1,47.5,CU_TO_DEV
1717454803.6451702,273,89.8,47.5,CU_TO_DEV
1717454813.459598,322,4.0,47.3,OCC_TO_CU
1717454813.460238,322,0.0,47.3,OCC_TO_CU
1717454813.5269008,273,26.9,47.5,CU_TO_DEV
1717454813.6564646,273,7.8,47.5,CU_TO_DEV
1717454823.471274,322,4.3,47.3,OCC_TO_CU
1717454823.471899,322,0.0,47.3,OCC_TO_CU
1717454823.535767,273,25.0,47.5,CU_TO_DEV
1717454823.6628363,273,8.2,47.6,CU_TO_DEV
1717454833.497256,322,4.2,47.4,OCC_TO_CU
1717454833.4978995,322,0.0,47.4,OCC_TO_CU
1717454833.5439327,273,35.3,47.6,CU_TO_DEV
1717454833.670487,273,13.7,47.6,CU_TO_DEV
1717454843.4927816,322,4.6,47.4,OCC_TO_CU
1717454843.4934359,322,0.0,47.4,OCC_TO_CU
1717454843.549311,273,25.0,47.5,CU_TO_DEV
1717454843.678047,273,9.8,47.6,CU_TO_DEV
1717454852.1356761,154,5.4,47.3,OCC_TO_CU
1717454852.158322,241,37.5,47.4,CU_TO_DEV
1717454852.2834845,241,10.2,47.5,CU_TO_DEV
1717454853.5034063,322,12.4,47.4,OCC_TO_CU
1717454853.5040412,322,0.0,47.4,OCC_TO_CU
1717454853.5607622,273,21.7,47.5,CU_TO_DEV
1717454853.6848834,273,6.2,47.5,CU_TO_DEV
1717454863.5134363,322,3.9,47.3,OCC_TO_CU
1717454863.530275,322,57.1,47.3,OCC_TO_CU
1717454863.5701797,273,56.3,47.5,CU_TO_DEV
1717454863.6903772,273,12.8,47.5,CU_TO_DEV
1717454873.547157,322,5.1,47.2,OCC_TO_CU
1717454873.547669,322,0.0,47.2,OCC_TO_CU
1717454873.581526,273,42.9,47.4,CU_TO_DEV
1717454873.701623,273,12.5,47.4,CU_TO_DEV
1717454883.5289052,322,3.5,47.2,OCC_TO_CU
1717454883.5295773,322,0.0,47.2,OCC_TO_CU
1717454883.586991,273,30.4,47.4,CU_TO_DEV
1717454883.7089245,273,14.6,47.5,CU_TO_DEV
1717454893.5418992,322,3.8,47.3,OCC_TO_CU
1717454893.5426974,322,0.0,47.3,OCC_TO_CU
1717454893.5926895,273,33.3,47.5,CU_TO_DEV
1717454893.7182565,273,16.7,47.5,CU_TO_DEV
1717454902.1740603,154,5.6,47.3,OCC_TO_CU
1717454902.197728,241,44.4,47.3,CU_TO_DEV
1717454902.324043,241,12.8,47.4,CU_TO_DEV
1717454903.578246,322,2.8,47.3,OCC_TO_CU
1717454903.5790412,322,0.0,47.3,OCC_TO_CU
1717454903.599775,273,55.6,47.3,CU_TO_DEV
1717454903.7251875,273,20.8,47.5,CU_TO_DEV
1717454913.5770345,322,3.9,47.3,OCC_TO_CU
1717454913.578024,322,0.0,47.3,OCC_TO_CU
1717454913.6050682,273,45.5,47.3,CU_TO_DEV
1717454913.731166,273,24.5,47.5,CU_TO_DEV
1717454923.5908659,322,3.5,47.4,OCC_TO_CU
1717454923.591647,322,0.0,47.4,OCC_TO_CU
1717454923.6133475,273,50.0,47.4,CU_TO_DEV
1717454923.73697,273,31.4,47.6,CU_TO_DEV
1717454933.6059248,322,3.8,47.5,OCC_TO_CU
1717454933.6067343,322,0.0,47.5,OCC_TO_CU
1717454933.6203332,273,40.0,47.5,CU_TO_DEV
1717454933.7480881,273,31.4,47.7,CU_TO_DEV
1717454943.6199114,322,5.2,47.4,OCC_TO_CU
1717454943.6205392,322,0.0,47.4,OCC_TO_CU
1717454943.628827,273,33.3,47.4,CU_TO_DEV
1717454943.756512,273,24.0,47.6,CU_TO_DEV
1717454952.2107096,154,5.2,47.4,OCC_TO_CU
1717454952.235755,241,54.5,47.4,CU_TO_DEV
1717454952.3624618,241,16.3,47.5,CU_TO_DEV
1717454953.632943,322,11.6,47.3,OCC_TO_CU
1717454953.6336708,322,0.0,47.3,OCC_TO_CU
1717454953.6375878,273,0.0,47.3,CU_TO_DEV
1717454953.764805,273,92.3,47.5,CU_TO_DEV
1717454963.6435072,322,3.8,47.2,OCC_TO_CU
1717454963.6442916,322,0.0,47.2,OCC_TO_CU
1717454963.7749367,273,26.9,47.4,CU_TO_DEV
1717454963.8438926,273,17.9,47.4,CU_TO_DEV
1717454973.6532545,322,3.9,47.2,OCC_TO_CU
1717454973.6541646,322,0.0,47.2,OCC_TO_CU
1717454973.7811556,273,24.0,47.5,CU_TO_DEV
1717454973.8501425,273,18.5,47.5,CU_TO_DEV
1717454983.6681552,322,3.8,47.3,OCC_TO_CU
1717454983.668983,322,50.0,47.3,OCC_TO_CU
1717454983.7872298,273,30.4,47.5,CU_TO_DEV
1717454983.8553946,273,12.0,47.5,CU_TO_DEV
1717454993.679962,322,4.9,47.2,OCC_TO_CU
1717454993.680613,322,100.0,47.2,OCC_TO_CU
1717454993.7930446,273,31.8,47.5,CU_TO_DEV
1717454993.8653607,273,14.3,47.5,CU_TO_DEV
1717455002.2729757,154,4.4,47.3,OCC_TO_CU
1717455002.3995314,241,14.0,47.5,CU_TO_DEV
1717455002.470688,241,14.3,47.5,CU_TO_DEV
1717455003.705079,322,4.9,47.4,OCC_TO_CU
1717455003.7058115,322,0.0,47.4,OCC_TO_CU
1717455003.8009284,273,25.0,47.5,CU_TO_DEV
1717455003.872534,273,14.3,47.6,CU_TO_DEV
1717455013.7141275,322,3.8,47.3,OCC_TO_CU
1717455013.7149901,322,0.0,47.3,OCC_TO_CU
1717455013.8065023,273,24.3,47.5,CU_TO_DEV
1717455013.878492,273,16.7,47.6,CU_TO_DEV
1717455023.7330337,322,4.1,47.4,OCC_TO_CU
1717455023.733765,322,0.0,47.4,OCC_TO_CU
1717455023.814642,273,22.6,47.6,CU_TO_DEV
1717455023.8845778,273,17.2,47.6,CU_TO_DEV
1717455033.7550135,322,5.0,47.4,OCC_TO_CU
1717455033.755623,322,0.0,47.4,OCC_TO_CU
1717455033.82123,273,25.9,47.6,CU_TO_DEV
1717455033.8938208,273,11.1,47.6,CU_TO_DEV
1717455043.7520497,322,4.8,47.3,OCC_TO_CU
1717455043.752825,322,100.0,47.3,OCC_TO_CU
1717455043.8289828,273,87.1,47.5,CU_TO_DEV
1717455043.9050422,273,90.0,47.6,CU_TO_DEV
1717455052.3516767,154,4.1,47.3,OCC_TO_CU
1717455052.435267,241,28.6,47.4,CU_TO_DEV
1717455052.512558,241,10.0,47.5,CU_TO_DEV
1717455053.7624395,322,4.8,47.4,OCC_TO_CU
1717455053.7631085,322,0.0,47.4,OCC_TO_CU
1717455053.8364859,273,24.1,47.5,CU_TO_DEV
1717455053.9137938,273,18.8,47.5,CU_TO_DEV
1717455063.7770681,322,4.0,47.3,OCC_TO_CU
1717455063.7777238,322,0.0,47.3,OCC_TO_CU
1717455063.8452454,273,26.9,47.6,CU_TO_DEV
1717455063.9201086,273,7.1,47.6,CU_TO_DEV
1717455073.8033173,322,4.0,47.4,OCC_TO_CU
1717455073.8249168,322,70.0,47.4,OCC_TO_CU
1717455073.8532825,273,100.0,47.5,CU_TO_DEV
1717455073.9272122,273,100.0,47.6,CU_TO_DEV
1717455083.8032076,322,5.2,47.3,OCC_TO_CU
1717455083.8038855,322,0.0,47.3,OCC_TO_CU
1717455083.8624654,273,29.2,47.4,CU_TO_DEV
1717455083.936401,273,17.9,47.4,CU_TO_DEV
1717455093.819611,322,3.9,47.2,OCC_TO_CU
1717455093.8237262,322,0.0,47.2,OCC_TO_CU
1717455093.8700652,273,36.8,47.5,CU_TO_DEV
1717455093.9459069,273,23.3,47.5,CU_TO_DEV
1717455102.4242818,154,4.4,47.4,OCC_TO_CU
1717455102.4760318,241,30.0,47.5,CU_TO_DEV
1717455102.5530899,241,16.7,47.5,CU_TO_DEV
1717455103.8228025,322,3.6,47.4,OCC_TO_CU
1717455103.8234565,322,0.0,47.4,OCC_TO_CU
1717455103.8778002,273,27.3,47.5,CU_TO_DEV
1717455103.9544902,273,27.3,47.6,CU_TO_DEV
1717455113.8451288,322,3.8,47.4,OCC_TO_CU
1717455113.845806,322,0.0,47.4,OCC_TO_CU
1717455113.8859575,273,44.4,47.6,CU_TO_DEV
1717455113.9625938,273,20.0,47.6,CU_TO_DEV
1717455123.8590064,322,5.8,47.3,OCC_TO_CU
1717455123.8596737,322,0.0,47.3,OCC_TO_CU
1717455123.8952384,273,38.5,47.5,CU_TO_DEV
1717455123.9732935,273,21.9,47.5,CU_TO_DEV
1717455133.8699908,322,3.6,47.4,OCC_TO_CU
1717455133.8841753,322,33.3,47.4,OCC_TO_CU
1717455133.902533,273,100.0,47.4,CU_TO_DEV
1717455133.9822545,273,96.9,47.6,CU_TO_DEV
1717455143.8799045,322,4.7,47.3,OCC_TO_CU
1717455143.8809385,322,50.0,47.3,OCC_TO_CU
1717455143.9131236,273,22.2,47.4,CU_TO_DEV
1717455143.990984,273,30.3,47.5,CU_TO_DEV
1717455152.4061458,154,4.3,47.4,OCC_TO_CU
1717455152.5179484,241,18.6,47.5,CU_TO_DEV
1717455152.5964165,241,9.7,47.5,CU_TO_DEV
1717455153.8839571,322,4.3,47.4,OCC_TO_CU
1717455153.8957787,322,20.0,47.4,OCC_TO_CU
1717455153.9192977,273,77.8,47.6,CU_TO_DEV
1717455153.9977093,273,21.4,47.6,CU_TO_DEV
1717455163.911353,322,4.0,47.4,OCC_TO_CU
1717455163.9125578,322,0.0,47.4,OCC_TO_CU
1717455163.9265878,273,33.3,47.4,CU_TO_DEV
1717455164.0029755,273,40.0,47.6,CU_TO_DEV
1717455173.9117897,322,4.9,47.3,OCC_TO_CU
1717455173.9124289,322,0.0,47.3,OCC_TO_CU
1717455173.934669,273,28.6,47.4,CU_TO_DEV
1717455174.0164027,273,30.3,47.5,CU_TO_DEV
1717455183.9202383,322,3.8,47.4,OCC_TO_CU
1717455183.9208927,322,0.0,47.4,OCC_TO_CU
1717455183.9407344,273,55.6,47.4,CU_TO_DEV
1717455184.02207,273,26.7,47.6,CU_TO_DEV
1717455193.943296,322,3.9,47.4,OCC_TO_CU
1717455193.9439895,322,0.0,47.4,OCC_TO_CU
1717455193.9492097,273,0.0,47.4,CU_TO_DEV
1717455194.0306687,273,100.0,47.6,CU_TO_DEV
1717455202.4713495,154,5.8,47.3,OCC_TO_CU
1717455202.5592566,241,18.2,47.5,CU_TO_DEV
1717455202.636906,241,15.2,47.5,CU_TO_DEV
1717455203.984484,322,3.4,47.4,OCC_TO_CU
1717455203.9852831,322,100.0,47.4,OCC_TO_CU
1717455204.038153,273,26.3,47.5,CU_TO_DEV
1717455204.160559,273,27.7,47.5,CU_TO_DEV
1717455213.9633121,322,4.9,47.3,OCC_TO_CU
1717455213.9639254,322,0.0,47.3,OCC_TO_CU
1717455213.9661546,273,0.0,47.3,CU_TO_DEV
1717455214.0451334,273,21.9,47.5,CU_TO_DEV
1717455223.9740613,322,3.8,47.3,OCC_TO_CU
1717455223.9759948,322,0.0,47.3,OCC_TO_CU
1717455224.0521772,273,26.7,47.5,CU_TO_DEV
1717455224.171357,273,21.3,47.5,CU_TO_DEV
1717455233.9814146,322,4.8,47.3,OCC_TO_CU
1717455233.9884002,322,0.0,47.3,OCC_TO_CU
1717455234.059593,273,48.1,47.4,CU_TO_DEV
1717455234.1813006,273,29.2,47.5,CU_TO_DEV
1717455244.0119913,322,3.5,47.2,OCC_TO_CU
1717455244.0127883,322,0.0,47.2,OCC_TO_CU
1717455244.06533,273,35.0,47.5,CU_TO_DEV
1717455244.1867878,273,31.3,47.5,CU_TO_DEV
1717455252.5489523,154,4.0,47.4,OCC_TO_CU
1717455252.5916238,241,37.5,47.6,CU_TO_DEV
1717455252.6730018,241,13.3,47.6,CU_TO_DEV
1717455254.0153673,322,3.6,47.5,OCC_TO_CU
1717455254.0159905,322,0.0,47.5,OCC_TO_CU
1717455254.0756733,273,36.0,47.6,CU_TO_DEV
1717455254.1931493,273,29.8,47.6,CU_TO_DEV
1717455264.02583,322,4.6,47.3,OCC_TO_CU
1717455264.0264957,322,0.0,47.3,OCC_TO_CU
1717455264.0873315,273,39.1,47.5,CU_TO_DEV
1717455264.1981318,273,29.5,47.5,CU_TO_DEV
1717455274.0451214,322,4.2,47.4,OCC_TO_CU
1717455274.0457654,322,0.0,47.4,OCC_TO_CU
1717455274.094286,273,44.4,47.6,CU_TO_DEV
1717455274.203135,273,27.9,47.6,CU_TO_DEV
1717455284.0549173,322,4.7,47.3,OCC_TO_CU
1717455284.0555553,322,0.0,47.3,OCC_TO_CU
1717455284.099915,273,47.1,47.5,CU_TO_DEV
1717455284.2108417,273,27.9,47.5,CU_TO_DEV
1717455294.0692697,322,3.4,47.3,OCC_TO_CU
1717455294.0700543,322,0.0,47.3,OCC_TO_CU
1717455294.105168,273,60.0,47.4,CU_TO_DEV
1717455294.2169561,273,31.1,47.5,CU_TO_DEV
1717455302.4844415,154,4.1,47.4,OCC_TO_CU
1717455302.511029,241,45.5,47.4,CU_TO_DEV
1717455302.6212642,241,23.4,47.6,CU_TO_DEV
1717455304.0796125,322,11.7,47.5,OCC_TO_CU
1717455304.0881405,322,0.0,47.5,OCC_TO_CU
1717455304.1174457,273,75.0,47.6,CU_TO_DEV
1717455304.2254088,273,27.5,47.6,CU_TO_DEV
1717455314.0937648,322,3.9,47.4,OCC_TO_CU
1717455314.1079981,322,42.9,47.4,OCC_TO_CU
1717455314.1232705,273,60.0,47.5,CU_TO_DEV
1717455314.2360625,273,97.8,47.5,CU_TO_DEV
1717455324.1229725,322,5.4,47.3,OCC_TO_CU
1717455324.1237054,322,0.0,47.3,OCC_TO_CU
1717455324.13446,273,60.0,47.3,CU_TO_DEV
1717455324.2416558,273,31.7,47.5,CU_TO_DEV
1717455334.1247993,322,4.4,47.3,OCC_TO_CU
1717455334.1254478,322,0.0,47.3,OCC_TO_CU
1717455334.140719,273,57.1,47.3,CU_TO_DEV
1717455334.2492518,273,37.5,47.4,CU_TO_DEV
1717455344.1355,322,3.8,47.3,OCC_TO_CU
1717455344.1386554,322,50.0,47.3,OCC_TO_CU
1717455344.1467998,273,66.7,47.3,CU_TO_DEV
1717455344.2547846,273,44.2,47.6,CU_TO_DEV
1717455352.5231414,154,5.5,47.3,OCC_TO_CU
1717455352.5541706,241,42.9,47.4,CU_TO_DEV
1717455352.6627448,241,15.6,47.5,CU_TO_DEV
1717455354.139902,322,2.7,47.4,OCC_TO_CU
1717455354.1436458,322,0.0,47.4,OCC_TO_CU
1717455354.1559498,273,75.0,47.4,CU_TO_DEV
1717455354.2641428,273,39.1,47.5,CU_TO_DEV
1717455364.1678174,322,5.0,47.2,OCC_TO_CU
1717455364.1708295,322,0.0,47.2,OCC_TO_CU
1717455364.2704365,273,35.0,47.4,CU_TO_DEV
1717455364.3677044,273,25.6,47.5,CU_TO_DEV
1717455374.160631,322,4.0,47.3,OCC_TO_CU
1717455374.1638427,322,0.0,47.3,OCC_TO_CU
1717455374.1728356,273,33.3,47.3,CU_TO_DEV
1717455374.2763872,273,45.2,47.5,CU_TO_DEV
1717455384.1732752,322,3.6,47.4,OCC_TO_CU
1717455384.178336,322,66.7,47.4,OCC_TO_CU
1717455384.1789486,273,0.0,47.4,CU_TO_DEV
1717455384.2820423,273,51.3,47.5,CU_TO_DEV
1717455384.3812542,273,31.7,47.6,CU_TO_DEV
1717455394.186865,322,3.9,47.4,OCC_TO_CU
1717455394.1900032,322,0.0,47.4,OCC_TO_CU
1717455394.2930021,273,97.6,47.6,CU_TO_DEV
1717455394.3873653,273,94.6,47.7,CU_TO_DEV
1717455402.579956,154,4.8,47.4,OCC_TO_CU
1717455402.592924,241,50.0,47.4,CU_TO_DEV
1717455402.700379,241,27.9,47.5,CU_TO_DEV
1717455404.2096558,322,3.3,47.5,OCC_TO_CU
1717455404.2107415,322,0.0,47.5,OCC_TO_CU
1717455404.3019922,273,41.7,47.6,CU_TO_DEV
1717455404.3945127,273,30.8,47.6,CU_TO_DEV
1717455414.225257,322,5.3,47.4,OCC_TO_CU
1717455414.2262564,322,0.0,47.4,OCC_TO_CU
1717455414.3080847,273,48.4,47.5,CU_TO_DEV
1717455414.4014068,273,27.8,47.6,CU_TO_DEV
1717455424.2291124,322,3.9,47.4,OCC_TO_CU
1717455424.229998,322,0.0,47.4,OCC_TO_CU
1717455424.314052,273,48.5,47.6,CU_TO_DEV
1717455424.4065557,273,32.4,47.6,CU_TO_DEV
1717455434.241076,322,3.8,47.4,OCC_TO_CU
1717455434.2418878,322,0.0,47.4,OCC_TO_CU
1717455434.3243635,273,87.9,47.7,CU_TO_DEV
1717455434.4119692,273,97.0,47.6,CU_TO_DEV
1717455444.2509367,322,5.2,47.3,OCC_TO_CU
1717455444.2652073,322,50.0,47.2,OCC_TO_CU
1717455444.3291786,273,42.3,47.4,CU_TO_DEV
1717455444.4219842,273,43.6,47.5,CU_TO_DEV
1717455452.6843016,154,4.5,47.2,OCC_TO_CU
1717455452.7353406,241,26.3,47.5,CU_TO_DEV
1717455452.826643,241,14.3,47.5,CU_TO_DEV
1717455454.2650526,322,3.8,47.4,OCC_TO_CU
1717455454.2659304,322,0.0,47.4,OCC_TO_CU
1717455454.3368225,273,36.7,47.5,CU_TO_DEV
1717455454.4282455,273,38.2,47.5,CU_TO_DEV
1717455464.2758467,322,3.7,47.3,OCC_TO_CU
1717455464.2767057,322,100.0,47.3,OCC_TO_CU
1717455464.3424666,273,40.0,47.5,CU_TO_DEV
1717455464.4334893,273,37.1,47.5,CU_TO_DEV
1717455474.295467,322,3.8,47.3,OCC_TO_CU
1717455474.29648,322,0.0,47.3,OCC_TO_CU
1717455474.3473263,273,50.0,47.6,CU_TO_DEV
1717455474.4386044,273,47.4,47.6,CU_TO_DEV
1717455484.3000603,322,3.9,47.4,OCC_TO_CU
1717455484.3007321,322,0.0,47.4,OCC_TO_CU
1717455484.3530962,273,54.5,47.7,CU_TO_DEV
1717455484.4451175,273,73.0,47.7,CU_TO_DEV
1717455494.3207066,322,4.3,47.4,OCC_TO_CU
1717455494.321718,322,0.0,47.4,OCC_TO_CU
1717455494.3589168,273,64.3,47.6,CU_TO_DEV
1717455494.452205,273,72.2,47.6,CU_TO_DEV
1717455502.7285895,154,4.6,47.4,OCC_TO_CU
1717455502.7651422,241,35.7,47.5,CU_TO_DEV
1717455502.8594525,241,13.9,47.5,CU_TO_DEV
1717455504.3353627,322,4.1,47.5,OCC_TO_CU
1717455504.3365145,322,0.0,47.5,OCC_TO_CU
1717455504.36704,273,76.9,47.6,CU_TO_DEV
1717455504.4611933,273,38.5,47.6,CU_TO_DEV
1717455514.3484592,322,3.5,47.4,OCC_TO_CU
1717455514.3491714,322,100.0,47.4,OCC_TO_CU
1717455514.3728683,273,50.0,47.5,CU_TO_DEV
1717455514.4666562,273,32.4,47.6,CU_TO_DEV
1717455524.3569787,322,4.7,47.4,OCC_TO_CU
1717455524.3575912,322,0.0,47.4,OCC_TO_CU
1717455524.3784707,273,37.5,47.4,CU_TO_DEV
1717455524.474769,273,37.8,47.6,CU_TO_DEV
1717455534.3782978,322,5.0,47.3,OCC_TO_CU
1717455534.3789246,322,0.0,47.3,OCC_TO_CU
1717455534.3864613,273,50.0,47.3,CU_TO_DEV
1717455534.4815059,273,38.2,47.5,CU_TO_DEV
1717455544.3832443,322,3.8,47.3,OCC_TO_CU
1717455544.3914754,273,50.0,47.3,CU_TO_DEV
1717455544.4036472,322,80.0,47.4,OCC_TO_CU
1717455544.4872215,273,66.7,47.6,CU_TO_DEV
1717455544.592749,273,10.0,47.6,CU_TO_DEV
1717455552.8028615,154,3.6,47.4,OCC_TO_CU
1717455552.8919291,241,26.3,47.6,CU_TO_DEV
1717455552.99667,241,5.0,47.6,CU_TO_DEV
1717455554.3985732,322,10.4,47.4,OCC_TO_CU
1717455554.3995,322,0.0,47.4,OCC_TO_CU
1717455554.4976995,273,34.2,47.6,CU_TO_DEV
1717455554.598675,273,14.3,47.6,CU_TO_DEV
1717455564.4107,322,3.7,47.4,OCC_TO_CU
1717455564.4113612,322,0.0,47.4,OCC_TO_CU
1717455564.5037315,273,38.9,47.6,CU_TO_DEV
1717455564.6058786,273,14.0,47.6,CU_TO_DEV
1717455574.420184,322,3.7,47.4,OCC_TO_CU
1717455574.4208343,322,0.0,47.4,OCC_TO_CU
1717455574.509232,273,42.9,47.6,CU_TO_DEV
1717455574.610302,273,12.2,47.6,CU_TO_DEV
1717455584.4430094,322,4.9,47.3,OCC_TO_CU
1717455584.4436188,322,0.0,47.3,OCC_TO_CU
1717455584.5169828,273,89.7,47.5,CU_TO_DEV
1717455584.6174455,273,92.5,47.6,CU_TO_DEV
1717455594.4454412,322,3.8,47.3,OCC_TO_CU
1717455594.4461825,322,0.0,47.3,OCC_TO_CU
1717455594.522825,273,46.4,47.5,CU_TO_DEV
1717455594.6223722,273,15.0,47.5,CU_TO_DEV
1717455602.7701883,154,3.8,47.4,OCC_TO_CU
1717455602.82645,241,30.4,47.5,CU_TO_DEV
1717455602.9278274,241,10.3,47.6,CU_TO_DEV
1717455604.4596467,322,9.5,47.4,OCC_TO_CU
1717455604.4601877,322,0.0,47.4,OCC_TO_CU
1717455604.5317514,273,42.3,47.6,CU_TO_DEV
1717455604.6279938,273,15.0,47.5,CU_TO_DEV
1717455614.4702206,322,4.1,47.3,OCC_TO_CU
1717455614.4719942,322,0.0,47.3,OCC_TO_CU
1717455614.5399573,273,60.7,47.5,CU_TO_DEV
1717455614.632835,273,21.1,47.5,CU_TO_DEV
1717455624.4952962,322,4.9,47.3,OCC_TO_CU
1717455624.495937,322,0.0,47.3,OCC_TO_CU
1717455624.5485275,273,50.0,47.3,CU_TO_DEV
1717455624.6399746,273,22.2,47.5,CU_TO_DEV
1717455634.5073764,322,3.7,47.3,OCC_TO_CU
1717455634.5080438,322,0.0,47.3,OCC_TO_CU
1717455634.5546052,273,68.4,47.4,CU_TO_DEV
1717455634.6448753,273,20.0,47.5,CU_TO_DEV
1717455644.5062835,322,4.1,47.4,OCC_TO_CU
1717455644.5070589,322,0.0,47.4,OCC_TO_CU
1717455644.5610693,273,52.2,47.4,CU_TO_DEV
1717455644.649887,273,21.2,47.6,CU_TO_DEV
1717455652.8406389,154,3.9,47.4,OCC_TO_CU
1717455652.8552125,241,33.3,47.4,CU_TO_DEV
1717455652.966777,241,22.7,47.6,CU_TO_DEV
1717455654.5218878,322,5.1,47.6,OCC_TO_CU
1717455654.5413146,322,88.9,47.6,OCC_TO_CU
1717455654.5684433,273,70.0,47.6,CU_TO_DEV
1717455654.6569088,273,25.7,47.7,CU_TO_DEV
1717455664.5382693,322,4.0,47.5,OCC_TO_CU
1717455664.538965,322,0.0,47.5,OCC_TO_CU
1717455664.577009,273,71.4,47.5,CU_TO_DEV
1717455664.6644256,273,18.7,47.7,CU_TO_DEV
1717455674.5606835,322,5.3,47.4,OCC_TO_CU
1717455674.5618343,322,0.0,47.4,OCC_TO_CU
1717455674.5836573,273,62.5,47.4,CU_TO_DEV
1717455674.671026,273,97.6,47.6,CU_TO_DEV
1717455684.5853975,322,5.3,47.4,OCC_TO_CU
1717455684.58617,322,0.0,47.4,OCC_TO_CU
1717455684.5935209,273,66.7,47.4,CU_TO_DEV
1717455684.6906936,273,34.2,47.6,CU_TO_DEV
1717455694.5867205,322,5.2,47.2,OCC_TO_CU
1717455694.5875967,322,0.0,47.2,OCC_TO_CU
1717455694.6000154,273,40.0,47.2,CU_TO_DEV
1717455694.6956975,273,29.7,47.5,CU_TO_DEV
1717455702.805117,154,4.2,47.2,OCC_TO_CU
1717455702.8060412,241,0.0,47.2,CU_TO_DEV
1717455702.8996835,241,18.9,47.5,CU_TO_DEV
1717455704.5978358,322,3.5,47.4,OCC_TO_CU
1717455704.598846,322,0.0,47.4,OCC_TO_CU
1717455704.608141,273,33.3,47.4,CU_TO_DEV
1717455704.7013323,273,27.0,47.5,CU_TO_DEV
1717455714.612489,322,5.4,47.3,OCC_TO_CU
1717455714.613316,322,0.0,47.3,OCC_TO_CU
1717455714.615794,273,0.0,47.3,CU_TO_DEV
1717455714.709693,273,22.2,47.4,CU_TO_DEV
1717455724.6474452,322,3.9,47.3,OCC_TO_CU
1717455724.6481938,322,0.0,47.3,OCC_TO_CU
1717455724.7143023,273,28.0,47.5,CU_TO_DEV
1717455724.8210263,273,11.6,47.5,CU_TO_DEV
1717455734.6373596,322,3.8,47.4,OCC_TO_CU
1717455734.638662,322,0.0,47.4,OCC_TO_CU
1717455734.7200618,273,30.3,47.6,CU_TO_DEV
1717455734.8265183,273,9.8,47.6,CU_TO_DEV
1717455744.6376624,322,3.7,47.4,OCC_TO_CU
1717455744.6388464,322,0.0,47.4,OCC_TO_CU
1717455744.727247,273,21.2,47.6,CU_TO_DEV
1717455744.8342078,273,11.6,47.6,CU_TO_DEV
1717455753.9156153,154,4.1,47.5,OCC_TO_CU
1717455753.931653,241,57.1,47.5,CU_TO_DEV
1717455754.0390942,241,25.0,47.6,CU_TO_DEV
1717455754.6877997,322,6.9,47.7,OCC_TO_CU
1717455754.6885576,322,0.0,47.7,OCC_TO_CU
1717455754.7328117,273,29.4,47.7,CU_TO_DEV
1717455754.8406696,273,18.2,47.7,CU_TO_DEV
1717455764.6611328,322,5.0,47.5,OCC_TO_CU
1717455764.6653044,322,0.0,47.5,OCC_TO_CU
1717455764.7394788,273,36.7,47.7,CU_TO_DEV
1717455764.8474603,273,11.9,47.7,CU_TO_DEV
1717455774.673098,322,5.7,47.3,OCC_TO_CU
1717455774.674187,322,0.0,47.3,OCC_TO_CU
1717455774.7487183,273,25.0,47.5,CU_TO_DEV
1717455774.8560796,273,9.5,47.5,CU_TO_DEV
1717455784.6834874,322,3.7,47.3,OCC_TO_CU
1717455784.6846843,322,50.0,47.3,OCC_TO_CU
1717455784.7541149,273,26.9,47.5,CU_TO_DEV
1717455784.8615472,273,13.6,47.6,CU_TO_DEV
1717455794.6968045,322,4.1,47.4,OCC_TO_CU
1717455794.697417,322,0.0,47.4,OCC_TO_CU
1717455794.7593255,273,29.2,47.6,CU_TO_DEV
1717455794.8685944,273,11.4,47.6,CU_TO_DEV
1717455803.8883176,154,3.8,47.4,OCC_TO_CU
1717455803.9689665,241,85.3,47.6,CU_TO_DEV
1717455804.0759394,241,97.6,47.5,CU_TO_DEV
1717455804.7106044,322,17.9,47.6,OCC_TO_CU
1717455804.711141,322,0.0,47.6,OCC_TO_CU
1717455804.7703168,273,32.0,47.5,CU_TO_DEV
1717455804.877081,273,9.3,47.5,CU_TO_DEV
1717455814.720335,322,3.8,47.3,OCC_TO_CU
1717455814.7210128,322,0.0,47.3,OCC_TO_CU
1717455814.775137,273,36.4,47.5,CU_TO_DEV
1717455814.8841896,273,11.9,47.5,CU_TO_DEV
1717455824.7308297,322,3.9,47.4,OCC_TO_CU
1717455824.7314467,322,0.0,47.4,OCC_TO_CU
1717455824.7802224,273,42.1,47.5,CU_TO_DEV
1717455824.8907378,273,13.6,47.6,CU_TO_DEV
1717455834.7542691,322,3.9,47.4,OCC_TO_CU
1717455834.7549043,322,0.0,47.4,OCC_TO_CU
1717455834.7851722,273,61.5,47.4,CU_TO_DEV
1717455834.8960583,273,15.9,47.6,CU_TO_DEV
1717455844.7584422,322,4.0,47.5,OCC_TO_CU
1717455844.759328,322,0.0,47.5,OCC_TO_CU
1717455844.7917519,273,41.7,47.6,CU_TO_DEV
1717455844.9043143,273,15.6,47.7,CU_TO_DEV
1717455853.9217904,154,5.5,47.3,OCC_TO_CU
1717455853.9996562,241,21.4,47.5,CU_TO_DEV
1717455854.1116827,241,2.4,47.5,CU_TO_DEV
1717455854.7809672,322,23.3,47.4,OCC_TO_CU
1717455854.793913,322,33.3,47.4,OCC_TO_CU
1717455854.802444,273,75.0,47.4,CU_TO_DEV
1717455854.915365,273,19.6,47.4,CU_TO_DEV
1717455864.794363,322,3.8,47.3,OCC_TO_CU
1717455864.7964058,322,0.0,47.3,OCC_TO_CU
1717455864.8106513,273,60.0,47.3,CU_TO_DEV
1717455864.9204817,273,20.9,47.5,CU_TO_DEV
1717455874.7940555,322,4.3,47.3,OCC_TO_CU
1717455874.7952957,322,0.0,47.3,OCC_TO_CU
1717455874.8186257,273,55.6,47.4,CU_TO_DEV
1717455874.9279714,273,21.7,47.5,CU_TO_DEV
1717455884.8049955,322,4.2,47.4,OCC_TO_CU
1717455884.808418,322,0.0,47.4,OCC_TO_CU
1717455884.8249044,273,57.1,47.4,CU_TO_DEV
1717455884.933236,273,23.3,47.5,CU_TO_DEV
1717455894.8650243,322,4.2,47.4,OCC_TO_CU
1717455894.8660662,322,0.0,47.4,OCC_TO_CU
1717455894.9398205,273,21.4,47.6,CU_TO_DEV
1717455895.0325475,273,89.2,47.6,CU_TO_DEV
1717455903.9558852,154,4.3,47.3,OCC_TO_CU
1717455904.0369086,241,27.3,47.6,CU_TO_DEV
1717455904.1478243,241,4.8,47.6,CU_TO_DEV
1717455904.8524446,322,6.1,47.6,OCC_TO_CU
1717455904.8532076,322,0.0,47.6,OCC_TO_CU
1717455904.9493375,273,15.4,47.6,CU_TO_DEV
1717455905.0381062,273,8.8,47.6,CU_TO_DEV
1717455914.855825,322,4.1,47.4,OCC_TO_CU
1717455914.8564236,322,0.0,47.4,OCC_TO_CU
1717455914.9573703,273,22.0,47.7,CU_TO_DEV
1717455915.042951,273,6.1,47.7,CU_TO_DEV
1717455924.8686929,322,4.1,47.5,OCC_TO_CU
1717455924.8693206,322,0.0,47.5,OCC_TO_CU
1717455924.9644835,273,92.1,47.7,CU_TO_DEV
1717455925.0477057,273,37.1,47.7,CU_TO_DEV
1717455934.8829286,322,4.6,47.3,OCC_TO_CU
1717455934.8839874,322,0.0,47.3,OCC_TO_CU
1717455934.9729815,273,22.2,47.5,CU_TO_DEV
1717455935.0533192,273,9.4,47.5,CU_TO_DEV
1717455944.8978024,322,5.1,47.3,OCC_TO_CU
1717455944.8985772,322,0.0,47.3,OCC_TO_CU
1717455944.9812782,273,19.4,47.5,CU_TO_DEV
1717455945.0603971,273,86.7,47.5,CU_TO_DEV
1717455954.0156243,154,4.4,47.3,OCC_TO_CU
1717455954.0646825,241,33.3,47.4,CU_TO_DEV
1717455954.1860414,241,8.7,47.4,CU_TO_DEV
1717455954.9272408,322,8.7,47.5,OCC_TO_CU
1717455954.9280698,322,0.0,47.5,OCC_TO_CU
1717455954.9870756,273,18.2,47.5,CU_TO_DEV
1717455955.065809,273,18.2,47.5,CU_TO_DEV
1717455964.9367023,322,4.1,47.3,OCC_TO_CU
1717455964.9373188,322,0.0,47.3,OCC_TO_CU
1717455964.9926124,273,30.4,47.5,CU_TO_DEV
1717455965.07042,273,19.4,47.5,CU_TO_DEV
1717455974.923717,322,4.0,47.3,OCC_TO_CU
1717455974.9244542,322,0.0,47.3,OCC_TO_CU
1717455974.9982643,273,29.0,47.5,CU_TO_DEV
1717455975.0751169,273,7.1,47.5,CU_TO_DEV
1717455984.947297,322,4.4,47.4,OCC_TO_CU
1717455984.9479654,322,0.0,47.4,OCC_TO_CU
1717455985.0048058,273,30.4,47.6,CU_TO_DEV
1717455985.081156,273,90.6,47.6,CU_TO_DEV
1717455994.9757376,322,4.7,47.3,OCC_TO_CU
1717455994.9766898,322,0.0,47.3,OCC_TO_CU
1717455995.0111036,273,46.7,47.5,CU_TO_DEV
1717455995.087705,273,22.6,47.5,CU_TO_DEV
1717456004.0892527,154,4.2,47.4,OCC_TO_CU
1717456004.092765,241,0.0,47.4,CU_TO_DEV
1717456004.2186127,241,16.7,47.6,CU_TO_DEV
1717456004.978165,322,6.6,47.6,OCC_TO_CU
1717456004.9792478,322,0.0,47.6,OCC_TO_CU
1717456005.019757,273,31.3,47.6,CU_TO_DEV
1717456005.0936904,273,7.7,47.6,CU_TO_DEV
1717456014.9725113,322,4.7,47.4,OCC_TO_CU
1717456014.9819977,322,25.0,47.4,OCC_TO_CU
1717456015.0255554,273,55.6,47.6,CU_TO_DEV
1717456015.0989683,273,26.7,47.6,CU_TO_DEV
1717456024.9776015,322,4.1,47.4,OCC_TO_CU
1717456024.9782672,322,0.0,47.4,OCC_TO_CU
1717456025.0315037,273,28.6,47.6,CU_TO_DEV
1717456025.1050797,273,20.0,47.6,CU_TO_DEV
1717456035.022753,322,4.6,47.4,OCC_TO_CU
1717456035.0303705,322,33.3,47.4,OCC_TO_CU
1717456035.0396948,273,66.7,47.4,CU_TO_DEV
1717456035.115153,273,93.3,47.6,CU_TO_DEV
1717456045.00804,322,5.4,47.2,OCC_TO_CU
1717456045.0108285,322,50.0,47.2,OCC_TO_CU
1717456045.0497508,273,30.8,47.4,CU_TO_DEV
1717456045.1209197,273,23.3,47.4,CU_TO_DEV
1717456054.1623058,154,4.0,47.3,OCC_TO_CU
1717456054.2559783,241,22.2,47.5,CU_TO_DEV
1717456054.3262558,241,7.4,47.5,CU_TO_DEV
1717456055.0437777,322,7.0,47.5,OCC_TO_CU
1717456055.0445046,322,0.0,47.5,OCC_TO_CU
1717456055.0569382,273,40.0,47.5,CU_TO_DEV
1717456055.1271975,273,22.2,47.5,CU_TO_DEV
1717456065.0223317,322,3.9,47.3,OCC_TO_CU
1717456065.0229461,322,0.0,47.3,OCC_TO_CU
1717456065.0625205,273,43.8,47.5,CU_TO_DEV
1717456065.1346493,273,17.9,47.5,CU_TO_DEV
1717456075.0307412,322,3.9,47.4,OCC_TO_CU
1717456075.0327978,322,0.0,47.4,OCC_TO_CU
1717456075.0691931,273,46.7,47.6,CU_TO_DEV
1717456075.141464,273,89.7,47.6,CU_TO_DEV
1717456085.051945,322,4.5,47.4,OCC_TO_CU
1717456085.052585,322,0.0,47.4,OCC_TO_CU
1717456085.0753098,273,45.5,47.4,CU_TO_DEV
1717456085.1479075,273,33.3,47.5,CU_TO_DEV
1717456095.0738208,322,4.5,47.3,OCC_TO_CU
1717456095.0744748,322,0.0,47.3,OCC_TO_CU
1717456095.084364,273,25.0,47.3,CU_TO_DEV
1717456095.1568115,273,40.0,47.5,CU_TO_DEV
1717456104.152618,154,4.1,47.3,OCC_TO_CU
1717456104.1613386,241,25.0,47.3,CU_TO_DEV
1717456104.2898545,241,20.0,47.5,CU_TO_DEV
1717456105.0957472,322,6.5,47.6,OCC_TO_CU
1717456105.0963693,322,0.0,47.6,OCC_TO_CU
1717456105.1625555,273,23.1,47.6,CU_TO_DEV
1717456105.2910507,273,14.0,47.6,CU_TO_DEV
1717456115.0765417,322,4.0,47.4,OCC_TO_CU
1717456115.0868924,322,25.0,47.4,OCC_TO_CU
1717456115.0996704,273,60.0,47.5,CU_TO_DEV
1717456115.170742,273,48.4,47.6,CU_TO_DEV
1717456125.1072097,322,5.1,47.4,OCC_TO_CU
1717456125.108281,322,0.0,47.4,OCC_TO_CU
1717456125.179061,273,27.6,47.6,CU_TO_DEV
1717456125.3069744,273,11.5,47.6,CU_TO_DEV
1717456135.1044586,322,4.0,47.4,OCC_TO_CU
1717456135.1135457,273,33.3,47.4,CU_TO_DEV
1717456135.125812,322,80.0,47.4,OCC_TO_CU
1717456135.1871295,273,96.0,47.6,CU_TO_DEV
1717456135.314567,273,85.7,47.6,CU_TO_DEV
1717456145.1230414,322,3.9,47.4,OCC_TO_CU
1717456145.1236749,322,0.0,47.4,OCC_TO_CU
1717456145.1920764,273,29.6,47.6,CU_TO_DEV
1717456145.3211381,273,7.8,47.6,CU_TO_DEV
1717456154.309859,154,3.7,47.4,OCC_TO_CU
1717456154.3269258,241,50.0,47.4,CU_TO_DEV
1717456154.3979461,241,57.7,47.6,CU_TO_DEV
1717456155.1232803,322,5.5,47.6,OCC_TO_CU
1717456155.1286633,273,33.3,47.6,CU_TO_DEV
1717456155.1287625,322,33.3,47.6,OCC_TO_CU
1717456155.1995056,273,88.5,47.6,CU_TO_DEV
1717456155.3294866,273,58.2,47.6,CU_TO_DEV
1717456165.1326685,322,4.7,47.3,OCC_TO_CU
1717456165.1333416,322,0.0,47.3,OCC_TO_CU
1717456165.1358037,273,0.0,47.3,CU_TO_DEV
1717456165.2090392,273,24.1,47.6,CU_TO_DEV
1717456175.1639206,322,4.1,47.2,OCC_TO_CU
1717456175.164573,322,0.0,47.2,OCC_TO_CU
1717456175.2146208,273,33.3,47.4,CU_TO_DEV
1717456175.3428073,273,12.0,47.5,CU_TO_DEV
1717456185.1550026,322,4.1,47.3,OCC_TO_CU
1717456185.1566882,322,0.0,47.3,OCC_TO_CU
1717456185.220007,273,39.3,47.5,CU_TO_DEV
1717456185.3514009,273,9.6,47.5,CU_TO_DEV
1717456195.1615345,322,4.1,47.3,OCC_TO_CU
1717456195.1621833,322,0.0,47.3,OCC_TO_CU
1717456195.2250946,273,30.8,47.6,CU_TO_DEV
1717456195.3578322,273,9.6,47.6,CU_TO_DEV
1717456204.2830074,154,3.9,47.4,OCC_TO_CU
1717456204.3628829,241,32.3,47.6,CU_TO_DEV
1717456204.4296894,241,25.9,47.7,CU_TO_DEV
1717456205.197955,322,4.6,47.7,OCC_TO_CU
1717456205.2226956,322,50.0,47.7,OCC_TO_CU
1717456205.2307394,273,50.0,47.7,CU_TO_DEV
1717456205.3641214,273,28.0,47.7,CU_TO_DEV
1717456215.18463,322,5.0,47.4,OCC_TO_CU
1717456215.201007,322,33.3,47.4,OCC_TO_CU
1717456215.2366,273,43.7,47.6,CU_TO_DEV
1717456215.37341,273,13.0,47.6,CU_TO_DEV
1717456225.194879,322,4.4,47.4,OCC_TO_CU
1717456225.1955042,322,0.0,47.4,OCC_TO_CU
1717456225.2493303,273,77.3,47.6,CU_TO_DEV
1717456225.3789988,273,84.0,47.6,CU_TO_DEV
1717456235.2043943,322,3.6,47.4,OCC_TO_CU
1717456235.2050478,322,0.0,47.4,OCC_TO_CU
1717456235.2556746,273,27.8,47.6,CU_TO_DEV
1717456235.3847263,273,11.8,47.6,CU_TO_DEV
1717456245.2112193,322,4.0,47.4,OCC_TO_CU
1717456245.2119823,322,0.0,47.4,OCC_TO_CU
1717456245.261082,273,31.6,47.6,CU_TO_DEV
1717456245.3909018,273,11.8,47.6,CU_TO_DEV
1717456254.3556828,154,4.8,47.3,OCC_TO_CU
1717456254.3983796,241,52.9,47.5,CU_TO_DEV
1717456254.466066,241,18.5,47.5,CU_TO_DEV
1717456255.2449026,322,3.9,47.5,OCC_TO_CU
1717456255.2672064,273,28.6,47.5,CU_TO_DEV
1717456255.2710521,322,0.0,47.5,OCC_TO_CU
1717456255.3995247,273,22.0,47.6,CU_TO_DEV
1717456255.468143,273,7.7,47.6,CU_TO_DEV
1717456265.2554793,322,4.7,47.3,OCC_TO_CU
1717456265.256124,322,0.0,47.3,OCC_TO_CU
1717456265.2735186,273,57.1,47.3,CU_TO_DEV
1717456265.4052064,273,14.3,47.6,CU_TO_DEV
1717456275.2648604,322,4.0,47.4,OCC_TO_CU
1717456275.265492,322,0.0,47.4,OCC_TO_CU
1717456275.2805805,273,57.1,47.4,CU_TO_DEV
1717456275.4106765,273,18.0,47.6,CU_TO_DEV
1717456285.2618306,322,4.1,47.4,OCC_TO_CU
1717456285.2624853,322,0.0,47.4,OCC_TO_CU
1717456285.286835,273,70.0,47.4,CU_TO_DEV
1717456285.4163303,273,86.5,47.6,CU_TO_DEV
1717456295.2873557,322,3.4,47.4,OCC_TO_CU
1717456295.2894008,322,0.0,47.4,OCC_TO_CU
1717456295.293323,273,0.0,47.4,CU_TO_DEV
1717456295.4235666,273,26.9,47.6,CU_TO_DEV
1717456304.3086162,154,5.3,47.3,OCC_TO_CU
1717456304.430322,241,20.8,47.6,CU_TO_DEV
1717456304.5003204,241,7.7,47.6,CU_TO_DEV
1717456305.2837284,322,4.1,47.6,OCC_TO_CU
1717456305.2842293,322,0.0,47.6,OCC_TO_CU
1717456305.301077,273,28.6,47.6,CU_TO_DEV
1717456305.43121,273,15.4,47.6,CU_TO_DEV
1717456315.288989,322,3.7,47.4,OCC_TO_CU
1717456315.2896495,322,0.0,47.4,OCC_TO_CU
1717456315.3066177,273,33.3,47.4,CU_TO_DEV
1717456315.4366896,273,22.6,47.6,CU_TO_DEV
1717456325.3001513,322,4.6,47.4,OCC_TO_CU
1717456325.300818,322,100.0,47.4,OCC_TO_CU
1717456325.3114069,273,25.0,47.4,CU_TO_DEV
1717456325.44384,273,23.5,47.6,CU_TO_DEV
1717456335.3330407,322,4.7,47.3,OCC_TO_CU
1717456335.333661,322,0.0,47.3,OCC_TO_CU
1717456335.4492583,273,14.0,47.5,CU_TO_DEV
1717456335.5189888,273,7.7,47.5,CU_TO_DEV
1717456345.3270652,322,4.2,47.3,OCC_TO_CU
1717456345.3288145,322,0.0,47.3,OCC_TO_CU
1717456345.4556708,273,19.2,47.5,CU_TO_DEV
1717456345.5235522,273,8.0,47.5,CU_TO_DEV
1717456354.3531504,154,5.4,47.3,OCC_TO_CU
1717456354.4623682,241,26.8,47.5,CU_TO_DEV
1717456354.5324206,241,10.7,47.5,CU_TO_DEV
1717456355.338735,322,5.8,47.5,OCC_TO_CU
1717456355.339969,322,0.0,47.5,OCC_TO_CU
1717456355.4633734,273,12.5,47.5,CU_TO_DEV
1717456355.5333438,273,17.2,47.5,CU_TO_DEV
1717456365.3674703,322,4.2,47.3,OCC_TO_CU
1717456365.3681211,322,0.0,47.3,OCC_TO_CU
1717456365.4705133,273,20.5,47.6,CU_TO_DEV
1717456365.5423174,273,13.8,47.6,CU_TO_DEV
1717456375.3589134,322,4.2,47.4,OCC_TO_CU
1717456375.3855698,322,36.4,47.5,OCC_TO_CU
1717456375.477769,273,30.6,47.6,CU_TO_DEV
1717456375.547379,273,17.9,47.6,CU_TO_DEV
1717456385.3648982,322,4.2,47.4,OCC_TO_CU
1717456385.36553,322,0.0,47.4,OCC_TO_CU
1717456385.4836533,273,17.8,47.6,CU_TO_DEV
1717456385.552136,273,11.1,47.6,CU_TO_DEV
1717456395.3735178,322,4.8,47.4,OCC_TO_CU
1717456395.3838608,322,50.0,47.4,OCC_TO_CU
1717456395.4900477,273,26.2,47.6,CU_TO_DEV
1717456395.5593321,273,7.4,47.6,CU_TO_DEV
1717456405.3155286,154,3.9,47.5,OCC_TO_CU
1717456405.3673155,241,85.0,47.7,CU_TO_DEV
1717456405.4015646,322,100.0,47.7,OCC_TO_CU
1717456405.4057527,322,100.0,47.7,OCC_TO_CU
1717456405.495621,273,74.3,47.6,CU_TO_DEV
1717456405.5685751,273,23.3,47.6,CU_TO_DEV
1717456415.4282243,322,5.3,47.3,OCC_TO_CU
1717456415.4287782,322,0.0,47.3,OCC_TO_CU
1717456415.5044692,273,25.8,47.4,CU_TO_DEV
1717456415.5741956,273,7.7,47.4,CU_TO_DEV
1717456425.4118385,322,3.8,47.3,OCC_TO_CU
1717456425.4126468,322,50.0,47.3,OCC_TO_CU
1717456425.5125484,273,18.4,47.5,CU_TO_DEV
1717456425.5788586,273,11.5,47.5,CU_TO_DEV
1717456435.4250393,322,3.8,47.3,OCC_TO_CU
1717456435.427043,322,0.0,47.3,OCC_TO_CU
1717456435.5182629,273,27.0,47.5,CU_TO_DEV
1717456435.5852373,273,11.1,47.5,CU_TO_DEV
1717456445.4817727,322,4.7,47.3,OCC_TO_CU
1717456445.4825864,322,0.0,47.3,OCC_TO_CU
1717456445.5248272,273,35.3,47.5,CU_TO_DEV
1717456445.592388,273,22.2,47.5,CU_TO_DEV
1717456455.4830146,322,4.0,47.3,OCC_TO_CU
1717456455.4837775,322,0.0,47.3,OCC_TO_CU
1717456455.4918797,154,33.3,47.3,OCC_TO_CU
1717456455.5307274,241,60.0,47.5,CU_TO_DEV
1717456455.5975306,241,29.6,47.5,CU_TO_DEV
1717456465.4808762,322,4.1,47.4,OCC_TO_CU
1717456465.481619,322,0.0,47.4,OCC_TO_CU
1717456465.537376,273,30.4,47.6,CU_TO_DEV
1717456465.6027627,273,23.1,47.6,CU_TO_DEV
1717456475.5050466,322,3.9,47.4,OCC_TO_CU
1717456475.5058112,322,0.0,47.4,OCC_TO_CU
1717456475.5457773,273,43.7,47.6,CU_TO_DEV
1717456475.6097317,273,24.0,47.6,CU_TO_DEV
1717456485.4966474,322,5.0,47.4,OCC_TO_CU
1717456485.4972582,322,0.0,47.4,OCC_TO_CU
1717456485.5520732,273,20.0,47.6,CU_TO_DEV
1717456485.6178071,273,21.4,47.6,CU_TO_DEV
1717456495.511804,322,3.6,47.4,OCC_TO_CU
1717456495.512512,322,0.0,47.4,OCC_TO_CU
1717456495.5589867,273,29.4,47.6,CU_TO_DEV
1717456495.6226397,273,23.1,47.6,CU_TO_DEV
1717456505.4575632,154,4.7,47.4,OCC_TO_CU
1717456505.5489779,322,27.0,47.6,OCC_TO_CU
1717456505.5495975,322,0.0,47.6,OCC_TO_CU
1717456505.5662177,273,40.0,47.6,CU_TO_DEV
1717456505.6287687,273,25.0,47.6,CU_TO_DEV
1717456515.5441604,322,4.9,47.3,OCC_TO_CU
1717456515.5448565,322,100.0,47.3,OCC_TO_CU
1717456515.5732052,273,45.5,47.4,CU_TO_DEV
1717456515.6368098,273,37.0,47.5,CU_TO_DEV
1717456525.5506463,322,4.0,47.4,OCC_TO_CU
1717456525.5512683,322,0.0,47.4,OCC_TO_CU
1717456525.5815005,273,46.2,47.5,CU_TO_DEV
1717456525.6421978,273,29.2,47.6,CU_TO_DEV
1717456535.5654461,322,5.9,47.3,OCC_TO_CU
1717456535.5660717,322,0.0,47.3,OCC_TO_CU
1717456535.5923014,273,40.0,47.3,CU_TO_DEV
1717456535.654604,273,34.6,47.5,CU_TO_DEV
1717456545.5989146,322,3.9,47.3,OCC_TO_CU
1717456545.59995,322,0.0,47.3,OCC_TO_CU
1717456545.6598058,273,33.3,47.5,CU_TO_DEV
1717456545.7984674,273,16.4,47.5,CU_TO_DEV
1717456555.5240173,154,3.1,47.3,OCC_TO_CU
1717456555.589356,322,24.0,47.5,OCC_TO_CU
1717456555.5900946,322,0.0,47.5,OCC_TO_CU
1717456555.6044986,273,33.3,47.5,CU_TO_DEV
1717456555.6658611,273,16.7,47.5,CU_TO_DEV
1717456565.596033,322,3.6,47.4,OCC_TO_CU
1717456565.6083374,322,50.0,47.4,OCC_TO_CU
1717456565.610931,273,100.0,47.5,CU_TO_DEV
1717456565.6706936,273,47.8,47.6,CU_TO_DEV
1717456575.6049583,322,5.0,47.4,OCC_TO_CU
1717456575.6055927,322,0.0,47.4,OCC_TO_CU
1717456575.6180067,273,25.0,47.4,CU_TO_DEV
1717456575.676607,273,37.5,47.6,CU_TO_DEV
1717456585.6294668,322,4.3,47.3,OCC_TO_CU
1717456585.6301136,322,0.0,47.3,OCC_TO_CU
1717456585.6831884,273,34.8,47.5,CU_TO_DEV
1717456585.8262613,273,7.3,47.5,CU_TO_DEV
1717456595.629941,322,4.1,47.3,OCC_TO_CU
1717456595.6306107,322,0.0,47.3,OCC_TO_CU
1717456595.6339965,273,0.0,47.3,CU_TO_DEV
1717456595.6889553,273,36.4,47.5,CU_TO_DEV
1717456605.5977435,154,4.2,47.4,OCC_TO_CU
1717456605.6409147,241,33.3,47.6,CU_TO_DEV
1717456605.641792,322,0.0,47.6,OCC_TO_CU
1717456605.6425712,322,0.0,47.6,OCC_TO_CU
1717456605.6941724,273,35.0,47.6,CU_TO_DEV
1717456605.8417492,273,11.7,47.6,CU_TO_DEV
1717456615.6708436,322,5.0,47.4,OCC_TO_CU
1717456615.6715028,322,0.0,47.4,OCC_TO_CU
1717456615.6991582,273,45.5,47.5,CU_TO_DEV
1717456615.8493867,273,13.8,47.6,CU_TO_DEV
1717456625.6704476,322,5.2,47.3,OCC_TO_CU
1717456625.6709635,322,0.0,47.3,OCC_TO_CU
1717456625.7048886,273,46.7,47.5,CU_TO_DEV
1717456625.857696,273,8.2,47.5,CU_TO_DEV
1717456635.692863,322,4.3,47.3,OCC_TO_CU
1717456635.6942878,322,0.0,47.3,OCC_TO_CU
1717456635.710096,273,57.1,47.4,CU_TO_DEV
1717456635.8633733,273,19.0,47.6,CU_TO_DEV
1717456645.6941893,322,4.2,47.4,OCC_TO_CU
1717456645.6948066,322,0.0,47.4,OCC_TO_CU
1717456645.7172482,273,50.0,47.5,CU_TO_DEV
1717456645.8707774,273,15.9,47.6,CU_TO_DEV
1717456655.666073,154,4.6,47.3,OCC_TO_CU
1717456655.6834347,241,42.9,47.3,CU_TO_DEV
1717456655.6959245,322,60.0,47.4,OCC_TO_CU
1717456655.7025733,322,100.0,47.5,OCC_TO_CU
1717456655.722915,273,75.0,47.5,CU_TO_DEV
1717456655.884311,273,18.5,47.6,CU_TO_DEV
1717456665.7236793,322,4.5,47.3,OCC_TO_CU
1717456665.7288024,322,0.0,47.3,OCC_TO_CU
1717456665.73099,273,0.0,47.3,CU_TO_DEV
1717456665.8923192,273,22.2,47.5,CU_TO_DEV
1717456675.721615,322,4.7,47.3,OCC_TO_CU
1717456675.7222416,322,0.0,47.3,OCC_TO_CU
1717456675.7410593,273,42.9,47.3,CU_TO_DEV
1717456675.902039,273,14.3,47.5,CU_TO_DEV
1717456685.7279928,322,3.7,47.3,OCC_TO_CU
1717456685.7290983,322,100.0,47.3,OCC_TO_CU
1717456685.7467551,273,33.3,47.3,CU_TO_DEV
1717456685.9078386,273,12.9,47.5,CU_TO_DEV
1717456695.7429852,322,3.7,47.2,OCC_TO_CU
1717456695.7436316,322,0.0,47.2,OCC_TO_CU
1717456695.7568574,273,71.4,47.2,CU_TO_DEV
1717456695.9130795,273,27.9,47.5,CU_TO_DEV
1717456705.7609885,322,3.2,47.3,OCC_TO_CU
1717456705.7616081,322,0.0,47.3,OCC_TO_CU
1717456705.7649622,273,0.0,47.3,CU_TO_DEV
1717456705.919944,273,11.7,47.6,CU_TO_DEV
1717456706.1576173,154,53.2,47.6,OCC_TO_CU
1717456706.1676462,241,25.0,47.6,CU_TO_DEV
1717456706.3209126,241,15.0,47.6,CU_TO_DEV
1717456715.7731419,322,4.7,47.3,OCC_TO_CU
1717456715.776123,273,0.0,47.3,CU_TO_DEV
1717456715.7786956,322,0.0,47.3,OCC_TO_CU
1717456715.9264436,273,19.6,47.4,CU_TO_DEV
1717456715.9766412,273,18.2,47.5,CU_TO_DEV
1717456725.7897015,322,3.9,47.3,OCC_TO_CU
1717456725.8079114,322,42.9,47.3,OCC_TO_CU
1717456725.9331996,273,25.5,47.5,CU_TO_DEV
1717456725.9841497,273,18.2,47.5,CU_TO_DEV
1717456735.797451,322,4.1,47.3,OCC_TO_CU
1717456735.7982473,322,0.0,47.3,OCC_TO_CU
1717456735.9391356,273,11.3,47.5,CU_TO_DEV
1717456735.9896102,273,10.5,47.5,CU_TO_DEV
1717456745.8103716,322,4.9,47.3,OCC_TO_CU
1717456745.8109071,322,0.0,47.3,OCC_TO_CU
1717456745.9451401,273,14.5,47.5,CU_TO_DEV
1717456745.997109,273,14.3,47.5,CU_TO_DEV
1717456755.8365111,322,3.8,47.3,OCC_TO_CU
1717456755.8373373,322,0.0,47.3,OCC_TO_CU
1717456755.9505548,273,18.2,47.5,CU_TO_DEV
1717456756.0022335,273,14.3,47.5,CU_TO_DEV
1717456756.226774,154,14.1,47.5,OCC_TO_CU
1717456756.351424,241,18.0,47.5,CU_TO_DEV
1717456756.4031997,241,25.0,47.6,CU_TO_DEV
1717456765.845233,322,5.1,47.3,OCC_TO_CU
1717456765.8460264,322,0.0,47.3,OCC_TO_CU
1717456765.9582443,273,17.8,47.5,CU_TO_DEV
1717456766.0084832,273,15.0,47.5,CU_TO_DEV
1717456775.8459618,322,4.9,47.3,OCC_TO_CU
1717456775.846849,322,0.0,47.3,OCC_TO_CU
1717456775.973159,273,10.4,47.4,CU_TO_DEV
1717456776.0143754,273,12.5,47.4,CU_TO_DEV
1717456785.8590243,322,3.8,47.3,OCC_TO_CU
1717456785.8599658,322,0.0,47.3,OCC_TO_CU
1717456785.9799063,273,16.3,47.5,CU_TO_DEV
1717456786.0194054,273,20.0,47.5,CU_TO_DEV
1717456795.8702688,322,3.9,47.4,OCC_TO_CU
1717456795.8710217,322,0.0,47.4,OCC_TO_CU
1717456795.9855223,273,17.0,47.5,CU_TO_DEV
1717456796.0242844,273,13.3,47.6,CU_TO_DEV
1717456805.893457,322,6.3,47.3,OCC_TO_CU
1717456805.8941956,322,0.0,47.3,OCC_TO_CU
1717456805.9934149,273,17.5,47.4,CU_TO_DEV
1717456806.0333211,273,17.6,47.4,CU_TO_DEV
1717456806.196896,154,15.4,47.4,OCC_TO_CU
1717456806.2340937,241,28.6,47.4,CU_TO_DEV
1717456806.394251,241,12.5,47.4,CU_TO_DEV
1717456815.904234,322,3.6,47.3,OCC_TO_CU
1717456815.9048746,322,0.0,47.3,OCC_TO_CU
1717456815.9994123,273,25.6,47.5,CU_TO_DEV
1717456816.0392,273,18.8,47.5,CU_TO_DEV
1717456825.9068897,322,5.0,47.3,OCC_TO_CU
1717456825.9118855,322,0.0,47.3,OCC_TO_CU
1717456826.0063992,273,24.3,47.5,CU_TO_DEV
1717456826.0449224,273,20.0,47.5,CU_TO_DEV
1717456835.9186757,322,3.6,47.3,OCC_TO_CU
1717456835.9193106,322,0.0,47.3,OCC_TO_CU
1717456836.012133,273,19.4,47.4,CU_TO_DEV
1717456836.0497324,273,20.0,47.4,CU_TO_DEV
1717456845.931904,322,4.2,47.3,OCC_TO_CU
1717456845.9325309,322,0.0,47.3,OCC_TO_CU
1717456846.0181692,273,25.7,47.5,CU_TO_DEV
1717456846.0546489,273,15.4,47.5,CU_TO_DEV
1717456855.940902,322,4.7,47.3,OCC_TO_CU
1717456855.941571,322,0.0,47.3,OCC_TO_CU
1717456856.0251038,273,23.5,47.5,CU_TO_DEV
1717456856.05992,273,8.3,47.5,CU_TO_DEV
1717456856.2712796,154,13.3,47.5,OCC_TO_CU
1717456856.425935,241,14.5,47.5,CU_TO_DEV
1717456856.4608855,241,37.5,47.5,CU_TO_DEV
1717456865.9749517,322,4.2,47.4,OCC_TO_CU
1717456865.97571,322,0.0,47.4,OCC_TO_CU
1717456866.031949,273,27.3,47.5,CU_TO_DEV
1717456866.066229,273,40.0,47.5,CU_TO_DEV
1717456875.9764192,322,4.3,47.4,OCC_TO_CU
1717456875.9770603,322,100.0,47.4,OCC_TO_CU
1717456876.038806,273,28.0,47.6,CU_TO_DEV
1717456876.071567,273,10.0,47.6,CU_TO_DEV
1717456885.9859207,322,4.4,47.5,OCC_TO_CU
1717456885.9865623,322,0.0,47.5,OCC_TO_CU
1717456886.045679,273,29.2,47.7,CU_TO_DEV
1717456886.0768278,273,35.7,47.7,CU_TO_DEV
1717456896.0186224,322,6.0,47.4,OCC_TO_CU
1717456896.0191164,322,0.0,47.4,OCC_TO_CU
1717456896.0610447,273,73.7,47.4,CU_TO_DEV
1717456896.087514,273,100.0,47.5,CU_TO_DEV
1717456905.9987967,322,5.4,47.2,OCC_TO_CU
1717456906.0060644,322,50.0,47.2,OCC_TO_CU
1717456906.0681107,273,41.7,47.4,CU_TO_DEV
1717456906.0940335,273,36.4,47.4,CU_TO_DEV
1717456906.3487165,154,13.7,47.4,OCC_TO_CU
1717456906.4695475,241,18.0,47.4,CU_TO_DEV
1717456906.4948668,241,20.0,47.4,CU_TO_DEV
1717456916.0108354,322,3.9,47.2,OCC_TO_CU
1717456916.0115693,322,0.0,47.2,OCC_TO_CU
1717456916.0749228,273,33.3,47.4,CU_TO_DEV
1717456916.0997388,273,30.0,47.4,CU_TO_DEV
1717456926.0156393,322,4.4,47.2,OCC_TO_CU
1717456926.0167472,322,0.0,47.2,OCC_TO_CU
1717456926.0808,273,25.0,47.5,CU_TO_DEV
1717456926.1055493,273,30.0,47.5,CU_TO_DEV
1717456936.0325794,322,4.0,47.3,OCC_TO_CU
1717456936.0342693,322,0.0,47.3,OCC_TO_CU
1717456936.0876145,273,30.0,47.5,CU_TO_DEV
1717456936.1111188,273,33.3,47.5,CU_TO_DEV
1717456946.0403333,322,4.9,47.3,OCC_TO_CU
1717456946.0410964,322,100.0,47.3,OCC_TO_CU
1717456946.0970209,273,25.0,47.5,CU_TO_DEV
1717456946.1199908,273,44.4,47.5,CU_TO_DEV
1717456956.0489936,322,3.9,47.3,OCC_TO_CU
1717456956.0496416,322,0.0,47.3,OCC_TO_CU
1717456956.103696,273,25.0,47.5,CU_TO_DEV
1717456956.1261196,273,25.0,47.5,CU_TO_DEV
1717456956.4238122,154,15.0,47.6,OCC_TO_CU
1717456956.5047255,241,31.3,47.6,CU_TO_DEV
1717456956.527379,241,33.3,47.6,CU_TO_DEV
1717456966.061107,322,3.7,47.3,OCC_TO_CU
1717456966.061735,322,0.0,47.3,OCC_TO_CU
1717456966.1106536,273,35.0,47.5,CU_TO_DEV
1717456966.1330621,273,44.4,47.5,CU_TO_DEV
1717456976.073167,322,4.2,47.4,OCC_TO_CU
1717456976.0742173,322,0.0,47.4,OCC_TO_CU
1717456976.116402,273,35.3,47.6,CU_TO_DEV
1717456976.1397057,273,37.5,47.6,CU_TO_DEV
1717456986.084025,322,5.2,47.4,OCC_TO_CU
1717456986.084536,322,0.0,47.4,OCC_TO_CU
1717456986.1254075,273,38.9,47.6,CU_TO_DEV
1717456986.1456566,273,44.4,47.6,CU_TO_DEV
1717456996.0954459,322,4.6,47.3,OCC_TO_CU
1717456996.0960798,322,0.0,47.3,OCC_TO_CU
1717456996.1328545,273,73.3,47.4,CU_TO_DEV
1717456996.1555307,273,100.0,47.5,CU_TO_DEV
1717457006.1048586,322,5.0,47.3,OCC_TO_CU
1717457006.1055973,322,0.0,47.3,OCC_TO_CU
1717457006.1430948,273,35.7,47.4,CU_TO_DEV
1717457006.1610994,273,50.0,47.5,CU_TO_DEV
1717457006.4004695,154,14.0,47.5,OCC_TO_CU
1717457006.5443296,241,13.8,47.5,CU_TO_DEV
1717457006.5622137,241,42.9,47.5,CU_TO_DEV
1717457016.1102686,322,3.7,47.3,OCC_TO_CU
1717457016.1311624,322,50.0,47.3,OCC_TO_CU
1717457016.1520545,273,62.5,47.5,CU_TO_DEV
1717457016.1699944,273,100.0,47.5,CU_TO_DEV
1717457026.1315415,322,5.1,47.3,OCC_TO_CU
1717457026.1449385,322,50.0,47.2,OCC_TO_CU
1717457026.158343,273,60.0,47.3,CU_TO_DEV
1717457026.179069,273,85.7,47.4,CU_TO_DEV
1717457036.12809,322,5.1,47.2,OCC_TO_CU
1717457036.1286974,322,0.0,47.2,OCC_TO_CU
1717457036.1666946,273,40.0,47.4,CU_TO_DEV
1717457036.1851668,273,50.0,47.4,CU_TO_DEV
1717457046.1508775,322,4.2,47.3,OCC_TO_CU
1717457046.1515303,322,0.0,47.3,OCC_TO_CU
1717457046.1739454,273,50.0,47.3,CU_TO_DEV
1717457046.191082,273,62.5,47.5,CU_TO_DEV
1717457056.1626081,322,4.1,47.3,OCC_TO_CU
1717457056.1643255,322,0.0,47.3,OCC_TO_CU
1717457056.1795769,273,57.1,47.3,CU_TO_DEV
1717457056.1976736,273,57.1,47.5,CU_TO_DEV
1717457056.4655006,154,13.1,47.6,OCC_TO_CU
1717457056.5804424,241,11.4,47.6,CU_TO_DEV
1717457056.598888,241,28.6,47.6,CU_TO_DEV
1717457066.1562045,322,3.9,47.4,OCC_TO_CU
1717457066.1568608,322,100.0,47.4,OCC_TO_CU
1717457066.18743,273,36.4,47.4,CU_TO_DEV
1717457066.2042341,273,50.0,47.6,CU_TO_DEV
1717457076.1870992,322,5.9,47.3,OCC_TO_CU
1717457076.1877213,322,0.0,47.3,OCC_TO_CU
1717457076.1981754,273,50.0,47.3,CU_TO_DEV
1717457076.2116275,273,60.0,47.4,CU_TO_DEV
1717457086.1846123,322,3.9,47.3,OCC_TO_CU
1717457086.1853237,322,0.0,47.3,OCC_TO_CU
1717457086.204826,273,42.9,47.3,CU_TO_DEV
1717457086.2187395,273,66.7,47.4,CU_TO_DEV
1717457096.189047,322,4.0,47.3,OCC_TO_CU
1717457096.1911,322,0.0,47.3,OCC_TO_CU
1717457096.211329,273,75.0,47.3,CU_TO_DEV
1717457096.2264597,273,100.0,47.3,CU_TO_DEV
1717457106.2123954,322,5.1,47.3,OCC_TO_CU
1717457106.2133884,322,0.0,47.3,OCC_TO_CU
1717457106.2177389,273,0.0,47.3,CU_TO_DEV
1717457106.2349327,273,71.4,47.3,CU_TO_DEV
1717457106.4329097,154,21.5,47.5,OCC_TO_CU
1717457106.4363692,241,0.0,47.5,CU_TO_DEV
1717457106.6186008,241,14.1,47.5,CU_TO_DEV
1717457116.2114613,322,4.2,47.3,OCC_TO_CU
1717457116.212116,322,0.0,47.3,OCC_TO_CU
1717457116.2248828,273,40.0,47.3,CU_TO_DEV
1717457116.241522,273,50.0,47.4,CU_TO_DEV
1717457126.221385,322,4.5,47.2,OCC_TO_CU
1717457126.2255843,322,0.0,47.2,OCC_TO_CU
1717457126.2335584,273,50.0,47.2,CU_TO_DEV
1717457126.2511384,273,40.0,47.4,CU_TO_DEV
1717457136.2390916,322,4.1,47.3,OCC_TO_CU
1717457136.239605,322,0.0,47.3,OCC_TO_CU
1717457136.2399342,273,0.0,47.3,CU_TO_DEV
1717457136.2600248,273,66.7,47.3,CU_TO_DEV
1717457136.4405417,273,65.8,47.5,CU_TO_DEV
1717457146.2461956,322,4.2,47.3,OCC_TO_CU
1717457146.2468386,322,0.0,47.3,OCC_TO_CU
1717457146.266485,273,55.6,47.3,CU_TO_DEV
1717457146.4460962,273,19.7,47.5,CU_TO_DEV
1717457156.2671928,322,4.6,47.3,OCC_TO_CU
1717457156.267901,322,0.0,47.3,OCC_TO_CU
1717457156.2794414,273,25.0,47.3,CU_TO_DEV
1717457156.4516454,273,23.9,47.5,CU_TO_DEV
1717457156.517073,154,12.5,47.5,OCC_TO_CU
1717457156.6524289,241,17.0,47.5,CU_TO_DEV
1717457156.680695,241,33.3,47.5,CU_TO_DEV
1717457166.2622147,322,4.2,47.3,OCC_TO_CU
1717457166.2662966,322,0.0,47.3,OCC_TO_CU
1717457166.2868896,273,42.9,47.4,CU_TO_DEV
1717457166.4593842,273,24.6,47.5,CU_TO_DEV
1717457176.2847266,322,6.1,48.1,OCC_TO_CU
1717457176.2854428,322,0.0,48.1,OCC_TO_CU
1717457176.29807,273,25.0,48.1,CU_TO_DEV
1717457176.4661038,273,18.2,48.3,CU_TO_DEV
1717457186.2914786,322,4.1,47.3,OCC_TO_CU
1717457186.3039875,273,20.0,47.3,CU_TO_DEV
1717457186.3096983,322,100.0,47.3,OCC_TO_CU
1717457186.4751596,273,29.4,47.5,CU_TO_DEV
1717457186.5055406,273,46.2,47.5,CU_TO_DEV
1717457196.3169975,322,4.0,47.4,OCC_TO_CU
1717457196.3267298,322,0.0,47.4,OCC_TO_CU
1717457196.4831734,273,92.2,47.6,CU_TO_DEV
1717457196.5109172,273,90.9,47.6,CU_TO_DEV
1717457206.3167396,322,3.5,47.4,OCC_TO_CU
1717457206.3172724,322,0.0,47.4,OCC_TO_CU
1717457206.4900548,273,11.8,47.6,CU_TO_DEV
1717457206.5166018,273,63.6,47.5,CU_TO_DEV
1717457206.5886269,154,17.9,47.6,OCC_TO_CU
1717457206.6910322,241,22.5,47.6,CU_TO_DEV
1717457206.7174377,241,25.0,47.6,CU_TO_DEV
1717457216.3235438,322,4.9,47.3,OCC_TO_CU
1717457216.3265865,322,0.0,47.3,OCC_TO_CU
1717457216.327297,273,0.0,47.3,CU_TO_DEV
1717457216.4969504,273,18.2,47.6,CU_TO_DEV
1717457226.3517857,322,3.6,47.4,OCC_TO_CU
1717457226.3525386,322,0.0,47.4,OCC_TO_CU
1717457226.5037398,273,18.0,47.6,CU_TO_DEV
1717457226.5328815,273,54.5,47.6,CU_TO_DEV
1717457236.3669817,322,4.4,47.3,OCC_TO_CU
1717457236.3676233,322,0.0,47.3,OCC_TO_CU
1717457236.5127635,273,20.7,47.5,CU_TO_DEV
1717457236.5395339,273,50.0,47.5,CU_TO_DEV
1717457246.3599539,322,3.6,47.4,OCC_TO_CU
1717457246.3606153,322,100.0,47.4,OCC_TO_CU
1717457246.5189147,273,17.5,47.6,CU_TO_DEV
1717457246.5443807,273,55.6,47.6,CU_TO_DEV
1717457256.3961332,322,3.7,47.4,OCC_TO_CU
1717457256.396799,322,100.0,47.4,OCC_TO_CU
1717457256.5254278,273,66.7,47.6,CU_TO_DEV
1717457256.5507495,273,100.0,47.6,CU_TO_DEV
1717457256.5561721,154,66.7,47.6,OCC_TO_CU
1717457256.729054,241,92.8,47.6,CU_TO_DEV
1717457256.751813,241,100.0,47.6,CU_TO_DEV
1717457266.3830597,322,3.6,47.3,OCC_TO_CU
1717457266.3851252,322,0.0,47.3,OCC_TO_CU
1717457266.5352776,273,14.8,47.5,CU_TO_DEV
1717457266.5577972,273,75.0,47.5,CU_TO_DEV
1717457276.392307,322,4.4,47.4,OCC_TO_CU
1717457276.392955,322,100.0,47.4,OCC_TO_CU
1717457276.5435894,273,17.2,47.6,CU_TO_DEV
1717457276.5636687,273,62.5,47.6,CU_TO_DEV
1717457286.4041567,322,3.9,47.4,OCC_TO_CU
1717457286.4048333,322,0.0,47.4,OCC_TO_CU
1717457286.5512059,273,14.0,47.7,CU_TO_DEV
1717457286.570018,273,83.3,47.6,CU_TO_DEV
1717457296.427545,322,3.8,47.4,OCC_TO_CU
1717457296.4282043,322,0.0,47.4,OCC_TO_CU
1717457296.5649567,273,90.9,47.6,CU_TO_DEV
1717457296.5822637,273,100.0,47.6,CU_TO_DEV
1717457306.4385717,322,4.8,47.3,OCC_TO_CU
1717457306.4390874,322,0.0,47.3,OCC_TO_CU
1717457306.5710633,273,21.2,47.5,CU_TO_DEV
1717457306.5906563,273,37.5,47.5,CU_TO_DEV
1717457306.634701,154,23.5,47.5,OCC_TO_CU
1717457306.77186,241,23.2,47.5,CU_TO_DEV
1717457306.7916243,241,28.6,47.5,CU_TO_DEV
1717457316.440463,322,4.6,47.3,OCC_TO_CU
1717457316.441407,322,0.0,47.3,OCC_TO_CU
1717457316.5784173,273,23.6,47.4,CU_TO_DEV
1717457316.603312,273,37.5,47.4,CU_TO_DEV
1717457326.4525542,322,4.1,47.3,OCC_TO_CU
1717457326.4532475,322,100.0,47.3,OCC_TO_CU
1717457326.585433,273,24.5,47.6,CU_TO_DEV
1717457326.6093376,273,44.4,47.6,CU_TO_DEV
1717457336.4549558,322,4.2,47.4,OCC_TO_CU
1717457336.4558342,322,0.0,47.4,OCC_TO_CU
1717457336.5920718,273,23.6,47.5,CU_TO_DEV
1717457336.6146047,273,55.6,47.5,CU_TO_DEV
1717457346.4749863,322,4.2,47.4,OCC_TO_CU
1717457346.475788,322,0.0,47.4,OCC_TO_CU
1717457346.5980637,273,25.0,47.6,CU_TO_DEV
1717457346.6193557,273,50.0,47.6,CU_TO_DEV
1717457356.489805,322,5.2,47.3,OCC_TO_CU
1717457356.516965,322,50.0,47.4,OCC_TO_CU
1717457356.608985,273,35.1,47.5,CU_TO_DEV
1717457356.6120734,154,0.0,47.5,OCC_TO_CU
1717457356.626794,241,100.0,47.6,CU_TO_DEV
1717457356.810025,241,19.4,47.6,CU_TO_DEV
1717457366.4953866,322,3.9,47.4,OCC_TO_CU
1717457366.4960275,322,0.0,47.4,OCC_TO_CU
1717457366.6165137,273,34.7,47.6,CU_TO_DEV
1717457366.6320443,273,62.5,47.6,CU_TO_DEV
1717457376.5096729,322,3.7,47.5,OCC_TO_CU
1717457376.5103455,322,0.0,47.5,OCC_TO_CU
1717457376.6228426,273,93.3,47.7,CU_TO_DEV
1717457376.6419795,273,87.5,47.7,CU_TO_DEV
1717457386.5141034,322,3.9,47.4,OCC_TO_CU
1717457386.514906,322,0.0,47.4,OCC_TO_CU
1717457386.6295338,273,30.4,47.7,CU_TO_DEV
1717457386.6468616,273,42.9,47.6,CU_TO_DEV
1717457396.5296395,322,6.9,47.2,OCC_TO_CU
1717457396.5420365,322,40.0,47.2,OCC_TO_CU
1717457396.6389725,273,42.1,47.4,CU_TO_DEV
1717457396.6541007,273,33.3,47.4,CU_TO_DEV
1717457406.536958,322,4.4,47.2,OCC_TO_CU
1717457406.5377593,322,0.0,47.2,OCC_TO_CU
1717457406.6292787,154,23.5,47.4,OCC_TO_CU
1717457406.6448243,241,100.0,47.4,CU_TO_DEV
1717457406.6596477,241,75.0,47.4,CU_TO_DEV
1717457416.5455356,322,4.0,47.2,OCC_TO_CU
1717457416.5496502,322,0.0,47.2,OCC_TO_CU
1717457416.651889,273,40.0,47.5,CU_TO_DEV
1717457416.6648433,273,66.7,47.5,CU_TO_DEV
1717457426.55559,322,3.6,47.3,OCC_TO_CU
1717457426.5563889,322,0.0,47.3,OCC_TO_CU
1717457426.6588008,273,31.0,47.5,CU_TO_DEV
1717457426.6706796,273,60.0,47.6,CU_TO_DEV
1717457436.5717137,322,4.3,47.4,OCC_TO_CU
1717457436.5789797,322,0.0,47.4,OCC_TO_CU
1717457436.664592,273,51.4,47.6,CU_TO_DEV
1717457436.6796987,273,50.0,47.6,CU_TO_DEV
1717457446.5889494,322,5.1,47.3,OCC_TO_CU
1717457446.5895941,322,0.0,47.3,OCC_TO_CU
1717457446.6735494,273,39.4,47.5,CU_TO_DEV
1717457446.6856928,273,33.3,47.5,CU_TO_DEV
1717457456.61577,322,3.9,47.4,OCC_TO_CU
1717457456.6162639,322,0.0,47.4,OCC_TO_CU
1717457456.6798089,273,34.8,47.5,CU_TO_DEV
1717457456.6910024,273,66.7,47.6,CU_TO_DEV
1717457457.781013,154,8.2,47.7,OCC_TO_CU
1717457457.8811631,241,25.6,47.8,CU_TO_DEV
1717457457.8928165,241,25.0,47.8,CU_TO_DEV
1717457466.6143541,322,3.7,47.5,OCC_TO_CU
1717457466.6148746,322,0.0,47.5,OCC_TO_CU
1717457466.686679,273,41.4,47.7,CU_TO_DEV
1717457466.6978598,273,50.0,47.7,CU_TO_DEV
1717457476.6176007,322,4.9,47.5,OCC_TO_CU
1717457476.6181083,322,0.0,47.5,OCC_TO_CU
1717457476.692742,273,43.3,47.7,CU_TO_DEV
1717457476.7033658,273,25.0,47.7,CU_TO_DEV
1717457486.6306744,322,5.1,47.4,OCC_TO_CU
1717457486.6312318,322,0.0,47.4,OCC_TO_CU
1717457486.6988423,273,38.5,47.6,CU_TO_DEV
1717457486.7100625,273,33.3,47.6,CU_TO_DEV
1717457496.6344955,322,4.0,47.4,OCC_TO_CU
1717457496.635281,322,0.0,47.4,OCC_TO_CU
1717457496.7051117,273,89.7,47.7,CU_TO_DEV
1717457496.7158134,273,100.0,47.7,CU_TO_DEV
1717457506.6500578,322,4.8,47.4,OCC_TO_CU
1717457506.6506543,322,0.0,47.4,OCC_TO_CU
1717457506.7169704,273,88.9,47.5,CU_TO_DEV
1717457506.7225916,273,100.0,47.5,CU_TO_DEV
1717457507.7533448,154,13.1,47.6,OCC_TO_CU
1717457507.9180617,241,21.9,47.7,CU_TO_DEV
1717457507.9242873,241,0.0,47.7,CU_TO_DEV
1717457516.6574275,322,3.2,47.4,OCC_TO_CU
1717457516.6580582,322,0.0,47.4,OCC_TO_CU
1717457516.722816,273,48.0,47.5,CU_TO_DEV
1717457516.7285566,273,66.7,47.4,CU_TO_DEV
1717457526.6876817,322,3.5,47.4,OCC_TO_CU
1717457526.6882114,322,0.0,47.4,OCC_TO_CU
1717457526.7288628,273,64.7,47.6,CU_TO_DEV
1717457526.7340522,273,0.0,47.6,CU_TO_DEV
1717457536.6916745,322,5.2,47.4,OCC_TO_CU
1717457536.6924381,322,0.0,47.4,OCC_TO_CU
1717457536.7365139,273,64.7,47.6,CU_TO_DEV
1717457536.7411816,273,100.0,47.6,CU_TO_DEV
1717457546.6990762,322,3.8,47.4,OCC_TO_CU
1717457546.7119277,322,25.0,47.4,OCC_TO_CU
1717457546.743878,273,84.6,47.6,CU_TO_DEV
1717457546.747957,273,100.0,47.6,CU_TO_DEV
1717457556.7167778,322,4.4,47.6,OCC_TO_CU
1717457556.7172923,322,0.0,47.6,OCC_TO_CU
1717457556.7520025,273,73.3,47.6,CU_TO_DEV
1717457556.7546408,273,100.0,47.6,CU_TO_DEV
1717457557.9254758,154,15.7,47.7,OCC_TO_CU
1717457557.9553177,241,69.2,47.7,CU_TO_DEV
1717457557.9588125,241,0.0,47.7,CU_TO_DEV
1717457566.7249167,322,4.2,47.5,OCC_TO_CU
1717457566.7266066,322,0.0,47.5,OCC_TO_CU
1717457566.7611835,273,76.9,47.5,CU_TO_DEV
1717457566.7631001,273,0.0,47.5,CU_TO_DEV
1717457576.756665,322,5.4,47.5,OCC_TO_CU
1717457576.757163,322,0.0,47.5,OCC_TO_CU
1717457576.7688842,273,50.0,47.5,CU_TO_DEV
1717457576.7738302,273,100.0,47.4,CU_TO_DEV
1717457586.7420564,322,4.4,47.5,OCC_TO_CU
1717457586.7492197,322,66.7,47.5,OCC_TO_CU
1717457586.7770312,273,100.0,47.6,CU_TO_DEV
1717457586.780373,273,0.0,47.6,CU_TO_DEV
1717457596.7899573,322,4.3,47.5,OCC_TO_CU
1717457596.7909648,322,0.0,47.5,OCC_TO_CU
1717457596.9832773,273,76.6,47.7,CU_TO_DEV
1717457596.9851456,273,0.0,47.7,CU_TO_DEV
1717457606.798385,322,3.5,47.5,OCC_TO_CU
1717457606.799298,322,0.0,47.5,OCC_TO_CU
1717457606.9884741,273,12.3,47.7,CU_TO_DEV
1717457606.9890277,273,100.0,47.7,CU_TO_DEV
1717457607.7981489,154,3.1,47.7,OCC_TO_CU
1717457607.9897232,241,31.3,47.8,CU_TO_DEV
1717457607.9902542,241,0.0,47.8,CU_TO_DEV
1717457616.8146596,322,4.4,47.5,OCC_TO_CU
1717457616.8160448,322,0.0,47.5,OCC_TO_CU
1717457616.9949644,273,19.2,47.7,CU_TO_DEV
1717457616.9956722,273,0.0,47.7,CU_TO_DEV
1717457626.8091185,322,5.0,47.5,OCC_TO_CU
1717457626.8101754,322,0.0,47.5,OCC_TO_CU
1717457627.0012693,273,19.5,47.7,CU_TO_DEV
1717457627.0012088,273,19.5,47.7,CU_TO_DEV
1717457636.828159,322,4.7,47.5,OCC_TO_CU
1717457636.829334,322,0.0,47.5,OCC_TO_CU
1717457637.008776,273,15.3,47.7,CU_TO_DEV
1717457637.0087206,273,15.3,47.7,CU_TO_DEV
1717457646.849128,322,4.8,47.4,OCC_TO_CU
1717457646.8499365,322,0.0,47.4,OCC_TO_CU
1717457647.0174236,273,16.7,47.6,CU_TO_DEV
1717457647.0195775,273,0.0,47.6,CU_TO_DEV
1717457656.8470445,322,4.0,47.5,OCC_TO_CU
1717457656.8483107,322,0.0,47.5,OCC_TO_CU
1717457657.0230553,273,17.1,47.7,CU_TO_DEV
1717457657.0244548,273,0.0,47.7,CU_TO_DEV
1717457658.0757015,154,8.3,47.6,OCC_TO_CU
1717457658.2255027,241,10.2,47.8,CU_TO_DEV
1717457658.2256722,241,10.2,47.8,CU_TO_DEV
1717457666.8846612,322,5.7,47.6,OCC_TO_CU
1717457666.8855536,322,0.0,47.6,OCC_TO_CU
1717457667.0309134,273,12.5,47.8,CU_TO_DEV
1717457667.0332673,273,0.0,47.8,CU_TO_DEV
1717457676.9128554,322,4.1,47.5,OCC_TO_CU
1717457676.9148762,322,0.0,47.5,OCC_TO_CU
1717457677.0367808,273,22.4,47.8,CU_TO_DEV
1717457677.0376632,273,0.0,47.8,CU_TO_DEV
1717457686.8842053,322,4.2,47.6,OCC_TO_CU
1717457686.888325,322,50.0,47.6,OCC_TO_CU
1717457687.0428116,273,18.0,47.8,CU_TO_DEV
1717457687.0429108,273,18.0,47.8,CU_TO_DEV
1717457696.9101694,322,4.1,47.7,OCC_TO_CU
1717457696.9107974,322,0.0,47.7,OCC_TO_CU
1717457697.049658,273,90.9,47.9,CU_TO_DEV
1717457697.0494397,273,90.9,47.9,CU_TO_DEV
1717457706.9342535,322,3.7,47.6,OCC_TO_CU
1717457706.9349763,322,0.0,47.6,OCC_TO_CU
1717457707.0575845,273,24.0,47.8,CU_TO_DEV
1717457707.0577292,273,24.0,47.8,CU_TO_DEV
1717457707.9412425,154,4.2,47.8,OCC_TO_CU
1717457708.0594985,241,39.1,47.8,CU_TO_DEV
1717457708.0592604,241,39.1,47.8,CU_TO_DEV
1717457716.9653754,322,5.2,47.6,OCC_TO_CU
1717457716.966446,322,0.0,47.6,OCC_TO_CU
1717457717.0663872,273,17.9,47.8,CU_TO_DEV
1717457717.0662906,273,18.4,47.8,CU_TO_DEV
1717457726.9448738,322,4.7,47.5,OCC_TO_CU
1717457726.945537,322,0.0,47.5,OCC_TO_CU
1717457727.074063,273,18.0,47.7,CU_TO_DEV
1717457727.0751472,273,0.0,47.7,CU_TO_DEV
1717457736.9893885,322,4.1,47.5,OCC_TO_CU
1717457736.990431,322,0.0,47.5,OCC_TO_CU
1717457737.0807846,273,26.5,47.7,CU_TO_DEV
1717457737.0808473,273,26.5,47.7,CU_TO_DEV
1717457746.9774437,322,4.4,47.6,OCC_TO_CU
1717457746.9781508,322,0.0,47.6,OCC_TO_CU
1717457747.0864697,273,19.5,47.7,CU_TO_DEV
1717457747.0863187,273,19.5,47.7,CU_TO_DEV
1717457757.0129032,322,5.5,47.6,OCC_TO_CU
1717457757.0145495,322,0.0,47.6,OCC_TO_CU
1717457757.0932002,273,93.9,47.8,CU_TO_DEV
1717457757.0964954,273,0.0,47.8,CU_TO_DEV
1717457757.9181674,154,8.9,47.7,OCC_TO_CU
1717457758.100339,241,18.6,47.8,CU_TO_DEV
1717457758.1008115,241,100.0,47.8,CU_TO_DEV
1717457767.0000298,322,4.1,47.5,OCC_TO_CU
1717457767.0006456,322,50.0,47.5,OCC_TO_CU
1717457767.106092,273,25.0,47.7,CU_TO_DEV
1717457767.1067867,273,0.0,47.7,CU_TO_DEV
1717457777.0063286,322,4.1,47.3,OCC_TO_CU
1717457777.0069504,322,0.0,47.3,OCC_TO_CU
1717457777.1121507,273,26.2,47.5,CU_TO_DEV
1717457777.1125665,273,0.0,47.5,CU_TO_DEV
1717457787.030785,322,3.8,47.4,OCC_TO_CU
1717457787.0318265,322,0.0,47.4,OCC_TO_CU
1717457787.1178937,273,35.3,47.6,CU_TO_DEV
1717457787.118002,273,35.3,47.6,CU_TO_DEV
1717457797.0392447,322,4.0,47.4,OCC_TO_CU
1717457797.039959,322,0.0,47.4,OCC_TO_CU
1717457797.1255121,273,88.6,47.6,CU_TO_DEV
1717457797.1273024,273,0.0,47.6,CU_TO_DEV
1717457807.0758297,322,5.9,47.3,OCC_TO_CU
1717457807.076416,322,0.0,47.3,OCC_TO_CU
1717457807.1341999,273,38.1,47.4,CU_TO_DEV
1717457807.1342783,273,38.1,47.4,CU_TO_DEV
1717457807.9033413,154,2.9,47.4,OCC_TO_CU
1717457807.9353518,241,58.3,47.4,CU_TO_DEV
1717457807.9354258,241,58.3,47.4,CU_TO_DEV
1717457817.075109,322,4.2,47.3,OCC_TO_CU
1717457817.075757,322,0.0,47.3,OCC_TO_CU
1717457817.1406949,273,40.7,47.5,CU_TO_DEV
1717457817.1408286,273,40.7,47.5,CU_TO_DEV
1717457827.074615,322,3.7,47.3,OCC_TO_CU
1717457827.089494,322,42.9,47.4,OCC_TO_CU
1717457827.1466706,273,42.9,47.6,CU_TO_DEV
1717457827.1465926,273,42.9,47.6,CU_TO_DEV
1717457837.1564393,322,4.2,47.4,OCC_TO_CU
1717457837.158403,322,0.0,47.4,OCC_TO_CU
1717457837.352588,273,13.2,47.6,CU_TO_DEV
1717457837.3525472,273,14.3,47.6,CU_TO_DEV
1717457847.108447,322,4.5,47.5,OCC_TO_CU
1717457847.110576,322,0.0,47.5,OCC_TO_CU
1717457847.1598465,273,47.1,47.7,CU_TO_DEV
1717457847.159551,273,47.1,47.7,CU_TO_DEV
1717457857.1244445,322,4.8,47.4,OCC_TO_CU
1717457857.1251116,322,50.0,47.4,OCC_TO_CU
1717457857.1661632,273,50.0,47.5,CU_TO_DEV
1717457857.1678379,273,0.0,47.6,CU_TO_DEV
1717457857.965179,154,5.0,47.6,OCC_TO_CU
1717457857.9694695,241,0.0,47.6,CU_TO_DEV
1717457857.9697452,241,0.0,47.6,CU_TO_DEV
1717457867.1231728,322,4.4,47.4,OCC_TO_CU
1717457867.1236928,322,0.0,47.4,OCC_TO_CU
1717457867.1751802,273,45.5,47.6,CU_TO_DEV
1717457867.1750455,273,45.5,47.6,CU_TO_DEV
1717457877.1382096,322,4.0,47.5,OCC_TO_CU
1717457877.1390133,322,0.0,47.5,OCC_TO_CU
1717457877.1807747,273,61.1,47.7,CU_TO_DEV
1717457877.1808321,273,61.1,47.7,CU_TO_DEV
1717457887.1495562,322,5.3,47.4,OCC_TO_CU
1717457887.1502173,322,0.0,47.4,OCC_TO_CU
1717457887.193441,273,55.6,47.6,CU_TO_DEV
1717457887.1960135,273,0.0,47.6,CU_TO_DEV
1717457897.1565151,322,4.9,47.3,OCC_TO_CU
1717457897.185125,322,50.0,47.3,OCC_TO_CU
1717457897.201237,273,85.7,47.5,CU_TO_DEV
1717457897.2070687,273,100.0,47.5,CU_TO_DEV
1717457907.1797621,322,4.9,47.3,OCC_TO_CU
1717457907.1805456,322,0.0,47.3,OCC_TO_CU
1717457907.206799,273,54.5,47.3,CU_TO_DEV
1717457907.2161007,273,66.7,47.3,CU_TO_DEV
1717457908.1441019,154,4.0,47.4,OCC_TO_CU
1717457908.2085254,241,41.7,47.5,CU_TO_DEV
1717457908.2182825,241,100.0,47.5,CU_TO_DEV
1717457917.1903322,322,6.7,47.3,OCC_TO_CU
1717457917.1913815,322,0.0,47.3,OCC_TO_CU
1717457917.214918,273,77.8,47.4,CU_TO_DEV
1717457917.223435,273,33.3,47.4,CU_TO_DEV
1717457927.1956792,322,4.3,47.4,OCC_TO_CU
1717457927.1962113,322,0.0,47.4,OCC_TO_CU
1717457927.2219589,273,60.0,47.4,CU_TO_DEV
1717457927.2306938,273,66.7,47.5,CU_TO_DEV
1717457937.2367232,322,3.8,47.4,OCC_TO_CU
1717457937.2375686,322,0.0,47.4,OCC_TO_CU
1717457937.4279852,273,8.2,47.6,CU_TO_DEV
1717457937.4363213,273,0.0,47.6,CU_TO_DEV
1717457947.2198522,322,5.2,47.4,OCC_TO_CU
1717457947.233768,273,57.1,47.4,CU_TO_DEV
1717457947.2416766,273,100.0,47.4,CU_TO_DEV
1717457947.2529836,322,80.0,47.4,OCC_TO_CU
1717457947.4345238,273,23.3,47.6,CU_TO_DEV
1717457947.442624,273,0.0,47.6,CU_TO_DEV
1717457957.228488,322,4.1,47.4,OCC_TO_CU
1717457957.2294505,322,50.0,47.4,OCC_TO_CU
1717457957.2439659,273,60.0,47.4,CU_TO_DEV
1717457957.2486234,273,100.0,47.4,CU_TO_DEV
1717457958.3210237,154,7.8,47.7,OCC_TO_CU
1717457958.4488847,241,18.0,47.8,CU_TO_DEV
1717457958.450191,241,0.0,47.8,CU_TO_DEV
1717457967.2436035,322,5.0,47.4,OCC_TO_CU
1717457967.2477653,322,100.0,47.4,OCC_TO_CU
1717457967.2570913,273,50.0,47.4,CU_TO_DEV
1717457967.258014,273,0.0,47.4,CU_TO_DEV
1717457977.2515965,322,3.8,47.4,OCC_TO_CU
1717457977.252495,322,0.0,47.4,OCC_TO_CU
1717457977.2632864,273,25.0,47.4,CU_TO_DEV
1717457977.2642038,273,0.0,47.4,CU_TO_DEV
1717457987.250711,322,5.0,47.4,OCC_TO_CU
1717457987.2538435,322,0.0,47.4,OCC_TO_CU
1717457987.2695432,273,57.1,47.4,CU_TO_DEV
1717457987.2704985,273,0.0,47.4,CU_TO_DEV
1717457997.2605217,322,4.2,47.5,OCC_TO_CU
1717457997.2643595,322,100.0,47.5,OCC_TO_CU
1717457997.2758155,273,60.0,47.5,CU_TO_DEV
1717457997.2765062,273,0.0,47.5,CU_TO_DEV
1717458007.2804937,322,6.4,47.3,OCC_TO_CU
1717458007.2816799,322,0.0,47.3,OCC_TO_CU
1717458007.28319,273,0.0,47.3,CU_TO_DEV
1717458007.283504,273,0.0,47.3,CU_TO_DEV
1717458008.2933125,154,5.7,47.5,OCC_TO_CU
1717458008.4848082,241,38.7,47.6,CU_TO_DEV
1717458008.4847305,241,38.7,47.6,CU_TO_DEV
1717458017.2778327,322,3.6,47.3,OCC_TO_CU
1717458017.2798328,322,0.0,47.3,OCC_TO_CU
1717458017.2904239,273,75.0,47.3,CU_TO_DEV
1717458017.29116,273,0.0,47.3,CU_TO_DEV
1717458027.290469,322,4.2,47.4,OCC_TO_CU
1717458027.2915015,322,0.0,47.4,OCC_TO_CU
1717458027.2987468,273,50.0,47.4,CU_TO_DEV
1717458027.2986777,273,50.0,47.4,CU_TO_DEV
1717458037.29143,322,4.9,47.3,OCC_TO_CU
1717458037.29505,322,100.0,47.3,OCC_TO_CU
1717458037.3060641,273,60.0,47.3,CU_TO_DEV
1717458037.3074028,273,0.0,47.3,CU_TO_DEV
1717458047.319939,322,3.9,47.4,OCC_TO_CU
1717458047.321075,322,100.0,47.4,OCC_TO_CU
1717458047.511761,273,9.5,47.6,CU_TO_DEV
1717458047.5127892,273,0.0,47.6,CU_TO_DEV
1717458057.3385568,322,4.4,47.3,OCC_TO_CU
1717458057.339469,322,0.0,47.3,OCC_TO_CU
1717458057.5176682,273,12.5,47.5,CU_TO_DEV
1717458057.5181534,273,0.0,47.5,CU_TO_DEV
1717458058.3677807,154,5.6,47.6,OCC_TO_CU
1717458058.5187142,241,13.6,47.6,CU_TO_DEV
1717458058.5192451,241,0.0,47.6,CU_TO_DEV
1717458067.3340297,322,4.0,47.4,OCC_TO_CU
1717458067.3352158,322,0.0,47.4,OCC_TO_CU
1717458067.5241055,273,10.7,47.6,CU_TO_DEV
1717458067.5239136,273,10.7,47.6,CU_TO_DEV
1717458077.374038,322,5.0,47.3,OCC_TO_CU
1717458077.3745923,322,0.0,47.3,OCC_TO_CU
1717458077.531061,273,11.1,47.5,CU_TO_DEV
1717458077.534092,273,0.0,47.5,CU_TO_DEV
1717458087.3622396,322,3.9,47.4,OCC_TO_CU
1717458087.3631008,322,0.0,47.4,OCC_TO_CU
1717458087.5378048,273,10.1,47.6,CU_TO_DEV
1717458087.539504,273,0.0,47.6,CU_TO_DEV
1717458097.3973262,322,4.2,47.5,OCC_TO_CU
1717458097.3979611,322,0.0,47.5,OCC_TO_CU
1717458097.5450287,273,13.8,47.7,CU_TO_DEV
1717458097.5449717,273,13.8,47.7,CU_TO_DEV
1717458107.3869295,322,5.2,47.5,OCC_TO_CU
1717458107.387464,322,0.0,47.5,OCC_TO_CU
1717458107.5510993,273,10.8,47.7,CU_TO_DEV
1717458107.5550566,273,0.0,47.7,CU_TO_DEV
1717458108.442711,154,5.9,47.7,OCC_TO_CU
1717458108.5531065,241,15.9,47.7,CU_TO_DEV
1717458108.556009,241,0.0,47.7,CU_TO_DEV
1717458117.3922744,322,4.4,47.5,OCC_TO_CU
1717458117.3929574,322,100.0,47.5,OCC_TO_CU
1717458117.5585737,273,65.2,47.6,CU_TO_DEV
1717458117.5604427,273,0.0,47.6,CU_TO_DEV
1717458127.4124532,322,4.9,47.3,OCC_TO_CU
1717458127.4131281,322,0.0,47.3,OCC_TO_CU
1717458127.5641408,273,16.1,47.5,CU_TO_DEV
1717458127.5689154,273,33.3,47.5,CU_TO_DEV
1717458137.4250212,322,4.6,47.2,OCC_TO_CU
1717458137.4342394,322,25.0,47.2,OCC_TO_CU
1717458137.5718086,273,25.5,47.4,CU_TO_DEV
1717458137.5758622,273,0.0,47.4,CU_TO_DEV
1717458147.4677157,322,4.0,47.3,OCC_TO_CU
1717458147.4685097,322,0.0,47.3,OCC_TO_CU
1717458147.577582,273,23.9,47.5,CU_TO_DEV
1717458147.580316,273,0.0,47.5,CU_TO_DEV
1717458157.4690452,322,3.9,47.4,OCC_TO_CU
1717458157.4698644,322,0.0,47.4,OCC_TO_CU
1717458157.5839438,273,17.8,47.6,CU_TO_DEV
1717458157.5855916,273,0.0,47.6,CU_TO_DEV
1717458158.2183743,154,4.0,47.6,OCC_TO_CU
1717458158.3849342,241,16.2,47.6,CU_TO_DEV
1717458158.386314,241,0.0,47.6,CU_TO_DEV
1717458167.4621134,322,5.4,47.3,OCC_TO_CU
1717458167.4627674,322,0.0,47.3,OCC_TO_CU
1717458167.5915666,273,13.5,47.5,CU_TO_DEV
1717458167.591963,273,0.0,47.5,CU_TO_DEV
1717458177.464515,322,3.6,47.4,OCC_TO_CU
1717458177.46532,322,100.0,47.4,OCC_TO_CU
1717458177.5977986,273,11.8,47.6,CU_TO_DEV
1717458177.5982835,273,0.0,47.6,CU_TO_DEV
1717458187.4760194,322,4.0,47.2,OCC_TO_CU
1717458187.4771247,322,0.0,47.2,OCC_TO_CU
1717458187.6038768,273,14.3,47.4,CU_TO_DEV
1717458187.604039,273,14.3,47.4,CU_TO_DEV
1717458197.4980886,322,4.3,47.2,OCC_TO_CU
1717458197.4988515,322,0.0,47.2,OCC_TO_CU
1717458197.611006,273,19.6,47.4,CU_TO_DEV
1717458197.6125839,273,0.0,47.4,CU_TO_DEV
1717458207.5033956,322,4.1,47.3,OCC_TO_CU
1717458207.518196,322,57.1,47.3,OCC_TO_CU
1717458207.6197624,273,100.0,47.5,CU_TO_DEV
1717458207.6194057,273,100.0,47.5,CU_TO_DEV
1717458209.5218997,154,8.0,47.4,OCC_TO_CU
1717458209.6218345,241,22.5,47.5,CU_TO_DEV
1717458209.6219358,241,22.5,47.5,CU_TO_DEV
1717458217.5149627,322,6.2,47.1,OCC_TO_CU
1717458217.515598,322,0.0,47.1,OCC_TO_CU
1717458217.626807,273,19.1,47.2,CU_TO_DEV
1717458217.6270666,273,0.0,47.2,CU_TO_DEV
1717458227.5237708,322,3.9,47.1,OCC_TO_CU
1717458227.5322938,322,0.0,47.1,OCC_TO_CU
1717458227.633878,273,35.0,47.3,CU_TO_DEV
1717458227.633964,273,35.0,47.3,CU_TO_DEV
1717458237.5391073,322,4.3,47.1,OCC_TO_CU
1717458237.5397487,322,0.0,47.1,OCC_TO_CU
1717458237.6413732,273,20.5,47.3,CU_TO_DEV
1717458237.6415517,273,20.5,47.3,CU_TO_DEV
1717458247.567821,322,4.1,47.2,OCC_TO_CU
1717458247.5688405,322,100.0,47.2,OCC_TO_CU
1717458247.6488924,273,25.0,47.4,CU_TO_DEV
1717458247.649254,273,0.0,47.4,CU_TO_DEV
1717458257.5615902,322,5.9,47.1,OCC_TO_CU
1717458257.5621083,322,0.0,47.1,OCC_TO_CU
1717458257.6586478,273,18.4,47.3,CU_TO_DEV
1717458257.6599705,273,0.0,47.3,CU_TO_DEV
1717458259.2831285,154,5.0,47.2,OCC_TO_CU
1717458259.4600441,241,19.4,47.4,CU_TO_DEV
1717458259.4609444,241,100.0,47.4,CU_TO_DEV
1717458267.5704675,322,3.6,47.1,OCC_TO_CU
1717458267.5722811,322,0.0,47.1,OCC_TO_CU
1717458267.6653135,273,28.2,47.3,CU_TO_DEV
1717458267.6654174,273,27.5,47.3,CU_TO_DEV
1717458277.5822515,322,4.1,47.1,OCC_TO_CU
1717458277.5830047,322,0.0,47.1,OCC_TO_CU
1717458277.6716003,273,28.9,47.3,CU_TO_DEV
1717458277.6715307,273,28.9,47.3,CU_TO_DEV
1717458287.5912213,322,4.0,47.2,OCC_TO_CU
1717458287.617697,322,40.0,47.2,OCC_TO_CU
1717458287.678756,273,34.8,47.4,CU_TO_DEV
1717458287.6786354,273,34.8,47.4,CU_TO_DEV
1717458297.6150484,322,3.8,47.2,OCC_TO_CU
1717458297.6156635,322,0.0,47.2,OCC_TO_CU
1717458297.6882057,273,24.1,47.4,CU_TO_DEV
1717458297.6880226,273,24.1,47.4,CU_TO_DEV
1717458307.624712,322,5.9,47.1,OCC_TO_CU
1717458307.6254654,322,0.0,47.1,OCC_TO_CU
1717458307.6976302,273,16.0,47.3,CU_TO_DEV
1717458307.6975696,273,16.0,47.3,CU_TO_DEV
1717458309.360661,154,11.3,47.2,OCC_TO_CU
1717458309.4994369,241,20.0,47.4,CU_TO_DEV
1717458309.4996564,241,20.0,47.4,CU_TO_DEV
1717458317.6339011,322,3.5,47.1,OCC_TO_CU
1717458317.6512346,322,50.0,47.1,OCC_TO_CU
1717458317.7043748,273,42.9,47.3,CU_TO_DEV
1717458317.704981,273,100.0,47.3,CU_TO_DEV
1717458327.6486795,322,4.3,47.1,OCC_TO_CU
1717458327.6493227,322,0.0,47.1,OCC_TO_CU
1717458327.7111337,273,28.0,47.3,CU_TO_DEV
1717458327.7110806,273,28.0,47.3,CU_TO_DEV
1717458337.6680508,322,3.5,47.1,OCC_TO_CU
1717458337.6686978,322,50.0,47.1,OCC_TO_CU
1717458337.7172883,273,31.6,47.3,CU_TO_DEV
1717458337.7181141,273,0.0,47.3,CU_TO_DEV
1717458347.6728184,322,3.8,47.2,OCC_TO_CU
1717458347.6735735,322,0.0,47.2,OCC_TO_CU
1717458347.723282,273,27.8,47.4,CU_TO_DEV
1717458347.72307,273,27.8,47.4,CU_TO_DEV
1717458357.6869705,322,4.8,47.2,OCC_TO_CU
1717458357.6877506,322,0.0,47.2,OCC_TO_CU
1717458357.7292833,273,37.5,47.3,CU_TO_DEV
1717458357.7299364,273,0.0,47.3,CU_TO_DEV
1717458359.4314318,154,5.8,47.3,OCC_TO_CU
1717458359.5314348,241,43.9,47.5,CU_TO_DEV
1717458359.53235,241,0.0,47.5,CU_TO_DEV
1717458367.6959243,322,3.4,47.2,OCC_TO_CU
1717458367.6965868,322,0.0,47.2,OCC_TO_CU
1717458367.7373803,273,43.7,47.4,CU_TO_DEV
1717458367.7375526,273,43.7,47.4,CU_TO_DEV
1717458377.7105882,322,3.9,47.3,OCC_TO_CU
1717458377.7210047,322,40.0,47.3,OCC_TO_CU
1717458377.7438874,273,87.5,47.3,CU_TO_DEV
1717458377.7435625,273,87.5,47.3,CU_TO_DEV
1717458387.7295578,322,5.2,47.1,OCC_TO_CU
1717458387.7301745,322,0.0,47.1,OCC_TO_CU
1717458387.752068,273,44.4,47.2,CU_TO_DEV
1717458387.7533028,273,100.0,47.2,CU_TO_DEV
1717458397.7472622,322,4.8,47.1,OCC_TO_CU
1717458397.747808,322,0.0,47.1,OCC_TO_CU
1717458397.759556,273,0.0,47.1,CU_TO_DEV
1717458397.7592006,273,40.0,47.1,CU_TO_DEV
1717458407.7548375,322,4.6,47.1,OCC_TO_CU
1717458407.7556071,322,0.0,47.1,OCC_TO_CU
1717458407.7660897,273,40.0,47.1,CU_TO_DEV
1717458407.7672544,273,0.0,47.1,CU_TO_DEV
1717458409.5080674,154,13.4,47.3,OCC_TO_CU
1717458409.5735285,241,34.6,47.4,CU_TO_DEV
1717458409.5740921,241,0.0,47.4,CU_TO_DEV
1717458417.7749243,322,3.7,47.1,OCC_TO_CU
1717458417.7755766,322,0.0,47.1,OCC_TO_CU
1717458417.7788405,273,0.0,47.1,CU_TO_DEV
1717458417.7799275,273,0.0,47.1,CU_TO_DEV
1717458427.800043,322,4.4,47.2,OCC_TO_CU
1717458427.8008003,322,0.0,47.2,OCC_TO_CU
1717458427.9848053,273,11.0,47.4,CU_TO_DEV
1717458427.9847286,273,11.0,47.4,CU_TO_DEV
1717458437.8132489,322,4.2,47.2,OCC_TO_CU
1717458437.8139932,322,0.0,47.2,OCC_TO_CU
1717458437.9903476,273,11.3,47.4,CU_TO_DEV
1717458437.9903927,273,11.3,47.4,CU_TO_DEV
1717458447.8265493,322,4.7,47.1,OCC_TO_CU
1717458447.827317,322,0.0,47.1,OCC_TO_CU
1717458447.9959266,273,10.6,47.3,CU_TO_DEV
1717458447.9959874,273,10.6,47.3,CU_TO_DEV
1717458457.8226604,322,4.2,47.2,OCC_TO_CU
1717458457.8305645,322,0.0,47.2,OCC_TO_CU
1717458458.0021493,273,17.6,47.4,CU_TO_DEV
1717458458.0022242,273,17.6,47.4,CU_TO_DEV
1717458459.5760975,154,7.5,47.4,OCC_TO_CU
1717458459.6038082,241,63.6,47.4,CU_TO_DEV
1717458459.6040232,241,63.6,47.4,CU_TO_DEV
1717458467.8252625,322,4.5,47.2,OCC_TO_CU
1717458467.8259041,322,0.0,47.2,OCC_TO_CU
1717458468.0097904,273,11.0,47.3,CU_TO_DEV
1717458468.0098875,273,11.0,47.3,CU_TO_DEV
1717458477.8349905,322,3.9,47.2,OCC_TO_CU
1717458477.835626,322,0.0,47.2,OCC_TO_CU
1717458478.0157878,273,11.1,47.4,CU_TO_DEV
1717458478.0157392,273,11.1,47.4,CU_TO_DEV
1717458487.839998,322,5.2,47.2,OCC_TO_CU
1717458487.8410084,322,0.0,47.2,OCC_TO_CU
1717458488.024694,273,9.5,47.3,CU_TO_DEV
1717458488.0245588,273,9.5,47.3,CU_TO_DEV
1717458497.8620598,322,3.8,47.2,OCC_TO_CU
1717458497.869661,322,33.3,47.2,OCC_TO_CU
1717458498.030288,273,16.1,47.4,CU_TO_DEV
1717458498.0305166,273,16.1,47.4,CU_TO_DEV
1717458507.8814006,322,4.1,47.3,OCC_TO_CU
1717458507.882177,322,0.0,47.3,OCC_TO_CU
1717458508.0375836,273,95.2,47.5,CU_TO_DEV
1717458508.0408792,273,100.0,47.5,CU_TO_DEV
1717458509.6068306,154,10.5,47.3,OCC_TO_CU
1717458509.6392176,241,33.3,47.4,CU_TO_DEV
1717458509.6422553,241,0.0,47.4,CU_TO_DEV
1717458517.8997047,322,3.8,47.1,OCC_TO_CU
1717458517.9008262,322,50.0,47.1,OCC_TO_CU
1717458518.0443077,273,12.5,47.3,CU_TO_DEV
1717458518.0458283,273,0.0,47.3,CU_TO_DEV
1717458527.9021087,322,4.4,47.2,OCC_TO_CU
1717458527.9033687,322,0.0,47.2,OCC_TO_CU
1717458528.0500169,273,10.7,47.4,CU_TO_DEV
1717458528.0508246,273,0.0,47.4,CU_TO_DEV
1717458537.9219406,322,5.3,47.1,OCC_TO_CU
1717458537.9232552,322,0.0,47.1,OCC_TO_CU
1717458538.0585487,273,11.5,47.3,CU_TO_DEV
1717458538.0585063,273,11.5,47.3,CU_TO_DEV
1717458547.9816742,322,4.8,47.1,OCC_TO_CU
1717458547.9837232,322,0.0,47.1,OCC_TO_CU
1717458548.0648685,273,18.7,47.3,CU_TO_DEV
1717458548.0648072,273,18.7,47.3,CU_TO_DEV
1717458557.9641128,322,3.8,47.1,OCC_TO_CU
1717458557.9647639,322,100.0,47.1,OCC_TO_CU
1717458558.0699694,273,17.5,47.3,CU_TO_DEV
1717458558.070424,273,0.0,47.3,CU_TO_DEV
1717458559.732973,154,7.4,47.3,OCC_TO_CU
1717458559.8719277,241,14.5,47.4,CU_TO_DEV
1717458559.8729315,241,0.0,47.4,CU_TO_DEV
1717458567.9672868,322,3.8,47.2,OCC_TO_CU
1717458567.9679306,322,0.0,47.2,OCC_TO_CU
1717458568.0765293,273,16.7,47.4,CU_TO_DEV
1717458568.0768633,273,0.0,47.4,CU_TO_DEV
1717458577.9769266,322,4.9,47.2,OCC_TO_CU
1717458577.9774659,322,0.0,47.2,OCC_TO_CU
1717458578.0868464,273,11.6,47.4,CU_TO_DEV
1717458578.0869837,273,11.6,47.4,CU_TO_DEV
1717458587.9755077,322,3.8,47.2,OCC_TO_CU
1717458587.983415,322,50.0,47.2,OCC_TO_CU
1717458588.0933003,273,26.2,47.4,CU_TO_DEV
1717458588.0939212,273,0.0,47.4,CU_TO_DEV
1717458597.9934943,322,4.2,47.3,OCC_TO_CU
1717458597.9941478,322,0.0,47.3,OCC_TO_CU
1717458598.0993202,273,17.1,47.5,CU_TO_DEV
1717458598.0997734,273,0.0,47.5,CU_TO_DEV
1717458608.0176501,322,4.2,47.4,OCC_TO_CU
1717458608.0182948,322,0.0,47.4,OCC_TO_CU
1717458608.1086054,273,91.7,47.5,CU_TO_DEV
1717458608.112961,273,100.0,47.5,CU_TO_DEV
1717458609.5974662,154,10.1,47.5,OCC_TO_CU
1717458609.7103221,241,15.2,47.6,CU_TO_DEV
1717458609.7143507,241,0.0,47.6,CU_TO_DEV
1717458618.0166104,322,3.6,47.3,OCC_TO_CU
1717458618.0172634,322,0.0,47.3,OCC_TO_CU
1717458618.1146214,273,18.9,47.5,CU_TO_DEV
1717458618.1177537,273,0.0,47.5,CU_TO_DEV
1717458628.034709,322,5.1,47.3,OCC_TO_CU
1717458628.0359814,322,0.0,47.3,OCC_TO_CU
1717458628.1232507,273,91.4,47.5,CU_TO_DEV
1717458628.128418,273,100.0,47.5,CU_TO_DEV
1717458638.0383928,322,5.0,47.1,OCC_TO_CU
1717458638.03906,322,0.0,47.1,OCC_TO_CU
1717458638.1318755,273,24.3,47.3,CU_TO_DEV
1717458638.1350558,273,0.0,47.3,CU_TO_DEV
1717458648.0529315,322,4.4,47.2,OCC_TO_CU
1717458648.0536144,322,0.0,47.2,OCC_TO_CU
1717458648.137543,273,21.2,47.3,CU_TO_DEV
1717458648.1387312,273,0.0,47.3,CU_TO_DEV
1717458658.0631661,322,4.0,47.2,OCC_TO_CU
1717458658.063887,322,0.0,47.2,OCC_TO_CU
1717458658.1434944,273,20.0,47.4,CU_TO_DEV
1717458658.1440988,273,0.0,47.4,CU_TO_DEV
1717458659.5709324,154,8.2,47.4,OCC_TO_CU
1717458659.7451878,241,12.7,47.5,CU_TO_DEV
1717458659.7456167,241,0.0,47.5,CU_TO_DEV
1717458668.1041362,322,5.1,47.3,OCC_TO_CU
1717458668.104652,322,0.0,47.3,OCC_TO_CU
1717458668.1504164,273,31.6,47.6,CU_TO_DEV
1717458668.1503549,273,31.6,47.6,CU_TO_DEV
1717458678.1449945,322,3.6,47.3,OCC_TO_CU
1717458678.1527424,322,33.3,47.3,OCC_TO_CU
1717458678.1566234,273,100.0,47.3,CU_TO_DEV
1717458678.1568222,273,100.0,47.3,CU_TO_DEV
1717458688.1004677,322,4.5,47.4,OCC_TO_CU
1717458688.1011367,322,50.0,47.4,OCC_TO_CU
1717458688.1624641,273,27.3,47.6,CU_TO_DEV
1717458688.1623642,273,27.3,47.6,CU_TO_DEV
1717458698.1118772,322,4.0,47.5,OCC_TO_CU
1717458698.1131027,322,0.0,47.5,OCC_TO_CU
1717458698.1687312,273,33.3,47.6,CU_TO_DEV
1717458698.1694574,273,0.0,47.6,CU_TO_DEV
1717458708.1228728,322,4.0,47.5,OCC_TO_CU
1717458708.1322002,322,25.0,47.5,OCC_TO_CU
1717458708.1755362,273,94.4,47.6,CU_TO_DEV
1717458708.1762047,273,0.0,47.6,CU_TO_DEV
1717458709.6489792,154,13.6,47.7,OCC_TO_CU
1717458709.7815616,241,9.8,47.7,CU_TO_DEV
1717458709.7819638,241,0.0,47.7,CU_TO_DEV
1717458718.139037,322,5.8,47.3,OCC_TO_CU
1717458718.1402626,322,0.0,47.3,OCC_TO_CU
1717458718.186151,273,42.1,47.4,CU_TO_DEV
1717458718.1870546,273,0.0,47.4,CU_TO_DEV
1717458728.162424,322,4.4,47.3,OCC_TO_CU
1717458728.1630836,322,0.0,47.3,OCC_TO_CU
1717458728.1937215,273,38.5,47.4,CU_TO_DEV
1717458728.1947694,273,0.0,47.4,CU_TO_DEV
1717458738.1706548,322,4.2,47.4,OCC_TO_CU
1717458738.1716013,322,0.0,47.4,OCC_TO_CU
1717458738.2011328,273,46.2,47.5,CU_TO_DEV
1717458738.2005491,273,46.2,47.5,CU_TO_DEV
1717458748.1703365,322,4.0,47.4,OCC_TO_CU
1717458748.1728554,322,50.0,47.4,OCC_TO_CU
1717458748.207901,273,84.6,47.5,CU_TO_DEV
1717458748.2086723,273,100.0,47.5,CU_TO_DEV
1717458758.1875207,322,5.9,47.3,OCC_TO_CU
1717458758.1897812,322,0.0,47.3,OCC_TO_CU
1717458758.2177863,273,50.0,47.5,CU_TO_DEV
1717458758.2191093,273,0.0,47.5,CU_TO_DEV
1717458759.6198432,154,6.5,47.4,OCC_TO_CU
1717458759.6209683,241,50.0,47.4,CU_TO_DEV
1717458759.820343,241,11.4,47.6,CU_TO_DEV
1717458768.2025564,322,3.6,47.3,OCC_TO_CU
1717458768.2032423,322,0.0,47.3,OCC_TO_CU
1717458768.2249343,273,50.0,47.3,CU_TO_DEV
1717458768.2255478,273,0.0,47.3,CU_TO_DEV
1717458778.2288406,322,4.3,47.3,OCC_TO_CU
1717458778.229618,322,0.0,47.3,OCC_TO_CU
1717458778.2330806,273,0.0,47.3,CU_TO_DEV
1717458778.2330475,273,0.0,47.3,CU_TO_DEV
1717458788.2271678,322,4.1,47.4,OCC_TO_CU
1717458788.227933,322,0.0,47.4,OCC_TO_CU
1717458788.2384233,273,33.3,47.4,CU_TO_DEV
1717458788.2383463,273,33.3,47.4,CU_TO_DEV
1717458798.2544265,322,5.2,47.4,OCC_TO_CU
1717458798.2549424,322,0.0,47.4,OCC_TO_CU
1717458798.446304,273,9.2,47.6,CU_TO_DEV
1717458798.446162,273,9.2,47.6,CU_TO_DEV
1717458808.2528822,322,4.7,47.3,OCC_TO_CU
1717458808.266557,322,25.0,47.3,OCC_TO_CU
1717458808.4518533,273,16.4,47.6,CU_TO_DEV
1717458808.4524775,273,0.0,47.6,CU_TO_DEV
1717458809.7969353,154,15.3,47.5,OCC_TO_CU
1717458809.8531582,241,25.0,47.6,CU_TO_DEV
1717458809.8543422,241,0.0,47.6,CU_TO_DEV
1717458818.2773886,322,3.5,47.3,OCC_TO_CU
1717458818.2883418,322,40.0,47.3,OCC_TO_CU
1717458818.457892,273,19.4,47.5,CU_TO_DEV
1717458818.4584932,273,0.0,47.5,CU_TO_DEV
1717458828.2776418,322,4.3,47.3,OCC_TO_CU
1717458828.2786276,322,0.0,47.3,OCC_TO_CU
1717458828.4629292,273,8.3,47.6,CU_TO_DEV
1717458828.463566,273,0.0,47.6,CU_TO_DEV
1717458838.2984426,322,4.0,47.4,OCC_TO_CU
1717458838.2993317,322,0.0,47.4,OCC_TO_CU
1717458838.468372,273,10.6,47.6,CU_TO_DEV
1717458838.4685383,273,10.6,47.6,CU_TO_DEV
1717458848.300638,322,5.5,47.4,OCC_TO_CU
1717458848.3019135,322,0.0,47.4,OCC_TO_CU
1717458848.4773316,273,8.7,47.6,CU_TO_DEV
1717458848.4772055,273,8.7,47.6,CU_TO_DEV
1717458858.3161178,322,3.9,47.4,OCC_TO_CU
1717458858.316782,322,0.0,47.4,OCC_TO_CU
1717458858.4836066,273,10.6,47.6,CU_TO_DEV
1717458858.4838514,273,0.0,47.6,CU_TO_DEV
1717458859.8841844,154,8.9,47.6,OCC_TO_CU
1717458859.8852313,241,100.0,47.6,CU_TO_DEV
1717458859.8851955,241,100.0,47.6,CU_TO_DEV
1717458868.3280187,322,3.8,47.4,OCC_TO_CU
1717458868.3286784,322,100.0,47.4,OCC_TO_CU
1717458868.4898818,273,12.5,47.6,CU_TO_DEV
1717458868.4906251,273,0.0,47.6,CU_TO_DEV
1717458878.3351898,322,5.7,47.3,OCC_TO_CU
1717458878.3365123,322,0.0,47.3,OCC_TO_CU
1717458878.499583,273,10.8,47.5,CU_TO_DEV
1717458878.5000312,273,0.0,47.5,CU_TO_DEV
1717458888.353311,322,4.1,47.4,OCC_TO_CU
1717458888.354061,322,0.0,47.4,OCC_TO_CU
1717458888.504764,273,11.9,47.5,CU_TO_DEV
1717458888.5045538,273,11.9,47.5,CU_TO_DEV
1717458898.3794756,322,5.2,47.3,OCC_TO_CU
1717458898.3801506,322,0.0,47.3,OCC_TO_CU
1717458898.5098898,273,12.0,47.5,CU_TO_DEV
1717458898.510377,273,0.0,47.5,CU_TO_DEV
1717458908.3729024,322,4.1,47.3,OCC_TO_CU
1717458908.3735619,322,0.0,47.3,OCC_TO_CU
1717458908.5190213,273,9.1,47.5,CU_TO_DEV
1717458908.5191026,273,9.1,47.5,CU_TO_DEV
1717458909.741086,154,16.4,47.5,OCC_TO_CU
1717458909.9205103,241,7.1,47.7,CU_TO_DEV
1717458909.9203687,241,7.1,47.7,CU_TO_DEV
1717458918.3888192,322,3.3,47.3,OCC_TO_CU
1717458918.3895729,322,0.0,47.3,OCC_TO_CU
1717458918.5249066,273,16.7,47.5,CU_TO_DEV
1717458918.5251248,273,0.0,47.5,CU_TO_DEV
1717458928.4022589,322,4.1,47.4,OCC_TO_CU
1717458928.4030027,322,0.0,47.4,OCC_TO_CU
1717458928.530965,273,15.7,47.6,CU_TO_DEV
1717458928.5308826,273,15.7,47.6,CU_TO_DEV
1717458938.4185977,322,3.9,47.4,OCC_TO_CU
1717458938.4192648,322,0.0,47.4,OCC_TO_CU
1717458938.5375159,273,19.1,47.6,CU_TO_DEV
1717458938.5373647,273,19.1,47.6,CU_TO_DEV
1717458948.415104,322,4.9,47.4,OCC_TO_CU
1717458948.415838,322,0.0,47.4,OCC_TO_CU
1717458948.5426202,273,15.7,47.6,CU_TO_DEV
1717458948.5429657,273,0.0,47.6,CU_TO_DEV
1717458958.4276676,322,3.6,47.4,OCC_TO_CU
1717458958.4283001,322,0.0,47.4,OCC_TO_CU
1717458958.5490193,273,20.0,47.6,CU_TO_DEV
1717458958.5490994,273,20.0,47.6,CU_TO_DEV
1717458960.017291,154,7.7,47.6,OCC_TO_CU
1717458960.1505833,241,15.4,47.7,CU_TO_DEV
1717458960.150732,241,15.4,47.7,CU_TO_DEV
1717458968.45373,322,4.3,47.3,OCC_TO_CU
1717458968.454418,322,0.0,47.3,OCC_TO_CU
1717458968.5578167,273,17.5,47.5,CU_TO_DEV
1717458968.5596962,273,0.0,47.5,CU_TO_DEV
1717458978.4496388,322,4.0,47.4,OCC_TO_CU
1717458978.4502609,322,0.0,47.4,OCC_TO_CU
1717458978.5629964,273,20.0,47.6,CU_TO_DEV
1717458978.5637786,273,0.0,47.6,CU_TO_DEV
1717458988.4592726,322,4.9,47.4,OCC_TO_CU
1717458988.4599533,322,0.0,47.4,OCC_TO_CU
1717458988.5684009,273,11.6,47.6,CU_TO_DEV
1717458988.5687993,273,100.0,47.6,CU_TO_DEV
1717458998.470314,322,4.3,47.3,OCC_TO_CU
1717458998.4941256,322,42.9,47.3,OCC_TO_CU
1717458998.5772653,273,34.3,47.5,CU_TO_DEV
1717458998.5774336,273,34.3,47.5,CU_TO_DEV
1717459008.4821877,322,4.2,47.3,OCC_TO_CU
1717459008.482833,322,0.0,47.3,OCC_TO_CU
1717459008.58495,273,90.2,47.5,CU_TO_DEV
1717459008.5850112,273,90.2,47.5,CU_TO_DEV
1717459010.091742,154,8.9,47.5,OCC_TO_CU
1717459010.186677,241,16.2,47.6,CU_TO_DEV
1717459010.1871226,241,0.0,47.6,CU_TO_DEV
1717459018.4866724,322,3.2,47.3,OCC_TO_CU
1717459018.4880962,322,0.0,47.3,OCC_TO_CU
1717459018.5920916,273,24.4,47.5,CU_TO_DEV
1717459018.5922012,273,24.4,47.5,CU_TO_DEV
1717459028.5064428,322,4.1,47.4,OCC_TO_CU
1717459028.5071394,322,0.0,47.4,OCC_TO_CU
1717459028.51709,322,50.0,47.4,OCC_TO_CU
1717459028.5975819,273,38.7,47.6,CU_TO_DEV
1717459028.5976872,273,38.7,47.6,CU_TO_DEV
1717459038.5160053,322,4.8,47.4,OCC_TO_CU
1717459038.51669,322,50.0,47.4,OCC_TO_CU
1717459038.6029115,273,23.5,47.5,CU_TO_DEV
1717459038.6027312,273,23.5,47.5,CU_TO_DEV
1717459048.531043,322,4.5,47.3,OCC_TO_CU
1717459048.5318644,322,0.0,47.3,OCC_TO_CU
1717459048.609742,273,28.1,47.5,CU_TO_DEV
1717459048.6130328,273,0.0,47.5,CU_TO_DEV
1717459058.5405142,322,4.0,47.3,OCC_TO_CU
1717459058.5413537,322,0.0,47.3,OCC_TO_CU
1717459058.6182349,273,28.1,47.5,CU_TO_DEV
1717459058.6196475,273,0.0,47.5,CU_TO_DEV
1717459059.861163,154,8.7,47.5,OCC_TO_CU
1717459060.0197957,241,11.3,47.6,CU_TO_DEV
1717459060.020687,241,50.0,47.6,CU_TO_DEV
1717459068.545092,322,3.4,47.4,OCC_TO_CU
1717459068.5610976,322,50.0,47.4,OCC_TO_CU
1717459068.6251223,273,33.3,47.6,CU_TO_DEV
1717459068.6259625,273,0.0,47.6,CU_TO_DEV
1717459078.5555773,322,5.2,47.4,OCC_TO_CU
1717459078.5562232,322,0.0,47.4,OCC_TO_CU
1717459078.6324592,273,17.2,47.5,CU_TO_DEV
1717459078.6325095,273,20.0,47.5,CU_TO_DEV
1717459088.566116,322,4.0,47.4,OCC_TO_CU
1717459088.5671566,322,0.0,47.4,OCC_TO_CU
1717459088.6379662,273,27.6,47.5,CU_TO_DEV
1717459088.6389503,273,0.0,47.5,CU_TO_DEV
1717459098.5741644,322,3.9,47.4,OCC_TO_CU
1717459098.577459,322,0.0,47.4,OCC_TO_CU
1717459098.644092,273,33.3,47.6,CU_TO_DEV
1717459098.6442232,273,33.3,47.6,CU_TO_DEV
1717459108.6021268,322,4.1,47.5,OCC_TO_CU
1717459108.6028259,322,0.0,47.5,OCC_TO_CU
1717459108.6521182,273,78.9,47.6,CU_TO_DEV
1717459108.652968,273,100.0,47.6,CU_TO_DEV
1717459109.9337683,154,14.4,47.6,OCC_TO_CU
1717459110.0538473,241,10.6,47.7,CU_TO_DEV
1717459110.0542443,241,0.0,47.7,CU_TO_DEV
1717459118.6113436,322,3.4,47.5,OCC_TO_CU
1717459118.612383,322,0.0,47.5,OCC_TO_CU
1717459118.6609042,273,81.0,47.5,CU_TO_DEV
1717459118.6636324,273,0.0,47.6,CU_TO_DEV
1717459128.619495,322,6.3,47.2,OCC_TO_CU
1717459128.6201804,322,0.0,47.2,OCC_TO_CU
1717459128.6695302,273,26.3,47.4,CU_TO_DEV
1717459128.669479,273,26.3,47.4,CU_TO_DEV
1717459138.626645,322,3.8,47.2,OCC_TO_CU
1717459138.6278098,322,0.0,47.2,OCC_TO_CU
1717459138.6750088,273,33.3,47.4,CU_TO_DEV
1717459138.6749492,273,33.3,47.4,CU_TO_DEV
1717459148.6475692,322,4.1,47.2,OCC_TO_CU
1717459148.6482046,322,0.0,47.2,OCC_TO_CU
1717459148.6810358,273,42.9,47.4,CU_TO_DEV
1717459148.6818168,273,0.0,47.4,CU_TO_DEV
1717459158.6581402,322,4.0,47.3,OCC_TO_CU
1717459158.6589062,322,0.0,47.3,OCC_TO_CU
1717459158.687903,273,41.7,47.4,CU_TO_DEV
1717459158.6876602,273,45.5,47.4,CU_TO_DEV
1717459159.9073744,154,9.4,47.5,OCC_TO_CU
1717459160.08949,241,13.7,47.7,CU_TO_DEV
1717459160.0895514,241,13.7,47.7,CU_TO_DEV
1717459168.6598244,322,4.9,47.4,OCC_TO_CU
1717459168.6603963,322,0.0,47.4,OCC_TO_CU
1717459168.6976717,273,30.8,47.5,CU_TO_DEV
1717459168.6977794,273,30.8,47.5,CU_TO_DEV
1717459178.670079,322,4.1,47.3,OCC_TO_CU
1717459178.6707282,322,0.0,47.3,OCC_TO_CU
1717459178.7042673,273,38.5,47.5,CU_TO_DEV
1717459178.7041256,273,38.5,47.5,CU_TO_DEV
1717459188.6844554,322,4.4,47.4,OCC_TO_CU
1717459188.685239,322,100.0,47.4,OCC_TO_CU
1717459188.7118924,273,0.0,47.5,CU_TO_DEV
1717459188.7110047,273,60.0,47.5,CU_TO_DEV
1717459198.689896,322,3.8,47.4,OCC_TO_CU
1717459198.6905208,322,0.0,47.4,OCC_TO_CU
1717459198.7182899,273,41.7,47.5,CU_TO_DEV
1717459198.7180426,273,41.7,47.5,CU_TO_DEV
1717459208.7114599,322,4.4,47.5,OCC_TO_CU
1717459208.7121904,322,0.0,47.5,OCC_TO_CU
1717459208.7244623,273,57.1,47.5,CU_TO_DEV
1717459208.7246192,273,66.7,47.5,CU_TO_DEV
1717459209.981584,154,23.9,47.6,OCC_TO_CU
1717459210.1297581,241,10.3,47.7,CU_TO_DEV
1717459210.133814,241,0.0,47.7,CU_TO_DEV
1717459218.7115104,322,4.8,47.3,OCC_TO_CU
1717459218.7121632,322,0.0,47.3,OCC_TO_CU
1717459218.73486,273,44.4,47.3,CU_TO_DEV
1717459218.7376163,273,100.0,47.3,CU_TO_DEV
1717459228.7194307,322,4.2,47.3,OCC_TO_CU
1717459228.7200818,322,0.0,47.3,OCC_TO_CU
1717459228.7407985,273,50.0,47.3,CU_TO_DEV
1717459228.7445054,273,0.0,47.3,CU_TO_DEV
1717459238.7344675,322,4.3,47.3,OCC_TO_CU
1717459238.7350993,322,0.0,47.3,OCC_TO_CU
1717459238.747966,273,25.0,47.3,CU_TO_DEV
1717459238.7514782,273,100.0,47.3,CU_TO_DEV
1717459248.741177,322,4.7,47.3,OCC_TO_CU
1717459248.7418568,322,0.0,47.3,OCC_TO_CU
1717459248.7573316,273,50.0,47.3,CU_TO_DEV
1717459248.7572439,273,50.0,47.3,CU_TO_DEV
1717459258.753106,322,5.6,47.3,OCC_TO_CU
1717459258.7536678,322,0.0,47.3,OCC_TO_CU
1717459258.7651486,273,25.0,47.3,CU_TO_DEV
1717459258.7656417,273,0.0,47.3,CU_TO_DEV
1717459260.0583115,154,8.6,47.5,OCC_TO_CU
1717459260.166368,241,9.5,47.6,CU_TO_DEV
1717459260.1689856,241,0.0,47.6,CU_TO_DEV
1717459268.7610037,322,3.8,47.4,OCC_TO_CU
1717459268.76163,322,0.0,47.4,OCC_TO_CU
1717459268.772613,273,50.0,47.4,CU_TO_DEV
1717459268.7735667,273,0.0,47.4,CU_TO_DEV
1717459278.773445,322,4.1,47.4,OCC_TO_CU
1717459278.7740726,322,0.0,47.4,OCC_TO_CU
1717459278.7800179,273,0.0,47.4,CU_TO_DEV
1717459278.7807794,273,100.0,47.4,CU_TO_DEV
1717459288.7853513,322,4.2,47.4,OCC_TO_CU
1717459288.7861679,322,0.0,47.4,OCC_TO_CU
1717459288.786206,273,0.0,47.4,CU_TO_DEV
1717459288.9855003,273,24.1,47.6,CU_TO_DEV
1717459288.9872851,273,0.0,47.6,CU_TO_DEV
1717459298.7916827,322,4.4,47.3,OCC_TO_CU
1717459298.7942245,273,0.0,47.3,CU_TO_DEV
1717459298.7944293,273,0.0,47.3,CU_TO_DEV
1717459298.8109567,322,83.3,47.4,OCC_TO_CU
1717459298.9951062,273,29.7,47.6,CU_TO_DEV
1717459298.9952333,273,29.7,47.6,CU_TO_DEV
1717459308.8024333,322,5.2,47.3,OCC_TO_CU
1717459308.8030572,322,0.0,47.3,OCC_TO_CU
1717459308.8044584,273,0.0,47.3,CU_TO_DEV
1717459309.0012207,273,25.0,47.5,CU_TO_DEV
1717459310.022343,154,9.3,47.6,OCC_TO_CU
1717459310.2024748,241,14.3,47.6,CU_TO_DEV
1717459310.2054708,241,0.0,47.6,CU_TO_DEV
1717459318.8076408,322,4.4,47.4,OCC_TO_CU
1717459318.8084688,322,0.0,47.4,OCC_TO_CU
1717459318.8090532,273,0.0,47.4,CU_TO_DEV
1717459319.0068069,273,23.1,47.5,CU_TO_DEV
1717459328.8322964,322,4.1,47.3,OCC_TO_CU
1717459328.8329747,322,0.0,47.3,OCC_TO_CU
1717459329.0128486,273,23.9,47.6,CU_TO_DEV
1717459329.0136209,273,0.0,47.6,CU_TO_DEV
1717459338.8474293,322,3.7,47.4,OCC_TO_CU
1717459338.8480783,322,0.0,47.4,OCC_TO_CU
1717459339.0180771,273,24.6,47.6,CU_TO_DEV
1717459339.0179093,273,24.6,47.6,CU_TO_DEV
1717459348.853797,322,4.8,47.4,OCC_TO_CU
1717459348.854377,322,0.0,47.4,OCC_TO_CU
1717459349.0254197,273,17.2,47.6,CU_TO_DEV
1717459349.0260541,273,0.0,47.6,CU_TO_DEV
1717459358.852414,322,3.6,47.4,OCC_TO_CU
1717459358.8687396,322,55.6,47.4,OCC_TO_CU
1717459359.0332503,273,93.8,47.5,CU_TO_DEV
1717459359.034095,273,0.0,47.5,CU_TO_DEV
1717459360.1034424,154,9.3,47.6,OCC_TO_CU
1717459360.234636,241,11.3,47.7,CU_TO_DEV
1717459360.237366,241,0.0,47.7,CU_TO_DEV
1717459368.8701942,322,3.1,47.4,OCC_TO_CU
1717459368.8706956,322,0.0,47.4,OCC_TO_CU
1717459369.0388508,273,21.5,47.6,CU_TO_DEV
1717459369.0410476,273,0.0,47.6,CU_TO_DEV
1717459378.8955524,322,4.5,47.3,OCC_TO_CU
1717459378.896199,322,0.0,47.3,OCC_TO_CU
1717459379.044963,273,31.0,47.6,CU_TO_DEV
1717459379.0467098,273,0.0,47.6,CU_TO_DEV
1717459388.8870327,322,4.0,47.3,OCC_TO_CU
1717459388.887525,322,0.0,47.3,OCC_TO_CU
1717459389.0502238,273,27.3,47.6,CU_TO_DEV
1717459389.052926,273,0.0,47.6,CU_TO_DEV
1717459398.8988357,322,4.8,47.3,OCC_TO_CU
1717459398.8995926,322,0.0,47.3,OCC_TO_CU
1717459399.0558748,273,29.5,47.5,CU_TO_DEV
1717459399.0586398,273,50.0,47.5,CU_TO_DEV
1717459408.910756,322,4.2,47.3,OCC_TO_CU
1717459408.9163532,322,33.3,47.3,OCC_TO_CU
1717459409.0611966,273,28.6,47.5,CU_TO_DEV
1717459409.0633793,273,0.0,47.5,CU_TO_DEV
1717459410.0775714,154,16.4,47.5,OCC_TO_CU
1717459410.2624712,241,20.8,47.6,CU_TO_DEV
1717459410.2644455,241,0.0,47.6,CU_TO_DEV
1717459418.931947,322,3.5,47.4,OCC_TO_CU
1717459418.9331815,322,100.0,47.4,OCC_TO_CU
1717459419.066941,273,21.2,47.5,CU_TO_DEV
1717459419.068286,273,0.0,47.5,CU_TO_DEV
1717459428.9411106,322,4.3,47.4,OCC_TO_CU
1717459428.942323,322,0.0,47.4,OCC_TO_CU
1717459429.0727925,273,23.5,47.6,CU_TO_DEV
1717459429.0741022,273,0.0,47.6,CU_TO_DEV
1717459438.9721503,322,3.6,47.4,OCC_TO_CU
1717459438.9730823,322,100.0,47.4,OCC_TO_CU
1717459439.0797431,273,35.7,47.6,CU_TO_DEV
1717459439.0828285,273,0.0,47.6,CU_TO_DEV
1717459448.9628563,322,5.0,47.3,OCC_TO_CU
1717459448.963554,322,0.0,47.3,OCC_TO_CU
1717459449.08738,273,26.0,47.6,CU_TO_DEV
1717459449.0896957,273,0.0,47.6,CU_TO_DEV
1717459458.9740696,322,4.6,47.3,OCC_TO_CU
1717459458.9771996,322,0.0,47.3,OCC_TO_CU
1717459459.0935032,273,22.2,47.5,CU_TO_DEV
1717459459.098221,273,0.0,47.5,CU_TO_DEV
1717459460.1519287,154,7.4,47.6,OCC_TO_CU
1717459460.2948747,241,12.1,47.6,CU_TO_DEV
1717459460.2991488,241,0.0,47.6,CU_TO_DEV
1717459468.9987395,322,3.3,47.4,OCC_TO_CU
1717459468.999754,322,0.0,47.4,OCC_TO_CU
1717459469.099866,273,25.6,47.6,CU_TO_DEV
1717459469.1036494,273,50.0,47.6,CU_TO_DEV
1717459478.9990602,322,3.7,47.4,OCC_TO_CU
1717459478.9999278,322,0.0,47.4,OCC_TO_CU
1717459479.1085663,273,90.9,47.6,CU_TO_DEV
1717459479.1110177,273,0.0,47.6,CU_TO_DEV
1717459489.0058708,322,5.1,47.3,OCC_TO_CU
1717459489.0074756,322,0.0,47.3,OCC_TO_CU
1717459489.118848,273,26.7,47.5,CU_TO_DEV
1717459489.119527,273,0.0,47.5,CU_TO_DEV
1717459499.0286994,322,4.2,47.3,OCC_TO_CU
1717459499.029374,322,0.0,47.3,OCC_TO_CU
1717459499.1274972,273,36.8,47.5,CU_TO_DEV
1717459499.1273813,273,36.8,47.5,CU_TO_DEV
1717459509.057324,322,4.4,47.4,OCC_TO_CU
1717459509.0580359,322,0.0,47.4,OCC_TO_CU
1717459509.133341,273,86.7,47.6,CU_TO_DEV
1717459509.134663,273,0.0,47.6,CU_TO_DEV
1717459511.2574697,154,9.8,47.4,OCC_TO_CU
1717459511.3409119,241,12.9,47.6,CU_TO_DEV
1717459511.3443387,241,0.0,47.6,CU_TO_DEV
1717459519.048494,322,4.0,47.4,OCC_TO_CU
1717459519.0492473,322,0.0,47.4,OCC_TO_CU
1717459519.1448975,273,36.8,47.6,CU_TO_DEV
1717459519.1475327,273,0.0,47.6,CU_TO_DEV
1717459529.062257,322,3.8,47.4,OCC_TO_CU
1717459529.067535,322,0.0,47.4,OCC_TO_CU
1717459529.1499522,273,45.5,47.5,CU_TO_DEV
1717459529.1519592,273,0.0,47.5,CU_TO_DEV
1717459539.0667658,322,5.1,47.3,OCC_TO_CU
1717459539.0674207,322,0.0,47.3,OCC_TO_CU
1717459539.1569464,273,44.7,47.6,CU_TO_DEV
1717459539.1582346,273,0.0,47.6,CU_TO_DEV
1717459549.094932,322,4.6,47.2,OCC_TO_CU
1717459549.0959365,322,0.0,47.2,OCC_TO_CU
1717459549.1636796,273,44.4,47.4,CU_TO_DEV
1717459549.1649656,273,100.0,47.4,CU_TO_DEV
1717459559.0946932,322,3.9,47.3,OCC_TO_CU
1717459559.0953605,322,0.0,47.3,OCC_TO_CU
1717459559.1693683,273,39.3,47.5,CU_TO_DEV
1717459559.1695583,273,39.3,47.5,CU_TO_DEV
1717459561.2208023,154,6.6,47.4,OCC_TO_CU
1717459561.3712854,241,16.4,47.6,CU_TO_DEV
1717459561.3723097,241,0.0,47.6,CU_TO_DEV
1717459569.1113412,322,3.8,47.4,OCC_TO_CU
1717459569.111939,322,0.0,47.4,OCC_TO_CU
1717459569.1762006,273,41.7,47.6,CU_TO_DEV
1717459569.1770248,273,100.0,47.6,CU_TO_DEV
1717459579.119257,322,4.9,47.4,OCC_TO_CU
1717459579.1197908,322,0.0,47.4,OCC_TO_CU
1717459579.186812,273,46.4,47.5,CU_TO_DEV
1717459579.187421,273,0.0,47.5,CU_TO_DEV
1717459589.144328,322,3.7,47.4,OCC_TO_CU
1717459589.1454017,322,100.0,47.4,OCC_TO_CU
1717459589.1926956,273,52.6,47.6,CU_TO_DEV
1717459589.1934042,273,0.0,47.6,CU_TO_DEV
1717459599.16127,322,4.1,47.5,OCC_TO_CU
1717459599.162327,322,0.0,47.5,OCC_TO_CU
1717459599.1995347,273,78.6,47.6,CU_TO_DEV
1717459599.1998804,273,73.3,47.6,CU_TO_DEV
1717459609.1567602,322,4.0,47.5,OCC_TO_CU
1717459609.166909,322,25.0,47.5,OCC_TO_CU
1717459609.2128983,273,100.0,47.7,CU_TO_DEV
1717459609.216956,273,100.0,47.6,CU_TO_DEV
1717459611.298597,154,15.8,47.5,OCC_TO_CU
1717459611.4169033,241,16.7,47.6,CU_TO_DEV
1717459611.4187741,241,0.0,47.6,CU_TO_DEV
1717459619.1821594,322,3.7,47.5,OCC_TO_CU
1717459619.1826735,322,0.0,47.5,OCC_TO_CU
1717459619.2219088,273,68.7,47.5,CU_TO_DEV
1717459619.2225158,273,0.0,47.5,CU_TO_DEV
1717459629.188169,322,5.9,47.2,OCC_TO_CU
1717459629.1894937,322,100.0,47.2,OCC_TO_CU
1717459629.2283998,273,78.6,47.3,CU_TO_DEV
1717459629.2380757,273,50.0,47.3,CU_TO_DEV
1717459639.2129743,322,3.9,47.3,OCC_TO_CU
1717459639.2136486,322,0.0,47.3,OCC_TO_CU
1717459639.2338626,273,66.7,47.2,CU_TO_DEV
1717459639.2437406,273,100.0,47.3,CU_TO_DEV
1717459649.2144995,322,4.2,47.3,OCC_TO_CU
1717459649.2150223,322,0.0,47.3,OCC_TO_CU
1717459649.239999,273,60.0,47.4,CU_TO_DEV
1717459649.252506,273,100.0,47.3,CU_TO_DEV
1717459659.2159872,322,4.4,47.4,OCC_TO_CU
1717459659.216724,322,0.0,47.4,OCC_TO_CU
1717459659.2484763,273,81.8,47.4,CU_TO_DEV
1717459659.259759,273,60.0,47.4,CU_TO_DEV
1717459661.1600285,154,6.8,47.6,OCC_TO_CU
1717459661.2511542,241,32.4,47.7,CU_TO_DEV
1717459661.2628777,241,40.0,47.7,CU_TO_DEV
1717459669.2290971,322,5.4,47.4,OCC_TO_CU
1717459669.2301915,322,0.0,47.4,OCC_TO_CU
1717459669.2622578,273,75.0,47.4,CU_TO_DEV
1717459669.269504,273,33.3,47.4,CU_TO_DEV
1717459679.2358665,322,4.1,47.4,OCC_TO_CU
1717459679.2417145,322,75.0,47.4,OCC_TO_CU
1717459679.2679849,273,100.0,47.4,CU_TO_DEV
1717459679.2746623,273,33.3,47.4,CU_TO_DEV
1717459689.256552,322,4.3,47.5,OCC_TO_CU
1717459689.259306,322,0.0,47.5,OCC_TO_CU
1717459689.275312,273,71.4,47.5,CU_TO_DEV
1717459689.279535,273,100.0,47.5,CU_TO_DEV
1717459699.269428,322,4.2,47.5,OCC_TO_CU
1717459699.27278,322,66.7,47.5,OCC_TO_CU
1717459699.2824051,273,66.7,47.5,CU_TO_DEV
1717459699.2845447,273,0.0,47.5,CU_TO_DEV
1717459709.2931356,322,4.7,47.4,OCC_TO_CU
1717459709.2939959,322,0.0,47.4,OCC_TO_CU
1717459709.490118,273,12.7,47.6,CU_TO_DEV
1717459709.493549,273,0.0,47.6,CU_TO_DEV
1717459711.1337516,154,12.1,47.6,OCC_TO_CU
1717459711.292722,241,18.5,47.7,CU_TO_DEV
1717459711.2947664,241,0.0,47.7,CU_TO_DEV
1717459719.2818677,322,4.9,47.4,OCC_TO_CU
1717459719.282826,322,0.0,47.4,OCC_TO_CU
1717459719.2969546,273,71.4,47.4,CU_TO_DEV
1717459719.2987,273,0.0,47.4,CU_TO_DEV
1717459729.3148878,322,3.8,47.3,OCC_TO_CU
1717459729.3156626,322,0.0,47.3,OCC_TO_CU
1717459729.5042107,273,67.1,47.5,CU_TO_DEV
1717459729.5045354,273,0.0,47.5,CU_TO_DEV
1717459739.3242078,322,3.6,47.3,OCC_TO_CU
1717459739.3251848,322,50.0,47.3,OCC_TO_CU
1717459739.5094693,273,15.1,47.5,CU_TO_DEV
1717459739.509555,273,15.1,47.5,CU_TO_DEV
1717459749.340187,322,4.2,47.3,OCC_TO_CU
1717459749.3410084,322,100.0,47.3,OCC_TO_CU
1717459749.5158045,273,17.4,47.6,CU_TO_DEV
1717459749.51626,273,0.0,47.6,CU_TO_DEV
1717459759.3641493,322,5.2,47.3,OCC_TO_CU
1717459759.3652785,322,0.0,47.3,OCC_TO_CU
1717459759.5220377,273,15.0,47.5,CU_TO_DEV
1717459759.5222921,273,0.0,47.5,CU_TO_DEV
1717459761.1171906,154,5.5,47.5,OCC_TO_CU
1717459761.123303,241,0.0,47.5,CU_TO_DEV
1717459761.12409,241,0.0,47.5,CU_TO_DEV
1717459769.3531873,322,4.1,47.4,OCC_TO_CU
1717459769.3551624,322,0.0,47.4,OCC_TO_CU
1717459769.5282512,273,18.8,47.6,CU_TO_DEV
1717459769.5289054,273,0.0,47.6,CU_TO_DEV
1717459779.35432,322,3.8,47.4,OCC_TO_CU
1717459779.3556185,322,0.0,47.4,OCC_TO_CU
1717459779.5360997,273,28.0,47.7,CU_TO_DEV
1717459779.5363533,273,0.0,47.7,CU_TO_DEV
1717459789.377149,322,4.9,47.4,OCC_TO_CU
1717459789.3781402,322,0.0,47.4,OCC_TO_CU
1717459789.5420985,273,17.9,47.6,CU_TO_DEV
1717459789.5433226,273,0.0,47.6,CU_TO_DEV
1717459799.3781784,322,3.6,47.4,OCC_TO_CU
1717459799.3790538,322,0.0,47.4,OCC_TO_CU
1717459799.5471904,273,15.2,47.6,CU_TO_DEV
1717459799.5482779,273,0.0,47.6,CU_TO_DEV
1717459809.4105253,322,4.7,47.4,OCC_TO_CU
1717459809.411621,322,0.0,47.4,OCC_TO_CU
1717459809.5543091,273,24.1,47.6,CU_TO_DEV
1717459809.5558972,273,0.0,47.6,CU_TO_DEV
1717459811.284015,154,12.1,47.5,OCC_TO_CU
1717459811.3594267,241,34.5,47.7,CU_TO_DEV
1717459811.3593454,241,34.5,47.7,CU_TO_DEV
1717459819.4089234,322,3.6,47.4,OCC_TO_CU
1717459819.4097483,322,0.0,47.4,OCC_TO_CU
1717459819.5639586,273,20.0,47.6,CU_TO_DEV
1717459819.5641081,273,20.0,47.6,CU_TO_DEV
1717459829.4050176,322,3.7,47.4,OCC_TO_CU
1717459829.4080405,322,0.0,47.4,OCC_TO_CU
1717459829.570194,273,17.5,47.6,CU_TO_DEV
1717459829.5699983,273,17.5,47.6,CU_TO_DEV
1717459839.4265475,322,4.0,47.4,OCC_TO_CU
1717459839.4274347,322,0.0,47.4,OCC_TO_CU
1717459839.5765383,273,22.0,47.7,CU_TO_DEV
1717459839.5772393,273,100.0,47.7,CU_TO_DEV
1717459849.437207,322,5.1,47.4,OCC_TO_CU
1717459849.4379897,322,0.0,47.4,OCC_TO_CU
1717459849.5854514,273,20.7,47.6,CU_TO_DEV
1717459849.585322,273,20.7,47.6,CU_TO_DEV
1717459859.4426625,322,3.8,47.4,OCC_TO_CU
1717459859.4492583,322,0.0,47.4,OCC_TO_CU
1717459859.5930214,273,94.8,47.6,CU_TO_DEV
1717459859.5970433,273,50.0,47.6,CU_TO_DEV
1717459861.3548715,154,4.2,47.6,OCC_TO_CU
1717459861.3948042,241,60.0,47.6,CU_TO_DEV
1717459861.3990185,241,100.0,47.6,CU_TO_DEV
1717459869.463898,322,5.0,47.4,OCC_TO_CU
1717459869.465088,322,100.0,47.4,OCC_TO_CU
1717459869.599848,273,44.0,47.6,CU_TO_DEV
1717459869.6053777,273,0.0,47.6,CU_TO_DEV
1717459879.4956152,322,3.9,47.4,OCC_TO_CU
1717459879.4965508,322,0.0,47.4,OCC_TO_CU
1717459879.6074858,273,30.4,47.6,CU_TO_DEV
1717459879.611022,273,0.0,47.6,CU_TO_DEV
1717459889.4898453,322,3.7,47.4,OCC_TO_CU
1717459889.4910297,322,0.0,47.4,OCC_TO_CU
1717459889.6134105,273,27.1,47.6,CU_TO_DEV
1717459889.6158864,273,0.0,47.6,CU_TO_DEV
1717459899.4933174,322,5.1,47.3,OCC_TO_CU
1717459899.4957538,322,0.0,47.3,OCC_TO_CU
1717459899.6199775,273,35.4,47.5,CU_TO_DEV
1717459899.6242008,273,0.0,47.5,CU_TO_DEV
1717459909.504389,322,4.0,47.4,OCC_TO_CU
1717459909.5053058,322,0.0,47.4,OCC_TO_CU
1717459909.6275918,273,17.4,47.6,CU_TO_DEV
1717459909.6298254,273,0.0,47.6,CU_TO_DEV
1717459911.4338486,154,11.5,47.5,OCC_TO_CU
1717459911.6290333,241,10.5,47.7,CU_TO_DEV
1717459911.6309512,241,0.0,47.7,CU_TO_DEV
1717459919.5211725,322,3.8,47.4,OCC_TO_CU
1717459919.5222318,322,0.0,47.4,OCC_TO_CU
1717459919.6347878,273,18.2,47.6,CU_TO_DEV
1717459919.6359997,273,0.0,47.6,CU_TO_DEV
1717459929.5317242,322,4.0,47.4,OCC_TO_CU
1717459929.5326467,322,0.0,47.4,OCC_TO_CU
1717459929.641674,273,16.3,47.6,CU_TO_DEV
1717459929.6432781,273,0.0,47.6,CU_TO_DEV
1717459939.5389466,322,4.0,47.4,OCC_TO_CU
1717459939.5398028,322,0.0,47.4,OCC_TO_CU
1717459939.6477528,273,16.7,47.7,CU_TO_DEV
1717459939.6485775,273,0.0,47.7,CU_TO_DEV
1717459949.5517068,322,5.0,47.4,OCC_TO_CU
1717459949.5526133,322,0.0,47.4,OCC_TO_CU
1717459949.6536925,273,15.8,47.6,CU_TO_DEV
1717459949.6541643,273,0.0,47.6,CU_TO_DEV
1717459959.5662937,322,4.6,47.4,OCC_TO_CU
1717459959.5671241,322,0.0,47.4,OCC_TO_CU
1717459959.6600873,273,22.2,47.6,CU_TO_DEV
1717459959.6607676,273,0.0,47.6,CU_TO_DEV
1717459961.3069956,154,5.6,47.5,OCC_TO_CU
1717459961.4618633,241,21.9,47.6,CU_TO_DEV
1717459961.4639587,241,0.0,47.6,CU_TO_DEV
1717459969.5730562,322,4.1,47.5,OCC_TO_CU
1717459969.574309,322,0.0,47.5,OCC_TO_CU
1717459969.6690037,273,21.1,47.7,CU_TO_DEV
1717459969.669111,273,21.1,47.7,CU_TO_DEV
1717459979.5890484,322,4.1,47.5,OCC_TO_CU
1717459979.590026,322,0.0,47.5,OCC_TO_CU
1717459979.675445,273,91.4,47.7,CU_TO_DEV
1717459979.6762276,273,91.4,47.7,CU_TO_DEV
1717459989.597753,322,5.3,47.4,OCC_TO_CU
1717459989.598411,322,0.0,47.4,OCC_TO_CU
1717459989.6859255,273,25.0,47.6,CU_TO_DEV
1717459989.6859708,273,25.0,47.6,CU_TO_DEV
1717459999.6022956,322,4.3,47.4,OCC_TO_CU
1717459999.6186464,322,42.9,47.4,OCC_TO_CU
1717459999.691771,273,37.9,47.6,CU_TO_DEV
1717459999.6918306,273,37.9,47.6,CU_TO_DEV
1717460009.6334043,322,4.2,47.4,OCC_TO_CU
1717460009.6372492,322,0.0,47.4,OCC_TO_CU
1717460009.7009835,273,89.3,47.7,CU_TO_DEV
1717460009.702239,273,0.0,47.7,CU_TO_DEV
1717460011.5782313,154,9.9,47.5,OCC_TO_CU
1717460011.7051446,241,15.7,47.7,CU_TO_DEV
1717460011.705456,241,0.0,47.7,CU_TO_DEV
1717460019.6363168,322,4.1,47.4,OCC_TO_CU
1717460019.6375127,322,0.0,47.4,OCC_TO_CU
1717460019.7098987,273,21.4,47.6,CU_TO_DEV
1717460019.7102368,273,0.0,47.6,CU_TO_DEV
1717460029.6555257,322,4.0,47.4,OCC_TO_CU
1717460029.6561825,322,0.0,47.4,OCC_TO_CU
1717460029.716478,273,25.0,47.6,CU_TO_DEV
1717460029.7162898,273,25.0,47.6,CU_TO_DEV
1717460039.660316,322,5.5,47.3,OCC_TO_CU
1717460039.661247,322,0.0,47.3,OCC_TO_CU
1717460039.7253618,273,25.0,47.5,CU_TO_DEV
1717460039.7261252,273,0.0,47.5,CU_TO_DEV
1717460049.6825817,322,4.2,47.3,OCC_TO_CU
1717460049.699734,322,33.3,47.3,OCC_TO_CU
1717460049.732488,273,61.5,47.5,CU_TO_DEV
1717460049.732341,273,64.3,47.5,CU_TO_DEV
1717460059.680383,322,3.8,47.4,OCC_TO_CU
1717460059.694155,322,50.0,47.4,OCC_TO_CU
1717460059.7385592,273,52.9,47.6,CU_TO_DEV
1717460059.7384706,273,52.9,47.6,CU_TO_DEV
1717460061.6580741,154,5.2,47.7,OCC_TO_CU
1717460061.7404995,241,24.2,47.7,CU_TO_DEV
1717460061.7406635,241,28.6,47.7,CU_TO_DEV
1717460069.6921158,322,3.1,47.5,OCC_TO_CU
1717460069.696234,322,50.0,47.5,OCC_TO_CU
1717460069.7446895,273,33.3,47.7,CU_TO_DEV
1717460069.7448103,273,33.3,47.7,CU_TO_DEV
1717460079.7035067,322,4.6,47.4,OCC_TO_CU
1717460079.704041,322,0.0,47.4,OCC_TO_CU
1717460079.7549255,273,28.6,47.6,CU_TO_DEV
1717460079.7552304,273,0.0,47.6,CU_TO_DEV
1717460089.7122521,322,3.6,47.5,OCC_TO_CU
1717460089.712853,322,100.0,47.5,OCC_TO_CU
1717460089.7605844,273,21.1,47.5,CU_TO_DEV
1717460089.7606432,273,21.1,47.5,CU_TO_DEV
1717460099.7205176,322,4.0,47.5,OCC_TO_CU
1717460099.7215743,322,0.0,47.5,OCC_TO_CU
1717460099.7669766,273,29.4,47.7,CU_TO_DEV
1717460099.7675352,273,0.0,47.7,CU_TO_DEV
1717460109.7360868,322,4.2,47.6,OCC_TO_CU
1717460109.7468789,322,40.0,47.6,OCC_TO_CU
1717460109.7769785,273,100.0,47.6,CU_TO_DEV
1717460109.7804565,273,0.0,47.7,CU_TO_DEV
1717460111.4265733,154,17.0,47.6,OCC_TO_CU
1717460111.5788105,241,16.7,47.7,CU_TO_DEV
1717460111.5829191,241,0.0,47.7,CU_TO_DEV
1717460119.7508981,322,4.3,47.3,OCC_TO_CU
1717460119.7514212,322,0.0,47.3,OCC_TO_CU
1717460119.784853,273,42.9,47.5,CU_TO_DEV
1717460119.7900517,273,0.0,47.5,CU_TO_DEV
1717460129.7602441,322,5.1,47.2,OCC_TO_CU
1717460129.770588,322,50.0,47.2,OCC_TO_CU
1717460129.7909799,273,57.1,47.3,CU_TO_DEV
1717460129.801253,273,80.0,47.4,CU_TO_DEV
1717460139.783628,322,4.4,47.3,OCC_TO_CU
1717460139.789312,322,33.3,47.3,OCC_TO_CU
1717460139.7966106,273,75.0,47.3,CU_TO_DEV
1717460139.8077102,273,66.7,47.4,CU_TO_DEV
1717460149.7937407,322,4.2,47.4,OCC_TO_CU
1717460149.7943838,322,0.0,47.4,OCC_TO_CU
1717460149.8048775,273,40.0,47.4,CU_TO_DEV
1717460149.8130546,273,100.0,47.4,CU_TO_DEV
1717460159.7998874,322,4.3,47.4,OCC_TO_CU
1717460159.8006108,322,100.0,47.4,OCC_TO_CU
1717460159.8124626,273,25.0,47.4,CU_TO_DEV
1717460159.8203568,273,75.0,47.5,CU_TO_DEV
1717460161.4957135,154,5.7,47.6,OCC_TO_CU
1717460161.6140037,241,21.7,47.7,CU_TO_DEV
1717460161.623341,241,40.0,47.7,CU_TO_DEV
1717460169.8121853,322,4.9,47.4,OCC_TO_CU
1717460169.8126898,322,100.0,47.4,OCC_TO_CU
1717460169.8222241,273,33.3,47.4,CU_TO_DEV
1717460169.8314567,273,75.0,47.4,CU_TO_DEV
1717460179.8120582,322,4.0,47.4,OCC_TO_CU
1717460179.8127031,322,66.7,47.4,OCC_TO_CU
1717460179.8289928,273,50.0,47.4,CU_TO_DEV
1717460179.8374803,273,75.0,47.5,CU_TO_DEV
1717460189.8245747,322,3.9,47.4,OCC_TO_CU
1717460189.8368783,273,33.3,47.4,CU_TO_DEV
1717460189.8394377,322,0.0,47.4,OCC_TO_CU
1717460189.8423378,273,100.0,47.4,CU_TO_DEV
1717460190.0378687,273,32.9,47.7,CU_TO_DEV
1717460199.837711,322,4.5,47.4,OCC_TO_CU
1717460199.838361,322,0.0,47.4,OCC_TO_CU
1717460199.8429425,273,0.0,47.4,CU_TO_DEV
1717460199.8486912,273,75.0,47.4,CU_TO_DEV
1717460209.8543391,322,3.7,47.5,OCC_TO_CU
1717460209.8548748,322,0.0,47.5,OCC_TO_CU
1717460210.0476902,273,13.2,47.7,CU_TO_DEV
1717460210.0529475,273,0.0,47.7,CU_TO_DEV
1717460211.5697732,154,4.5,47.7,OCC_TO_CU
1717460211.649242,241,90.6,47.7,CU_TO_DEV
1717460211.6555977,241,100.0,47.7,CU_TO_DEV
1717460219.861555,322,6.2,47.4,OCC_TO_CU
1717460219.862376,322,0.0,47.4,OCC_TO_CU
1717460219.8724341,273,25.0,47.4,CU_TO_DEV
1717460220.0565126,273,24.0,47.6,CU_TO_DEV
1717460229.8893683,322,3.8,47.4,OCC_TO_CU
1717460229.8904305,322,0.0,47.4,OCC_TO_CU
1717460230.0626929,273,72.9,47.6,CU_TO_DEV
1717460230.0786672,273,28.6,47.6,CU_TO_DEV
1717460239.888723,322,4.0,47.3,OCC_TO_CU
1717460239.8895257,322,0.0,47.3,OCC_TO_CU
1717460240.0677168,273,18.6,47.5,CU_TO_DEV
1717460240.0843742,273,28.6,47.5,CU_TO_DEV
1717460249.8964212,322,4.3,47.4,OCC_TO_CU
1717460249.8971815,322,100.0,47.4,OCC_TO_CU
1717460250.0729606,273,18.6,47.6,CU_TO_DEV
1717460250.0905921,273,16.7,47.6,CU_TO_DEV
1717460259.9141347,322,5.2,47.4,OCC_TO_CU
1717460259.914666,322,0.0,47.4,OCC_TO_CU
1717460260.0820951,273,18.2,47.6,CU_TO_DEV
1717460260.097349,273,50.0,47.6,CU_TO_DEV
1717460261.6477575,154,4.0,47.5,OCC_TO_CU
1717460261.6851056,241,66.7,47.6,CU_TO_DEV
1717460261.7001538,241,66.7,47.6,CU_TO_DEV
1717460269.9153519,322,4.3,47.4,OCC_TO_CU
1717460269.9185076,322,0.0,47.4,OCC_TO_CU
1717460270.090954,273,16.7,47.6,CU_TO_DEV
1717460270.106636,273,16.7,47.6,CU_TO_DEV
1717460279.9225955,322,5.2,47.4,OCC_TO_CU
1717460279.9240396,322,0.0,47.4,OCC_TO_CU
1717460280.0983665,273,14.7,47.6,CU_TO_DEV
1717460280.1139033,273,33.3,47.6,CU_TO_DEV
1717460289.944639,322,3.9,47.4,OCC_TO_CU
1717460289.968793,322,54.5,47.5,OCC_TO_CU
1717460290.1039422,273,24.0,47.6,CU_TO_DEV
1717460290.1189904,273,33.3,47.6,CU_TO_DEV
1717460299.94381,322,4.2,47.3,OCC_TO_CU
1717460299.9444644,322,0.0,47.3,OCC_TO_CU
1717460300.1106727,273,21.2,47.5,CU_TO_DEV
1717460300.1237917,273,20.0,47.5,CU_TO_DEV
1717460309.9563718,322,4.7,47.2,OCC_TO_CU
1717460309.969996,322,60.0,47.2,OCC_TO_CU
1717460310.1205292,273,93.4,47.4,CU_TO_DEV
1717460310.1330156,273,100.0,47.4,CU_TO_DEV
1717460311.7212093,154,6.2,47.3,OCC_TO_CU
1717460311.722065,241,0.0,47.3,CU_TO_DEV
1717460311.7344742,241,40.0,47.3,CU_TO_DEV
1717460319.9675386,322,3.6,47.1,OCC_TO_CU
1717460319.96851,322,0.0,47.1,OCC_TO_CU
1717460320.1286645,273,15.9,47.3,CU_TO_DEV
1717460320.1392233,273,0.0,47.4,CU_TO_DEV
1717460329.9821868,322,4.0,47.2,OCC_TO_CU
1717460329.9828963,322,0.0,47.2,OCC_TO_CU
1717460330.136413,273,18.3,47.4,CU_TO_DEV
1717460330.144674,273,33.3,47.4,CU_TO_DEV
1717460339.9820774,322,3.9,47.3,OCC_TO_CU
1717460339.9840105,322,0.0,47.3,OCC_TO_CU
1717460340.145325,273,17.2,47.5,CU_TO_DEV
1717460340.1504636,273,0.0,47.5,CU_TO_DEV
1717460349.9952052,322,4.8,47.3,OCC_TO_CU
1717460350.0012844,322,33.3,47.3,OCC_TO_CU
1717460350.1503024,273,82.5,47.4,CU_TO_DEV
1717460350.1554997,273,0.0,47.4,CU_TO_DEV
1717460360.0232284,322,4.8,47.1,OCC_TO_CU
1717460360.0238512,322,0.0,47.1,OCC_TO_CU
1717460360.1566904,273,22.2,47.3,CU_TO_DEV
1717460360.1639915,273,0.0,47.3,CU_TO_DEV
1717460361.7930791,154,6.0,47.2,OCC_TO_CU
1717460361.9579482,241,7.8,47.4,CU_TO_DEV
1717460361.9654331,241,25.0,47.4,CU_TO_DEV
1717460370.0204675,322,3.9,47.2,OCC_TO_CU
1717460370.0211232,322,50.0,47.2,OCC_TO_CU
1717460370.163096,273,24.1,47.4,CU_TO_DEV
1717460370.169513,273,0.0,47.4,CU_TO_DEV
1717460380.0278752,322,4.2,47.2,OCC_TO_CU
1717460380.028764,322,100.0,47.2,OCC_TO_CU
1717460380.1690075,273,19.6,47.4,CU_TO_DEV
1717460380.1744435,273,0.0,47.4,CU_TO_DEV
1717460390.065884,322,4.3,47.2,OCC_TO_CU
1717460390.0666654,322,0.0,47.2,OCC_TO_CU
1717460390.1745117,273,23.8,47.4,CU_TO_DEV
1717460390.1788871,273,0.0,47.4,CU_TO_DEV
1717460400.05433,322,5.3,47.2,OCC_TO_CU
1717460400.0609207,322,50.0,47.2,OCC_TO_CU
1717460400.1822531,273,34.0,47.4,CU_TO_DEV
1717460400.1849747,273,0.0,47.4,CU_TO_DEV
1717460410.0764306,322,4.3,47.2,OCC_TO_CU
1717460410.078808,322,0.0,47.2,OCC_TO_CU
1717460410.189361,273,95.5,47.5,CU_TO_DEV
1717460410.1894164,273,95.5,47.5,CU_TO_DEV
1717460411.8674796,154,7.6,47.3,OCC_TO_CU
1717460411.9912097,241,10.2,47.5,CU_TO_DEV
1717460411.9919353,241,0.0,47.5,CU_TO_DEV
1717460420.0680368,322,3.8,47.2,OCC_TO_CU
1717460420.074664,322,50.0,47.2,OCC_TO_CU
1717460420.1953719,273,37.5,47.4,CU_TO_DEV
1717460420.1959445,273,0.0,47.4,CU_TO_DEV
1717460430.0815632,322,3.5,47.2,OCC_TO_CU
1717460430.0851438,322,66.7,47.2,OCC_TO_CU
1717460430.2005832,273,26.1,47.4,CU_TO_DEV
1717460430.200751,273,27.7,47.4,CU_TO_DEV
1717460440.103573,322,5.1,47.2,OCC_TO_CU
1717460440.1067462,322,0.0,47.2,OCC_TO_CU
1717460440.2098358,273,15.4,47.4,CU_TO_DEV
1717460440.2097673,273,15.4,47.4,CU_TO_DEV
1717460450.1097956,322,4.8,47.2,OCC_TO_CU
1717460450.1140974,322,0.0,47.2,OCC_TO_CU
1717460450.2153323,273,24.4,47.4,CU_TO_DEV
1717460450.2159157,273,0.0,47.4,CU_TO_DEV
1717460460.1257117,322,4.0,47.2,OCC_TO_CU
1717460460.1265626,322,0.0,47.2,OCC_TO_CU
1717460460.2210717,273,30.0,47.4,CU_TO_DEV
1717460460.2211516,273,30.0,47.4,CU_TO_DEV
1717460461.940232,154,5.4,47.4,OCC_TO_CU
1717460462.0226955,241,21.2,47.5,CU_TO_DEV
1717460462.0232537,241,0.0,47.5,CU_TO_DEV
1717460470.158579,322,4.1,47.3,OCC_TO_CU
1717460470.1592364,322,0.0,47.3,OCC_TO_CU
1717460470.228377,273,85.7,47.5,CU_TO_DEV
1717460470.2292166,273,100.0,47.5,CU_TO_DEV
1717460480.1478426,322,4.0,47.2,OCC_TO_CU
1717460480.1497686,322,0.0,47.2,OCC_TO_CU
1717460480.2345698,273,24.2,47.4,CU_TO_DEV
1717460480.2345264,273,24.2,47.4,CU_TO_DEV
1717460490.1675673,322,5.2,47.2,OCC_TO_CU
1717460490.168473,322,0.0,47.2,OCC_TO_CU
1717460490.2411153,273,25.9,47.4,CU_TO_DEV
1717460490.240996,273,25.9,47.4,CU_TO_DEV
1717460500.1728494,322,3.9,47.2,OCC_TO_CU
1717460500.175526,322,0.0,47.2,OCC_TO_CU
1717460500.247265,273,20.7,47.2,CU_TO_DEV
1717460500.2471793,273,20.7,47.2,CU_TO_DEV
1717460510.1842058,322,4.5,47.3,OCC_TO_CU
1717460510.1848934,322,100.0,47.3,OCC_TO_CU
1717460510.2533286,273,85.2,47.5,CU_TO_DEV
1717460510.256974,273,100.0,47.5,CU_TO_DEV
1717460511.8943331,154,9.5,47.4,OCC_TO_CU
1717460512.0548716,241,8.1,47.5,CU_TO_DEV
1717460512.0589192,241,0.0,47.5,CU_TO_DEV
1717460520.2179039,322,4.1,47.2,OCC_TO_CU
1717460520.2185364,322,0.0,47.2,OCC_TO_CU
1717460520.2600367,273,44.4,47.4,CU_TO_DEV
1717460520.26247,273,0.0,47.4,CU_TO_DEV
1717460530.2213082,322,5.9,47.1,OCC_TO_CU
1717460530.2526069,322,41.7,47.3,OCC_TO_CU
1717460530.2673657,273,25.0,47.3,CU_TO_DEV
1717460530.2780316,273,40.0,47.3,CU_TO_DEV
1717460540.2192388,322,3.8,47.1,OCC_TO_CU
1717460540.21984,322,0.0,47.1,OCC_TO_CU
1717460540.2728233,273,34.8,47.3,CU_TO_DEV
1717460540.2827008,273,33.3,47.3,CU_TO_DEV
1717460550.2398112,322,3.8,47.2,OCC_TO_CU
1717460550.2408168,322,0.0,47.2,OCC_TO_CU
1717460550.2802703,273,37.5,47.4,CU_TO_DEV
1717460550.2890286,273,50.0,47.4,CU_TO_DEV
1717460560.2578127,322,3.8,47.3,OCC_TO_CU
1717460560.258468,322,0.0,47.3,OCC_TO_CU
1717460560.2874851,273,45.5,47.4,CU_TO_DEV
1717460560.2972357,273,66.7,47.5,CU_TO_DEV
1717460561.869215,154,5.9,47.4,OCC_TO_CU
1717460561.889485,241,75.0,47.4,CU_TO_DEV
1717460561.8989418,241,50.0,47.4,CU_TO_DEV
1717460570.253869,322,3.8,47.3,OCC_TO_CU
1717460570.2559085,322,0.0,47.3,OCC_TO_CU
1717460570.2950706,273,37.5,47.5,CU_TO_DEV
1717460570.3039906,273,0.0,47.5,CU_TO_DEV
1717460580.2654448,322,4.5,47.3,OCC_TO_CU
1717460580.2668014,322,0.0,47.3,OCC_TO_CU
1717460580.3037868,273,42.9,47.5,CU_TO_DEV
1717460580.309384,273,0.0,47.5,CU_TO_DEV
1717460590.2764597,322,3.8,47.3,OCC_TO_CU
1717460590.277265,322,100.0,47.3,OCC_TO_CU
1717460590.3110237,273,33.3,47.5,CU_TO_DEV
1717460590.314136,273,0.0,47.5,CU_TO_DEV
1717460600.2911818,322,4.4,47.3,OCC_TO_CU
1717460600.2918408,322,0.0,47.3,OCC_TO_CU
1717460600.316967,273,58.3,47.3,CU_TO_DEV
1717460600.3192668,273,0.0,47.3,CU_TO_DEV
1717460610.3016403,322,4.6,47.2,OCC_TO_CU
1717460610.3023694,322,0.0,47.2,OCC_TO_CU
1717460610.325087,273,42.9,47.3,CU_TO_DEV
1717460610.3281481,273,0.0,47.3,CU_TO_DEV
1717460611.9081173,154,12.5,47.4,OCC_TO_CU
1717460611.9269168,241,88.9,47.3,CU_TO_DEV
1717460611.931159,241,100.0,47.4,CU_TO_DEV
1717460620.3156545,322,5.4,47.2,OCC_TO_CU
1717460620.316318,322,0.0,47.2,OCC_TO_CU
1717460620.3330722,273,50.0,47.2,CU_TO_DEV
1717460620.3414152,273,66.7,47.2,CU_TO_DEV
1717460630.3336265,322,4.0,47.1,OCC_TO_CU
1717460630.3343687,322,0.0,47.1,OCC_TO_CU
1717460630.3417096,273,33.3,47.1,CU_TO_DEV
1717460630.3482125,273,50.0,47.1,CU_TO_DEV
1717460640.3487723,322,4.7,47.2,OCC_TO_CU
1717460640.349411,322,0.0,47.2,OCC_TO_CU
1717460640.3521194,273,0.0,47.2,CU_TO_DEV
1717460640.3565068,273,0.0,47.2,CU_TO_DEV
1717460650.3592792,322,4.4,47.3,OCC_TO_CU
1717460650.3619576,273,0.0,47.3,CU_TO_DEV
1717460650.363389,322,0.0,47.3,OCC_TO_CU
1717460650.5595827,273,12.7,47.5,CU_TO_DEV
1717460650.562468,273,0.0,47.5,CU_TO_DEV
1717460660.3726203,322,4.2,47.3,OCC_TO_CU
1717460660.3732505,322,0.0,47.3,OCC_TO_CU
1717460660.5664496,273,9.3,47.5,CU_TO_DEV
1717460660.5688097,273,0.0,47.5,CU_TO_DEV
1717460662.0321343,154,6.7,47.5,OCC_TO_CU
1717460662.1682537,241,16.1,47.6,CU_TO_DEV
1717460662.169857,241,0.0,47.6,CU_TO_DEV
1717460670.3894098,322,5.5,47.3,OCC_TO_CU
1717460670.3900769,322,0.0,47.3,OCC_TO_CU
1717460670.5734286,273,9.9,47.5,CU_TO_DEV
1717460670.5788977,273,0.0,47.5,CU_TO_DEV
1717460680.4069235,322,4.1,47.3,OCC_TO_CU
1717460680.40764,322,0.0,47.3,OCC_TO_CU
1717460680.5799496,273,11.6,47.6,CU_TO_DEV
1717460680.583702,273,0.0,47.6,CU_TO_DEV
1717460690.4088404,322,4.5,47.3,OCC_TO_CU
1717460690.409479,322,0.0,47.3,OCC_TO_CU
1717460690.5870981,273,10.0,47.5,CU_TO_DEV
1717460690.5882843,273,0.0,47.5,CU_TO_DEV
1717460700.4247787,322,3.7,47.3,OCC_TO_CU
1717460700.4257786,322,0.0,47.3,OCC_TO_CU
1717460700.5936904,273,9.2,47.6,CU_TO_DEV
1717460700.594208,273,0.0,47.6,CU_TO_DEV
1717460710.4481657,322,4.0,47.4,OCC_TO_CU
1717460710.472697,322,54.5,47.5,OCC_TO_CU
1717460710.59948,273,21.6,47.6,CU_TO_DEV
1717460710.599908,273,0.0,47.6,CU_TO_DEV
1717460712.0158641,154,19.5,47.4,OCC_TO_CU
1717460712.2026784,241,67.6,47.5,CU_TO_DEV
1717460712.2031846,241,0.0,47.5,CU_TO_DEV
1717460720.445756,322,3.6,47.2,OCC_TO_CU
1717460720.4470212,322,0.0,47.2,OCC_TO_CU
1717460720.6075487,273,11.3,47.4,CU_TO_DEV
1717460720.6080074,273,0.0,47.4,CU_TO_DEV
1717460730.4547527,322,3.8,47.2,OCC_TO_CU
1717460730.481983,322,54.5,47.3,OCC_TO_CU
1717460730.6133015,273,24.1,47.4,CU_TO_DEV
1717460730.613377,273,24.1,47.4,CU_TO_DEV
1717460740.487226,322,4.0,47.3,OCC_TO_CU
1717460740.4878805,322,0.0,47.3,OCC_TO_CU
1717460740.6196496,273,20.0,47.5,CU_TO_DEV
1717460740.6199033,273,0.0,47.5,CU_TO_DEV
1717460750.4970675,322,4.2,47.3,OCC_TO_CU
1717460750.4979367,322,0.0,47.3,OCC_TO_CU
1717460750.6254098,273,17.6,47.6,CU_TO_DEV
1717460750.6260202,273,0.0,47.6,CU_TO_DEV
1717460760.5060463,322,5.1,47.3,OCC_TO_CU
1717460760.5065694,322,0.0,47.3,OCC_TO_CU
1717460760.6317382,273,14.6,47.5,CU_TO_DEV
1717460760.63196,273,0.0,47.5,CU_TO_DEV
1717460762.0846503,154,5.6,47.4,OCC_TO_CU
1717460762.2331996,241,13.3,47.6,CU_TO_DEV
1717460762.2336009,241,0.0,47.6,CU_TO_DEV
1717460770.5222628,322,4.7,47.3,OCC_TO_CU
1717460770.5228858,322,0.0,47.3,OCC_TO_CU
1717460770.6377523,273,22.9,47.4,CU_TO_DEV
1717460770.6379483,273,22.9,47.4,CU_TO_DEV
1717460780.5205266,322,4.7,47.7,OCC_TO_CU
1717460780.5211828,322,0.0,47.7,OCC_TO_CU
1717460780.6435175,273,18.4,47.9,CU_TO_DEV
1717460780.6473663,273,0.0,47.9,CU_TO_DEV
1717460790.5315573,322,3.7,47.4,OCC_TO_CU
1717460790.5327082,322,0.0,47.4,OCC_TO_CU
1717460790.649891,273,20.8,47.6,CU_TO_DEV
1717460790.6521938,273,0.0,47.6,CU_TO_DEV
1717460800.5402951,322,5.3,47.5,OCC_TO_CU
1717460800.5408692,322,0.0,47.5,OCC_TO_CU
1717460800.665253,273,14.3,47.7,CU_TO_DEV
1717460800.6651137,273,14.3,47.7,CU_TO_DEV
1717460810.5610566,322,3.7,47.5,OCC_TO_CU
1717460810.5620687,322,0.0,47.5,OCC_TO_CU
1717460810.6704273,273,18.2,47.7,CU_TO_DEV
1717460810.6708474,273,0.0,47.7,CU_TO_DEV
1717460812.1530461,154,13.0,47.6,OCC_TO_CU
1717460812.2743642,241,10.6,47.7,CU_TO_DEV
1717460812.277308,241,0.0,47.7,CU_TO_DEV
1717460820.5696788,322,3.7,47.5,OCC_TO_CU
1717460820.5727463,322,0.0,47.5,OCC_TO_CU
1717460820.678627,273,12.8,47.6,CU_TO_DEV
1717460820.6808596,273,0.0,47.6,CU_TO_DEV
1717460830.5959044,322,4.3,47.5,OCC_TO_CU
1717460830.5965686,322,0.0,47.5,OCC_TO_CU
1717460830.6841385,273,22.2,47.7,CU_TO_DEV
1717460830.6851428,273,0.0,47.7,CU_TO_DEV
1717460840.6105943,322,4.7,47.4,OCC_TO_CU
1717460840.6114466,322,0.0,47.4,OCC_TO_CU
1717460840.691113,273,22.6,47.6,CU_TO_DEV
1717460840.6913514,273,22.6,47.6,CU_TO_DEV
1717460850.615883,322,5.0,47.4,OCC_TO_CU
1717460850.6164205,322,0.0,47.4,OCC_TO_CU
1717460850.6974437,273,21.9,47.6,CU_TO_DEV
1717460850.6976616,273,0.0,47.6,CU_TO_DEV
1717460860.6277983,322,4.6,47.3,OCC_TO_CU
1717460860.6286364,322,50.0,47.3,OCC_TO_CU
1717460860.7031424,273,26.7,47.5,CU_TO_DEV
1717460860.70434,273,0.0,47.5,CU_TO_DEV
1717460862.0786495,154,6.9,47.5,OCC_TO_CU
1717460862.1058342,241,83.3,47.5,CU_TO_DEV
1717460862.1059084,241,83.3,47.5,CU_TO_DEV
1717460870.642296,322,4.4,47.4,OCC_TO_CU
1717460870.6430798,322,0.0,47.4,OCC_TO_CU
1717460870.7114084,273,20.0,47.5,CU_TO_DEV
1717460870.712422,273,0.0,47.5,CU_TO_DEV
1717460880.6432498,322,4.1,47.4,OCC_TO_CU
1717460880.6440535,322,0.0,47.4,OCC_TO_CU
1717460880.7168636,273,27.6,47.6,CU_TO_DEV
1717460880.7177608,273,0.0,47.6,CU_TO_DEV
1717460890.663328,322,3.8,47.5,OCC_TO_CU
1717460890.6647685,322,100.0,47.5,OCC_TO_CU
1717460890.7233431,273,33.3,47.7,CU_TO_DEV
1717460890.7231324,273,33.3,47.7,CU_TO_DEV
1717460900.6851485,322,5.1,47.5,OCC_TO_CU
1717460900.6862254,322,0.0,47.5,OCC_TO_CU
1717460900.7317197,273,26.3,47.5,CU_TO_DEV
1717460900.7325044,273,100.0,47.5,CU_TO_DEV
1717460910.6903884,322,4.5,47.5,OCC_TO_CU
1717460910.6912792,322,0.0,47.5,OCC_TO_CU
1717460910.7377248,273,36.8,47.7,CU_TO_DEV
1717460910.7377808,273,36.8,47.7,CU_TO_DEV
1717460912.1994548,154,12.4,47.7,OCC_TO_CU
1717460912.3393912,241,10.7,47.8,CU_TO_DEV
1717460912.3395207,241,10.7,47.8,CU_TO_DEV
1717460920.7064016,322,3.9,47.5,OCC_TO_CU
1717460920.70715,322,0.0,47.5,OCC_TO_CU
1717460920.7452044,273,0.0,47.7,CU_TO_DEV
1717460920.744564,273,35.7,47.7,CU_TO_DEV
1717460930.7125082,322,4.1,47.6,OCC_TO_CU
1717460930.71316,322,100.0,47.6,OCC_TO_CU
1717460930.7513194,273,35.7,47.7,CU_TO_DEV
1717460930.751528,273,35.7,47.7,CU_TO_DEV
1717460940.7294574,322,5.7,47.4,OCC_TO_CU
1717460940.730314,322,0.0,47.4,OCC_TO_CU
1717460940.761834,273,36.4,47.5,CU_TO_DEV
1717460940.7626963,273,0.0,47.5,CU_TO_DEV
1717460950.7484133,322,4.2,47.4,OCC_TO_CU
1717460950.749072,322,100.0,47.4,OCC_TO_CU
1717460950.7689307,273,60.0,47.5,CU_TO_DEV
1717460950.7691028,273,60.0,47.5,CU_TO_DEV
1717460960.7611067,322,4.9,47.4,OCC_TO_CU
1717460960.7616382,322,0.0,47.4,OCC_TO_CU
1717460960.7762933,273,40.0,47.4,CU_TO_DEV
1717460960.7760582,273,40.0,47.4,CU_TO_DEV
1717460962.1493423,154,6.8,47.5,OCC_TO_CU
1717460962.1781979,241,72.7,47.6,CU_TO_DEV
1717460962.1804013,241,0.0,47.6,CU_TO_DEV
1717460970.7762005,322,4.1,47.4,OCC_TO_CU
1717460970.776888,322,100.0,47.4,OCC_TO_CU
1717460970.7831826,273,0.0,47.4,CU_TO_DEV
1717460970.786545,273,100.0,47.4,CU_TO_DEV
1717460980.781072,322,4.2,47.4,OCC_TO_CU
1717460980.7817037,322,0.0,47.4,OCC_TO_CU
1717460980.7896059,273,50.0,47.4,CU_TO_DEV
1717460980.793382,273,50.0,47.4,CU_TO_DEV
1717460990.7937136,322,5.0,47.4,OCC_TO_CU
1717460990.7972693,273,0.0,47.4,CU_TO_DEV
1717460990.799215,322,0.0,47.4,OCC_TO_CU
1717460990.8010337,273,100.0,47.4,CU_TO_DEV
1717460990.9979286,273,18.4,47.6,CU_TO_DEV
1717461000.8169158,322,4.1,47.5,OCC_TO_CU
1717461000.8175442,322,0.0,47.5,OCC_TO_CU
1717461001.005061,273,10.8,47.7,CU_TO_DEV
1717461001.0055113,273,0.0,47.7,CU_TO_DEV
1717461010.8248763,322,4.1,47.5,OCC_TO_CU
1717461010.825514,322,0.0,47.5,OCC_TO_CU
1717461011.0109386,273,13.9,47.7,CU_TO_DEV
1717461011.0131419,273,0.0,47.7,CU_TO_DEV
1717461012.1825967,154,6.9,47.7,OCC_TO_CU
1717461012.2125669,241,81.8,47.7,CU_TO_DEV
1717461012.2140799,241,0.0,47.7,CU_TO_DEV
1717461020.8395672,322,5.6,47.5,OCC_TO_CU
1717461020.8403153,322,0.0,47.5,OCC_TO_CU
1717461021.018794,273,11.3,47.6,CU_TO_DEV
1717461021.0192971,273,0.0,47.6,CU_TO_DEV
1717461030.8530936,322,5.4,47.4,OCC_TO_CU
1717461030.8583548,322,0.0,47.4,OCC_TO_CU
1717461031.026345,273,20.3,47.6,CU_TO_DEV
1717461031.0271432,273,0.0,47.6,CU_TO_DEV
1717461040.8654778,322,4.1,47.4,OCC_TO_CU
1717461040.8661313,322,0.0,47.4,OCC_TO_CU
1717461041.0324965,273,12.1,47.6,CU_TO_DEV
1717461041.0327532,273,100.0,47.6,CU_TO_DEV
1717461050.8792183,322,4.3,47.5,OCC_TO_CU
1717461050.879881,322,0.0,47.5,OCC_TO_CU
1717461051.0385456,273,12.5,47.7,CU_TO_DEV
1717461051.0384429,273,12.5,47.7,CU_TO_DEV
1717461060.8970633,322,4.1,47.5,OCC_TO_CU
1717461060.8982391,322,0.0,47.5,OCC_TO_CU
1717461061.0447772,273,10.7,47.7,CU_TO_DEV
1717461061.044562,273,9.1,47.7,CU_TO_DEV
1717461062.229159,154,6.6,47.7,OCC_TO_CU
1717461062.248032,241,0.0,47.7,CU_TO_DEV
1717461062.2462983,241,87.5,47.7,CU_TO_DEV
1717461070.929275,322,3.7,47.6,OCC_TO_CU
1717461070.9303083,322,0.0,47.6,OCC_TO_CU
1717461071.0534968,273,14.6,47.7,CU_TO_DEV
1717461071.053963,273,0.0,47.7,CU_TO_DEV
1717461080.9220169,322,5.1,47.5,OCC_TO_CU
1717461080.9231038,322,0.0,47.5,OCC_TO_CU
1717461081.0640857,273,14.3,47.7,CU_TO_DEV
1717461081.064045,273,14.3,47.7,CU_TO_DEV
1717461090.938758,322,4.1,47.6,OCC_TO_CU
1717461090.9397066,322,0.0,47.6,OCC_TO_CU
1717461091.0708199,273,85.5,47.7,CU_TO_DEV
1717461091.0712328,273,0.0,47.7,CU_TO_DEV
1717461100.9444547,322,3.6,47.6,OCC_TO_CU
1717461100.9452302,322,100.0,47.6,OCC_TO_CU
1717461101.0773022,273,11.8,47.7,CU_TO_DEV
1717461101.0777588,273,0.0,47.7,CU_TO_DEV
1717461110.964209,322,4.6,47.5,OCC_TO_CU
1717461110.9648542,322,100.0,47.5,OCC_TO_CU
1717461111.0835721,273,13.0,47.7,CU_TO_DEV
1717461111.0836287,273,13.0,47.7,CU_TO_DEV
1717461112.2980044,154,7.6,47.6,OCC_TO_CU
1717461112.4851522,241,10.8,47.8,CU_TO_DEV
1717461112.4855325,241,0.0,47.8,CU_TO_DEV
1717461120.970614,322,5.9,47.4,OCC_TO_CU
1717461120.9713235,322,0.0,47.4,OCC_TO_CU
1717461121.0957606,273,12.2,47.6,CU_TO_DEV
1717461121.0959885,273,0.0,47.6,CU_TO_DEV
1717461130.9977915,322,3.8,47.4,OCC_TO_CU
1717461130.9984543,322,0.0,47.4,OCC_TO_CU
1717461131.101116,273,20.0,47.6,CU_TO_DEV
1717461131.1011605,273,20.0,47.6,CU_TO_DEV
1717461140.9976993,322,4.0,47.4,OCC_TO_CU
1717461140.9984338,322,0.0,47.4,OCC_TO_CU
1717461141.106814,273,20.9,47.6,CU_TO_DEV
1717461141.1068692,273,20.9,47.6,CU_TO_DEV
1717461151.0111823,322,3.7,47.5,OCC_TO_CU
1717461151.0118062,322,0.0,47.5,OCC_TO_CU
1717461151.112478,273,19.5,47.7,CU_TO_DEV
1717461151.1124332,273,19.5,47.7,CU_TO_DEV
1717461161.026637,322,4.0,47.6,OCC_TO_CU
1717461161.027388,322,0.0,47.6,OCC_TO_CU
1717461161.1182985,273,19.4,47.8,CU_TO_DEV
1717461161.1184654,273,19.4,47.8,CU_TO_DEV
1717461162.3726053,154,8.2,47.8,OCC_TO_CU
1717461162.5198054,241,8.8,47.9,CU_TO_DEV
1717461162.5197604,241,8.8,47.9,CU_TO_DEV
1717461171.0419362,322,4.9,47.6,OCC_TO_CU
1717461171.0427527,322,0.0,47.6,OCC_TO_CU
1717461171.1245987,273,24.2,47.8,CU_TO_DEV
1717461171.127268,273,0.0,47.8,CU_TO_DEV
1717461181.0538228,322,4.2,47.6,OCC_TO_CU
1717461181.0545726,322,0.0,47.6,OCC_TO_CU
1717461181.1301932,273,23.3,47.8,CU_TO_DEV
1717461181.1323593,273,0.0,47.8,CU_TO_DEV
1717461191.0662198,322,4.4,47.6,OCC_TO_CU
1717461191.0668736,322,0.0,47.6,OCC_TO_CU
1717461191.1401973,273,21.4,47.7,CU_TO_DEV
1717461191.1409147,273,0.0,47.7,CU_TO_DEV
1717461201.0753322,322,3.9,47.6,OCC_TO_CU
1717461201.0783982,322,0.0,47.6,OCC_TO_CU
1717461201.146847,273,20.0,47.8,CU_TO_DEV
1717461201.1472812,273,0.0,47.8,CU_TO_DEV
1717461211.0864458,322,4.0,47.6,OCC_TO_CU
1717461211.0960495,322,33.3,47.6,OCC_TO_CU
1717461211.153183,273,41.7,47.8,CU_TO_DEV
1717461211.1533012,273,41.7,47.8,CU_TO_DEV
1717461212.445359,154,29.7,47.7,OCC_TO_CU
1717461212.561394,241,11.1,47.8,CU_TO_DEV
1717461212.5617828,241,0.0,47.8,CU_TO_DEV
1717461221.11587,322,3.5,47.5,OCC_TO_CU
1717461221.1165178,322,0.0,47.5,OCC_TO_CU
1717461221.1662312,273,27.8,47.6,CU_TO_DEV
1717461221.1667798,273,0.0,47.6,CU_TO_DEV
1717461231.113327,322,4.1,47.4,OCC_TO_CU
1717461231.114538,322,0.0,47.4,OCC_TO_CU
1717461231.1719203,273,23.8,47.6,CU_TO_DEV
1717461231.1748035,273,50.0,47.6,CU_TO_DEV
1717461241.1233578,322,4.2,47.5,OCC_TO_CU
1717461241.124119,322,0.0,47.5,OCC_TO_CU
1717461241.178745,273,37.5,47.7,CU_TO_DEV
1717461241.186567,273,50.0,47.7,CU_TO_DEV
1717461251.147754,322,4.0,47.6,OCC_TO_CU
1717461251.1485062,322,0.0,47.6,OCC_TO_CU
1717461251.1847248,273,46.7,47.8,CU_TO_DEV
1717461251.1947372,273,50.0,47.8,CU_TO_DEV
1717461261.1487248,322,5.0,47.6,OCC_TO_CU
1717461261.1506128,322,0.0,47.6,OCC_TO_CU
1717461261.1906238,273,46.7,47.8,CU_TO_DEV
1717461261.2010803,273,40.0,47.8,CU_TO_DEV
1717461262.5080404,154,7.9,47.8,OCC_TO_CU
1717461262.5920374,241,22.9,47.9,CU_TO_DEV
1717461262.6048348,241,20.0,47.9,CU_TO_DEV
1717461271.1567314,322,4.3,47.6,OCC_TO_CU
1717461271.1573474,322,0.0,47.6,OCC_TO_CU
1717461271.1969485,273,35.7,47.8,CU_TO_DEV
1717461271.2092717,273,40.0,47.8,CU_TO_DEV
1717461281.1736083,322,3.7,47.6,OCC_TO_CU
1717461281.1743357,322,0.0,47.6,OCC_TO_CU
1717461281.2028232,273,40.0,47.7,CU_TO_DEV
1717461281.2150812,273,60.0,47.8,CU_TO_DEV
1717461291.1791573,322,3.8,47.7,OCC_TO_CU
1717461291.1798143,322,0.0,47.7,OCC_TO_CU
1717461291.2098732,273,41.7,47.8,CU_TO_DEV
1717461291.2202635,273,50.0,47.9,CU_TO_DEV
1717461301.1846197,322,3.7,47.8,OCC_TO_CU
1717461301.1946142,322,33.3,47.8,OCC_TO_CU
1717461301.2172718,273,50.0,47.9,CU_TO_DEV
1717461301.226439,273,100.0,48.0,CU_TO_DEV
1717461311.1968195,322,5.3,47.7,OCC_TO_CU
1717461311.1974816,322,0.0,47.7,OCC_TO_CU
1717461311.2274435,273,41.7,47.8,CU_TO_DEV
1717461311.2359946,273,50.0,47.9,CU_TO_DEV
1717461312.5811343,154,14.3,47.8,OCC_TO_CU
1717461312.6295333,241,30.0,47.9,CU_TO_DEV
1717461312.6391776,241,0.0,47.9,CU_TO_DEV
1717461321.2014108,322,3.5,47.6,OCC_TO_CU
1717461321.2019298,322,0.0,47.6,OCC_TO_CU
1717461321.233862,273,33.3,47.8,CU_TO_DEV
1717461321.244427,273,25.0,47.8,CU_TO_DEV
1717461331.2224734,322,4.2,47.7,OCC_TO_CU
1717461331.2233062,322,0.0,47.7,OCC_TO_CU
1717461331.2394314,273,42.9,47.7,CU_TO_DEV
1717461331.2504163,273,66.7,47.7,CU_TO_DEV
1717461341.2209747,322,4.2,47.7,OCC_TO_CU
1717461341.2220836,322,0.0,47.7,OCC_TO_CU
1717461341.2469535,273,66.7,47.7,CU_TO_DEV
1717461341.2568762,273,100.0,47.8,CU_TO_DEV
1717461351.2265108,322,6.3,47.5,OCC_TO_CU
1717461351.227136,322,0.0,47.5,OCC_TO_CU
1717461351.2541761,273,45.5,47.6,CU_TO_DEV
1717461351.2665777,273,40.0,47.7,CU_TO_DEV
1717461361.2510743,322,4.0,47.5,OCC_TO_CU
1717461361.2517176,322,0.0,47.5,OCC_TO_CU
1717461361.259753,273,0.0,47.5,CU_TO_DEV
1717461361.2725327,273,60.0,47.6,CU_TO_DEV
1717461362.6432366,154,7.1,47.7,OCC_TO_CU
1717461362.661458,241,50.0,47.7,CU_TO_DEV
1717461362.6745527,241,66.7,47.8,CU_TO_DEV
1717461371.2591279,322,4.1,47.6,OCC_TO_CU
1717461371.2598777,322,0.0,47.6,OCC_TO_CU
1717461371.2668881,273,0.0,47.6,CU_TO_DEV
1717461371.2825603,273,85.7,47.6,CU_TO_DEV
1717461381.2668562,322,4.8,47.7,OCC_TO_CU
1717461381.272244,273,0.0,47.7,CU_TO_DEV
1717461381.2765043,322,100.0,47.7,OCC_TO_CU
1717461381.2902353,273,85.7,47.7,CU_TO_DEV
1717461381.473035,273,27.4,47.9,CU_TO_DEV
1717461391.2849252,322,4.1,47.7,OCC_TO_CU
1717461391.2855787,322,0.0,47.7,OCC_TO_CU
1717461391.297252,273,40.0,47.7,CU_TO_DEV
1717461391.4793708,273,19.1,47.9,CU_TO_DEV
1717461401.2929802,322,5.0,47.7,OCC_TO_CU
1717461401.293622,322,0.0,47.7,OCC_TO_CU
1717461401.3045259,273,25.0,47.7,CU_TO_DEV
1717461401.4865263,273,27.0,47.9,CU_TO_DEV
1717461411.3065403,322,4.2,47.7,OCC_TO_CU
1717461411.3071918,322,0.0,47.7,OCC_TO_CU
1717461411.3121936,273,0.0,47.7,CU_TO_DEV
1717461411.4937265,273,24.6,47.9,CU_TO_DEV
1717461412.4564068,154,15.3,47.9,OCC_TO_CU
1717461412.4975777,241,64.7,47.9,CU_TO_DEV
1717461412.5174599,241,66.7,48.0,CU_TO_DEV
1717461421.3179343,322,3.4,47.7,OCC_TO_CU
1717461421.3186393,322,0.0,47.7,OCC_TO_CU
1717461421.321414,273,0.0,47.7,CU_TO_DEV
1717461421.5027978,273,18.6,47.9,CU_TO_DEV
1717461431.3352258,322,4.7,47.6,OCC_TO_CU
1717461431.3359964,322,0.0,47.6,OCC_TO_CU
1717461431.510485,273,16.7,47.8,CU_TO_DEV
1717461431.5288525,273,37.5,47.8,CU_TO_DEV
1717461441.3502908,322,5.2,47.6,OCC_TO_CU
1717461441.3507876,322,0.0,47.6,OCC_TO_CU
1717461441.5219128,273,20.0,47.8,CU_TO_DEV
1717461441.535192,273,40.0,47.8,CU_TO_DEV
1717461451.3632116,322,3.9,47.6,OCC_TO_CU
1717461451.3638692,322,0.0,47.6,OCC_TO_CU
1717461451.5273678,273,22.7,47.8,CU_TO_DEV
1717461451.5399866,273,25.0,47.8,CU_TO_DEV
1717461461.3579364,322,3.9,47.7,OCC_TO_CU
1717461461.3585684,322,0.0,47.7,OCC_TO_CU
1717461461.5328631,273,70.6,47.8,CU_TO_DEV
1717461461.5446897,273,25.0,47.8,CU_TO_DEV
1717461462.491595,154,4.5,47.8,OCC_TO_CU
1717461462.533922,241,58.8,47.8,CU_TO_DEV
1717461462.546735,241,60.0,47.8,CU_TO_DEV
1717461471.3874753,322,4.1,47.6,OCC_TO_CU
1717461471.388149,322,0.0,47.6,OCC_TO_CU
1717461471.5385923,273,20.7,47.8,CU_TO_DEV
1717461471.5533006,273,42.9,47.8,CU_TO_DEV
1717461481.3912938,322,3.8,47.7,OCC_TO_CU
1717461481.392104,322,0.0,47.7,OCC_TO_CU
1717461481.5450578,273,21.7,47.9,CU_TO_DEV
1717461481.5609515,273,33.3,47.9,CU_TO_DEV
1717461491.3928807,322,5.0,47.7,OCC_TO_CU
1717461491.3936656,322,0.0,47.7,OCC_TO_CU
1717461491.5510538,273,23.8,47.9,CU_TO_DEV
1717461491.5717096,273,44.4,47.9,CU_TO_DEV
1717461501.4269314,322,3.9,47.6,OCC_TO_CU
1717461501.427697,322,0.0,47.6,OCC_TO_CU
1717461501.5564022,273,26.0,47.8,CU_TO_DEV
1717461501.5777194,273,44.4,47.8,CU_TO_DEV
1717461511.4323673,322,4.8,47.7,OCC_TO_CU
1717461511.4329662,322,100.0,47.7,OCC_TO_CU
1717461511.5650523,273,92.3,47.9,CU_TO_DEV
1717461511.5866323,273,100.0,47.8,CU_TO_DEV
1717461512.5439975,154,5.5,47.8,OCC_TO_CU
1717461512.5666387,241,70.0,47.8,CU_TO_DEV
1717461512.589673,241,44.4,47.8,CU_TO_DEV
1717461521.4274642,322,4.6,47.6,OCC_TO_CU
1717461521.4379902,322,0.0,47.6,OCC_TO_CU
1717461521.5719445,273,34.6,47.8,CU_TO_DEV
1717461521.5980735,273,36.4,47.8,CU_TO_DEV
1717461531.4658198,322,5.3,47.6,OCC_TO_CU
1717461531.4666715,322,0.0,47.6,OCC_TO_CU
1717461531.5780978,273,29.5,47.8,CU_TO_DEV
1717461531.6077712,273,20.0,47.8,CU_TO_DEV
1717461541.4542532,322,3.6,47.4,OCC_TO_CU
1717461541.4672914,322,25.0,47.4,OCC_TO_CU
1717461541.5868165,273,37.5,47.6,CU_TO_DEV
1717461541.6123173,273,22.2,47.6,CU_TO_DEV
1717461551.4701202,322,4.0,47.4,OCC_TO_CU
1717461551.470907,322,0.0,47.4,OCC_TO_CU
1717461551.592177,273,29.2,47.6,CU_TO_DEV
1717461551.617401,273,45.5,47.6,CU_TO_DEV
1717461561.49797,322,3.7,47.5,OCC_TO_CU
1717461561.4986024,322,0.0,47.5,OCC_TO_CU
1717461561.5980377,273,35.1,47.7,CU_TO_DEV
1717461561.6223605,273,30.0,47.7,CU_TO_DEV
1717461562.6253145,154,7.7,47.7,OCC_TO_CU
1717461562.79935,241,16.4,47.8,CU_TO_DEV
1717461562.823524,241,20.0,47.8,CU_TO_DEV
1717461571.4958286,322,3.7,47.6,OCC_TO_CU
1717461571.512643,322,40.0,47.6,OCC_TO_CU
1717461571.6038888,273,50.0,47.8,CU_TO_DEV
1717461571.6281505,273,40.0,47.8,CU_TO_DEV
1717461581.5090344,322,4.6,47.5,OCC_TO_CU
1717461581.5096936,322,0.0,47.5,OCC_TO_CU
1717461581.609821,273,34.2,47.7,CU_TO_DEV
1717461581.6331336,273,40.0,47.7,CU_TO_DEV
1717461591.5239222,322,4.9,47.5,OCC_TO_CU
1717461591.5244458,322,0.0,47.5,OCC_TO_CU
1717461591.616576,273,94.9,47.6,CU_TO_DEV
1717461591.645049,273,90.9,47.7,CU_TO_DEV
1717461601.5319953,322,4.0,47.4,OCC_TO_CU
1717461601.5330539,322,100.0,47.4,OCC_TO_CU
1717461601.6239905,273,34.4,47.6,CU_TO_DEV
1717461601.6499188,273,45.5,47.6,CU_TO_DEV
1717461611.5692565,322,4.1,47.5,OCC_TO_CU
1717461611.570338,322,0.0,47.5,OCC_TO_CU
1717461611.6322126,273,87.0,47.5,CU_TO_DEV
1717461611.6556008,273,100.0,47.6,CU_TO_DEV
1717461612.6932504,154,15.4,47.7,OCC_TO_CU
1717461612.8336992,241,7.4,47.7,CU_TO_DEV
1717461612.8569999,241,30.0,47.7,CU_TO_DEV
1717461621.5802186,322,3.5,47.4,OCC_TO_CU
1717461621.5833108,322,0.0,47.4,OCC_TO_CU
1717461621.6381638,273,75.0,47.5,CU_TO_DEV
1717461621.6629667,273,100.0,47.6,CU_TO_DEV
1717461631.583788,322,5.0,47.4,OCC_TO_CU
1717461631.5843968,322,0.0,47.4,OCC_TO_CU
1717461631.6457906,273,43.5,47.6,CU_TO_DEV
1717461631.668719,273,55.6,47.6,CU_TO_DEV
1717461641.5836182,322,3.8,47.4,OCC_TO_CU
1717461641.5841959,322,0.0,47.4,OCC_TO_CU
1717461641.6522968,273,48.1,47.6,CU_TO_DEV
1717461641.6737788,273,28.6,47.6,CU_TO_DEV
1717461651.602413,322,4.0,47.4,OCC_TO_CU
1717461651.603032,322,0.0,47.4,OCC_TO_CU
1717461651.6573076,273,63.6,47.6,CU_TO_DEV
1717461651.678641,273,66.7,47.7,CU_TO_DEV
1717461661.6170907,322,3.4,47.5,OCC_TO_CU
1717461661.6190612,322,0.0,47.5,OCC_TO_CU
1717461661.6623094,273,64.7,47.7,CU_TO_DEV
1717461661.68389,273,33.3,47.7,CU_TO_DEV
1717461662.7593005,154,8.4,47.8,OCC_TO_CU
1717461662.8636124,241,17.1,47.8,CU_TO_DEV
1717461662.8853304,241,14.3,47.8,CU_TO_DEV
1717461671.6451397,322,6.3,47.5,OCC_TO_CU
1717461671.6461453,322,0.0,47.5,OCC_TO_CU
1717461671.6704323,273,80.0,47.5,CU_TO_DEV
1717461671.693334,273,22.2,47.5,CU_TO_DEV
1717461681.6476974,322,3.9,47.4,OCC_TO_CU
1717461681.6483655,322,0.0,47.4,OCC_TO_CU
1717461681.676739,273,83.3,47.5,CU_TO_DEV
1717461681.7000597,273,25.0,47.5,CU_TO_DEV
1717461691.6448522,322,4.0,47.5,OCC_TO_CU
1717461691.6454704,322,0.0,47.5,OCC_TO_CU
1717461691.6839352,273,64.7,47.5,CU_TO_DEV
1717461691.7065876,273,12.5,47.6,CU_TO_DEV
1717461701.6930532,322,4.0,47.4,OCC_TO_CU
1717461701.6946507,322,0.0,47.4,OCC_TO_CU
1717461701.711727,273,85.7,47.5,CU_TO_DEV
1717461701.8897514,273,15.9,47.7,CU_TO_DEV
1717461711.6953676,322,4.1,47.6,OCC_TO_CU
1717461711.696351,322,0.0,47.6,OCC_TO_CU
1717461711.7220557,273,75.0,47.6,CU_TO_DEV
1717461711.8962855,273,97.1,47.9,CU_TO_DEV
1717461712.8363972,154,12.5,47.7,OCC_TO_CU
1717461712.9021513,241,25.0,47.7,CU_TO_DEV
1717461712.9282572,241,77.8,47.7,CU_TO_DEV
1717461721.7040772,322,5.2,47.3,OCC_TO_CU
1717461721.7049088,322,100.0,47.3,OCC_TO_CU
1717461721.7067046,273,0.0,47.3,CU_TO_DEV
1717461721.7342021,273,80.0,47.4,CU_TO_DEV
1717461731.717671,322,3.6,47.4,OCC_TO_CU
1717461731.718982,322,0.0,47.4,OCC_TO_CU
1717461731.7393034,273,70.0,47.4,CU_TO_DEV
1717461731.911454,273,11.9,47.6,CU_TO_DEV
1717461741.7026901,322,3.8,47.4,OCC_TO_CU
1717461741.710616,322,50.0,47.4,OCC_TO_CU
1717461741.716261,273,66.7,47.4,CU_TO_DEV
1717461741.746495,273,81.8,47.5,CU_TO_DEV
1717461751.7483852,322,4.4,47.5,OCC_TO_CU
1717461751.7538807,322,100.0,47.5,OCC_TO_CU
1717461751.754373,273,0.0,47.5,CU_TO_DEV
1717461751.9242616,273,50.7,47.6,CU_TO_DEV
1717461751.9563127,273,28.6,47.6,CU_TO_DEV
1717461761.7450225,322,5.0,47.4,OCC_TO_CU
1717461761.7461963,322,0.0,47.4,OCC_TO_CU
1717461761.762081,273,75.0,47.4,CU_TO_DEV
1717461761.9325938,273,26.1,47.6,CU_TO_DEV
1717461762.9157515,154,5.4,47.6,OCC_TO_CU
1717461762.9334908,241,20.0,47.6,CU_TO_DEV
1717461762.964077,241,54.5,47.6,CU_TO_DEV
1717461771.7612004,322,4.1,47.3,OCC_TO_CU
1717461771.7621684,322,0.0,47.3,OCC_TO_CU
1717461771.7687442,273,33.3,47.3,CU_TO_DEV
1717461771.9380977,273,20.6,47.5,CU_TO_DEV
1717461781.7612123,322,4.2,47.4,OCC_TO_CU
1717461781.7622125,322,0.0,47.4,OCC_TO_CU
1717461781.7742054,273,40.0,47.4,CU_TO_DEV
1717461781.9436646,273,17.9,47.6,CU_TO_DEV
1717461791.770683,322,4.4,47.4,OCC_TO_CU
1717461791.7719605,322,0.0,47.4,OCC_TO_CU
1717461791.7797387,273,0.0,47.4,CU_TO_DEV
1717461791.948637,273,19.1,47.6,CU_TO_DEV
1717461801.7851167,322,4.1,47.5,OCC_TO_CU
1717461801.786318,322,0.0,47.5,OCC_TO_CU
1717461801.9538357,273,12.3,47.6,CU_TO_DEV
1717461801.9855354,273,28.6,47.6,CU_TO_DEV
1717461811.8086886,322,6.0,47.4,OCC_TO_CU
1717461811.8243792,322,40.0,47.4,OCC_TO_CU
1717461811.961763,273,20.0,47.6,CU_TO_DEV
1717461811.9984992,273,29.4,47.6,CU_TO_DEV
1717461812.9810455,154,5.4,47.6,OCC_TO_CU
1717461813.000159,241,62.5,47.7,CU_TO_DEV
1717461813.1629968,241,29.2,47.7,CU_TO_DEV
1717461821.8027809,322,3.7,47.5,OCC_TO_CU
1717461821.8036423,322,0.0,47.5,OCC_TO_CU
1717461821.8048878,273,0.0,47.5,CU_TO_DEV
1717461821.967563,273,18.2,47.7,CU_TO_DEV
1717461831.8433425,322,3.9,47.4,OCC_TO_CU
1717461831.8439534,322,0.0,47.4,OCC_TO_CU
1717461831.9730115,273,84.9,47.6,CU_TO_DEV
1717461832.0099256,273,26.7,47.6,CU_TO_DEV
1717461841.8705404,322,4.4,47.2,OCC_TO_CU
1717461841.8787608,322,25.0,47.2,OCC_TO_CU
1717461841.9814122,273,30.0,47.5,CU_TO_DEV
1717461842.0168192,273,20.0,47.5,CU_TO_DEV
1717461851.8420177,322,5.3,47.3,OCC_TO_CU
1717461851.842897,322,0.0,47.3,OCC_TO_CU
1717461851.9923794,273,10.0,47.5,CU_TO_DEV
1717461852.0230262,273,9.1,47.5,CU_TO_DEV
1717461861.8718448,322,3.7,47.3,OCC_TO_CU
1717461861.8739393,322,0.0,47.3,OCC_TO_CU
1717461861.9972343,273,18.0,47.5,CU_TO_DEV
1717461862.0276482,273,18.2,47.5,CU_TO_DEV
1717461862.7652469,154,3.1,47.5,OCC_TO_CU
1717461862.7981946,241,69.2,47.5,CU_TO_DEV
1717461862.8288863,241,33.3,47.5,CU_TO_DEV
1717461871.866346,322,4.0,47.3,OCC_TO_CU
1717461871.8674018,322,0.0,47.3,OCC_TO_CU
1717461872.006305,273,11.3,47.5,CU_TO_DEV
1717461872.0338674,273,20.0,47.5,CU_TO_DEV
1717461881.8770883,322,4.0,47.4,OCC_TO_CU
1717461881.8778563,322,0.0,47.4,OCC_TO_CU
1717461882.0120862,273,13.2,47.6,CU_TO_DEV
1717461882.0391176,273,11.1,47.6,CU_TO_DEV
1717461891.9195707,322,3.9,47.4,OCC_TO_CU
1717461891.9215918,322,0.0,47.4,OCC_TO_CU
1717461892.0195541,273,13.9,47.6,CU_TO_DEV
1717461892.044804,273,20.0,47.6,CU_TO_DEV
1717461901.9276326,322,5.0,47.4,OCC_TO_CU
1717461901.9282243,322,0.0,47.4,OCC_TO_CU
1717461902.0256715,273,16.2,47.6,CU_TO_DEV
1717461902.0526915,273,54.5,47.6,CU_TO_DEV
1717461911.9310486,322,4.5,47.3,OCC_TO_CU
1717461911.931932,322,0.0,47.3,OCC_TO_CU
1717461912.0305715,273,26.2,47.5,CU_TO_DEV
1717461912.0581279,273,27.3,47.5,CU_TO_DEV
1717461912.8029447,154,4.3,47.5,OCC_TO_CU
1717461912.8315318,241,75.0,47.5,CU_TO_DEV
1717461912.8593283,241,18.2,47.5,CU_TO_DEV
1717461921.9373298,322,4.7,47.3,OCC_TO_CU
1717461921.9380944,322,0.0,47.3,OCC_TO_CU
1717461922.0397935,273,17.9,47.5,CU_TO_DEV
1717461922.0659962,273,18.2,47.5,CU_TO_DEV
1717461931.9324358,322,4.1,47.4,OCC_TO_CU
1717461931.9330745,322,0.0,47.4,OCC_TO_CU
1717461932.0448623,273,15.9,47.6,CU_TO_DEV
1717461932.0716145,273,20.0,47.6,CU_TO_DEV
1717461941.9470265,322,5.1,47.3,OCC_TO_CU
1717461941.94758,322,0.0,47.3,OCC_TO_CU
1717461942.0535703,273,14.6,47.5,CU_TO_DEV
1717461942.0776618,273,22.2,47.5,CU_TO_DEV
1717461951.9575555,322,3.6,47.4,OCC_TO_CU
1717461951.9780777,322,50.0,47.4,OCC_TO_CU
1717461952.0596092,273,100.0,47.6,CU_TO_DEV
1717461952.0823874,273,100.0,47.6,CU_TO_DEV
1717461961.9746978,322,3.9,47.3,OCC_TO_CU
1717461961.9754171,322,0.0,47.3,OCC_TO_CU
1717461962.0685914,273,25.6,47.5,CU_TO_DEV
1717461962.0880082,273,25.0,47.5,CU_TO_DEV
1717461962.8831491,154,5.0,47.5,OCC_TO_CU
1717461962.8895195,241,0.0,47.5,CU_TO_DEV
1717461963.069556,241,33.8,47.6,CU_TO_DEV
1717461972.0082037,322,3.7,47.4,OCC_TO_CU
1717461972.009285,322,0.0,47.4,OCC_TO_CU
1717461972.074955,273,32.0,47.5,CU_TO_DEV
1717461972.0952237,273,22.2,47.6,CU_TO_DEV
1717461981.9899132,322,4.2,47.4,OCC_TO_CU
1717461981.9906137,322,0.0,47.4,OCC_TO_CU
1717461982.0801122,273,17.6,47.6,CU_TO_DEV
1717461982.0997598,273,12.5,47.7,CU_TO_DEV
1717461992.0060232,322,4.6,47.4,OCC_TO_CU
1717461992.0124867,322,0.0,47.4,OCC_TO_CU
1717461992.0878444,273,43.3,47.6,CU_TO_DEV
1717461992.104248,273,16.7,47.6,CU_TO_DEV
1717462002.0214334,322,4.5,47.4,OCC_TO_CU
1717462002.0220494,322,0.0,47.4,OCC_TO_CU
1717462002.1005387,273,86.7,47.5,CU_TO_DEV
1717462002.1112869,273,100.0,47.5,CU_TO_DEV
1717462012.0412562,322,4.3,47.4,OCC_TO_CU
1717462012.042279,322,0.0,47.4,OCC_TO_CU
1717462012.106178,273,28.0,47.5,CU_TO_DEV
1717462012.1182804,273,25.0,47.5,CU_TO_DEV
1717462012.9675026,154,5.6,47.5,OCC_TO_CU
1717462013.107312,241,23.6,47.6,CU_TO_DEV
1717462013.1194985,241,50.0,47.6,CU_TO_DEV
1717462022.0339262,322,3.7,47.3,OCC_TO_CU
1717462022.0409992,322,0.0,47.3,OCC_TO_CU
1717462022.1120164,273,48.3,47.5,CU_TO_DEV
1717462022.1256313,273,33.3,47.5,CU_TO_DEV
1717462032.0395756,322,5.1,47.3,OCC_TO_CU
1717462032.0408003,322,0.0,47.3,OCC_TO_CU
1717462032.117273,273,14.8,47.5,CU_TO_DEV
1717462032.1326463,273,33.3,47.5,CU_TO_DEV
1717462042.0668354,322,3.5,47.4,OCC_TO_CU
1717462042.0674589,322,0.0,47.4,OCC_TO_CU
1717462042.1223063,273,20.0,47.6,CU_TO_DEV
1717462042.1373968,273,42.9,47.6,CU_TO_DEV
1717462052.0649967,322,3.9,47.4,OCC_TO_CU
1717462052.0812912,322,50.0,47.4,OCC_TO_CU
1717462052.1277242,273,44.4,47.6,CU_TO_DEV
1717462052.1424117,273,50.0,47.6,CU_TO_DEV
1717462062.0930939,322,3.9,47.5,OCC_TO_CU
1717462062.09369,322,0.0,47.5,OCC_TO_CU
1717462062.1332607,273,33.3,47.7,CU_TO_DEV
1717462062.1469789,273,20.0,47.7,CU_TO_DEV
1717462063.03733,154,3.7,47.7,OCC_TO_CU
1717462063.134326,241,25.0,47.7,CU_TO_DEV
1717462063.1480975,241,40.0,47.8,CU_TO_DEV
1717462072.0952,322,3.8,47.5,OCC_TO_CU
1717462072.0957994,322,0.0,47.5,OCC_TO_CU
1717462072.1450298,273,85.7,47.6,CU_TO_DEV
1717462072.155211,273,100.0,47.7,CU_TO_DEV
1717462082.1008213,322,6.5,47.3,OCC_TO_CU
1717462082.101479,322,0.0,47.3,OCC_TO_CU
1717462082.1547663,273,25.0,47.4,CU_TO_DEV
1717462082.161875,273,33.3,47.5,CU_TO_DEV
1717462092.1196969,322,3.9,47.3,OCC_TO_CU
1717462092.1207697,322,50.0,47.3,OCC_TO_CU
1717462092.160173,273,35.7,47.5,CU_TO_DEV
1717462092.1683679,273,33.3,47.5,CU_TO_DEV
1717462102.1230705,322,5.1,47.3,OCC_TO_CU
1717462102.1237185,322,0.0,47.3,OCC_TO_CU
1717462102.1690526,273,38.9,47.4,CU_TO_DEV
1717462102.173259,273,0.0,47.4,CU_TO_DEV
1717462112.1609337,322,3.5,47.3,OCC_TO_CU
1717462112.1615763,322,0.0,47.3,OCC_TO_CU
1717462112.1746697,273,40.0,47.3,CU_TO_DEV
1717462112.1784902,273,0.0,47.3,CU_TO_DEV
1717462113.1097107,154,5.2,47.5,OCC_TO_CU
1717462113.1759975,241,25.0,47.5,CU_TO_DEV
1717462113.1814127,241,66.7,47.6,CU_TO_DEV
1717462122.15127,322,5.1,47.4,OCC_TO_CU
1717462122.1518567,322,0.0,47.4,OCC_TO_CU
1717462122.1894438,273,35.7,47.5,CU_TO_DEV
1717462122.1893332,273,35.7,47.5,CU_TO_DEV
1717462132.1529424,322,3.7,47.3,OCC_TO_CU
1717462132.1539705,322,0.0,47.3,OCC_TO_CU
1717462132.1953814,273,38.9,47.5,CU_TO_DEV
1717462132.196051,273,0.0,47.5,CU_TO_DEV
1717462142.1633182,322,4.1,47.3,OCC_TO_CU
1717462142.1639538,322,0.0,47.3,OCC_TO_CU
1717462142.2021945,273,0.0,47.5,CU_TO_DEV
1717462142.2016704,273,43.8,47.5,CU_TO_DEV
1717462152.191738,322,4.2,47.4,OCC_TO_CU
1717462152.192399,322,0.0,47.4,OCC_TO_CU
1717462152.2085912,273,42.9,47.4,CU_TO_DEV
1717462152.2085335,273,50.0,47.4,CU_TO_DEV
1717462162.2130485,322,4.7,47.4,OCC_TO_CU
1717462162.2140646,322,0.0,47.4,OCC_TO_CU
1717462162.2170904,273,0.0,47.4,CU_TO_DEV
1717462162.2170677,273,0.0,47.4,CU_TO_DEV
1717462163.182208,154,3.4,47.6,OCC_TO_CU
1717462163.2180464,241,43.8,47.6,CU_TO_DEV
1717462163.2191029,241,0.0,47.6,CU_TO_DEV
1717462172.218644,322,5.6,47.3,OCC_TO_CU
1717462172.2196887,322,0.0,47.3,OCC_TO_CU
1717462172.2239966,273,0.0,47.3,CU_TO_DEV
1717462172.2240524,273,0.0,47.3,CU_TO_DEV
1717462182.2258432,322,4.6,47.4,OCC_TO_CU
1717462182.2265067,322,0.0,47.4,OCC_TO_CU
1717462182.2292662,273,0.0,47.4,CU_TO_DEV
1717462182.2293339,273,0.0,47.4,CU_TO_DEV
1717462192.2192667,322,4.0,47.4,OCC_TO_CU
1717462192.221162,322,0.0,47.4,OCC_TO_CU
1717462192.2345197,273,50.0,47.4,CU_TO_DEV
1717462192.2348325,273,50.0,47.4,CU_TO_DEV
1717462202.264795,322,4.3,47.5,OCC_TO_CU
1717462202.2654533,322,0.0,47.5,OCC_TO_CU
1717462202.4404988,273,72.9,47.6,CU_TO_DEV
1717462202.4405396,273,72.9,47.6,CU_TO_DEV
1717462212.2533865,322,4.6,47.4,OCC_TO_CU
1717462212.2540395,322,0.0,47.4,OCC_TO_CU
1717462212.4457753,273,14.5,47.6,CU_TO_DEV
1717462212.4461892,273,0.0,47.6,CU_TO_DEV
1717462213.2557838,154,17.9,47.5,OCC_TO_CU
1717462213.4471111,241,23.7,47.5,CU_TO_DEV
1717462213.447075,241,23.7,47.5,CU_TO_DEV
1717462222.2626264,322,3.8,47.3,OCC_TO_CU
1717462222.2632828,322,0.0,47.3,OCC_TO_CU
1717462222.4522834,273,13.3,47.5,CU_TO_DEV
1717462222.45277,273,100.0,47.5,CU_TO_DEV
1717462232.2678003,322,3.9,47.3,OCC_TO_CU
1717462232.268863,322,0.0,47.3,OCC_TO_CU
1717462232.4573894,273,13.5,47.6,CU_TO_DEV
1717462232.457854,273,0.0,47.6,CU_TO_DEV
1717462242.2751112,322,5.1,47.3,OCC_TO_CU
1717462242.2880566,322,50.0,47.4,OCC_TO_CU
1717462242.46432,273,20.0,47.6,CU_TO_DEV
1717462242.4644532,273,20.0,47.6,CU_TO_DEV
1717462252.286819,322,3.7,47.3,OCC_TO_CU
1717462252.2875144,322,0.0,47.3,OCC_TO_CU
1717462252.4695976,273,15.3,47.5,CU_TO_DEV
1717462252.4696798,273,15.3,47.5,CU_TO_DEV
1717462262.3020697,322,5.0,47.3,OCC_TO_CU
1717462262.3033082,322,0.0,47.3,OCC_TO_CU
1717462262.4781356,273,14.3,47.5,CU_TO_DEV
1717462262.4787147,273,0.0,47.5,CU_TO_DEV
1717462263.276771,154,4.7,47.5,OCC_TO_CU
1717462263.2790651,241,0.0,47.5,CU_TO_DEV
1717462263.2794895,241,0.0,47.5,CU_TO_DEV
1717462272.3216987,322,4.3,47.3,OCC_TO_CU
1717462272.3224273,322,0.0,47.3,OCC_TO_CU
1717462272.4845667,273,20.0,47.5,CU_TO_DEV
1717462272.4848475,273,0.0,47.5,CU_TO_DEV
1717462282.3273685,322,4.0,47.4,OCC_TO_CU
1717462282.3284428,322,0.0,47.4,OCC_TO_CU
1717462282.489765,273,18.5,47.6,CU_TO_DEV
1717462282.4899313,273,18.5,47.6,CU_TO_DEV
1717462292.3380082,322,4.0,47.5,OCC_TO_CU
1717462292.338654,322,0.0,47.5,OCC_TO_CU
1717462292.4952767,273,16.4,47.7,CU_TO_DEV
1717462292.4956205,273,0.0,47.7,CU_TO_DEV
1717462302.380652,322,4.0,47.5,OCC_TO_CU
1717462302.3813708,322,0.0,47.5,OCC_TO_CU
1717462302.5013332,273,27.1,47.7,CU_TO_DEV
1717462302.5014117,273,27.1,47.7,CU_TO_DEV
1717462312.3597596,322,5.8,47.4,OCC_TO_CU
1717462312.383816,322,40.0,47.5,OCC_TO_CU
1717462312.5092602,273,34.6,47.6,CU_TO_DEV
1717462312.5095298,273,0.0,47.6,CU_TO_DEV
1717462313.0901275,154,3.5,47.7,OCC_TO_CU
1717462313.1102972,241,75.0,47.7,CU_TO_DEV
1717462313.1114693,241,0.0,47.7,CU_TO_DEV
1717462322.3717937,322,4.7,47.4,OCC_TO_CU
1717462322.3723333,322,0.0,47.4,OCC_TO_CU
1717462322.5160933,273,17.5,47.5,CU_TO_DEV
1717462322.516543,273,0.0,47.5,CU_TO_DEV
1717462332.382167,322,4.4,47.3,OCC_TO_CU
1717462332.382782,322,0.0,47.3,OCC_TO_CU
1717462332.5212834,273,22.4,47.5,CU_TO_DEV
1717462332.5216815,273,0.0,47.5,CU_TO_DEV
1717462342.393971,322,3.7,47.3,OCC_TO_CU
1717462342.4033368,322,25.0,47.3,OCC_TO_CU
1717462342.5269294,273,34.7,47.5,CU_TO_DEV
1717462342.5275846,273,0.0,47.5,CU_TO_DEV
1717462352.416888,322,4.8,47.3,OCC_TO_CU
1717462352.4174576,322,0.0,47.3,OCC_TO_CU
1717462352.5324025,273,22.2,47.5,CU_TO_DEV
1717462352.532334,273,22.2,47.5,CU_TO_DEV
1717462362.4185665,322,4.3,47.3,OCC_TO_CU
1717462362.419325,322,0.0,47.3,OCC_TO_CU
1717462362.5381875,273,29.2,47.6,CU_TO_DEV
1717462362.5383594,273,29.2,47.6,CU_TO_DEV
1717462363.165656,154,4.0,47.6,OCC_TO_CU
1717462363.339358,241,10.1,47.6,CU_TO_DEV
1717462363.339736,241,0.0,47.6,CU_TO_DEV
1717462372.4275076,322,4.1,47.4,OCC_TO_CU
1717462372.4282806,322,0.0,47.4,OCC_TO_CU
1717462372.5450547,273,27.7,47.6,CU_TO_DEV
1717462372.544909,273,27.7,47.6,CU_TO_DEV
1717462382.4339752,322,3.7,47.4,OCC_TO_CU
1717462382.434747,322,0.0,47.4,OCC_TO_CU
1717462382.5502253,273,28.3,47.6,CU_TO_DEV
1717462382.5502868,273,28.3,47.6,CU_TO_DEV
1717462392.4501953,322,4.0,47.5,OCC_TO_CU
1717462392.4508252,322,0.0,47.5,OCC_TO_CU
1717462392.5564146,273,29.3,47.7,CU_TO_DEV
1717462392.5567386,273,0.0,47.7,CU_TO_DEV
1717462402.458427,322,4.9,47.4,OCC_TO_CU
1717462402.4590492,322,0.0,47.4,OCC_TO_CU
1717462402.5652678,273,30.2,47.7,CU_TO_DEV
1717462402.5659423,273,0.0,47.7,CU_TO_DEV
1717462412.4734395,322,5.5,47.3,OCC_TO_CU
1717462412.4762037,322,0.0,47.3,OCC_TO_CU
1717462412.5725858,273,37.5,47.5,CU_TO_DEV
1717462412.5730188,273,0.0,47.5,CU_TO_DEV
1717462413.2368302,154,5.3,47.5,OCC_TO_CU
1717462413.3740058,241,7.5,47.5,CU_TO_DEV
1717462413.3742533,241,0.0,47.5,CU_TO_DEV
1717462422.478522,322,4.4,47.4,OCC_TO_CU
1717462422.4850266,322,50.0,47.4,OCC_TO_CU
1717462422.579278,273,41.7,47.6,CU_TO_DEV
1717462422.5791357,273,41.7,47.6,CU_TO_DEV
1717462432.4929945,322,4.1,47.4,OCC_TO_CU
1717462432.493723,322,0.0,47.4,OCC_TO_CU
1717462432.5848248,273,31.4,47.6,CU_TO_DEV
1717462432.5853338,273,0.0,47.6,CU_TO_DEV
1717462442.4989495,322,5.1,47.4,OCC_TO_CU
1717462442.499533,322,0.0,47.4,OCC_TO_CU
1717462442.5917284,273,29.7,47.6,CU_TO_DEV
1717462442.5917916,273,29.7,47.6,CU_TO_DEV
1717462452.515041,322,4.0,47.4,OCC_TO_CU
1717462452.515693,322,0.0,47.4,OCC_TO_CU
1717462452.598089,273,90.6,47.6,CU_TO_DEV
1717462452.6000397,273,0.0,47.6,CU_TO_DEV
1717462462.5181353,322,4.3,47.4,OCC_TO_CU
1717462462.5256917,322,66.7,47.4,OCC_TO_CU
1717462462.6055086,273,46.9,47.6,CU_TO_DEV
1717462462.6058373,273,0.0,47.6,CU_TO_DEV
1717462463.310132,154,5.3,47.6,OCC_TO_CU
1717462463.4070313,241,10.8,47.6,CU_TO_DEV
1717462463.4070718,241,10.8,47.6,CU_TO_DEV
1717462472.5355117,322,4.9,47.4,OCC_TO_CU
1717462472.5386665,322,0.0,47.4,OCC_TO_CU
1717462472.614526,273,37.9,47.6,CU_TO_DEV
1717462472.6153038,273,0.0,47.6,CU_TO_DEV
1717462482.5463696,322,4.3,47.5,OCC_TO_CU
1717462482.5554872,322,60.0,47.5,OCC_TO_CU
1717462482.6213915,273,45.8,47.7,CU_TO_DEV
1717462482.6216002,273,45.8,47.7,CU_TO_DEV
1717462492.5611613,322,6.2,47.3,OCC_TO_CU
1717462492.5640826,322,0.0,47.3,OCC_TO_CU
1717462492.6343634,273,30.8,47.5,CU_TO_DEV
1717462492.6376522,273,0.0,47.5,CU_TO_DEV
1717462502.592348,322,3.9,47.3,OCC_TO_CU
1717462502.5934024,322,100.0,47.3,OCC_TO_CU
1717462502.6445682,273,85.0,47.6,CU_TO_DEV
1717462502.644299,273,85.0,47.6,CU_TO_DEV
1717462512.5871856,322,4.7,47.3,OCC_TO_CU
1717462512.5880692,322,0.0,47.3,OCC_TO_CU
1717462512.650078,273,36.0,47.5,CU_TO_DEV
1717462512.6539817,273,50.0,47.5,CU_TO_DEV
1717462513.388446,154,4.4,47.5,OCC_TO_CU
1717462513.4512873,241,17.4,47.5,CU_TO_DEV
1717462513.455027,241,0.0,47.5,CU_TO_DEV
1717462522.6033683,322,4.1,47.4,OCC_TO_CU
1717462522.6041417,322,0.0,47.4,OCC_TO_CU
1717462522.6565363,273,30.0,47.5,CU_TO_DEV
1717462522.6594868,273,50.0,47.5,CU_TO_DEV
1717462532.6060994,322,5.0,47.4,OCC_TO_CU
1717462532.60679,322,0.0,47.4,OCC_TO_CU
1717462532.6644795,273,30.4,47.5,CU_TO_DEV
1717462532.6652284,273,100.0,47.5,CU_TO_DEV
1717462542.6163778,322,3.8,47.4,OCC_TO_CU
1717462542.629212,322,50.0,47.4,OCC_TO_CU
1717462542.6700902,273,66.7,47.6,CU_TO_DEV
1717462542.6719394,273,0.0,47.6,CU_TO_DEV
1717462552.6387517,322,3.9,47.5,OCC_TO_CU
1717462552.639888,322,0.0,47.5,OCC_TO_CU
1717462552.67571,273,38.5,47.6,CU_TO_DEV
1717462552.677033,273,0.0,47.6,CU_TO_DEV
1717462562.6525803,322,4.2,47.5,OCC_TO_CU
1717462562.671955,322,33.3,47.5,OCC_TO_CU
1717462562.6821442,273,100.0,47.6,CU_TO_DEV
1717462562.6820242,273,100.0,47.6,CU_TO_DEV
1717462563.4659047,154,6.4,47.8,OCC_TO_CU
1717462563.4836397,241,42.9,47.8,CU_TO_DEV
1717462563.4839954,241,0.0,47.8,CU_TO_DEV
1717462572.6579566,322,4.5,47.4,OCC_TO_CU
1717462572.658504,322,0.0,47.4,OCC_TO_CU
1717462572.6905787,273,71.4,47.5,CU_TO_DEV
1717462572.6924634,273,0.0,47.5,CU_TO_DEV
1717462582.663533,322,5.6,47.3,OCC_TO_CU
1717462582.6667776,322,0.0,47.3,OCC_TO_CU
1717462582.7029064,273,41.7,47.5,CU_TO_DEV
1717462582.7028303,273,41.7,47.5,CU_TO_DEV
1717462592.6759017,322,3.9,47.3,OCC_TO_CU
1717462592.6765337,322,0.0,47.3,OCC_TO_CU
1717462592.7091622,273,33.3,47.5,CU_TO_DEV
1717462592.7092574,273,33.3,47.5,CU_TO_DEV
1717462602.696001,322,3.8,47.4,OCC_TO_CU
1717462602.696702,322,50.0,47.4,OCC_TO_CU
1717462602.714698,273,57.1,47.4,CU_TO_DEV
1717462602.7157302,273,0.0,47.4,CU_TO_DEV
1717462612.7131178,322,4.9,47.3,OCC_TO_CU
1717462612.7137403,322,0.0,47.3,OCC_TO_CU
1717462612.7254016,273,40.0,47.3,CU_TO_DEV
1717462612.72584,273,0.0,47.3,CU_TO_DEV
1717462613.5321987,154,5.9,47.6,OCC_TO_CU
1717462613.726422,241,11.8,47.6,CU_TO_DEV
1717462613.7274628,241,0.0,47.6,CU_TO_DEV
1717462622.724416,322,5.2,47.4,OCC_TO_CU
1717462622.7249777,322,100.0,47.4,OCC_TO_CU
1717462622.73746,273,40.0,47.4,CU_TO_DEV
1717462622.73815,273,0.0,47.4,CU_TO_DEV
1717462632.7533913,322,3.8,47.3,OCC_TO_CU
1717462632.754134,322,0.0,47.3,OCC_TO_CU
1717462632.9448557,273,12.8,47.5,CU_TO_DEV
1717462632.9448128,273,12.8,47.5,CU_TO_DEV
1717462642.7639782,322,3.9,47.4,OCC_TO_CU
1717462642.7646177,322,100.0,47.4,OCC_TO_CU
1717462642.9506862,273,10.8,47.6,CU_TO_DEV
1717462642.9506476,273,10.8,47.6,CU_TO_DEV
1717462652.7589426,322,5.0,47.4,OCC_TO_CU
1717462652.7594726,322,0.0,47.4,OCC_TO_CU
1717462652.9564965,273,7.8,47.6,CU_TO_DEV
1717462652.9588962,273,50.0,47.6,CU_TO_DEV
1717462662.7703362,322,3.7,47.4,OCC_TO_CU
1717462662.78325,322,25.0,47.4,OCC_TO_CU
1717462662.9615793,273,16.9,47.6,CU_TO_DEV
1717462662.9632804,273,0.0,47.6,CU_TO_DEV
1717462663.5995705,154,4.0,47.6,OCC_TO_CU
1717462663.76249,241,12.7,47.6,CU_TO_DEV
1717462663.7639248,241,0.0,47.6,CU_TO_DEV
1717462672.7814844,322,5.5,47.4,OCC_TO_CU
1717462672.7833922,322,0.0,47.4,OCC_TO_CU
1717462672.9688773,273,9.6,47.6,CU_TO_DEV
1717462672.9690392,273,9.6,47.6,CU_TO_DEV
1717462682.7908993,322,4.0,47.4,OCC_TO_CU
1717462682.7916439,322,0.0,47.4,OCC_TO_CU
1717462682.9742825,273,8.5,47.6,CU_TO_DEV
1717462682.974338,273,8.5,47.6,CU_TO_DEV
1717462692.7993157,322,4.0,47.5,OCC_TO_CU
1717462692.7999306,322,0.0,47.5,OCC_TO_CU
1717462692.9798138,273,12.5,47.7,CU_TO_DEV
1717462692.97976,273,12.5,47.7,CU_TO_DEV
1717462702.8095505,322,4.1,47.5,OCC_TO_CU
1717462702.810158,322,0.0,47.5,OCC_TO_CU
1717462702.9853506,273,62.0,47.7,CU_TO_DEV
1717462702.9852238,273,62.0,47.7,CU_TO_DEV
1717462712.825329,322,5.6,47.4,OCC_TO_CU
1717462712.825865,322,0.0,47.4,OCC_TO_CU
1717462712.9937437,273,9.1,47.5,CU_TO_DEV
1717462712.9949174,273,0.0,47.5,CU_TO_DEV
1717462713.677535,154,4.4,47.5,OCC_TO_CU
1717462713.794549,241,13.6,47.5,CU_TO_DEV
1717462713.7954009,241,0.0,47.5,CU_TO_DEV
1717462722.8511777,322,3.8,47.3,OCC_TO_CU
1717462722.8518457,322,0.0,47.3,OCC_TO_CU
1717462722.999343,273,12.1,47.5,CU_TO_DEV
1717462722.999432,273,12.1,47.5,CU_TO_DEV
1717462732.851631,322,3.8,47.4,OCC_TO_CU
1717462732.8522544,322,0.0,47.4,OCC_TO_CU
1717462733.0048683,273,14.5,47.6,CU_TO_DEV
1717462733.0048182,273,14.5,47.6,CU_TO_DEV
1717462742.8725147,322,4.4,47.3,OCC_TO_CU
1717462742.8762736,322,0.0,47.3,OCC_TO_CU
1717462743.0120254,273,17.9,47.5,CU_TO_DEV
1717462743.012168,273,17.9,47.5,CU_TO_DEV
1717462752.9130232,322,4.1,47.4,OCC_TO_CU
1717462752.9136584,322,0.0,47.4,OCC_TO_CU
1717462753.018028,273,15.4,47.6,CU_TO_DEV
1717462753.0179827,273,15.4,47.6,CU_TO_DEV
1717462762.8887434,322,4.9,47.3,OCC_TO_CU
1717462762.8941522,322,0.0,47.3,OCC_TO_CU
1717462763.026498,273,24.0,47.5,CU_TO_DEV
1717462763.0266657,273,24.0,47.5,CU_TO_DEV
1717462763.4476335,154,6.5,47.5,OCC_TO_CU
1717462763.6275942,241,9.7,47.6,CU_TO_DEV
1717462763.6276667,241,9.7,47.6,CU_TO_DEV
1717462772.903418,322,4.3,47.4,OCC_TO_CU
1717462772.9075167,322,0.0,47.4,OCC_TO_CU
1717462773.033163,273,14.0,47.5,CU_TO_DEV
1717462773.033838,273,0.0,47.5,CU_TO_DEV
1717462782.918619,322,3.8,47.5,OCC_TO_CU
1717462782.9192483,322,0.0,47.5,OCC_TO_CU
1717462783.0389988,273,16.7,47.6,CU_TO_DEV
1717462783.0394537,273,0.0,47.6,CU_TO_DEV
1717462792.9367745,322,4.3,47.5,OCC_TO_CU
1717462792.9377818,322,0.0,47.5,OCC_TO_CU
1717462793.0442138,273,18.6,47.7,CU_TO_DEV
1717462793.0449808,273,0.0,47.7,CU_TO_DEV
1717462802.9480433,322,4.1,47.6,OCC_TO_CU
1717462802.9516823,322,0.0,47.6,OCC_TO_CU
1717462803.0521185,273,30.8,47.8,CU_TO_DEV
1717462803.053065,273,100.0,47.8,CU_TO_DEV
1717462812.9511287,322,5.6,47.4,OCC_TO_CU
1717462812.953872,322,0.0,47.4,OCC_TO_CU
1717462813.058013,273,17.5,47.6,CU_TO_DEV
1717462813.0582247,273,17.1,47.6,CU_TO_DEV
1717462813.5123098,154,6.6,47.6,OCC_TO_CU
1717462813.6592972,241,7.1,47.6,CU_TO_DEV
1717462813.6591442,241,7.1,47.6,CU_TO_DEV
1717462822.9732087,322,4.8,47.3,OCC_TO_CU
1717462822.9830797,322,33.3,47.3,OCC_TO_CU
1717462823.0645092,273,40.6,47.5,CU_TO_DEV
1717462823.0646203,273,42.4,47.5,CU_TO_DEV
1717462832.9825835,322,3.8,47.4,OCC_TO_CU
1717462832.9833791,322,0.0,47.4,OCC_TO_CU
1717462833.070836,273,23.5,47.6,CU_TO_DEV
1717462833.0739415,273,0.0,47.6,CU_TO_DEV
1717462842.9916687,322,3.9,47.5,OCC_TO_CU
1717462842.9923937,322,0.0,47.5,OCC_TO_CU
1717462843.0777242,273,88.2,47.7,CU_TO_DEV
1717462843.078361,273,0.0,47.7,CU_TO_DEV
1717462853.0010347,322,5.1,47.3,OCC_TO_CU
1717462853.0016723,322,0.0,47.3,OCC_TO_CU
1717462853.084514,273,12.9,47.5,CU_TO_DEV
1717462853.084474,273,12.9,47.5,CU_TO_DEV
1717462863.0180635,322,3.7,47.3,OCC_TO_CU
1717462863.0188718,322,0.0,47.3,OCC_TO_CU
1717462863.0906544,273,22.2,47.5,CU_TO_DEV
1717462863.0913002,273,0.0,47.5,CU_TO_DEV
1717462863.4895298,154,7.6,47.5,OCC_TO_CU
1717462863.4919043,241,0.0,47.5,CU_TO_DEV
1717462863.492579,241,0.0,47.5,CU_TO_DEV
1717462873.0271513,322,3.8,47.4,OCC_TO_CU
1717462873.027799,322,0.0,47.4,OCC_TO_CU
1717462873.0972052,273,31.0,47.6,CU_TO_DEV
1717462873.09839,273,0.0,47.6,CU_TO_DEV
1717462883.04107,322,3.6,47.4,OCC_TO_CU
1717462883.041672,322,0.0,47.4,OCC_TO_CU
1717462883.102863,273,21.7,47.7,CU_TO_DEV
1717462883.1026495,273,21.7,47.7,CU_TO_DEV
1717462893.046256,322,3.8,47.5,OCC_TO_CU
1717462893.0660827,322,42.9,47.6,OCC_TO_CU
1717462893.1084175,273,43.7,47.7,CU_TO_DEV
1717462893.108678,273,47.4,47.7,CU_TO_DEV
1717462903.0619574,322,5.8,47.4,OCC_TO_CU
1717462903.0625546,322,0.0,47.4,OCC_TO_CU
1717462903.1171062,273,32.0,47.6,CU_TO_DEV
1717462903.121878,273,0.0,47.6,CU_TO_DEV
1717462913.075466,322,4.6,47.3,OCC_TO_CU
1717462913.0762103,322,0.0,47.3,OCC_TO_CU
1717462913.1231263,273,36.8,47.5,CU_TO_DEV
1717462913.1261172,273,0.0,47.5,CU_TO_DEV
1717462913.5599818,154,9.1,47.5,OCC_TO_CU
1717462913.7241309,241,9.4,47.5,CU_TO_DEV
1717462913.7268393,241,50.0,47.5,CU_TO_DEV
1717462923.093376,322,4.4,47.4,OCC_TO_CU
1717462923.1214647,322,41.7,47.4,OCC_TO_CU
1717462923.129496,273,50.0,47.5,CU_TO_DEV
1717462923.132612,273,100.0,47.6,CU_TO_DEV
1717462933.096852,322,4.2,47.4,OCC_TO_CU
1717462933.0974443,322,0.0,47.4,OCC_TO_CU
1717462933.1374693,273,33.3,47.6,CU_TO_DEV
1717462933.1372972,273,33.3,47.6,CU_TO_DEV
1717462943.1104677,322,4.9,47.4,OCC_TO_CU
1717462943.117778,322,33.3,47.4,OCC_TO_CU
1717462943.1486464,273,61.5,47.6,CU_TO_DEV
1717462943.1481364,273,61.5,47.6,CU_TO_DEV
1717462953.1342733,322,4.4,47.4,OCC_TO_CU
1717462953.1349254,322,0.0,47.4,OCC_TO_CU
1717462953.1555684,273,55.6,47.4,CU_TO_DEV
1717462953.1561756,273,0.0,47.4,CU_TO_DEV
1717462963.1496284,322,4.5,47.4,OCC_TO_CU
1717462963.1501594,322,0.0,47.4,OCC_TO_CU
1717462963.161972,273,40.0,47.4,CU_TO_DEV
1717462963.1617854,273,40.0,47.4,CU_TO_DEV
1717462963.6328018,154,7.5,47.6,OCC_TO_CU
1717462963.763011,241,7.8,47.6,CU_TO_DEV
1717462963.7630472,241,7.8,47.6,CU_TO_DEV
1717462973.1583652,322,4.4,47.4,OCC_TO_CU
1717462973.159,322,0.0,47.4,OCC_TO_CU
1717462973.1692135,273,25.0,47.4,CU_TO_DEV
1717462973.169368,273,25.0,47.4,CU_TO_DEV
1717462983.1588924,322,5.2,47.4,OCC_TO_CU
1717462983.1594255,322,0.0,47.4,OCC_TO_CU
1717462983.1757774,273,50.0,47.4,CU_TO_DEV
1717462983.1764863,273,0.0,47.4,CU_TO_DEV
1717462993.1671844,322,5.3,47.3,OCC_TO_CU
1717462993.1680489,322,0.0,47.3,OCC_TO_CU
1717462993.1842651,273,40.0,47.3,CU_TO_DEV
1717462993.1841984,273,40.0,47.3,CU_TO_DEV
1717463003.1746454,322,4.5,47.3,OCC_TO_CU
1717463003.1752827,322,0.0,47.3,OCC_TO_CU
1717463003.190245,273,50.0,47.3,CU_TO_DEV
1717463003.1905782,273,0.0,47.3,CU_TO_DEV
1717463013.1945126,322,4.1,47.4,OCC_TO_CU
1717463013.1959264,273,0.0,47.4,CU_TO_DEV
1717463013.1960661,273,0.0,47.4,CU_TO_DEV
1717463013.2092116,322,71.4,47.4,OCC_TO_CU
1717463013.396715,273,77.3,47.6,CU_TO_DEV
1717463013.3969047,273,0.0,47.6,CU_TO_DEV
1717463013.6091182,154,9.6,47.6,OCC_TO_CU
1717463013.7976599,241,11.0,47.6,CU_TO_DEV
1717463013.7976956,241,11.0,47.6,CU_TO_DEV
1717463023.207059,322,3.9,47.4,OCC_TO_CU
1717463023.2077096,322,0.0,47.4,OCC_TO_CU
1717463023.4025035,273,11.7,47.6,CU_TO_DEV
1717463023.4025605,273,11.7,47.6,CU_TO_DEV
1717463033.217111,322,5.4,47.4,OCC_TO_CU
1717463033.217686,322,0.0,47.4,OCC_TO_CU
1717463033.4101968,273,7.8,47.6,CU_TO_DEV
1717463033.4104044,273,0.0,47.6,CU_TO_DEV
1717463043.2286668,322,3.9,47.4,OCC_TO_CU
1717463043.2293355,322,0.0,47.4,OCC_TO_CU
1717463043.415709,273,10.8,47.6,CU_TO_DEV
1717463043.4157743,273,10.8,47.6,CU_TO_DEV
1717463053.2662404,322,4.4,47.4,OCC_TO_CU
1717463053.2668998,322,0.0,47.4,OCC_TO_CU
1717463053.4217832,273,11.5,47.6,CU_TO_DEV
1717463053.4217343,273,11.5,47.6,CU_TO_DEV
1717463063.2680373,322,4.3,47.4,OCC_TO_CU
1717463063.2688735,322,0.0,47.4,OCC_TO_CU
1717463063.4272733,273,9.7,47.7,CU_TO_DEV
1717463063.427451,273,9.7,47.7,CU_TO_DEV
1717463063.673666,154,14.9,47.7,OCC_TO_CU
1717463063.8282278,241,9.8,47.7,CU_TO_DEV
1717463063.828272,241,9.8,47.7,CU_TO_DEV
1717463073.2676053,322,4.6,47.4,OCC_TO_CU
1717463073.2758615,322,0.0,47.4,OCC_TO_CU
1717463073.436771,273,22.7,47.6,CU_TO_DEV
1717463073.4372063,273,0.0,47.6,CU_TO_DEV
1717463083.295278,322,5.1,47.4,OCC_TO_CU
1717463083.2959218,322,0.0,47.4,OCC_TO_CU
1717463083.442104,273,73.7,47.5,CU_TO_DEV
1717463083.442001,273,73.7,47.5,CU_TO_DEV
1717463093.289508,322,3.7,47.3,OCC_TO_CU
1717463093.2901611,322,0.0,47.3,OCC_TO_CU
1717463093.4470375,273,11.5,47.5,CU_TO_DEV
1717463093.4470801,273,11.5,47.5,CU_TO_DEV
1717463103.3059008,322,4.4,47.4,OCC_TO_CU
1717463103.309125,322,0.0,47.4,OCC_TO_CU
1717463103.4533496,273,10.9,47.6,CU_TO_DEV
1717463103.4534268,273,10.9,47.6,CU_TO_DEV
1717463113.3213937,322,4.1,47.5,OCC_TO_CU
1717463113.3221667,322,0.0,47.5,OCC_TO_CU
1717463113.4590445,273,68.5,47.7,CU_TO_DEV
1717463113.460168,273,0.0,47.7,CU_TO_DEV
1717463113.7493703,154,14.2,47.6,OCC_TO_CU
1717463113.8603108,241,11.4,47.6,CU_TO_DEV
1717463113.8612041,241,100.0,47.6,CU_TO_DEV
1717463123.331173,322,5.0,47.4,OCC_TO_CU
1717463123.331749,322,0.0,47.4,OCC_TO_CU
1717463123.4656093,273,13.0,47.6,CU_TO_DEV
1717463123.4665575,273,0.0,47.6,CU_TO_DEV
1717463133.340487,322,4.0,47.3,OCC_TO_CU
1717463133.3411534,322,100.0,47.3,OCC_TO_CU
1717463133.4706488,273,12.0,47.5,CU_TO_DEV
1717463133.4729557,273,0.0,47.5,CU_TO_DEV
1717463143.3713052,322,4.0,47.4,OCC_TO_CU
1717463143.372062,322,0.0,47.4,OCC_TO_CU
1717463143.4760437,273,20.9,47.6,CU_TO_DEV
1717463143.4770577,273,0.0,47.6,CU_TO_DEV
1717463153.386936,322,4.7,47.4,OCC_TO_CU
1717463153.387455,322,0.0,47.4,OCC_TO_CU
1717463153.4839392,273,15.8,47.5,CU_TO_DEV
1717463153.4840415,273,15.8,47.5,CU_TO_DEV
1717463163.3865652,322,3.9,47.4,OCC_TO_CU
1717463163.3871682,322,0.0,47.4,OCC_TO_CU
1717463163.4899201,273,15.4,47.6,CU_TO_DEV
1717463163.4899817,273,15.4,47.6,CU_TO_DEV
1717463163.7237809,154,11.8,47.6,OCC_TO_CU
1717463163.8910782,241,9.1,47.6,CU_TO_DEV
1717463163.8911586,241,9.1,47.6,CU_TO_DEV
1717463173.4032085,322,4.9,47.4,OCC_TO_CU
1717463173.4038436,322,0.0,47.4,OCC_TO_CU
1717463173.4980075,273,21.1,47.6,CU_TO_DEV
1717463173.4981208,273,21.1,47.6,CU_TO_DEV
1717463183.4077222,322,4.2,47.4,OCC_TO_CU
1717463183.4083433,322,0.0,47.4,OCC_TO_CU
1717463183.5033479,273,25.6,47.6,CU_TO_DEV
1717463183.5039234,273,0.0,47.6,CU_TO_DEV
1717463193.4269893,322,4.1,47.4,OCC_TO_CU
1717463193.4276297,322,0.0,47.4,OCC_TO_CU
1717463193.5085914,273,26.5,47.6,CU_TO_DEV
1717463193.5091777,273,0.0,47.6,CU_TO_DEV
1717463203.437761,322,4.1,47.5,OCC_TO_CU
1717463203.4456573,322,50.0,47.5,OCC_TO_CU
1717463203.5154018,273,92.6,47.7,CU_TO_DEV
1717463203.5161848,273,0.0,47.7,CU_TO_DEV
1717463213.4522936,322,5.8,47.4,OCC_TO_CU
1717463213.452859,322,100.0,47.4,OCC_TO_CU
1717463213.5277739,273,87.1,47.6,CU_TO_DEV
1717463213.5299263,273,100.0,47.6,CU_TO_DEV
1717463213.8135698,154,28.6,47.6,OCC_TO_CU
1717463213.9286246,241,8.9,47.6,CU_TO_DEV
1717463213.930972,241,0.0,47.6,CU_TO_DEV
1717463223.4604192,322,3.7,47.3,OCC_TO_CU
1717463223.4612322,322,100.0,47.3,OCC_TO_CU
1717463223.5341282,273,25.0,47.5,CU_TO_DEV
1717463223.5359552,273,0.0,47.5,CU_TO_DEV
1717463233.476536,322,4.7,47.3,OCC_TO_CU
1717463233.477137,322,50.0,47.3,OCC_TO_CU
1717463233.5425506,273,20.0,47.5,CU_TO_DEV
1717463233.544694,273,100.0,47.5,CU_TO_DEV
1717463243.500753,322,3.7,47.3,OCC_TO_CU
1717463243.5017118,322,0.0,47.3,OCC_TO_CU
1717463243.54904,273,52.9,47.5,CU_TO_DEV
1717463243.5495508,273,0.0,47.5,CU_TO_DEV
1717463253.501129,322,3.9,47.4,OCC_TO_CU
1717463253.5018866,322,0.0,47.4,OCC_TO_CU
1717463253.554404,273,31.6,47.6,CU_TO_DEV
1717463253.554775,273,0.0,47.6,CU_TO_DEV
1717463263.5071104,322,5.0,47.3,OCC_TO_CU
1717463263.5077152,322,0.0,47.3,OCC_TO_CU
1717463263.5609684,273,27.3,47.5,CU_TO_DEV
1717463263.5608625,273,27.3,47.5,CU_TO_DEV
1717463263.8745408,154,8.1,47.6,OCC_TO_CU
1717463263.9618063,241,14.7,47.6,CU_TO_DEV
1717463263.9618497,241,14.7,47.6,CU_TO_DEV
1717463273.5305126,322,4.1,47.4,OCC_TO_CU
1717463273.5311666,322,0.0,47.4,OCC_TO_CU
1717463273.5673037,273,43.8,47.6,CU_TO_DEV
1717463273.5683038,273,0.0,47.6,CU_TO_DEV
1717463283.5340858,322,3.6,47.4,OCC_TO_CU
1717463283.5355835,322,0.0,47.4,OCC_TO_CU
1717463283.5731087,273,43.7,47.6,CU_TO_DEV
1717463283.5732381,273,43.7,47.6,CU_TO_DEV
1717463293.5441582,322,3.7,47.4,OCC_TO_CU
1717463293.5472448,322,50.0,47.4,OCC_TO_CU
1717463293.5785966,273,30.0,47.7,CU_TO_DEV
1717463293.5791404,273,0.0,47.7,CU_TO_DEV
1717463303.5779326,322,3.7,47.5,OCC_TO_CU
1717463303.5785782,322,0.0,47.5,OCC_TO_CU
1717463303.5849783,273,50.0,47.5,CU_TO_DEV
1717463303.5851915,273,50.0,47.5,CU_TO_DEV
1717463313.5924015,322,5.0,47.4,OCC_TO_CU
1717463313.5930507,322,100.0,47.4,OCC_TO_CU
1717463313.791767,273,67.5,47.6,CU_TO_DEV
1717463313.7916043,273,67.5,47.6,CU_TO_DEV
1717463313.835261,154,18.8,47.6,OCC_TO_CU
1717463313.9925258,241,9.8,47.6,CU_TO_DEV
1717463313.9927456,241,0.0,47.6,CU_TO_DEV
1717463323.5875363,322,4.8,47.3,OCC_TO_CU
1717463323.5882692,322,0.0,47.3,OCC_TO_CU
1717463323.5980628,273,40.0,47.3,CU_TO_DEV
1717463323.5995746,273,0.0,47.3,CU_TO_DEV
1717463333.6059616,322,4.4,47.2,OCC_TO_CU
1717463333.6072838,322,0.0,47.2,OCC_TO_CU
1717463333.8042693,273,16.7,47.5,CU_TO_DEV
1717463333.8056142,273,100.0,47.5,CU_TO_DEV
1717463343.6142006,322,3.9,47.3,OCC_TO_CU
1717463343.614722,322,0.0,47.3,OCC_TO_CU
1717463343.8100965,273,11.7,47.6,CU_TO_DEV
1717463343.810735,273,0.0,47.6,CU_TO_DEV
1717463353.616519,322,4.7,47.3,OCC_TO_CU
1717463353.618245,273,100.0,47.3,CU_TO_DEV
1717463353.6182876,273,100.0,47.3,CU_TO_DEV
1717463353.6205652,322,0.0,47.3,OCC_TO_CU
1717463353.818988,273,19.8,47.5,CU_TO_DEV
1717463353.819051,273,19.8,47.5,CU_TO_DEV
1717463363.627619,322,3.8,47.3,OCC_TO_CU
1717463363.635217,322,0.0,47.3,OCC_TO_CU
1717463363.8241248,273,21.1,47.6,CU_TO_DEV
1717463363.8241963,273,21.1,47.6,CU_TO_DEV
1717463363.9085045,154,12.5,47.6,OCC_TO_CU
1717463364.0249472,241,13.0,47.6,CU_TO_DEV
1717463364.0254946,241,0.0,47.6,CU_TO_DEV
1717463373.6451125,322,3.8,47.4,OCC_TO_CU
1717463373.6656032,322,50.0,47.5,OCC_TO_CU
1717463373.8317375,273,24.2,47.6,CU_TO_DEV
1717463373.8315613,273,24.2,47.6,CU_TO_DEV
1717463383.6538932,322,3.8,47.5,OCC_TO_CU
1717463383.6545494,322,0.0,47.5,OCC_TO_CU
1717463383.8369715,273,16.9,47.7,CU_TO_DEV
1717463383.8368967,273,16.9,47.7,CU_TO_DEV
1717463393.6815147,322,3.8,47.5,OCC_TO_CU
1717463393.6821923,322,0.0,47.5,OCC_TO_CU
1717463393.8434741,273,17.7,47.7,CU_TO_DEV
1717463393.843908,273,0.0,47.7,CU_TO_DEV
1717463403.678846,322,6.0,47.4,OCC_TO_CU
1717463403.6805766,322,0.0,47.4,OCC_TO_CU
1717463403.8567305,273,23.3,47.6,CU_TO_DEV
1717463403.8565667,273,23.3,47.6,CU_TO_DEV
1717463413.6964512,322,3.6,47.4,OCC_TO_CU
1717463413.6971214,322,100.0,47.4,OCC_TO_CU
1717463413.8619897,273,87.5,47.6,CU_TO_DEV
1717463413.8628736,273,0.0,47.6,CU_TO_DEV
1717463413.8806088,154,77.8,47.7,OCC_TO_CU
1717463414.0650651,241,25.0,47.7,CU_TO_DEV
1717463414.0648828,241,25.0,47.7,CU_TO_DEV
1717463423.7134204,322,3.9,47.4,OCC_TO_CU
1717463423.714093,322,0.0,47.4,OCC_TO_CU
1717463423.8704255,273,21.3,47.5,CU_TO_DEV
1717463423.871096,273,0.0,47.5,CU_TO_DEV
1717463433.7101808,322,3.7,47.4,OCC_TO_CU
1717463433.7108254,322,0.0,47.4,OCC_TO_CU
1717463433.8760395,273,18.7,47.6,CU_TO_DEV
1717463433.8767045,273,0.0,47.6,CU_TO_DEV
1717463443.7237785,322,5.3,47.5,OCC_TO_CU
1717463443.7243023,322,0.0,47.5,OCC_TO_CU
1717463443.8831522,273,11.9,47.6,CU_TO_DEV
1717463443.8858926,273,0.0,47.6,CU_TO_DEV
1717463453.7376873,322,4.0,47.4,OCC_TO_CU
1717463453.738321,322,0.0,47.4,OCC_TO_CU
1717463453.888862,273,85.5,47.6,CU_TO_DEV
1717463453.8908346,273,0.0,47.6,CU_TO_DEV
1717463463.7560043,322,4.0,47.4,OCC_TO_CU
1717463463.7570817,322,0.0,47.4,OCC_TO_CU
1717463463.8733792,154,23.4,47.6,OCC_TO_CU
1717463463.8958364,241,75.0,47.6,CU_TO_DEV
1717463463.8972647,241,0.0,47.6,CU_TO_DEV
1717463473.773535,322,4.1,47.5,OCC_TO_CU
1717463473.7741354,322,0.0,47.5,OCC_TO_CU
1717463473.9028332,273,21.6,47.6,CU_TO_DEV
1717463473.9029734,273,21.6,47.6,CU_TO_DEV
1717463483.7855783,322,4.7,47.3,OCC_TO_CU
1717463483.7861843,322,0.0,47.3,OCC_TO_CU
1717463483.9098911,273,24.0,47.6,CU_TO_DEV
1717463483.9097352,273,24.0,47.6,CU_TO_DEV
1717463493.8042703,322,5.2,47.3,OCC_TO_CU
1717463493.8049564,322,100.0,47.3,OCC_TO_CU
1717463493.9182885,273,24.4,47.5,CU_TO_DEV
1717463493.9181945,273,24.4,47.5,CU_TO_DEV
1717463503.804607,322,4.3,47.4,OCC_TO_CU
1717463503.8052728,322,0.0,47.4,OCC_TO_CU
1717463503.9237368,273,28.9,47.6,CU_TO_DEV
1717463503.923885,273,28.9,47.6,CU_TO_DEV
1717463513.8209898,322,4.4,47.4,OCC_TO_CU
1717463513.8217304,322,0.0,47.4,OCC_TO_CU
1717463513.9070277,154,25.8,47.7,OCC_TO_CU
1717463513.930378,241,88.9,47.7,CU_TO_DEV
1717463513.932172,241,0.0,47.7,CU_TO_DEV
1717463523.833562,322,5.2,47.4,OCC_TO_CU
1717463523.8343573,322,0.0,47.4,OCC_TO_CU
1717463523.9380548,273,33.3,47.6,CU_TO_DEV
1717463523.9381077,273,33.3,47.6,CU_TO_DEV
1717463533.8447638,322,5.6,47.4,OCC_TO_CU
1717463533.8455079,322,0.0,47.4,OCC_TO_CU
1717463533.9442768,273,30.8,47.6,CU_TO_DEV
1717463533.944331,273,32.5,47.6,CU_TO_DEV
1717463543.8519535,322,3.8,47.4,OCC_TO_CU
1717463543.8636491,322,25.0,47.4,OCC_TO_CU
1717463543.9491873,273,45.7,47.6,CU_TO_DEV
1717463543.9491167,273,45.7,47.6,CU_TO_DEV
1717463553.8709154,322,3.8,47.4,OCC_TO_CU
1717463553.8720953,322,0.0,47.4,OCC_TO_CU
1717463553.9545321,273,48.6,47.6,CU_TO_DEV
1717463553.9560416,273,0.0,47.6,CU_TO_DEV
1717463563.8837411,322,3.9,47.5,OCC_TO_CU
1717463563.8986156,322,42.9,47.6,OCC_TO_CU
1717463563.9411306,154,50.0,47.7,OCC_TO_CU
1717463563.962023,241,57.1,47.7,CU_TO_DEV
1717463563.9627836,241,0.0,47.7,CU_TO_DEV
1717463573.894754,322,5.2,47.5,OCC_TO_CU
1717463573.895378,322,0.0,47.5,OCC_TO_CU
1717463573.9689941,273,90.0,47.7,CU_TO_DEV
1717463573.9704869,273,0.0,47.6,CU_TO_DEV
1717463583.911056,322,6.0,47.3,OCC_TO_CU
1717463583.9118314,322,0.0,47.3,OCC_TO_CU
1717463583.9836328,273,53.3,47.4,CU_TO_DEV
1717463583.9899974,273,66.7,47.5,CU_TO_DEV
1717463593.9183311,322,4.0,47.3,OCC_TO_CU
1717463593.918852,322,0.0,47.3,OCC_TO_CU
1717463593.9888601,273,42.9,47.6,CU_TO_DEV
1717463593.995856,273,0.0,47.6,CU_TO_DEV
1717463603.9407513,322,4.1,47.4,OCC_TO_CU
1717463603.941961,322,0.0,47.4,OCC_TO_CU
1717463603.9960623,273,61.9,47.6,CU_TO_DEV
1717463604.001721,273,66.7,47.6,CU_TO_DEV
1717463613.9498432,322,3.9,47.5,OCC_TO_CU
1717463613.950369,322,0.0,47.5,OCC_TO_CU
1717463613.9733002,154,66.7,47.5,OCC_TO_CU
1717463614.0023942,241,81.8,47.7,CU_TO_DEV
1717463614.006579,241,0.0,47.7,CU_TO_DEV
1717463623.958128,322,4.3,47.5,OCC_TO_CU
1717463623.9586391,322,0.0,47.5,OCC_TO_CU
1717463624.0099308,273,80.0,47.8,CU_TO_DEV
1717463624.0135837,273,100.0,47.8,CU_TO_DEV
1717463633.9672291,322,6.3,47.4,OCC_TO_CU
1717463633.9678972,322,0.0,47.4,OCC_TO_CU
1717463634.015638,273,36.8,47.3,CU_TO_DEV
1717463634.0217378,273,0.0,47.3,CU_TO_DEV
1717463643.988427,322,4.0,47.4,OCC_TO_CU
1717463643.9890068,322,0.0,47.4,OCC_TO_CU
1717463644.0213704,273,69.2,47.4,CU_TO_DEV
1717463644.026993,273,0.0,47.5,CU_TO_DEV
1717463654.0172825,322,5.1,47.4,OCC_TO_CU
1717463654.0183718,322,0.0,47.4,OCC_TO_CU
1717463654.0308635,273,50.0,47.4,CU_TO_DEV
1717463654.0359385,273,50.0,47.4,CU_TO_DEV
1717463664.0129788,322,4.0,47.4,OCC_TO_CU
1717463664.0143092,322,0.0,47.4,OCC_TO_CU
1717463664.0307164,154,83.3,47.5,OCC_TO_CU
1717463664.0365207,241,100.0,47.4,CU_TO_DEV
1717463664.0418754,241,100.0,47.4,CU_TO_DEV
1717463674.0173733,322,5.2,47.4,OCC_TO_CU
1717463674.0193474,322,0.0,47.4,OCC_TO_CU
1717463674.0466933,273,90.9,47.4,CU_TO_DEV
1717463674.0475478,273,0.0,47.4,CU_TO_DEV
1717463684.0524137,322,4.5,47.4,OCC_TO_CU
1717463684.0537374,273,0.0,47.4,CU_TO_DEV
1717463684.053522,322,0.0,47.4,OCC_TO_CU
1717463684.0538452,273,0.0,47.4,CU_TO_DEV
1717463684.2545629,273,21.5,47.7,CU_TO_DEV
1717463684.254842,273,0.0,47.7,CU_TO_DEV
1717463694.0638576,322,4.0,47.5,OCC_TO_CU
1717463694.0649068,322,100.0,47.5,OCC_TO_CU
1717463694.2602987,273,16.9,47.7,CU_TO_DEV
1717463694.260428,273,16.9,47.7,CU_TO_DEV
1717463704.0923097,322,4.3,47.5,OCC_TO_CU
1717463704.0931458,322,0.0,47.5,OCC_TO_CU
1717463704.2660306,273,75.4,47.7,CU_TO_DEV
1717463704.2665741,273,0.0,47.7,CU_TO_DEV
1717463714.0891528,322,3.5,47.5,OCC_TO_CU
1717463714.0903854,322,0.0,47.5,OCC_TO_CU
1717463714.0997527,154,33.3,47.5,OCC_TO_CU
1717463714.27095,241,25.4,47.7,CU_TO_DEV
1717463714.2712076,241,0.0,47.7,CU_TO_DEV
1717463724.099014,322,5.1,47.4,OCC_TO_CU
1717463724.1007516,322,0.0,47.4,OCC_TO_CU
1717463724.2779834,273,22.2,47.6,CU_TO_DEV
1717463724.2779107,273,22.2,47.6,CU_TO_DEV
1717463734.1207829,322,4.4,47.4,OCC_TO_CU
1717463734.1217613,322,0.0,47.4,OCC_TO_CU
1717463734.2848563,273,75.4,47.5,CU_TO_DEV
1717463734.284784,273,75.4,47.5,CU_TO_DEV
1717463744.1212485,322,3.8,47.3,OCC_TO_CU
1717463744.1220608,322,0.0,47.3,OCC_TO_CU
1717463744.2900186,273,12.3,47.5,CU_TO_DEV
1717463744.2904902,273,0.0,47.5,CU_TO_DEV
1717463754.1438837,322,4.5,47.4,OCC_TO_CU
1717463754.1449778,322,100.0,47.4,OCC_TO_CU
1717463754.2952816,273,12.1,47.6,CU_TO_DEV
1717463754.295964,273,0.0,47.6,CU_TO_DEV
1717463764.1485963,322,5.3,47.3,OCC_TO_CU
1717463764.149293,322,0.0,47.3,OCC_TO_CU
1717463764.3020399,273,10.0,47.6,CU_TO_DEV
1717463764.304282,273,0.0,47.6,CU_TO_DEV
1717463764.4900608,154,12.3,47.6,OCC_TO_CU
1717463764.5028892,241,20.0,47.6,CU_TO_DEV
1717463764.5049057,241,100.0,47.6,CU_TO_DEV
1717463774.147001,322,3.8,47.4,OCC_TO_CU
1717463774.148041,322,0.0,47.4,OCC_TO_CU
1717463774.3099434,273,9.7,47.6,CU_TO_DEV
1717463774.3104615,273,0.0,47.6,CU_TO_DEV
1717463784.1763632,322,3.7,47.4,OCC_TO_CU
1717463784.178023,322,0.0,47.4,OCC_TO_CU
1717463784.315333,273,16.1,47.6,CU_TO_DEV
1717463784.3158047,273,0.0,47.6,CU_TO_DEV
1717463794.204801,322,4.0,47.5,OCC_TO_CU
1717463794.2058635,322,0.0,47.5,OCC_TO_CU
1717463794.3207767,273,15.6,47.7,CU_TO_DEV
1717463794.320858,273,15.6,47.7,CU_TO_DEV
1717463804.206283,322,4.1,47.5,OCC_TO_CU
1717463804.2072926,322,0.0,47.5,OCC_TO_CU
1717463804.3263083,273,15.2,47.8,CU_TO_DEV
1717463804.3263783,273,15.2,47.8,CU_TO_DEV
1717463814.221673,322,4.9,47.5,OCC_TO_CU
1717463814.222282,322,0.0,47.5,OCC_TO_CU
1717463814.3343432,273,11.9,47.7,CU_TO_DEV
1717463814.3346224,273,0.0,47.7,CU_TO_DEV
1717463814.5656478,154,52.2,47.7,OCC_TO_CU
1717463814.7354047,241,7.8,47.7,CU_TO_DEV
1717463814.7358418,241,0.0,47.7,CU_TO_DEV
1717463824.2171323,322,3.6,47.5,OCC_TO_CU
1717463824.217768,322,0.0,47.5,OCC_TO_CU
1717463824.3408923,273,87.2,47.6,CU_TO_DEV
1717463824.3407934,273,87.2,47.6,CU_TO_DEV
1717463834.2587833,322,3.6,47.4,OCC_TO_CU
1717463834.2594168,322,0.0,47.4,OCC_TO_CU
1717463834.3462362,273,91.4,47.6,CU_TO_DEV
1717463834.3470938,273,0.0,47.6,CU_TO_DEV
1717463844.2392066,322,4.2,47.4,OCC_TO_CU
1717463844.2546353,322,42.9,47.4,OCC_TO_CU
1717463844.3523202,273,35.0,47.6,CU_TO_DEV
1717463844.3521597,273,35.0,47.6,CU_TO_DEV
1717463854.2729328,322,5.3,47.3,OCC_TO_CU
1717463854.2739527,322,0.0,47.3,OCC_TO_CU
1717463854.361259,273,15.2,47.5,CU_TO_DEV
1717463854.3616433,273,0.0,47.5,CU_TO_DEV
1717463864.2788446,322,3.6,47.4,OCC_TO_CU
1717463864.279605,322,0.0,47.4,OCC_TO_CU
1717463864.3664494,273,25.0,47.6,CU_TO_DEV
1717463864.3663888,273,25.0,47.6,CU_TO_DEV
1717463864.5332735,154,19.1,47.6,OCC_TO_CU
1717463864.5676749,241,35.7,47.6,CU_TO_DEV
1717463864.568124,241,0.0,47.6,CU_TO_DEV
1717463874.2764823,322,4.1,47.4,OCC_TO_CU
1717463874.2772253,322,100.0,47.4,OCC_TO_CU
1717463874.374472,273,13.9,47.6,CU_TO_DEV
1717463874.3745725,273,13.9,47.6,CU_TO_DEV
1717463884.2942603,322,4.0,47.4,OCC_TO_CU
1717463884.2948906,322,0.0,47.4,OCC_TO_CU
1717463884.3798878,273,23.5,47.7,CU_TO_DEV
1717463884.3799796,273,23.5,47.7,CU_TO_DEV
1717463894.295277,322,3.9,47.5,OCC_TO_CU
1717463894.296138,322,0.0,47.5,OCC_TO_CU
1717463894.3852637,273,33.3,47.7,CU_TO_DEV
1717463894.3853831,273,33.3,47.7,CU_TO_DEV
1717463904.3227143,322,5.6,47.4,OCC_TO_CU
1717463904.3232396,322,0.0,47.4,OCC_TO_CU
1717463904.3909662,273,25.0,47.6,CU_TO_DEV
1717463904.3966272,273,66.7,47.6,CU_TO_DEV
1717463914.3265839,322,4.1,47.4,OCC_TO_CU
1717463914.3276234,322,0.0,47.4,OCC_TO_CU
1717463914.3971784,273,27.6,47.6,CU_TO_DEV
1717463914.4020603,273,0.0,47.6,CU_TO_DEV
1717463914.6219091,154,19.4,47.6,OCC_TO_CU
1717463914.79808,241,14.1,47.7,CU_TO_DEV
1717463914.8026454,241,0.0,47.7,CU_TO_DEV
1717463924.3557103,322,4.3,47.4,OCC_TO_CU
1717463924.3563726,322,0.0,47.4,OCC_TO_CU
1717463924.4029334,273,25.0,47.6,CU_TO_DEV
1717463924.4073749,273,0.0,47.7,CU_TO_DEV
1717463934.353554,322,3.9,47.5,OCC_TO_CU
1717463934.3546152,322,0.0,47.5,OCC_TO_CU
1717463934.4087374,273,77.3,47.7,CU_TO_DEV
1717463934.4139037,273,100.0,47.7,CU_TO_DEV
1717463944.3624187,322,4.8,47.5,OCC_TO_CU
1717463944.3631105,322,0.0,47.5,OCC_TO_CU
1717463944.413773,273,38.1,47.7,CU_TO_DEV
1717463944.421914,273,50.0,47.7,CU_TO_DEV
1717463954.3748167,322,5.1,47.5,OCC_TO_CU
1717463954.3758173,322,0.0,47.5,OCC_TO_CU
1717463954.4225218,273,38.9,47.6,CU_TO_DEV
1717463954.427063,273,0.0,47.6,CU_TO_DEV
1717463964.3860693,322,4.1,47.5,OCC_TO_CU
1717463964.3918738,322,0.0,47.5,OCC_TO_CU
1717463964.4279454,273,92.3,47.5,CU_TO_DEV
1717463964.4372306,273,100.0,47.6,CU_TO_DEV
1717463964.577446,154,83.9,47.6,OCC_TO_CU
1717463964.628986,241,38.1,47.6,CU_TO_DEV
1717463964.6381533,241,50.0,47.6,CU_TO_DEV
1717463974.4061863,322,3.8,47.4,OCC_TO_CU
1717463974.4068382,322,0.0,47.4,OCC_TO_CU
1717463974.4344478,273,58.3,47.5,CU_TO_DEV
1717463974.443025,273,50.0,47.6,CU_TO_DEV
1717463984.413966,322,4.9,47.4,OCC_TO_CU
1717463984.4150503,322,0.0,47.4,OCC_TO_CU
1717463984.444266,273,46.2,47.6,CU_TO_DEV
1717463984.45185,273,66.7,47.6,CU_TO_DEV
1717463994.4204671,322,4.8,47.3,OCC_TO_CU
1717463994.421139,322,0.0,47.3,OCC_TO_CU
1717463994.451712,273,50.0,47.5,CU_TO_DEV
1717463994.4562068,273,0.0,47.5,CU_TO_DEV
1717464004.4457557,322,3.8,47.4,OCC_TO_CU
1717464004.4462872,322,0.0,47.4,OCC_TO_CU
1717464004.4568584,273,40.0,47.4,CU_TO_DEV
1717464004.4602602,273,0.0,47.4,CU_TO_DEV
1717464014.455367,322,3.8,47.4,OCC_TO_CU
1717464014.4622605,273,33.3,47.4,CU_TO_DEV
1717464014.4623716,322,33.3,47.4,OCC_TO_CU
1717464014.4654999,273,100.0,47.4,CU_TO_DEV
1717464014.6634574,273,26.0,47.6,CU_TO_DEV
1717464015.6862187,154,9.4,47.8,OCC_TO_CU
1717464015.8646924,241,8.7,47.8,CU_TO_DEV
1717464015.8674939,241,0.0,47.8,CU_TO_DEV
1717464024.4592168,322,3.5,47.5,OCC_TO_CU
1717464024.4599624,322,0.0,47.5,OCC_TO_CU
1717464024.4689302,273,40.0,47.5,CU_TO_DEV
1717464024.4728692,273,0.0,47.5,CU_TO_DEV
1717464034.488613,322,3.6,47.5,OCC_TO_CU
1717464034.4892688,322,0.0,47.5,OCC_TO_CU
1717464034.6763425,273,17.8,47.7,CU_TO_DEV
1717464034.6773975,273,66.7,47.7,CU_TO_DEV
1717464044.5011604,322,5.1,47.4,OCC_TO_CU
1717464044.5018783,322,0.0,47.4,OCC_TO_CU
1717464044.6820147,273,14.7,47.6,CU_TO_DEV
1717464044.6820922,273,14.7,47.6,CU_TO_DEV
1717464054.5019376,322,3.8,47.4,OCC_TO_CU
1717464054.502626,322,0.0,47.4,OCC_TO_CU
1717464054.6891186,273,14.3,47.6,CU_TO_DEV
1717464054.6895986,273,0.0,47.6,CU_TO_DEV
1717464064.5111387,322,4.0,47.5,OCC_TO_CU
1717464064.5339482,322,50.0,47.5,OCC_TO_CU
1717464064.6942503,273,28.1,47.7,CU_TO_DEV
1717464064.6944706,273,28.1,47.7,CU_TO_DEV
1717464065.6643481,154,9.6,47.8,OCC_TO_CU
1717464065.6981995,241,100.0,47.8,CU_TO_DEV
1717464065.6979713,241,100.0,47.8,CU_TO_DEV
1717464074.5225222,322,4.1,47.5,OCC_TO_CU
1717464074.5231853,322,0.0,47.5,OCC_TO_CU
1717464074.702927,273,19.7,47.6,CU_TO_DEV
1717464074.705868,273,100.0,47.6,CU_TO_DEV
1717464084.5394971,322,5.2,47.4,OCC_TO_CU
1717464084.5401247,322,0.0,47.4,OCC_TO_CU
1717464084.709984,273,74.6,47.6,CU_TO_DEV
1717464084.7139542,273,0.0,47.6,CU_TO_DEV
1717464094.5690248,322,3.4,47.3,OCC_TO_CU
1717464094.5700767,322,0.0,47.3,OCC_TO_CU
1717464094.715466,273,31.0,47.6,CU_TO_DEV
1717464094.718078,273,0.0,47.6,CU_TO_DEV
1717464104.5742905,322,3.8,47.4,OCC_TO_CU
1717464104.5749273,322,0.0,47.4,OCC_TO_CU
1717464104.7213602,273,33.3,47.6,CU_TO_DEV
1717464104.7230866,273,0.0,47.6,CU_TO_DEV
1717464114.5690386,322,3.6,47.5,OCC_TO_CU
1717464114.5721102,322,0.0,47.5,OCC_TO_CU
1717464114.7276735,273,23.3,47.7,CU_TO_DEV
1717464114.72888,273,100.0,47.7,CU_TO_DEV
1717464115.7142942,154,5.1,47.7,OCC_TO_CU
1717464115.72897,241,57.1,47.7,CU_TO_DEV
1717464115.7300787,241,0.0,47.7,CU_TO_DEV
1717464124.5904577,322,4.2,47.5,OCC_TO_CU
1717464124.591112,322,0.0,47.5,OCC_TO_CU
1717464124.7343419,273,32.8,47.7,CU_TO_DEV
1717464124.7350848,273,32.8,47.7,CU_TO_DEV
1717464134.6053703,322,5.1,47.5,OCC_TO_CU
1717464134.6063995,322,0.0,47.5,OCC_TO_CU
1717464134.7450087,273,92.7,47.7,CU_TO_DEV
1717464134.7492185,273,100.0,47.7,CU_TO_DEV
1717464144.6108508,322,3.8,47.4,OCC_TO_CU
1717464144.611558,322,0.0,47.4,OCC_TO_CU
1717464144.7508903,273,32.1,47.6,CU_TO_DEV
1717464144.754171,273,0.0,47.6,CU_TO_DEV
1717464154.6218543,322,4.6,47.4,OCC_TO_CU
1717464154.6402514,322,42.9,47.4,OCC_TO_CU
1717464154.756548,273,51.1,47.6,CU_TO_DEV
1717464154.7592545,273,0.0,47.6,CU_TO_DEV
1717464164.6426752,322,3.8,47.4,OCC_TO_CU
1717464164.6433206,322,0.0,47.4,OCC_TO_CU
1717464164.7625494,273,27.7,47.5,CU_TO_DEV
1717464164.763137,273,0.0,47.5,CU_TO_DEV
1717464166.4405687,154,5.5,47.6,OCC_TO_CU
1717464166.564111,241,25.0,47.7,CU_TO_DEV
1717464166.5648396,241,0.0,47.7,CU_TO_DEV
1717464174.6529405,322,5.3,47.5,OCC_TO_CU
1717464174.653471,322,0.0,47.5,OCC_TO_CU
1717464174.7698293,273,28.3,47.6,CU_TO_DEV
1717464174.7699506,273,28.3,47.6,CU_TO_DEV
1717464184.6584718,322,3.8,47.4,OCC_TO_CU
1717464184.6596751,322,0.0,47.4,OCC_TO_CU
1717464184.7761903,273,34.0,47.7,CU_TO_DEV
1717464184.7766268,273,100.0,47.7,CU_TO_DEV
1717464194.6780035,322,4.0,47.5,OCC_TO_CU
1717464194.6788254,322,0.0,47.5,OCC_TO_CU
1717464194.7816598,273,43.9,47.7,CU_TO_DEV
1717464194.7817452,273,43.9,47.7,CU_TO_DEV
1717464204.6864223,322,4.0,47.5,OCC_TO_CU
1717464204.6874557,322,0.0,47.5,OCC_TO_CU
1717464204.7870545,273,45.0,47.8,CU_TO_DEV
1717464204.7868688,273,45.0,47.8,CU_TO_DEV
1717464214.6968658,322,4.5,47.6,OCC_TO_CU
1717464214.6975124,322,0.0,47.6,OCC_TO_CU
1717464214.7925255,273,45.9,47.8,CU_TO_DEV
1717464214.7923865,273,45.9,47.8,CU_TO_DEV
1717464217.324183,154,7.2,47.6,OCC_TO_CU
1717464217.3942587,241,18.5,47.7,CU_TO_DEV
1717464217.3948307,241,0.0,47.7,CU_TO_DEV
1717464224.713021,322,5.6,47.5,OCC_TO_CU
1717464224.7137976,322,0.0,47.5,OCC_TO_CU
1717464224.7991447,273,41.2,47.6,CU_TO_DEV
1717464224.7989986,273,41.2,47.6,CU_TO_DEV
1717464234.7235343,322,4.5,47.4,OCC_TO_CU
1717464234.724373,322,0.0,47.4,OCC_TO_CU
1717464234.8099663,273,91.2,47.6,CU_TO_DEV
1717464234.8108852,273,0.0,47.6,CU_TO_DEV
1717464244.7335215,322,4.8,47.4,OCC_TO_CU
1717464244.7345164,322,0.0,47.4,OCC_TO_CU
1717464244.8153026,273,37.5,47.5,CU_TO_DEV
1717464244.8158674,273,0.0,47.5,CU_TO_DEV
1717464254.7371294,322,4.1,47.4,OCC_TO_CU
1717464254.7412214,322,0.0,47.4,OCC_TO_CU
1717464254.8209047,273,38.7,47.5,CU_TO_DEV
1717464254.8206496,273,38.7,47.5,CU_TO_DEV
1717464264.751568,322,5.3,47.4,OCC_TO_CU
1717464264.7530262,322,0.0,47.4,OCC_TO_CU
1717464264.8281882,273,27.6,47.6,CU_TO_DEV
1717464264.828704,273,100.0,47.6,CU_TO_DEV
1717464267.476174,154,3.8,47.4,OCC_TO_CU
1717464267.6300166,241,20.0,47.5,CU_TO_DEV
1717464267.6309257,241,0.0,47.5,CU_TO_DEV
1717464274.766899,322,3.8,47.4,OCC_TO_CU
1717464274.7679465,322,0.0,47.4,OCC_TO_CU
1717464274.8337355,273,42.3,47.6,CU_TO_DEV
1717464274.83414,273,0.0,47.6,CU_TO_DEV
1717464284.773141,322,3.8,47.4,OCC_TO_CU
1717464284.7738287,322,0.0,47.4,OCC_TO_CU
1717464284.8396509,273,34.8,47.6,CU_TO_DEV
1717464284.8392954,273,34.8,47.6,CU_TO_DEV
1717464294.778549,322,4.0,47.5,OCC_TO_CU
1717464294.7854757,322,50.0,47.5,OCC_TO_CU
1717464294.8456998,273,47.8,47.7,CU_TO_DEV
1717464294.8464205,273,0.0,47.7,CU_TO_DEV
1717464304.8006742,322,4.2,47.6,OCC_TO_CU
1717464304.8013384,322,0.0,47.6,OCC_TO_CU
1717464304.852006,273,45.0,47.8,CU_TO_DEV
1717464304.8528075,273,100.0,47.8,CU_TO_DEV
1717464314.7998173,322,5.0,47.5,OCC_TO_CU
1717464314.8028648,322,0.0,47.5,OCC_TO_CU
1717464314.8586907,273,33.3,47.7,CU_TO_DEV
1717464314.8588517,273,33.3,47.7,CU_TO_DEV
1717464317.5639582,154,7.6,47.4,OCC_TO_CU
1717464317.6608539,241,25.0,47.6,CU_TO_DEV
1717464317.661036,241,25.0,47.6,CU_TO_DEV
1717464324.81039,322,3.5,47.5,OCC_TO_CU
1717464324.8110166,322,0.0,47.5,OCC_TO_CU
1717464324.8650246,273,45.5,47.6,CU_TO_DEV
1717464324.8648622,273,45.5,47.6,CU_TO_DEV
1717464334.8230534,322,4.0,47.5,OCC_TO_CU
1717464334.8238668,322,0.0,47.5,OCC_TO_CU
1717464334.8708265,273,47.4,47.7,CU_TO_DEV
1717464334.8716388,273,0.0,47.7,CU_TO_DEV
1717464344.8340325,322,5.8,47.3,OCC_TO_CU
1717464344.83482,322,0.0,47.3,OCC_TO_CU
1717464344.8765724,273,55.6,47.5,CU_TO_DEV
1717464344.8782146,273,0.0,47.5,CU_TO_DEV
1717464354.8389554,322,3.6,47.4,OCC_TO_CU
1717464354.8396018,322,0.0,47.4,OCC_TO_CU
1717464354.882771,273,42.9,47.6,CU_TO_DEV
1717464354.8830788,273,42.9,47.6,CU_TO_DEV
1717464364.8489568,322,5.4,47.3,OCC_TO_CU
1717464364.8634427,322,40.0,47.3,OCC_TO_CU
1717464364.8933072,273,71.4,47.6,CU_TO_DEV
1717464364.8946447,273,0.0,47.6,CU_TO_DEV
1717464367.3228595,154,5.6,47.5,OCC_TO_CU
1717464367.4957929,241,9.9,47.6,CU_TO_DEV
1717464367.4980233,241,0.0,47.6,CU_TO_DEV
1717464374.858311,322,5.1,48.5,OCC_TO_CU
1717464374.8636103,322,0.0,48.5,OCC_TO_CU
1717464374.899554,273,66.7,48.5,CU_TO_DEV
1717464374.9018943,273,100.0,48.5,CU_TO_DEV
1717464384.8796947,322,3.6,47.5,OCC_TO_CU
1717464384.8802595,322,0.0,47.5,OCC_TO_CU
1717464384.9057293,273,50.0,47.5,CU_TO_DEV
1717464384.909679,273,0.0,47.5,CU_TO_DEV
1717464394.8920226,322,3.8,47.6,OCC_TO_CU
1717464394.8925629,322,0.0,47.6,OCC_TO_CU
1717464394.912738,273,66.7,47.6,CU_TO_DEV
1717464394.9144363,273,0.0,47.6,CU_TO_DEV
1717464404.887851,322,5.8,47.4,OCC_TO_CU
1717464404.8909557,322,0.0,47.4,OCC_TO_CU
1717464404.9179935,273,63.6,47.4,CU_TO_DEV
1717464404.9217815,273,0.0,47.5,CU_TO_DEV
1717464414.898366,322,4.2,47.4,OCC_TO_CU
1717464414.9208114,322,55.6,47.4,OCC_TO_CU
1717464414.9258456,273,50.0,47.4,CU_TO_DEV
1717464414.9272711,273,0.0,47.5,CU_TO_DEV
1717464417.3961573,154,6.2,47.6,OCC_TO_CU
1717464417.5295496,241,11.1,47.7,CU_TO_DEV
1717464417.529869,241,0.0,47.7,CU_TO_DEV
1717464424.910795,322,3.9,47.6,OCC_TO_CU
1717464424.9226692,322,25.0,47.6,OCC_TO_CU
1717464424.9341319,273,0.0,47.6,CU_TO_DEV
1717464424.9337099,273,83.3,47.6,CU_TO_DEV
1717464434.9387062,322,4.1,47.6,OCC_TO_CU
1717464434.9413397,322,100.0,47.6,OCC_TO_CU
1717464434.9421422,273,0.0,47.6,CU_TO_DEV
1717464434.9423337,273,0.0,47.6,CU_TO_DEV
1717464435.1436162,273,71.3,47.7,CU_TO_DEV
1717464435.1441355,273,0.0,47.7,CU_TO_DEV
1717464444.9462657,322,3.7,47.5,OCC_TO_CU
1717464444.9477317,322,0.0,47.5,OCC_TO_CU
1717464444.9496887,273,0.0,47.5,CU_TO_DEV
1717464444.9486094,273,100.0,47.5,CU_TO_DEV
1717464445.1512825,273,75.0,47.7,CU_TO_DEV
1717464445.1516907,273,0.0,47.7,CU_TO_DEV
1717464454.9440305,322,3.7,47.5,OCC_TO_CU
1717464454.9472017,322,50.0,47.5,OCC_TO_CU
1717464454.9571311,273,75.0,47.5,CU_TO_DEV
1717464454.9587755,273,0.0,47.5,CU_TO_DEV
1717464464.9559343,322,5.2,47.4,OCC_TO_CU
1717464464.9591086,322,0.0,47.4,OCC_TO_CU
1717464464.9639306,273,50.0,47.4,CU_TO_DEV
1717464464.9647822,273,100.0,47.4,CU_TO_DEV
1717464467.4605584,154,5.1,47.5,OCC_TO_CU
1717464467.5669045,241,16.7,47.7,CU_TO_DEV
1717464467.56704,241,16.7,47.7,CU_TO_DEV
1717464474.9681659,322,4.1,47.5,OCC_TO_CU
1717464474.9701686,322,66.7,47.5,OCC_TO_CU
1717464474.9714983,273,0.0,47.5,CU_TO_DEV
1717464474.971915,273,0.0,47.5,CU_TO_DEV
1717464484.9805856,322,5.1,47.4,OCC_TO_CU
1717464484.9838626,322,0.0,47.4,OCC_TO_CU
1717464485.1773872,273,13.2,47.7,CU_TO_DEV
1717464485.1774786,273,13.2,47.7,CU_TO_DEV
1717464494.9843473,322,5.0,47.4,OCC_TO_CU
1717464494.9855986,322,100.0,47.4,OCC_TO_CU
1717464495.1838138,273,7.9,47.6,CU_TO_DEV
1717464495.1840932,273,0.0,47.6,CU_TO_DEV
1717464504.9879203,322,4.2,47.4,OCC_TO_CU
1717464504.9890816,273,0.0,47.4,CU_TO_DEV
1717464504.9891422,273,0.0,47.4,CU_TO_DEV
1717464504.996829,322,50.0,47.4,OCC_TO_CU
1717464505.1899552,273,21.9,47.6,CU_TO_DEV
1717464505.190035,273,21.9,47.6,CU_TO_DEV
1717464515.008556,322,4.1,47.5,OCC_TO_CU
1717464515.0116398,322,0.0,47.5,OCC_TO_CU
1717464515.1950395,273,15.1,47.7,CU_TO_DEV
1717464515.1952097,273,15.1,47.7,CU_TO_DEV
1717464517.5427954,154,5.3,47.6,OCC_TO_CU
1717464517.597027,241,27.3,47.7,CU_TO_DEV
1717464517.5971336,241,27.3,47.7,CU_TO_DEV
1717464525.0189605,322,4.3,47.6,OCC_TO_CU
1717464525.0229304,322,0.0,47.6,OCC_TO_CU
1717464525.2012396,273,15.3,47.7,CU_TO_DEV
1717464525.2016726,273,0.0,47.7,CU_TO_DEV
1717464535.0447197,322,4.3,47.6,OCC_TO_CU
1717464535.0755372,322,53.8,47.7,OCC_TO_CU
1717464535.207621,273,90.6,47.8,CU_TO_DEV
1717464535.2073202,273,90.6,47.8,CU_TO_DEV
1717464545.0447316,322,5.3,47.5,OCC_TO_CU
1717464545.0455785,322,0.0,47.5,OCC_TO_CU
1717464545.214526,273,16.4,47.7,CU_TO_DEV
1717464545.214765,273,0.0,47.7,CU_TO_DEV
1717464555.0708504,322,4.1,47.5,OCC_TO_CU
1717464555.0716422,322,0.0,47.5,OCC_TO_CU
1717464555.2203546,273,13.8,47.7,CU_TO_DEV
1717464555.220499,273,13.8,47.7,CU_TO_DEV
1717464565.0802543,322,4.7,47.4,OCC_TO_CU
1717464565.0810945,322,100.0,47.4,OCC_TO_CU
1717464565.2254632,273,15.8,47.7,CU_TO_DEV
1717464565.2253046,273,15.8,47.7,CU_TO_DEV
1717464567.5183637,154,5.2,47.5,OCC_TO_CU
1717464567.6272855,241,16.3,47.7,CU_TO_DEV
1717464567.6273282,241,16.3,47.7,CU_TO_DEV
1717464575.0876806,322,4.4,47.6,OCC_TO_CU
1717464575.088339,322,0.0,47.6,OCC_TO_CU
1717464575.2329557,273,78.9,47.6,CU_TO_DEV
1717464575.233423,273,0.0,47.6,CU_TO_DEV
1717464585.094271,322,4.7,47.4,OCC_TO_CU
1717464585.094821,322,0.0,47.4,OCC_TO_CU
1717464585.2422495,273,13.8,47.6,CU_TO_DEV
1717464585.2424593,273,0.0,47.6,CU_TO_DEV
1717464595.1071844,322,4.0,47.4,OCC_TO_CU
1717464595.1078439,322,0.0,47.4,OCC_TO_CU
1717464595.247314,273,19.3,47.7,CU_TO_DEV
1717464595.2477896,273,0.0,47.7,CU_TO_DEV
1717464605.1431315,322,4.3,47.4,OCC_TO_CU
1717464605.1437483,322,0.0,47.4,OCC_TO_CU
1717464605.255662,273,18.2,47.7,CU_TO_DEV
1717464605.256123,273,0.0,47.7,CU_TO_DEV
1717464615.1370075,322,4.1,47.5,OCC_TO_CU
1717464615.1380427,322,0.0,47.5,OCC_TO_CU
1717464615.2640998,273,14.0,47.7,CU_TO_DEV
1717464615.2643769,273,0.0,47.7,CU_TO_DEV
1717464617.68126,154,4.7,47.6,OCC_TO_CU
1717464617.8658652,241,17.1,47.7,CU_TO_DEV
1717464617.8659441,241,17.1,47.7,CU_TO_DEV
1717464625.1464348,322,4.3,47.6,OCC_TO_CU
1717464625.1471107,322,0.0,47.6,OCC_TO_CU
1717464625.2707763,273,16.3,47.8,CU_TO_DEV
1717464625.2708905,273,16.3,47.8,CU_TO_DEV
1717464635.1488647,322,5.1,47.5,OCC_TO_CU
1717464635.1495047,322,0.0,47.5,OCC_TO_CU
1717464635.2801955,273,88.5,47.8,CU_TO_DEV
1717464635.281629,273,100.0,47.8,CU_TO_DEV
1717464645.163457,322,4.7,47.4,OCC_TO_CU
1717464645.1641273,322,0.0,47.4,OCC_TO_CU
1717464645.2870915,273,12.8,47.6,CU_TO_DEV
1717464645.2872193,273,12.8,47.6,CU_TO_DEV
1717464655.175829,322,3.7,47.4,OCC_TO_CU
1717464655.1765723,322,0.0,47.4,OCC_TO_CU
1717464655.293088,273,27.7,47.6,CU_TO_DEV
1717464655.2933018,273,0.0,47.6,CU_TO_DEV
1717464665.2173371,322,4.2,47.4,OCC_TO_CU
1717464665.218233,322,0.0,47.4,OCC_TO_CU
1717464665.29998,273,19.4,47.7,CU_TO_DEV
1717464665.3002224,273,0.0,47.7,CU_TO_DEV
1717464667.7736838,154,4.4,47.6,OCC_TO_CU
1717464667.9021006,241,27.1,47.7,CU_TO_DEV
1717464667.901903,241,27.1,47.7,CU_TO_DEV
1717464675.193812,322,5.7,47.5,OCC_TO_CU
1717464675.1943405,322,0.0,47.5,OCC_TO_CU
1717464675.3060768,273,19.1,47.6,CU_TO_DEV
1717464675.3063312,273,0.0,47.6,CU_TO_DEV
1717464685.2182748,322,3.9,47.5,OCC_TO_CU
1717464685.2188978,322,0.0,47.5,OCC_TO_CU
1717464685.3120737,273,24.3,47.7,CU_TO_DEV
1717464685.3168752,273,0.0,47.7,CU_TO_DEV
1717464695.2285862,322,4.2,47.6,OCC_TO_CU
1717464695.2296247,322,0.0,47.6,OCC_TO_CU
1717464695.3249776,273,16.7,47.8,CU_TO_DEV
1717464695.3250592,273,16.7,47.8,CU_TO_DEV
1717464705.2328796,322,4.1,47.6,OCC_TO_CU
1717464705.2335982,322,0.0,47.6,OCC_TO_CU
1717464705.332926,273,92.7,47.8,CU_TO_DEV
1717464705.333843,273,0.0,47.8,CU_TO_DEV
1717464715.2537117,322,3.8,47.5,OCC_TO_CU
1717464715.2543585,322,0.0,47.5,OCC_TO_CU
1717464715.3408432,273,28.6,47.7,CU_TO_DEV
1717464715.3409338,273,28.6,47.7,CU_TO_DEV
1717464717.8261397,154,4.7,47.6,OCC_TO_CU
1717464717.9429433,241,29.2,47.8,CU_TO_DEV
1717464717.94356,241,0.0,47.8,CU_TO_DEV
1717464725.269342,322,5.4,47.6,OCC_TO_CU
1717464725.270372,322,0.0,47.6,OCC_TO_CU
1717464725.3505633,273,17.2,47.7,CU_TO_DEV
1717464725.3511481,273,0.0,47.7,CU_TO_DEV
1717464735.2726378,322,4.6,47.4,OCC_TO_CU
1717464735.2734423,322,0.0,47.4,OCC_TO_CU
1717464735.3579252,273,87.9,47.7,CU_TO_DEV
1717464735.35876,273,0.0,47.7,CU_TO_DEV
1717464745.2879674,322,4.8,47.4,OCC_TO_CU
1717464745.2885897,322,0.0,47.4,OCC_TO_CU
1717464745.366769,273,25.8,47.6,CU_TO_DEV
1717464745.3671265,273,0.0,47.6,CU_TO_DEV
1717464755.3012383,322,4.1,47.4,OCC_TO_CU
1717464755.3164914,322,50.0,47.4,OCC_TO_CU
1717464755.3733902,273,45.8,47.6,CU_TO_DEV
1717464755.373318,273,45.8,47.6,CU_TO_DEV
1717464765.3164318,322,5.2,47.4,OCC_TO_CU
1717464765.3171623,322,0.0,47.4,OCC_TO_CU
1717464765.3811948,273,24.0,47.6,CU_TO_DEV
1717464765.381752,273,0.0,47.6,CU_TO_DEV
1717464767.8996885,154,4.3,47.4,OCC_TO_CU
1717464767.9836543,241,23.5,47.6,CU_TO_DEV
1717464767.9841728,241,0.0,47.6,CU_TO_DEV
1717464775.334546,322,3.9,47.5,OCC_TO_CU
1717464775.3880844,273,28.6,47.7,CU_TO_DEV
1717464775.387958,273,28.6,47.7,CU_TO_DEV
1717464775.417219,322,45.5,47.7,OCC_TO_CU
1717464775.5890408,273,9.1,47.7,CU_TO_DEV
1717464775.588979,273,9.1,47.7,CU_TO_DEV
1717464785.3612607,322,3.9,47.5,OCC_TO_CU
1717464785.3619735,322,0.0,47.5,OCC_TO_CU
1717464785.394694,273,41.7,47.6,CU_TO_DEV
1717464785.3952641,273,0.0,47.6,CU_TO_DEV
1717464795.3487256,322,4.3,47.5,OCC_TO_CU
1717464795.349373,322,0.0,47.5,OCC_TO_CU
1717464795.401442,273,26.3,47.7,CU_TO_DEV
1717464795.4012878,273,26.3,47.7,CU_TO_DEV
1717464805.3555508,322,4.0,47.6,OCC_TO_CU
1717464805.3561747,322,0.0,47.6,OCC_TO_CU
1717464805.4078915,273,22.2,47.8,CU_TO_DEV
1717464805.4076972,273,22.2,47.8,CU_TO_DEV
1717464815.37637,322,5.8,47.5,OCC_TO_CU
1717464815.3771594,322,0.0,47.5,OCC_TO_CU
1717464815.4172733,273,37.5,47.7,CU_TO_DEV
1717464815.4179523,273,0.0,47.7,CU_TO_DEV
1717464817.6751313,154,5.1,47.5,OCC_TO_CU
1717464817.8192225,241,13.8,47.7,CU_TO_DEV
1717464817.8194678,241,0.0,47.7,CU_TO_DEV
1717464825.3796275,322,3.8,47.6,OCC_TO_CU
1717464825.3801785,322,0.0,47.6,OCC_TO_CU
1717464825.4237165,273,0.0,47.7,CU_TO_DEV
1717464825.423402,273,25.0,47.7,CU_TO_DEV
1717464835.3968973,322,4.5,47.4,OCC_TO_CU
1717464835.3974817,322,0.0,47.4,OCC_TO_CU
1717464835.4302194,273,75.0,47.5,CU_TO_DEV
1717464835.4330864,273,100.0,47.5,CU_TO_DEV
1717464845.4003081,322,4.6,47.4,OCC_TO_CU
1717464845.404004,322,50.0,47.4,OCC_TO_CU
1717464845.4356914,273,27.3,47.6,CU_TO_DEV
1717464845.4375267,273,0.0,47.6,CU_TO_DEV
1717464855.4355214,322,5.2,47.4,OCC_TO_CU
1717464855.4361851,322,0.0,47.4,OCC_TO_CU
1717464855.4414763,273,0.0,47.4,CU_TO_DEV
1717464855.4425209,273,0.0,47.4,CU_TO_DEV
1717464865.4293883,322,3.9,47.4,OCC_TO_CU
1717464865.4301543,322,0.0,47.4,OCC_TO_CU
1717464865.447001,273,33.3,47.4,CU_TO_DEV
1717464865.4479475,273,0.0,47.4,CU_TO_DEV
1717464867.6492012,154,6.1,47.5,OCC_TO_CU
1717464867.8488142,241,11.1,47.7,CU_TO_DEV
1717464867.8495932,241,0.0,47.7,CU_TO_DEV
1717464875.4374807,322,4.1,47.5,OCC_TO_CU
1717464875.443269,322,0.0,47.5,OCC_TO_CU
1717464875.4537346,273,80.0,47.5,CU_TO_DEV
1717464875.4533968,273,80.0,47.5,CU_TO_DEV
1717464885.4553437,322,4.4,47.5,OCC_TO_CU
1717464885.456237,322,0.0,47.5,OCC_TO_CU
1717464885.4606912,273,50.0,47.5,CU_TO_DEV
1717464885.4621458,273,0.0,47.5,CU_TO_DEV
1717464895.465964,322,5.1,47.4,OCC_TO_CU
1717464895.46649,322,0.0,47.4,OCC_TO_CU
1717464895.4665341,273,0.0,47.4,CU_TO_DEV
1717464895.467179,273,0.0,47.4,CU_TO_DEV
1717464895.6672437,273,10.1,47.7,CU_TO_DEV
1717464895.6677263,273,0.0,47.7,CU_TO_DEV
1717464905.51154,322,4.9,47.4,OCC_TO_CU
1717464905.5156531,322,0.0,47.4,OCC_TO_CU
1717464905.6741803,273,12.7,47.6,CU_TO_DEV
1717464905.6764085,273,0.0,47.6,CU_TO_DEV
1717464915.4912064,322,3.9,47.5,OCC_TO_CU
1717464915.4943836,322,0.0,47.5,OCC_TO_CU
1717464915.6795704,273,9.6,47.7,CU_TO_DEV
1717464915.6813726,273,0.0,47.7,CU_TO_DEV
1717464917.8137457,154,5.5,47.6,OCC_TO_CU
1717464917.8812048,241,28.6,47.7,CU_TO_DEV
1717464917.882699,241,0.0,47.7,CU_TO_DEV
1717464925.5204275,322,4.2,47.6,OCC_TO_CU
1717464925.5212421,322,0.0,47.6,OCC_TO_CU
1717464925.6864579,273,14.5,47.8,CU_TO_DEV
1717464925.686525,273,14.5,47.8,CU_TO_DEV
1717464935.5195131,322,3.9,47.6,OCC_TO_CU
1717464935.5202825,322,0.0,47.6,OCC_TO_CU
1717464935.6917353,273,9.0,47.8,CU_TO_DEV
1717464935.6921952,273,0.0,47.8,CU_TO_DEV
1717464945.537951,322,4.6,47.5,OCC_TO_CU
1717464945.5388365,322,0.0,47.5,OCC_TO_CU
1717464945.6980119,273,12.5,47.7,CU_TO_DEV
1717464945.6983902,273,0.0,47.7,CU_TO_DEV
1717464955.5365481,322,4.9,47.5,OCC_TO_CU
1717464955.537481,322,0.0,47.5,OCC_TO_CU
1717464955.703602,273,67.7,47.6,CU_TO_DEV
1717464955.7038946,273,0.0,47.6,CU_TO_DEV
1717464965.553592,322,3.6,47.5,OCC_TO_CU
1717464965.5716894,322,42.9,47.4,OCC_TO_CU
1717464965.7086227,273,21.4,47.7,CU_TO_DEV
1717464965.71137,273,0.0,47.7,CU_TO_DEV
1717464967.8994327,154,5.1,47.6,OCC_TO_CU
1717464967.911518,241,20.0,47.6,CU_TO_DEV
1717464967.9127235,241,100.0,47.6,CU_TO_DEV
1717464975.5639396,322,4.8,47.5,OCC_TO_CU
1717464975.5671096,322,0.0,47.5,OCC_TO_CU
1717464975.715262,273,11.9,47.6,CU_TO_DEV
1717464975.7173765,273,0.0,47.6,CU_TO_DEV
1717464985.5736156,322,3.7,47.4,OCC_TO_CU
1717464985.5743754,322,0.0,47.4,OCC_TO_CU
1717464985.724183,273,10.3,47.6,CU_TO_DEV
1717464985.72462,273,0.0,47.6,CU_TO_DEV
1717464995.585758,322,4.9,47.4,OCC_TO_CU
1717464995.603855,322,42.9,47.4,OCC_TO_CU
1717464995.734891,273,23.2,47.6,CU_TO_DEV
1717464995.7352705,273,0.0,47.6,CU_TO_DEV
1717465005.6033466,322,4.0,47.5,OCC_TO_CU
1717465005.604126,322,0.0,47.5,OCC_TO_CU
1717465005.7418098,273,13.2,47.6,CU_TO_DEV
1717465005.741854,273,13.2,47.6,CU_TO_DEV
1717465015.6263618,322,3.6,47.5,OCC_TO_CU
1717465015.6271596,322,0.0,47.5,OCC_TO_CU
1717465015.7477186,273,16.7,47.7,CU_TO_DEV
1717465015.7483194,273,0.0,47.7,CU_TO_DEV
1717465017.964747,154,5.2,47.6,OCC_TO_CU
1717465018.1495864,241,18.1,47.8,CU_TO_DEV
1717465018.150179,241,0.0,47.8,CU_TO_DEV
1717465025.62885,322,3.7,47.6,OCC_TO_CU
1717465025.6295702,322,0.0,47.6,OCC_TO_CU
1717465025.7543654,273,14.6,47.8,CU_TO_DEV
1717465025.7548292,273,0.0,47.8,CU_TO_DEV
1717465035.6567826,322,4.0,47.6,OCC_TO_CU
1717465035.6574469,322,0.0,47.6,OCC_TO_CU
1717465035.7642326,273,90.2,47.8,CU_TO_DEV
1717465035.7644005,273,90.2,47.8,CU_TO_DEV
1717465045.646397,322,5.2,47.5,OCC_TO_CU
1717465045.6544523,322,50.0,47.5,OCC_TO_CU
1717465045.7734964,273,25.5,47.6,CU_TO_DEV
1717465045.773857,273,0.0,47.6,CU_TO_DEV
1717465055.6912057,322,3.9,47.5,OCC_TO_CU
1717465055.6918647,322,0.0,47.5,OCC_TO_CU
1717465055.778877,273,27.8,47.7,CU_TO_DEV
1717465055.778836,273,27.8,47.7,CU_TO_DEV
1717465065.6836994,322,4.9,47.4,OCC_TO_CU
1717465065.705353,322,33.3,47.4,OCC_TO_CU
1717465065.784199,273,27.6,47.6,CU_TO_DEV
1717465065.7845697,273,0.0,47.6,CU_TO_DEV
1717465068.029813,154,3.8,47.6,OCC_TO_CU
1717465068.1866136,241,22.6,47.7,CU_TO_DEV
1717465068.1865442,241,22.6,47.7,CU_TO_DEV
1717465075.6749234,322,3.7,47.6,OCC_TO_CU
1717465075.6755805,322,0.0,47.6,OCC_TO_CU
1717465075.7930145,273,87.5,47.7,CU_TO_DEV
1717465075.7938979,273,0.0,47.7,CU_TO_DEV
1717465085.6944091,322,4.8,47.3,OCC_TO_CU
1717465085.6949263,322,0.0,47.3,OCC_TO_CU
1717465085.80076,273,22.7,47.5,CU_TO_DEV
1717465085.8024368,273,0.0,47.5,CU_TO_DEV
1717465095.7015283,322,3.9,47.4,OCC_TO_CU
1717465095.7088752,322,33.3,47.4,OCC_TO_CU
1717465095.8058689,273,34.2,47.6,CU_TO_DEV
1717465095.80751,273,0.0,47.6,CU_TO_DEV
1717465105.7269158,322,4.1,47.5,OCC_TO_CU
1717465105.7355654,322,0.0,47.5,OCC_TO_CU
1717465105.811345,273,46.7,47.7,CU_TO_DEV
1717465105.8123837,273,0.0,47.7,CU_TO_DEV
1717465115.7345893,322,4.3,47.5,OCC_TO_CU
1717465115.7353802,322,0.0,47.5,OCC_TO_CU
1717465115.8168948,273,25.8,47.7,CU_TO_DEV
1717465115.8169773,273,25.8,47.7,CU_TO_DEV
1717465118.108713,154,5.3,47.6,OCC_TO_CU
1717465118.219165,241,25.0,47.8,CU_TO_DEV
1717465118.2189276,241,25.0,47.8,CU_TO_DEV
1717465125.745555,322,3.9,47.6,OCC_TO_CU
1717465125.7462003,322,0.0,47.6,OCC_TO_CU
1717465125.823525,273,24.1,47.8,CU_TO_DEV
1717465125.8236115,273,24.1,47.8,CU_TO_DEV
1717465135.7690523,322,5.1,47.5,OCC_TO_CU
1717465135.7698164,322,0.0,47.5,OCC_TO_CU
1717465135.8319502,273,82.6,47.7,CU_TO_DEV
1717465135.833442,273,100.0,47.7,CU_TO_DEV
1717465145.7747312,322,5.5,47.4,OCC_TO_CU
1717465145.7755039,322,0.0,47.4,OCC_TO_CU
1717465145.8416617,273,32.1,47.6,CU_TO_DEV
1717465145.841584,273,32.1,47.6,CU_TO_DEV
1717465155.7875352,322,4.0,47.4,OCC_TO_CU
1717465155.7881997,322,0.0,47.4,OCC_TO_CU
1717465155.8469725,273,33.3,47.6,CU_TO_DEV
1717465155.8476126,273,0.0,47.6,CU_TO_DEV
1717465165.7970414,322,4.6,47.5,OCC_TO_CU
1717465165.7987332,322,0.0,47.5,OCC_TO_CU
1717465165.8528783,273,28.6,47.7,CU_TO_DEV
1717465165.8529477,273,28.6,47.7,CU_TO_DEV
1717465168.1846108,154,4.4,47.6,OCC_TO_CU
1717465168.2550082,241,19.2,47.7,CU_TO_DEV
1717465168.2549438,241,19.2,47.7,CU_TO_DEV
1717465175.8180795,322,5.3,47.5,OCC_TO_CU
1717465175.8186383,322,0.0,47.5,OCC_TO_CU
1717465175.8597264,273,29.4,47.6,CU_TO_DEV
1717465175.8621244,273,0.0,47.6,CU_TO_DEV
1717465185.818925,322,4.1,47.5,OCC_TO_CU
1717465185.819517,322,0.0,47.5,OCC_TO_CU
1717465185.8651268,273,31.6,47.7,CU_TO_DEV
1717465185.8665228,273,0.0,47.7,CU_TO_DEV
1717465195.8465388,322,4.3,47.5,OCC_TO_CU
1717465195.8472948,322,0.0,47.5,OCC_TO_CU
1717465195.8731773,273,50.0,47.6,CU_TO_DEV
1717465195.8730466,273,50.0,47.6,CU_TO_DEV
1717465205.8614717,322,4.4,47.6,OCC_TO_CU
1717465205.8623993,322,0.0,47.6,OCC_TO_CU
1717465205.8812702,273,66.7,47.7,CU_TO_DEV
1717465205.8820164,273,0.0,47.7,CU_TO_DEV
1717465215.8527005,322,5.0,47.5,OCC_TO_CU
1717465215.8533552,322,0.0,47.5,OCC_TO_CU
1717465215.8885562,273,38.5,47.7,CU_TO_DEV
1717465215.889077,273,38.5,47.7,CU_TO_DEV
1717465218.2489228,154,9.9,47.6,OCC_TO_CU
1717465218.292888,241,26.7,47.7,CU_TO_DEV
1717465218.293519,241,0.0,47.7,CU_TO_DEV
1717465225.8696592,322,4.7,47.5,OCC_TO_CU
1717465225.870693,322,0.0,47.5,OCC_TO_CU
1717465225.8970776,273,36.4,47.5,CU_TO_DEV
1717465225.8974493,273,0.0,47.5,CU_TO_DEV
1717465235.8833473,322,4.0,47.4,OCC_TO_CU
1717465235.8843544,322,0.0,47.4,OCC_TO_CU
1717465235.9033945,273,44.4,47.5,CU_TO_DEV
1717465235.9034672,273,44.4,47.5,CU_TO_DEV
1717465245.8927321,322,5.2,47.4,OCC_TO_CU
1717465245.8933837,322,0.0,47.4,OCC_TO_CU
1717465245.909931,273,25.0,47.4,CU_TO_DEV
1717465245.9104834,273,0.0,47.4,CU_TO_DEV
1717465255.900751,322,4.5,47.4,OCC_TO_CU
1717465255.9014034,322,0.0,47.4,OCC_TO_CU
1717465255.918568,273,50.0,47.5,CU_TO_DEV
1717465255.9185002,273,50.0,47.5,CU_TO_DEV
1717465265.9174476,322,5.7,47.4,OCC_TO_CU
1717465265.9184728,322,0.0,47.4,OCC_TO_CU
1717465265.9289334,273,50.0,47.4,CU_TO_DEV
1717465265.9336178,273,66.7,47.4,CU_TO_DEV
1717465268.3263135,154,5.0,47.5,OCC_TO_CU
1717465268.3307853,241,0.0,47.5,CU_TO_DEV
1717465268.3367612,241,80.0,47.5,CU_TO_DEV
1717465275.9300454,322,4.2,47.5,OCC_TO_CU
1717465275.9307082,322,0.0,47.5,OCC_TO_CU
1717465275.937314,273,66.7,47.5,CU_TO_DEV
1717465275.9442916,273,0.0,47.5,CU_TO_DEV
1717465285.965157,322,4.2,47.5,OCC_TO_CU
1717465285.9659169,322,0.0,47.5,OCC_TO_CU
1717465286.1454923,273,8.6,47.7,CU_TO_DEV
1717465286.1492336,273,0.0,47.7,CU_TO_DEV
1717465295.9738631,322,3.9,47.6,OCC_TO_CU
1717465295.9749165,322,0.0,47.6,OCC_TO_CU
1717465296.1529999,273,11.3,47.7,CU_TO_DEV
1717465296.1553168,273,0.0,47.7,CU_TO_DEV
1717465305.9691718,322,4.9,47.5,OCC_TO_CU
1717465305.9701815,322,0.0,47.5,OCC_TO_CU
1717465306.1616082,273,9.1,47.7,CU_TO_DEV
1717465306.16165,273,9.1,47.7,CU_TO_DEV
1717465315.984539,322,4.8,47.5,OCC_TO_CU
1717465315.985585,322,100.0,47.5,OCC_TO_CU
1717465316.1676552,273,7.1,47.7,CU_TO_DEV
1717465316.1723866,273,0.0,47.7,CU_TO_DEV
1717465318.2961843,154,6.6,47.6,OCC_TO_CU
1717465318.3694413,241,28.6,47.7,CU_TO_DEV
1717465318.3738568,241,0.0,47.7,CU_TO_DEV
1717465325.9990687,322,3.8,47.6,OCC_TO_CU
1717465325.999705,322,0.0,47.6,OCC_TO_CU
1717465326.1737216,273,66.2,47.7,CU_TO_DEV
1717465326.177816,273,0.0,47.7,CU_TO_DEV
1717465336.0047762,322,3.7,47.5,OCC_TO_CU
1717465336.0068111,322,0.0,47.5,OCC_TO_CU
1717465336.1787229,273,10.4,47.6,CU_TO_DEV
1717465336.1821206,273,0.0,47.6,CU_TO_DEV
1717465346.0261002,322,4.9,47.4,OCC_TO_CU
1717465346.0281441,322,0.0,47.4,OCC_TO_CU
1717465346.1869845,273,12.3,47.6,CU_TO_DEV
1717465346.1892786,273,0.0,47.6,CU_TO_DEV
1717465356.048535,322,5.1,47.3,OCC_TO_CU
1717465356.049151,322,100.0,47.3,OCC_TO_CU
1717465356.1920736,273,10.7,47.5,CU_TO_DEV
1717465356.193306,273,0.0,47.5,CU_TO_DEV
1717465366.054824,322,3.7,47.4,OCC_TO_CU
1717465366.0555797,322,0.0,47.4,OCC_TO_CU
1717465366.1982348,273,14.3,47.6,CU_TO_DEV
1717465366.1987092,273,0.0,47.6,CU_TO_DEV
1717465368.3664312,154,6.0,47.5,OCC_TO_CU
1717465368.4002457,241,46.2,47.7,CU_TO_DEV
1717465368.4002984,241,46.2,47.7,CU_TO_DEV
1717465376.0436885,322,3.6,47.5,OCC_TO_CU
1717465376.045921,322,0.0,47.5,OCC_TO_CU
1717465376.205799,273,9.8,47.6,CU_TO_DEV
1717465376.2060883,273,0.0,47.6,CU_TO_DEV
1717465386.0695817,322,4.1,47.5,OCC_TO_CU
1717465386.070347,322,0.0,47.5,OCC_TO_CU
1717465386.2111206,273,14.3,47.7,CU_TO_DEV
1717465386.2115595,273,0.0,47.7,CU_TO_DEV
1717465396.0801125,322,4.2,47.5,OCC_TO_CU
1717465396.081159,322,100.0,47.5,OCC_TO_CU
1717465396.216466,273,13.2,47.7,CU_TO_DEV
1717465396.2168868,273,100.0,47.7,CU_TO_DEV
1717465406.096382,322,4.8,47.4,OCC_TO_CU
1717465406.097412,322,0.0,47.4,OCC_TO_CU
1717465406.222388,273,16.0,47.6,CU_TO_DEV
1717465406.2227526,273,0.0,47.6,CU_TO_DEV
1717465416.1049123,322,4.2,47.5,OCC_TO_CU
1717465416.14493,322,41.2,47.7,OCC_TO_CU
1717465416.2276628,273,24.2,47.7,CU_TO_DEV
1717465416.2283063,273,100.0,47.7,CU_TO_DEV
1717465418.3153052,154,5.0,47.6,OCC_TO_CU
1717465418.4301534,241,29.8,47.8,CU_TO_DEV
1717465418.430549,241,0.0,47.8,CU_TO_DEV
1717465426.1292052,322,3.7,47.6,OCC_TO_CU
1717465426.1307368,322,0.0,47.6,OCC_TO_CU
1717465426.2351027,273,10.8,47.7,CU_TO_DEV
1717465426.2348642,273,10.8,47.7,CU_TO_DEV
1717465436.1329362,322,3.9,47.6,OCC_TO_CU
1717465436.1342463,322,0.0,47.6,OCC_TO_CU
1717465436.2408166,273,20.5,47.8,CU_TO_DEV
1717465436.2411964,273,0.0,47.8,CU_TO_DEV
1717465446.1457837,322,4.9,47.5,OCC_TO_CU
1717465446.146343,322,0.0,47.5,OCC_TO_CU
1717465446.2468529,273,17.5,47.7,CU_TO_DEV
1717465446.247574,273,0.0,47.7,CU_TO_DEV
1717465456.1492825,322,4.3,47.5,OCC_TO_CU
1717465456.1503425,322,0.0,47.5,OCC_TO_CU
1717465456.2568781,273,86.4,47.7,CU_TO_DEV
1717465456.2573004,273,0.0,47.7,CU_TO_DEV
1717465466.165621,322,3.8,47.5,OCC_TO_CU
1717465466.1664326,322,0.0,47.5,OCC_TO_CU
1717465466.2621732,273,16.7,47.6,CU_TO_DEV
1717465466.2620964,273,16.7,47.6,CU_TO_DEV
1717465468.3519483,154,5.5,47.5,OCC_TO_CU
1717465468.4640737,241,28.9,47.7,CU_TO_DEV
1717465468.4642625,241,28.9,47.7,CU_TO_DEV
1717465476.2280374,322,4.5,47.4,OCC_TO_CU
1717465476.2286832,322,100.0,47.4,OCC_TO_CU
1717465476.269823,273,33.3,47.5,CU_TO_DEV
1717465476.2697527,273,33.3,47.5,CU_TO_DEV
1717465486.1795065,322,3.7,47.4,OCC_TO_CU
1717465486.1802433,322,0.0,47.4,OCC_TO_CU
1717465486.2752235,273,18.9,47.6,CU_TO_DEV
1717465486.275709,273,0.0,47.6,CU_TO_DEV
1717465496.2194412,322,4.9,47.4,OCC_TO_CU
1717465496.2200675,322,0.0,47.4,OCC_TO_CU
1717465496.2813716,273,29.2,47.5,CU_TO_DEV
1717465496.2833414,273,0.0,47.5,CU_TO_DEV
1717465506.2188785,322,4.2,47.4,OCC_TO_CU
1717465506.2195122,322,0.0,47.4,OCC_TO_CU
1717465506.2880547,273,28.6,47.7,CU_TO_DEV
1717465506.2882617,273,28.6,47.7,CU_TO_DEV
1717465516.2198322,322,4.2,47.5,OCC_TO_CU
1717465516.220454,322,0.0,47.5,OCC_TO_CU
1717465516.2941399,273,27.6,47.7,CU_TO_DEV
1717465516.294277,273,27.6,47.7,CU_TO_DEV
1717465518.402689,154,5.5,47.6,OCC_TO_CU
1717465518.4963942,241,30.6,47.7,CU_TO_DEV
1717465518.4964728,241,30.6,47.7,CU_TO_DEV
1717465526.241058,322,3.9,47.5,OCC_TO_CU
1717465526.2420914,322,0.0,47.5,OCC_TO_CU
1717465526.3013382,273,38.5,47.7,CU_TO_DEV
1717465526.3015127,273,38.5,47.7,CU_TO_DEV
1717465536.2477357,322,5.4,47.5,OCC_TO_CU
1717465536.2487197,322,0.0,47.5,OCC_TO_CU
1717465536.3088856,273,25.0,47.7,CU_TO_DEV
1717465536.3089476,273,25.0,47.7,CU_TO_DEV
1717465546.262907,322,4.0,47.5,OCC_TO_CU
1717465546.2635722,322,0.0,47.5,OCC_TO_CU
1717465546.3146558,273,33.3,47.7,CU_TO_DEV
1717465546.3145604,273,33.3,47.7,CU_TO_DEV
1717465556.2688363,322,5.5,47.4,OCC_TO_CU
1717465556.2703724,322,0.0,47.4,OCC_TO_CU
1717465556.3265877,273,0.0,47.6,CU_TO_DEV
1717465556.3260043,273,23.8,47.6,CU_TO_DEV
1717465566.2934508,322,4.2,47.5,OCC_TO_CU
1717465566.295157,322,0.0,47.5,OCC_TO_CU
1717465566.332453,273,46.7,47.7,CU_TO_DEV
1717465566.332945,273,50.0,47.7,CU_TO_DEV
1717465568.4549446,154,6.0,47.6,OCC_TO_CU
1717465568.534451,241,25.0,47.7,CU_TO_DEV
1717465568.5345035,241,25.0,47.7,CU_TO_DEV
1717465576.2912726,322,3.7,47.6,OCC_TO_CU
1717465576.2919044,322,0.0,47.6,OCC_TO_CU
1717465576.3427637,273,0.0,47.7,CU_TO_DEV
1717465576.3411574,273,84.2,47.7,CU_TO_DEV
1717465586.2980578,322,5.5,47.4,OCC_TO_CU
1717465586.3093607,322,40.0,47.4,OCC_TO_CU
1717465586.350862,273,33.3,47.5,CU_TO_DEV
1717465586.3516276,273,0.0,47.5,CU_TO_DEV
1717465596.3204708,322,4.1,47.4,OCC_TO_CU
1717465596.3212836,322,100.0,47.4,OCC_TO_CU
1717465596.3563006,273,38.5,47.6,CU_TO_DEV
1717465596.3576128,273,100.0,47.6,CU_TO_DEV
1717465606.3297815,322,4.3,47.5,OCC_TO_CU
1717465606.336001,322,0.0,47.5,OCC_TO_CU
1717465606.3638797,273,58.3,47.6,CU_TO_DEV
1717465606.3650668,273,100.0,47.6,CU_TO_DEV
1717465616.351633,322,4.3,47.5,OCC_TO_CU
1717465616.352713,322,100.0,47.5,OCC_TO_CU
1717465616.370239,273,33.3,47.6,CU_TO_DEV
1717465616.370437,273,33.3,47.6,CU_TO_DEV
1717465618.5303125,154,6.2,47.6,OCC_TO_CU
1717465618.57208,241,44.4,47.8,CU_TO_DEV
1717465618.5737126,241,100.0,47.8,CU_TO_DEV
1717465626.373761,322,3.8,47.6,OCC_TO_CU
1717465626.3752687,322,0.0,47.6,OCC_TO_CU
1717465626.3762543,273,0.0,47.6,CU_TO_DEV
1717465626.3767946,273,0.0,47.6,CU_TO_DEV
1717465636.3864305,322,6.2,47.4,OCC_TO_CU
1717465636.3871188,322,0.0,47.4,OCC_TO_CU
1717465636.585325,273,15.4,47.7,CU_TO_DEV
1717465636.5857172,273,0.0,47.7,CU_TO_DEV
1717465646.3739846,322,3.8,47.5,OCC_TO_CU
1717465646.3807883,322,0.0,47.5,OCC_TO_CU
1717465646.3907113,273,66.7,47.5,CU_TO_DEV
1717465646.390928,273,66.7,47.5,CU_TO_DEV
1717465656.3795247,322,4.0,47.5,OCC_TO_CU
1717465656.3821528,322,0.0,47.5,OCC_TO_CU
1717465656.3970802,273,57.1,47.5,CU_TO_DEV
1717465656.397975,273,0.0,47.5,CU_TO_DEV
1717465666.4033003,322,5.4,47.5,OCC_TO_CU
1717465666.4043787,322,0.0,47.5,OCC_TO_CU
1717465666.604059,273,22.6,47.7,CU_TO_DEV
1717465666.6039257,273,22.6,47.7,CU_TO_DEV
1717465668.6010118,154,5.4,47.6,OCC_TO_CU
1717465668.6058898,241,0.0,47.6,CU_TO_DEV
1717465668.6060832,241,0.0,47.6,CU_TO_DEV
1717465676.4130173,322,5.4,47.5,OCC_TO_CU
1717465676.413503,322,0.0,47.5,OCC_TO_CU
1717465676.6103697,273,17.5,47.6,CU_TO_DEV
1717465676.6121163,273,0.0,47.6,CU_TO_DEV
1717465686.4220395,322,3.7,47.4,OCC_TO_CU
1717465686.4226828,322,0.0,47.4,OCC_TO_CU
1717465686.6153595,273,17.3,47.7,CU_TO_DEV
1717465686.6174889,273,0.0,47.7,CU_TO_DEV
1717465696.4217107,322,4.0,47.5,OCC_TO_CU
1717465696.4224246,273,0.0,47.5,CU_TO_DEV
1717465696.422773,322,0.0,47.5,OCC_TO_CU
1717465696.6221957,273,22.2,47.7,CU_TO_DEV
1717465696.6231778,273,0.0,47.7,CU_TO_DEV
1717465706.4376757,322,3.9,47.6,OCC_TO_CU
1717465706.4383774,322,0.0,47.6,OCC_TO_CU
1717465706.6284413,273,74.0,47.7,CU_TO_DEV
1717465706.6286492,273,74.0,47.7,CU_TO_DEV
1717465716.46997,322,3.6,47.5,OCC_TO_CU
1717465716.4710522,322,0.0,47.5,OCC_TO_CU
1717465716.6336107,273,26.2,47.7,CU_TO_DEV
1717465716.633698,273,26.2,47.7,CU_TO_DEV
1717465718.5753653,154,13.6,47.5,OCC_TO_CU
1717465718.637019,241,96.3,47.6,CU_TO_DEV
1717465718.6384146,241,0.0,47.6,CU_TO_DEV
1717465726.4718006,322,3.6,47.4,OCC_TO_CU
1717465726.47243,322,0.0,47.4,OCC_TO_CU
1717465726.6449957,273,24.3,47.5,CU_TO_DEV
1717465726.6491513,273,0.0,47.5,CU_TO_DEV
1717465736.5081415,322,3.7,47.4,OCC_TO_CU
1717465736.5088117,322,100.0,47.4,OCC_TO_CU
1717465736.6505713,273,29.8,47.6,CU_TO_DEV
1717465736.6535037,273,0.0,47.6,CU_TO_DEV
1717465746.4906368,322,3.9,47.4,OCC_TO_CU
1717465746.4913213,322,0.0,47.4,OCC_TO_CU
1717465746.655815,273,25.8,47.7,CU_TO_DEV
1717465746.6586921,273,0.0,47.7,CU_TO_DEV
1717465756.5041728,322,3.9,47.5,OCC_TO_CU
1717465756.5048187,322,100.0,47.5,OCC_TO_CU
1717465756.6609762,273,24.6,47.7,CU_TO_DEV
1717465756.662857,273,0.0,47.7,CU_TO_DEV
1717465766.5141175,322,5.5,47.4,OCC_TO_CU
1717465766.5146987,322,0.0,47.4,OCC_TO_CU
1717465766.6660302,273,23.3,47.6,CU_TO_DEV
1717465766.6700356,273,0.0,47.6,CU_TO_DEV
1717465768.6481323,154,4.9,47.5,OCC_TO_CU
1717465768.6674767,241,42.9,47.5,CU_TO_DEV
1717465768.6713073,241,100.0,47.6,CU_TO_DEV
1717465776.5213788,322,4.0,47.4,OCC_TO_CU
1717465776.52673,322,0.0,47.4,OCC_TO_CU
1717465776.6739538,273,38.3,47.6,CU_TO_DEV
1717465776.675831,273,0.0,47.6,CU_TO_DEV
1717465786.5436301,322,3.8,47.5,OCC_TO_CU
1717465786.5442662,322,0.0,47.5,OCC_TO_CU
1717465786.6814108,273,25.0,47.7,CU_TO_DEV
1717465786.6815338,273,24.5,47.7,CU_TO_DEV
1717465796.5408995,322,4.0,47.6,OCC_TO_CU
1717465796.5557013,322,50.0,47.6,OCC_TO_CU
1717465796.6867416,273,40.4,47.7,CU_TO_DEV
1717465796.6869333,273,40.4,47.7,CU_TO_DEV
1717465806.5598612,322,4.3,47.5,OCC_TO_CU
1717465806.5629935,322,0.0,47.5,OCC_TO_CU
1717465806.6953013,273,25.0,47.7,CU_TO_DEV
1717465806.695139,273,25.0,47.7,CU_TO_DEV
1717465816.5627377,322,5.0,47.5,OCC_TO_CU
1717465816.563396,322,0.0,47.5,OCC_TO_CU
1717465816.7015822,273,32.1,47.7,CU_TO_DEV
1717465816.7041962,273,0.0,47.7,CU_TO_DEV
1717465818.7202768,154,5.4,47.6,OCC_TO_CU
1717465818.9035535,241,16.2,47.7,CU_TO_DEV
1717465818.906501,241,0.0,47.7,CU_TO_DEV
1717465826.565632,322,4.0,47.5,OCC_TO_CU
1717465826.5803862,322,33.3,47.5,OCC_TO_CU
1717465826.7079587,273,100.0,47.7,CU_TO_DEV
1717465826.711356,273,50.0,47.7,CU_TO_DEV
1717465836.581232,322,3.5,47.5,OCC_TO_CU
1717465836.5853906,322,0.0,47.5,OCC_TO_CU
1717465836.714535,273,34.0,47.7,CU_TO_DEV
1717465836.7173662,273,0.0,47.7,CU_TO_DEV
1717465846.612633,322,3.9,47.5,OCC_TO_CU
1717465846.613506,322,0.0,47.5,OCC_TO_CU
1717465846.721741,273,40.9,47.7,CU_TO_DEV
1717465846.7226026,273,0.0,47.7,CU_TO_DEV
1717465856.6211486,322,4.8,47.5,OCC_TO_CU
1717465856.622026,322,0.0,47.5,OCC_TO_CU
1717465856.7348874,273,93.2,47.7,CU_TO_DEV
1717465856.736103,273,0.0,47.7,CU_TO_DEV
1717465866.6178148,322,4.0,47.4,OCC_TO_CU
1717465866.6184916,322,0.0,47.4,OCC_TO_CU
1717465866.7470827,273,32.0,47.6,CU_TO_DEV
1717465866.747627,273,0.0,47.6,CU_TO_DEV
1717465868.6417632,154,4.8,47.6,OCC_TO_CU
1717465868.748607,241,40.5,47.7,CU_TO_DEV
1717465868.7488182,241,40.5,47.7,CU_TO_DEV
1717465876.631376,322,3.3,47.5,OCC_TO_CU
1717465876.6321707,322,0.0,47.5,OCC_TO_CU
1717465876.7529974,273,36.7,47.7,CU_TO_DEV
1717465876.753092,273,36.7,47.7,CU_TO_DEV
1717465886.6353173,322,4.4,47.4,OCC_TO_CU
1717465886.6360488,322,0.0,47.4,OCC_TO_CU
1717465886.7631657,273,25.0,47.6,CU_TO_DEV
1717465886.7632415,273,25.0,47.6,CU_TO_DEV
1717465896.6427224,322,3.6,47.5,OCC_TO_CU
1717465896.6438932,322,0.0,47.5,OCC_TO_CU
1717465896.7686312,273,37.3,47.7,CU_TO_DEV
1717465896.7685304,273,36.0,47.7,CU_TO_DEV
1717465906.6544373,322,4.9,47.5,OCC_TO_CU
1717465906.6553419,322,0.0,47.5,OCC_TO_CU
1717465906.7748945,273,34.0,47.7,CU_TO_DEV
1717465906.7747092,273,34.0,47.7,CU_TO_DEV
1717465916.672418,322,3.6,47.4,OCC_TO_CU
1717465916.6736608,322,100.0,47.4,OCC_TO_CU
1717465916.7803023,273,36.6,47.7,CU_TO_DEV
1717465916.7811244,273,0.0,47.7,CU_TO_DEV
1717465918.681258,154,5.1,47.6,OCC_TO_CU
1717465918.7819257,241,28.2,47.8,CU_TO_DEV
1717465918.7824957,241,0.0,47.8,CU_TO_DEV
1717465926.6732445,322,3.6,47.6,OCC_TO_CU
1717465926.6739252,322,0.0,47.6,OCC_TO_CU
1717465926.7861056,273,38.6,47.8,CU_TO_DEV
1717465926.7867415,273,0.0,47.8,CU_TO_DEV
1717465936.6842835,322,3.9,47.6,OCC_TO_CU
1717465936.6849234,322,0.0,47.6,OCC_TO_CU
1717465936.7916107,273,25.6,47.6,CU_TO_DEV
1717465936.7921853,273,0.0,47.6,CU_TO_DEV
1717465946.6867313,322,5.3,47.6,OCC_TO_CU
1717465946.695454,322,75.0,47.6,OCC_TO_CU
1717465946.7974558,273,97.6,47.7,CU_TO_DEV
1717465946.8013422,273,0.0,47.7,CU_TO_DEV
1717465956.7101371,322,4.1,47.5,OCC_TO_CU
1717465956.7122545,322,0.0,47.5,OCC_TO_CU
1717465956.8026803,273,91.9,47.6,CU_TO_DEV
1717465956.8085082,273,100.0,47.6,CU_TO_DEV
1717465966.722699,322,5.5,47.4,OCC_TO_CU
1717465966.7247553,322,0.0,47.4,OCC_TO_CU
1717465966.8116243,273,21.9,47.6,CU_TO_DEV
1717465966.8172681,273,0.0,47.6,CU_TO_DEV
1717465968.7359703,154,5.6,47.5,OCC_TO_CU
1717465968.8136659,241,30.0,47.6,CU_TO_DEV
1717465968.8187292,241,0.0,47.6,CU_TO_DEV
1717465976.7199423,322,3.5,47.3,OCC_TO_CU
1717465976.72377,322,66.7,47.3,OCC_TO_CU
1717465976.8176808,273,25.0,47.5,CU_TO_DEV
1717465976.8229432,273,0.0,47.5,CU_TO_DEV
1717465986.7329445,322,4.0,47.4,OCC_TO_CU
1717465986.733958,322,0.0,47.4,OCC_TO_CU
1717465986.8242478,273,22.9,47.6,CU_TO_DEV
1717465986.8287246,273,50.0,47.6,CU_TO_DEV
1717465996.7414198,322,4.9,47.4,OCC_TO_CU
1717465996.743198,322,0.0,47.4,OCC_TO_CU
1717465996.8323429,273,35.3,47.6,CU_TO_DEV
1717465996.8348875,273,0.0,47.6,CU_TO_DEV
1717466006.7772949,322,4.2,47.4,OCC_TO_CU
1717466006.7781625,322,0.0,47.4,OCC_TO_CU
1717466006.8392813,273,34.8,47.7,CU_TO_DEV
1717466006.8412726,273,0.0,47.7,CU_TO_DEV
1717466016.7719457,322,4.2,47.5,OCC_TO_CU
1717466016.772908,322,100.0,47.5,OCC_TO_CU
1717466016.844713,273,29.6,47.7,CU_TO_DEV
1717466016.846082,273,0.0,47.7,CU_TO_DEV
1717466018.806287,154,6.1,47.6,OCC_TO_CU
1717466018.846678,241,60.0,47.8,CU_TO_DEV
1717466018.8475802,241,0.0,47.8,CU_TO_DEV
1717466026.7959797,322,4.2,47.6,OCC_TO_CU
1717466026.7970285,322,100.0,47.6,OCC_TO_CU
1717466026.8510711,273,34.8,47.7,CU_TO_DEV
1717466026.8512204,273,34.8,47.7,CU_TO_DEV
1717466036.8108892,322,4.7,47.6,OCC_TO_CU
1717466036.8119082,322,0.0,47.6,OCC_TO_CU
1717466036.859541,273,100.0,47.7,CU_TO_DEV
1717466036.860319,273,0.0,47.7,CU_TO_DEV
1717466046.8132164,322,4.6,47.6,OCC_TO_CU
1717466046.8146544,322,0.0,47.6,OCC_TO_CU
1717466046.8650978,273,40.9,47.8,CU_TO_DEV
1717466046.8656912,273,0.0,47.8,CU_TO_DEV
1717466056.8197205,322,4.9,47.5,OCC_TO_CU
1717466056.8206816,322,100.0,47.5,OCC_TO_CU
1717466056.8723335,273,80.0,47.6,CU_TO_DEV
1717466056.8758185,273,100.0,47.6,CU_TO_DEV
1717466066.824605,322,4.5,47.5,OCC_TO_CU
1717466066.8385532,322,40.0,47.5,OCC_TO_CU
1717466066.8802552,273,37.5,47.6,CU_TO_DEV
1717466066.8828406,273,100.0,47.7,CU_TO_DEV
1717466068.8826318,154,10.3,47.5,OCC_TO_CU
1717466068.8852494,241,0.0,47.5,CU_TO_DEV
1717466068.8853211,241,0.0,47.5,CU_TO_DEV
1717466076.8466213,322,4.0,47.4,OCC_TO_CU
1717466076.8473527,322,0.0,47.4,OCC_TO_CU
1717466076.889694,273,37.5,47.6,CU_TO_DEV
1717466076.8899777,273,0.0,47.6,CU_TO_DEV
1717466086.8497207,322,5.1,47.4,OCC_TO_CU
1717466086.850576,322,0.0,47.4,OCC_TO_CU
1717466086.8950288,273,35.3,47.6,CU_TO_DEV
1717466086.8960245,273,0.0,47.6,CU_TO_DEV
1717466096.8771152,322,4.3,47.4,OCC_TO_CU
1717466096.8779616,322,0.0,47.4,OCC_TO_CU
1717466096.9010563,273,63.6,47.5,CU_TO_DEV
1717466096.9024327,273,0.0,47.5,CU_TO_DEV
1717466106.8799798,322,3.9,47.5,OCC_TO_CU
1717466106.8808599,322,50.0,47.5,OCC_TO_CU
1717466106.910672,273,40.0,47.6,CU_TO_DEV
1717466106.9107752,273,40.0,47.6,CU_TO_DEV
1717466116.8930867,322,4.4,47.5,OCC_TO_CU
1717466116.8940156,322,0.0,47.5,OCC_TO_CU
1717466116.916399,273,55.6,47.6,CU_TO_DEV
1717466116.9174573,273,0.0,47.6,CU_TO_DEV
1717466118.8548112,154,5.8,47.7,OCC_TO_CU
1717466118.9201343,241,33.3,47.8,CU_TO_DEV
1717466118.9205625,241,0.0,47.8,CU_TO_DEV
1717466126.919125,322,3.8,47.6,OCC_TO_CU
1717466126.9196715,322,0.0,47.6,OCC_TO_CU
1717466126.9261456,273,50.0,47.6,CU_TO_DEV
1717466126.9266164,273,0.0,47.6,CU_TO_DEV
1717466136.901818,322,6.0,47.5,OCC_TO_CU
1717466136.9027011,322,0.0,47.5,OCC_TO_CU
1717466136.9345806,273,46.2,47.5,CU_TO_DEV
1717466136.935172,273,0.0,47.5,CU_TO_DEV
1717466146.9125328,322,4.0,47.5,OCC_TO_CU
1717466146.9133866,322,100.0,47.5,OCC_TO_CU
1717466146.9410903,273,40.0,47.6,CU_TO_DEV
1717466146.9413655,273,40.0,47.6,CU_TO_DEV
1717466156.9451451,322,4.1,47.6,OCC_TO_CU
1717466156.9461904,322,0.0,47.6,OCC_TO_CU
1717466156.947364,273,0.0,47.6,CU_TO_DEV
1717466156.947546,273,0.0,47.6,CU_TO_DEV
1717466166.9354126,322,4.4,47.6,OCC_TO_CU
1717466166.936166,322,0.0,47.6,OCC_TO_CU
1717466166.953759,273,62.5,47.6,CU_TO_DEV
1717466166.9536116,273,62.5,47.6,CU_TO_DEV
1717466168.9281945,154,11.5,47.7,OCC_TO_CU
1717466168.9570248,241,40.0,47.8,CU_TO_DEV
1717466168.9567482,241,40.0,47.8,CU_TO_DEV
1717466176.9449382,322,5.0,47.5,OCC_TO_CU
1717466176.946017,322,0.0,47.5,OCC_TO_CU
1717466176.9639173,273,42.9,47.5,CU_TO_DEV
1717466176.9640539,273,42.9,47.5,CU_TO_DEV
1717466186.9601622,322,4.8,47.5,OCC_TO_CU
1717466186.961236,322,100.0,47.5,OCC_TO_CU
1717466186.972331,273,75.0,47.5,CU_TO_DEV
1717466186.9803858,273,100.0,47.5,CU_TO_DEV
1717466196.9846787,322,4.0,47.5,OCC_TO_CU
1717466196.985305,322,0.0,47.5,OCC_TO_CU
1717466196.9880755,273,0.0,47.5,CU_TO_DEV
1717466196.9883194,273,0.0,47.5,CU_TO_DEV
1717466206.9843278,322,4.1,47.5,OCC_TO_CU
1717466206.9850178,322,100.0,47.5,OCC_TO_CU
1717466206.9938245,273,0.0,47.5,CU_TO_DEV
1717466206.9944444,273,0.0,47.5,CU_TO_DEV
1717466217.0041575,322,5.0,47.4,OCC_TO_CU
1717466217.0046875,322,0.0,47.4,OCC_TO_CU
1717466217.2021806,273,13.8,47.7,CU_TO_DEV
1717466217.201775,273,13.8,47.7,CU_TO_DEV
1717466218.889775,154,4.5,47.6,OCC_TO_CU
1717466219.004821,241,91.3,47.8,CU_TO_DEV
1717466219.004477,241,90.9,47.8,CU_TO_DEV
1717466227.0174007,322,4.9,47.4,OCC_TO_CU
1717466227.0180314,322,0.0,47.4,OCC_TO_CU
1717466227.2106616,273,15.2,47.7,CU_TO_DEV
1717466227.210977,273,0.0,47.7,CU_TO_DEV
1717466237.0358636,322,4.0,47.5,OCC_TO_CU
1717466237.0366023,322,0.0,47.5,OCC_TO_CU
1717466237.21625,273,16.4,47.7,CU_TO_DEV
1717466237.216144,273,17.6,47.7,CU_TO_DEV
1717466247.0413823,322,4.0,47.6,OCC_TO_CU
1717466247.0420976,322,0.0,47.6,OCC_TO_CU
1717466247.221781,273,10.0,47.8,CU_TO_DEV
1717466247.2222111,273,0.0,47.8,CU_TO_DEV
1717466257.048447,322,4.2,47.6,OCC_TO_CU
1717466257.049093,322,100.0,47.6,OCC_TO_CU
1717466257.2274773,273,11.6,47.8,CU_TO_DEV
1717466257.228431,273,0.0,47.8,CU_TO_DEV
1717466267.0521972,322,5.3,47.5,OCC_TO_CU
1717466267.0526948,322,100.0,47.5,OCC_TO_CU
1717466267.2378519,273,13.5,47.7,CU_TO_DEV
1717466267.2379262,273,13.5,47.7,CU_TO_DEV
1717466268.9323132,154,4.3,47.7,OCC_TO_CU
1717466269.0395517,241,92.9,47.9,CU_TO_DEV
1717466269.0437982,241,100.0,47.9,CU_TO_DEV
1717466277.0840244,322,4.2,47.5,OCC_TO_CU
1717466277.0846157,322,100.0,47.5,OCC_TO_CU
1717466277.2454076,273,14.3,47.7,CU_TO_DEV
1717466277.2484324,273,0.0,47.7,CU_TO_DEV
1717466287.08321,322,4.0,47.5,OCC_TO_CU
1717466287.0838387,322,0.0,47.5,OCC_TO_CU
1717466287.2526283,273,16.2,47.7,CU_TO_DEV
1717466287.2539637,273,0.0,47.7,CU_TO_DEV
1717466297.0896394,322,4.0,47.6,OCC_TO_CU
1717466297.0907128,322,0.0,47.6,OCC_TO_CU
1717466297.2596524,273,13.4,47.8,CU_TO_DEV
1717466297.2594597,273,13.4,47.8,CU_TO_DEV
1717466307.104618,322,4.4,47.5,OCC_TO_CU
1717466307.1248808,322,55.6,47.6,OCC_TO_CU
1717466307.2655668,273,20.4,47.7,CU_TO_DEV
1717466307.2657275,273,20.4,47.7,CU_TO_DEV
1717466317.123231,322,4.9,47.5,OCC_TO_CU
1717466317.1238356,322,0.0,47.5,OCC_TO_CU
1717466317.2715802,273,77.6,47.6,CU_TO_DEV
1717466317.2721162,273,0.0,47.6,CU_TO_DEV
1717466319.057715,154,4.4,47.6,OCC_TO_CU
1717466319.0735576,241,50.0,47.6,CU_TO_DEV
1717466319.0733616,241,50.0,47.6,CU_TO_DEV
1717466327.131961,322,3.8,47.4,OCC_TO_CU
1717466327.1453047,322,50.0,47.4,OCC_TO_CU
1717466327.2779312,273,27.5,47.7,CU_TO_DEV
1717466327.2786322,273,0.0,47.7,CU_TO_DEV
1717466337.1458466,322,4.0,47.5,OCC_TO_CU
1717466337.1468267,322,0.0,47.5,OCC_TO_CU
1717466337.2832158,273,18.2,47.7,CU_TO_DEV
1717466337.283859,273,0.0,47.7,CU_TO_DEV
1717466347.157536,322,4.0,47.5,OCC_TO_CU
1717466347.1583161,322,0.0,47.5,OCC_TO_CU
1717466347.2888772,273,16.3,47.7,CU_TO_DEV
1717466347.2889585,273,16.3,47.7,CU_TO_DEV
1717466357.1656854,322,5.5,47.5,OCC_TO_CU
1717466357.2012382,322,38.5,47.7,OCC_TO_CU
1717466357.2951162,273,21.6,47.7,CU_TO_DEV
1717466357.2961814,273,0.0,47.7,CU_TO_DEV
1717466367.1905015,322,3.9,47.5,OCC_TO_CU
1717466367.2040362,322,40.0,47.5,OCC_TO_CU
1717466367.3019855,273,33.3,47.7,CU_TO_DEV
1717466367.3027806,273,0.0,47.7,CU_TO_DEV
1717466369.0004716,154,11.8,47.7,OCC_TO_CU
1717466369.1036,241,26.8,47.8,CU_TO_DEV
1717466369.1046855,241,0.0,47.8,CU_TO_DEV
1717466377.2052352,322,3.4,47.5,OCC_TO_CU
1717466377.2060583,322,0.0,47.5,OCC_TO_CU
1717466377.3080866,273,24.4,47.7,CU_TO_DEV
1717466377.3084507,273,0.0,47.7,CU_TO_DEV
1717466387.2008624,322,4.8,47.4,OCC_TO_CU
1717466387.2014663,322,0.0,47.4,OCC_TO_CU
1717466387.3148055,273,25.0,47.6,CU_TO_DEV
1717466387.3151271,273,25.0,47.6,CU_TO_DEV
1717466397.2219229,322,4.2,47.5,OCC_TO_CU
1717466397.235667,322,40.0,47.5,OCC_TO_CU
1717466397.3215868,273,38.2,47.7,CU_TO_DEV
1717466397.3225043,273,0.0,47.7,CU_TO_DEV
1717466407.231061,322,5.1,47.4,OCC_TO_CU
1717466407.2316918,322,0.0,47.4,OCC_TO_CU
1717466407.331461,273,26.3,47.7,CU_TO_DEV
1717466407.3315394,273,26.3,47.7,CU_TO_DEV
1717466417.2421525,322,4.0,47.5,OCC_TO_CU
1717466417.2432475,322,0.0,47.5,OCC_TO_CU
1717466417.336974,273,28.2,47.7,CU_TO_DEV
1717466417.3380966,273,0.0,47.7,CU_TO_DEV
1717466419.086901,154,5.3,47.6,OCC_TO_CU
1717466419.138427,241,15.0,47.6,CU_TO_DEV
1717466419.1393108,241,0.0,47.6,CU_TO_DEV
1717466427.2557483,322,4.1,47.5,OCC_TO_CU
1717466427.2564266,322,0.0,47.5,OCC_TO_CU
1717466427.3440347,273,20.6,47.6,CU_TO_DEV
1717466427.3430579,273,20.6,47.7,CU_TO_DEV
1717466437.259287,322,4.3,47.6,OCC_TO_CU
1717466437.2753925,322,50.0,47.6,OCC_TO_CU
1717466437.3534863,273,90.3,47.8,CU_TO_DEV
1717466437.353086,273,90.3,47.8,CU_TO_DEV
1717466447.2748094,322,4.5,47.6,OCC_TO_CU
1717466447.2754426,322,0.0,47.6,OCC_TO_CU
1717466447.3585227,273,31.3,47.7,CU_TO_DEV
1717466447.359368,273,0.0,47.7,CU_TO_DEV
1717466457.307662,322,5.0,47.5,OCC_TO_CU
1717466457.3082964,322,0.0,47.5,OCC_TO_CU
1717466457.3658917,273,39.1,47.7,CU_TO_DEV
1717466457.3667471,273,0.0,47.7,CU_TO_DEV
1717466467.2998462,322,4.7,47.5,OCC_TO_CU
1717466467.3034751,322,0.0,47.5,OCC_TO_CU
1717466467.374604,273,96.3,47.7,CU_TO_DEV
1717466467.375729,273,0.0,47.7,CU_TO_DEV
1717466469.1576707,154,8.5,47.5,OCC_TO_CU
1717466469.179401,241,55.6,47.5,CU_TO_DEV
1717466469.18089,241,100.0,47.5,CU_TO_DEV
1717466477.3147311,322,3.9,47.3,OCC_TO_CU
1717466477.3155303,322,0.0,47.3,OCC_TO_CU
1717466477.3842945,273,38.5,47.6,CU_TO_DEV
1717466477.385425,273,100.0,47.6,CU_TO_DEV
1717466487.3211088,322,3.9,47.5,OCC_TO_CU
1717466487.322355,322,0.0,47.5,OCC_TO_CU
1717466487.3907232,273,34.6,47.7,CU_TO_DEV
1717466487.391314,273,0.0,47.7,CU_TO_DEV
1717466497.338259,322,5.2,47.4,OCC_TO_CU
1717466497.3438835,322,0.0,47.4,OCC_TO_CU
1717466497.3996806,273,52.4,47.6,CU_TO_DEV
1717466497.4013925,273,0.0,47.6,CU_TO_DEV
1717466507.3458438,322,4.2,47.5,OCC_TO_CU
1717466507.3509667,322,0.0,47.5,OCC_TO_CU
1717466507.4053063,273,65.0,47.7,CU_TO_DEV
1717466507.4056914,273,0.0,47.7,CU_TO_DEV
1717466517.3694646,322,4.3,47.5,OCC_TO_CU
1717466517.370241,322,0.0,47.5,OCC_TO_CU
1717466517.4114668,273,53.3,47.7,CU_TO_DEV
1717466517.412236,273,0.0,47.7,CU_TO_DEV
1717466519.131213,154,6.5,47.7,OCC_TO_CU
1717466519.2137196,241,35.3,47.9,CU_TO_DEV
1717466519.2164671,241,0.0,47.9,CU_TO_DEV
1717466527.375802,322,3.7,47.6,OCC_TO_CU
1717466527.3765502,322,0.0,47.6,OCC_TO_CU
1717466527.4183786,273,58.8,47.8,CU_TO_DEV
1717466527.4202206,273,0.0,47.8,CU_TO_DEV
1717466537.3893986,322,4.4,47.6,OCC_TO_CU
1717466537.390127,322,0.0,47.6,OCC_TO_CU
1717466537.425414,273,0.0,47.7,CU_TO_DEV
1717466537.424494,273,60.0,47.7,CU_TO_DEV
1717466547.394671,322,5.8,47.5,OCC_TO_CU
1717466547.4042113,322,25.0,47.5,OCC_TO_CU
1717466547.4335332,273,83.3,47.7,CU_TO_DEV
1717466547.4403336,273,100.0,47.7,CU_TO_DEV
1717466557.4072154,322,4.5,47.6,OCC_TO_CU
1717466557.40787,322,0.0,47.6,OCC_TO_CU
1717466557.4408777,273,66.7,47.6,CU_TO_DEV
1717466557.4488375,273,33.3,47.6,CU_TO_DEV
1717466567.4227521,322,4.9,47.5,OCC_TO_CU
1717466567.4235947,322,0.0,47.5,OCC_TO_CU
1717466567.4484584,273,81.8,47.5,CU_TO_DEV
1717466567.4544861,273,100.0,47.5,CU_TO_DEV
1717466569.2049432,154,13.0,47.6,OCC_TO_CU
1717466569.249894,241,38.9,47.7,CU_TO_DEV
1717466569.257973,241,33.3,47.7,CU_TO_DEV
1717466577.438752,322,4.0,47.5,OCC_TO_CU
1717466577.439686,322,0.0,47.5,OCC_TO_CU
1717466577.4556532,273,57.1,47.5,CU_TO_DEV
1717466577.4618516,273,100.0,47.5,CU_TO_DEV
1717466587.4353323,322,5.2,47.4,OCC_TO_CU
1717466587.462454,273,36.4,47.5,CU_TO_DEV
1717466587.4693832,273,0.0,47.6,CU_TO_DEV
1717466587.4704232,322,0.0,47.6,OCC_TO_CU
1717466587.6638231,273,19.5,47.7,CU_TO_DEV
1717466587.6708877,273,0.0,47.7,CU_TO_DEV
1717466597.4485588,322,4.3,47.5,OCC_TO_CU
1717466597.4493659,322,100.0,47.5,OCC_TO_CU
1717466597.4700623,273,70.0,47.5,CU_TO_DEV
1717466597.4771554,273,66.7,47.5,CU_TO_DEV
1717466607.4549952,322,4.2,47.5,OCC_TO_CU
1717466607.4582114,322,0.0,47.5,OCC_TO_CU
1717466607.4786692,273,75.0,47.5,CU_TO_DEV
1717466607.4838662,273,50.0,47.5,CU_TO_DEV
1717466617.4743688,322,4.3,47.5,OCC_TO_CU
1717466617.4849617,273,40.0,47.5,CU_TO_DEV
1717466617.4891133,273,100.0,47.6,CU_TO_DEV
1717466617.4969504,322,100.0,47.6,OCC_TO_CU
1717466617.6865304,273,13.5,47.8,CU_TO_DEV
1717466617.690005,273,0.0,47.8,CU_TO_DEV
1717466619.2784832,154,7.8,47.8,OCC_TO_CU
1717466619.2879689,241,0.0,47.8,CU_TO_DEV
1717466619.2911804,241,100.0,47.8,CU_TO_DEV
1717466627.4830348,322,4.9,47.6,OCC_TO_CU
1717466627.4906301,322,0.0,47.6,OCC_TO_CU
1717466627.4930253,273,100.0,47.6,CU_TO_DEV
1717466627.4951656,273,0.0,47.6,CU_TO_DEV
1717466627.6953058,273,19.0,47.8,CU_TO_DEV
1717466637.4990335,322,5.5,47.5,OCC_TO_CU
1717466637.5021071,322,0.0,47.5,OCC_TO_CU
1717466637.5049887,273,50.0,47.5,CU_TO_DEV
1717466637.506617,273,0.0,47.5,CU_TO_DEV
1717466647.529087,322,4.4,47.5,OCC_TO_CU
1717466647.5298197,322,0.0,47.5,OCC_TO_CU
1717466647.7112367,273,8.5,47.7,CU_TO_DEV
1717466647.712312,273,0.0,47.7,CU_TO_DEV
1717466657.5298307,322,3.7,47.6,OCC_TO_CU
1717466657.5307958,322,0.0,47.6,OCC_TO_CU
1717466657.7161999,273,9.7,47.8,CU_TO_DEV
1717466657.7167678,273,100.0,47.8,CU_TO_DEV
1717466667.5499358,322,4.4,47.6,OCC_TO_CU
1717466667.5507736,322,0.0,47.6,OCC_TO_CU
1717466667.7212613,273,75.4,47.8,CU_TO_DEV
1717466667.721352,273,75.4,47.8,CU_TO_DEV
1717466669.2371151,154,5.6,47.7,OCC_TO_CU
1717466669.32278,241,16.1,47.8,CU_TO_DEV
1717466669.3229945,241,16.1,47.8,CU_TO_DEV
1717466677.5569427,322,5.0,47.5,OCC_TO_CU
1717466677.5575404,322,0.0,47.5,OCC_TO_CU
1717466677.7300098,273,58.0,47.6,CU_TO_DEV
1717466677.7298493,273,58.0,47.6,CU_TO_DEV
1717466687.5669487,322,4.0,47.4,OCC_TO_CU
1717466687.5678346,322,0.0,47.4,OCC_TO_CU
1717466687.7353172,273,13.2,47.7,CU_TO_DEV
1717466687.7357626,273,0.0,47.7,CU_TO_DEV
1717466697.5778596,322,4.1,47.5,OCC_TO_CU
1717466697.5787964,322,0.0,47.5,OCC_TO_CU
1717466697.7409532,273,11.1,47.7,CU_TO_DEV
1717466697.741021,273,11.1,47.7,CU_TO_DEV
1717466707.5835454,322,4.7,47.5,OCC_TO_CU
1717466707.5847511,322,0.0,47.5,OCC_TO_CU
1717466707.7466552,273,10.9,47.7,CU_TO_DEV
1717466707.7466938,273,10.9,47.7,CU_TO_DEV
1717466717.599436,322,3.7,47.5,OCC_TO_CU
1717466717.6194491,322,62.5,47.5,OCC_TO_CU
1717466717.7519004,273,17.3,47.6,CU_TO_DEV
1717466717.7519913,273,17.3,47.6,CU_TO_DEV
1717466719.24731,154,6.0,47.7,OCC_TO_CU
1717466719.353747,241,27.5,47.8,CU_TO_DEV
1717466719.3535275,241,27.5,47.8,CU_TO_DEV
1717466727.6050773,322,5.0,47.4,OCC_TO_CU
1717466727.6092448,322,0.0,47.4,OCC_TO_CU
1717466727.7595093,273,15.0,47.6,CU_TO_DEV
1717466727.7599525,273,0.0,47.6,CU_TO_DEV
1717466737.6201322,322,3.9,47.5,OCC_TO_CU
1717466737.6213553,322,0.0,47.5,OCC_TO_CU
1717466737.764847,273,15.5,47.7,CU_TO_DEV
1717466737.7650287,273,15.5,47.7,CU_TO_DEV
1717466747.6427727,322,4.1,47.5,OCC_TO_CU
1717466747.6434014,322,0.0,47.5,OCC_TO_CU
1717466747.770302,273,15.7,47.7,CU_TO_DEV
1717466747.7707925,273,0.0,47.7,CU_TO_DEV
1717466757.6480358,322,3.9,47.6,OCC_TO_CU
1717466757.6488717,322,100.0,47.6,OCC_TO_CU
1717466757.7757304,273,12.2,47.8,CU_TO_DEV
1717466757.7763143,273,0.0,47.8,CU_TO_DEV
1717466767.6887507,322,5.1,47.6,OCC_TO_CU
1717466767.7053168,322,57.1,47.7,OCC_TO_CU
1717466767.7841902,273,83.9,47.9,CU_TO_DEV
1717466767.7852662,273,100.0,47.9,CU_TO_DEV
1717466769.3952029,154,10.4,47.8,OCC_TO_CU
1717466769.5860183,241,8.0,47.9,CU_TO_DEV
1717466769.586919,241,0.0,47.9,CU_TO_DEV
1717466777.672641,322,3.4,47.6,OCC_TO_CU
1717466777.6733115,322,0.0,47.6,OCC_TO_CU
1717466777.7929335,273,16.7,47.7,CU_TO_DEV
1717466777.7936144,273,0.0,47.7,CU_TO_DEV
1717466787.6938734,322,3.7,47.6,OCC_TO_CU
1717466787.6946628,322,0.0,47.6,OCC_TO_CU
1717466787.8006723,273,19.0,47.8,CU_TO_DEV
1717466787.800502,273,17.1,47.8,CU_TO_DEV
1717466797.6945896,322,4.6,47.5,OCC_TO_CU
1717466797.6961808,322,0.0,47.5,OCC_TO_CU
1717466797.807381,273,16.3,47.7,CU_TO_DEV
1717466797.8137574,273,0.0,47.7,CU_TO_DEV
1717466807.7204487,322,4.6,47.5,OCC_TO_CU
1717466807.7211106,322,100.0,47.5,OCC_TO_CU
1717466807.8166227,273,21.1,47.6,CU_TO_DEV
1717466807.8211782,273,0.0,47.6,CU_TO_DEV
1717466817.7185686,322,4.5,47.4,OCC_TO_CU
1717466817.7231793,322,0.0,47.4,OCC_TO_CU
1717466817.8264523,273,18.4,47.6,CU_TO_DEV
1717466817.8264089,273,18.4,47.6,CU_TO_DEV
1717466819.4675066,154,6.6,47.6,OCC_TO_CU
1717466819.6281216,241,16.7,47.7,CU_TO_DEV
1717466819.6286287,241,100.0,47.7,CU_TO_DEV
1717466827.7433305,322,4.0,47.5,OCC_TO_CU
1717466827.7439618,322,0.0,47.5,OCC_TO_CU
1717466827.8343208,273,24.3,47.6,CU_TO_DEV
1717466827.8342607,273,24.3,47.6,CU_TO_DEV
1717466837.7475138,322,3.8,47.6,OCC_TO_CU
1717466837.748239,322,0.0,47.6,OCC_TO_CU
1717466837.8411345,273,17.1,47.8,CU_TO_DEV
1717466837.8416362,273,0.0,47.8,CU_TO_DEV
1717466847.7531757,322,4.1,47.6,OCC_TO_CU
1717466847.764762,322,50.0,47.6,OCC_TO_CU
1717466847.846724,273,38.7,47.8,CU_TO_DEV
1717466847.8468583,273,38.7,47.8,CU_TO_DEV
1717466857.7623196,322,3.9,47.6,OCC_TO_CU
1717466857.763069,322,0.0,47.6,OCC_TO_CU
1717466857.8530626,273,26.3,47.8,CU_TO_DEV
1717466857.8534422,273,0.0,47.8,CU_TO_DEV
1717466867.7722924,322,4.8,47.6,OCC_TO_CU
1717466867.791488,322,50.0,47.6,OCC_TO_CU
1717466867.8602793,273,92.6,47.7,CU_TO_DEV
1717466867.8606427,273,100.0,47.7,CU_TO_DEV
1717466869.5426202,154,14.5,47.7,OCC_TO_CU
1717466869.664772,241,14.6,47.8,CU_TO_DEV
1717466869.6649728,241,14.6,47.8,CU_TO_DEV
1717466877.792785,322,3.6,47.4,OCC_TO_CU
1717466877.7935698,322,0.0,47.4,OCC_TO_CU
1717466877.8696206,273,26.7,47.6,CU_TO_DEV
1717466877.8707125,273,0.0,47.6,CU_TO_DEV
1717466887.8048427,322,4.0,47.5,OCC_TO_CU
1717466887.8055112,322,0.0,47.5,OCC_TO_CU
1717466887.877682,273,25.0,47.7,CU_TO_DEV
1717466887.8776228,273,25.0,47.7,CU_TO_DEV
1717466897.8246472,322,4.1,47.5,OCC_TO_CU
1717466897.825689,322,0.0,47.5,OCC_TO_CU
1717466897.8841553,273,27.3,47.7,CU_TO_DEV
1717466897.8849092,273,100.0,47.7,CU_TO_DEV
1717466907.8272576,322,4.9,47.5,OCC_TO_CU
1717466907.8277915,322,0.0,47.5,OCC_TO_CU
1717466907.895021,273,25.9,47.7,CU_TO_DEV
1717466907.8954473,273,0.0,47.7,CU_TO_DEV
1717466917.8450491,322,3.9,47.6,OCC_TO_CU
1717466917.845823,322,0.0,47.6,OCC_TO_CU
1717466917.9018023,273,28.6,47.8,CU_TO_DEV
1717466917.9014456,273,28.6,47.8,CU_TO_DEV
1717466919.7161424,154,6.0,47.7,OCC_TO_CU
1717466919.904382,241,17.6,47.9,CU_TO_DEV
1717466919.9046302,241,100.0,47.9,CU_TO_DEV
1717466927.8390977,322,3.9,47.6,OCC_TO_CU
1717466927.8425415,322,0.0,47.6,OCC_TO_CU
1717466927.9094865,273,24.0,47.8,CU_TO_DEV
1717466927.909544,273,24.0,47.8,CU_TO_DEV
1717466937.8705733,322,4.6,47.6,OCC_TO_CU
1717466937.8711793,322,0.0,47.6,OCC_TO_CU
1717466937.9171135,273,35.3,47.8,CU_TO_DEV
1717466937.9169402,273,35.3,47.8,CU_TO_DEV
1717466947.8664484,322,4.1,47.5,OCC_TO_CU
1717466947.8860054,322,42.9,47.6,OCC_TO_CU
1717466947.923654,273,42.9,47.8,CU_TO_DEV
1717466947.9237173,273,42.9,47.8,CU_TO_DEV
1717466957.8781118,322,6.0,47.4,OCC_TO_CU
1717466957.8910892,322,40.0,47.4,OCC_TO_CU
1717466957.9314232,273,57.1,47.7,CU_TO_DEV
1717466957.9314826,273,57.1,47.7,CU_TO_DEV
1717466967.9060261,322,4.1,47.5,OCC_TO_CU
1717466967.9069889,322,0.0,47.5,OCC_TO_CU
1717466967.9379778,273,50.0,47.6,CU_TO_DEV
1717466967.9398093,273,0.0,47.6,CU_TO_DEV
1717466969.7891743,154,12.3,47.7,OCC_TO_CU
1717466969.9445755,241,19.4,47.8,CU_TO_DEV
1717466969.9446363,241,19.4,47.8,CU_TO_DEV
1717466977.9116714,322,3.7,47.4,OCC_TO_CU
1717466977.9126182,322,100.0,47.4,OCC_TO_CU
1717466977.9498274,273,30.8,47.6,CU_TO_DEV
1717466977.949629,273,30.8,47.6,CU_TO_DEV
1717466987.9073148,322,4.3,47.5,OCC_TO_CU
1717466987.9081936,322,0.0,47.5,OCC_TO_CU
1717466987.9556763,273,29.4,47.7,CU_TO_DEV
1717466987.9557629,273,29.4,47.7,CU_TO_DEV
1717466997.9164927,322,5.1,47.5,OCC_TO_CU
1717466997.9171598,322,0.0,47.5,OCC_TO_CU
1717466997.9619398,273,29.4,47.6,CU_TO_DEV
1717466997.9620056,273,29.4,47.6,CU_TO_DEV
1717467007.9303007,322,3.9,47.5,OCC_TO_CU
1717467007.9309676,322,0.0,47.5,OCC_TO_CU
1717467007.9679546,273,40.0,47.7,CU_TO_DEV
1717467007.9680085,273,40.0,47.7,CU_TO_DEV
1717467017.942143,322,3.9,47.6,OCC_TO_CU
1717467017.9428246,322,0.0,47.6,OCC_TO_CU
1717467017.973895,273,36.4,47.6,CU_TO_DEV
1717467017.9746838,273,0.0,47.6,CU_TO_DEV
1717467019.757012,154,6.5,47.7,OCC_TO_CU
1717467019.77683,241,87.5,47.8,CU_TO_DEV
1717467019.776369,241,83.3,47.8,CU_TO_DEV
1717467027.9439335,322,3.6,47.6,OCC_TO_CU
1717467027.9566255,322,50.0,47.6,OCC_TO_CU
1717467027.9821317,273,63.6,47.7,CU_TO_DEV
1717467027.9830384,273,0.0,47.7,CU_TO_DEV
1717467037.9518447,322,4.9,47.6,OCC_TO_CU
1717467037.9529033,322,0.0,47.6,OCC_TO_CU
1717467037.9888165,273,25.0,47.7,CU_TO_DEV
1717467037.9916642,273,0.0,47.7,CU_TO_DEV
1717467047.966796,322,4.8,47.6,OCC_TO_CU
1717467047.967328,322,0.0,47.6,OCC_TO_CU
1717467047.9964235,273,38.5,47.7,CU_TO_DEV
1717467047.9965436,273,38.5,47.7,CU_TO_DEV
1717467057.9847636,322,4.2,47.6,OCC_TO_CU
1717467057.98545,322,0.0,47.6,OCC_TO_CU
1717467058.0084538,273,57.1,47.6,CU_TO_DEV
1717467058.008173,273,57.1,47.6,CU_TO_DEV
1717467068.008982,322,4.8,47.5,OCC_TO_CU
1717467068.0096908,322,0.0,47.5,OCC_TO_CU
1717467068.0147395,273,0.0,47.5,CU_TO_DEV
1717467068.0153825,273,0.0,47.5,CU_TO_DEV
1717467069.7946856,154,7.2,47.7,OCC_TO_CU
1717467069.8177273,241,88.9,47.7,CU_TO_DEV
1717467069.8174016,241,88.9,47.7,CU_TO_DEV
1717467078.010005,322,5.1,47.6,OCC_TO_CU
1717467078.0106704,322,0.0,47.6,OCC_TO_CU
1717467078.022719,273,40.0,47.6,CU_TO_DEV
1717467078.0233486,273,0.0,47.6,CU_TO_DEV
1717467088.015508,322,5.4,47.4,OCC_TO_CU
1717467088.0161328,322,0.0,47.4,OCC_TO_CU
1717467088.0301805,273,40.0,47.4,CU_TO_DEV
1717467088.0328417,273,0.0,47.4,CU_TO_DEV
1717467098.04393,322,3.6,47.5,OCC_TO_CU
1717467098.044595,322,0.0,47.5,OCC_TO_CU
1717467098.2386885,273,10.3,47.7,CU_TO_DEV
1717467098.2387333,273,10.3,47.7,CU_TO_DEV
1717467108.0582035,322,4.3,47.6,OCC_TO_CU
1717467108.058823,322,0.0,47.6,OCC_TO_CU
1717467108.24495,273,12.2,47.8,CU_TO_DEV
1717467108.2451074,273,12.2,47.8,CU_TO_DEV
1717467118.0574663,322,5.3,47.5,OCC_TO_CU
1717467118.0580063,322,0.0,47.5,OCC_TO_CU
1717467118.2516232,273,6.7,47.8,CU_TO_DEV
1717467118.2529302,273,0.0,47.8,CU_TO_DEV
1717467119.8467717,154,5.8,47.7,OCC_TO_CU
1717467119.8542886,241,66.7,47.7,CU_TO_DEV
1717467119.8552654,241,0.0,47.7,CU_TO_DEV
1717467128.0589635,322,3.8,47.5,OCC_TO_CU
1717467128.0597968,322,0.0,47.5,OCC_TO_CU
1717467128.2597573,273,8.9,47.7,CU_TO_DEV
1717467128.2602682,273,0.0,47.7,CU_TO_DEV
1717467138.0592022,322,5.2,47.5,OCC_TO_CU
1717467138.0598993,322,0.0,47.5,OCC_TO_CU
1717467138.0679393,273,0.0,47.5,CU_TO_DEV
1717467138.0674837,273,0.0,47.5,CU_TO_DEV
1717467148.0900214,322,4.0,47.5,OCC_TO_CU
1717467148.0909374,322,0.0,47.5,OCC_TO_CU
1717467148.2755287,273,14.5,47.7,CU_TO_DEV
1717467148.275992,273,0.0,47.7,CU_TO_DEV
1717467158.0855083,322,4.1,47.6,OCC_TO_CU
1717467158.0864005,322,0.0,47.6,OCC_TO_CU
1717467158.2813678,273,9.1,47.8,CU_TO_DEV
1717467158.2820568,273,0.0,47.8,CU_TO_DEV
1717467168.0977411,322,3.8,47.6,OCC_TO_CU
1717467168.098423,322,0.0,47.6,OCC_TO_CU
1717467168.2872977,273,9.5,47.8,CU_TO_DEV
1717467168.2877839,273,0.0,47.8,CU_TO_DEV
1717467170.7972813,154,5.6,47.7,OCC_TO_CU
1717467170.889611,241,27.8,47.9,CU_TO_DEV
1717467170.8900821,241,0.0,47.9,CU_TO_DEV
1717467178.105115,322,4.8,47.7,OCC_TO_CU
1717467178.1061864,322,0.0,47.7,OCC_TO_CU
1717467178.2949796,273,51.3,47.7,CU_TO_DEV
1717467178.2950163,273,51.3,47.7,CU_TO_DEV
1717467188.124171,322,4.6,47.4,OCC_TO_CU
1717467188.164803,322,41.2,47.6,OCC_TO_CU
1717467188.3012738,273,17.9,47.6,CU_TO_DEV
1717467188.304728,273,0.0,47.6,CU_TO_DEV
1717467198.131619,322,3.8,47.5,OCC_TO_CU
1717467198.1322656,322,0.0,47.5,OCC_TO_CU
1717467198.306845,273,12.7,47.7,CU_TO_DEV
1717467198.3093853,273,0.0,47.7,CU_TO_DEV
1717467208.1460078,322,4.6,47.4,OCC_TO_CU
1717467208.1466475,322,0.0,47.4,OCC_TO_CU
1717467208.3147883,273,12.1,47.6,CU_TO_DEV
1717467208.3150213,273,0.0,47.6,CU_TO_DEV
1717467218.1584125,322,4.1,47.5,OCC_TO_CU
1717467218.159057,322,0.0,47.5,OCC_TO_CU
1717467218.320328,273,11.1,47.7,CU_TO_DEV
1717467218.320467,273,11.1,47.7,CU_TO_DEV
1717467220.6678221,154,5.1,47.6,OCC_TO_CU
1717467220.7223635,241,57.1,47.8,CU_TO_DEV
1717467220.722695,241,0.0,47.8,CU_TO_DEV
1717467228.1634688,322,4.5,47.5,OCC_TO_CU
1717467228.163982,322,0.0,47.5,OCC_TO_CU
1717467228.326659,273,9.2,47.6,CU_TO_DEV
1717467228.3268905,273,0.0,47.6,CU_TO_DEV
1717467238.1793106,322,3.9,47.5,OCC_TO_CU
1717467238.1799455,322,0.0,47.5,OCC_TO_CU
1717467238.333081,273,14.5,47.7,CU_TO_DEV
1717467238.3331587,273,14.5,47.7,CU_TO_DEV
1717467248.1911075,322,3.9,47.6,OCC_TO_CU
1717467248.2101684,322,55.6,47.6,OCC_TO_CU
1717467248.3384912,273,23.5,47.8,CU_TO_DEV
1717467248.338568,273,23.5,47.8,CU_TO_DEV
1717467258.2052147,322,4.0,47.6,OCC_TO_CU
1717467258.20595,322,0.0,47.6,OCC_TO_CU
1717467258.3442538,273,13.0,47.8,CU_TO_DEV
1717467258.3446183,273,66.7,47.8,CU_TO_DEV
1717467268.2161527,322,3.7,47.7,OCC_TO_CU
1717467268.2173622,322,100.0,47.7,OCC_TO_CU
1717467268.3501437,273,13.7,47.9,CU_TO_DEV
1717467268.3505707,273,0.0,47.9,CU_TO_DEV
1717467270.7418568,154,10.9,47.7,OCC_TO_CU
1717467270.7530353,241,75.0,47.7,CU_TO_DEV
1717467270.7542787,241,0.0,47.7,CU_TO_DEV
1717467278.2439616,322,4.7,47.6,OCC_TO_CU
1717467278.2445958,322,0.0,47.6,OCC_TO_CU
1717467278.3575099,273,17.8,47.7,CU_TO_DEV
1717467278.3581274,273,0.0,47.7,CU_TO_DEV
1717467288.2549984,322,4.3,47.5,OCC_TO_CU
1717467288.2557411,322,0.0,47.5,OCC_TO_CU
1717467288.363914,273,18.6,47.7,CU_TO_DEV
1717467288.3637753,273,18.6,47.7,CU_TO_DEV
1717467298.2551076,322,3.9,47.5,OCC_TO_CU
1717467298.269051,322,50.0,47.5,OCC_TO_CU
1717467298.3703437,273,25.6,47.8,CU_TO_DEV
1717467298.3701932,273,25.6,47.8,CU_TO_DEV
1717467308.2705903,322,4.6,47.5,OCC_TO_CU
1717467308.2786272,322,0.0,47.5,OCC_TO_CU
1717467308.376162,273,29.7,47.7,CU_TO_DEV
1717467308.375936,273,29.7,47.7,CU_TO_DEV
1717467318.280628,322,5.1,47.4,OCC_TO_CU
1717467318.281156,322,0.0,47.4,OCC_TO_CU
1717467318.382162,273,15.0,47.6,CU_TO_DEV
1717467318.3823788,273,0.0,47.6,CU_TO_DEV
1717467321.0201294,154,5.3,47.5,OCC_TO_CU
1717467321.1841764,241,13.6,47.7,CU_TO_DEV
1717467321.1846366,241,100.0,47.7,CU_TO_DEV
1717467328.3021386,322,3.7,47.5,OCC_TO_CU
1717467328.3028104,322,0.0,47.5,OCC_TO_CU
1717467328.3887591,273,25.7,47.7,CU_TO_DEV
1717467328.3885224,273,23.5,47.7,CU_TO_DEV
1717467338.3062928,322,4.3,47.5,OCC_TO_CU
1717467338.306925,322,0.0,47.5,OCC_TO_CU
1717467338.3949327,273,20.6,47.7,CU_TO_DEV
1717467338.3955216,273,0.0,47.7,CU_TO_DEV
1717467348.3216562,322,3.9,47.6,OCC_TO_CU
1717467348.3224,322,0.0,47.6,OCC_TO_CU
1717467348.4006138,273,25.8,47.8,CU_TO_DEV
1717467348.4007938,273,25.8,47.8,CU_TO_DEV
1717467358.3290045,322,3.9,47.6,OCC_TO_CU
1717467358.3297808,322,0.0,47.6,OCC_TO_CU
1717467358.4066644,273,17.9,47.9,CU_TO_DEV
1717467358.4072754,273,0.0,47.9,CU_TO_DEV
1717467368.3577313,322,5.7,47.5,OCC_TO_CU
1717467368.3583589,322,0.0,47.5,OCC_TO_CU
1717467368.4152265,273,26.1,47.7,CU_TO_DEV
1717467368.4191082,273,0.0,47.7,CU_TO_DEV
1717467370.7929378,154,4.5,47.6,OCC_TO_CU
1717467370.8177974,241,77.8,47.6,CU_TO_DEV
1717467370.8232386,241,100.0,47.6,CU_TO_DEV
1717467378.3729882,322,5.2,47.5,OCC_TO_CU
1717467378.3851185,322,25.0,47.5,OCC_TO_CU
1717467378.4242716,273,53.3,47.6,CU_TO_DEV
1717467378.4390314,273,33.3,47.6,CU_TO_DEV
1717467388.391249,322,4.3,47.5,OCC_TO_CU
1717467388.3918982,322,0.0,47.5,OCC_TO_CU
1717467388.4346132,273,41.2,47.7,CU_TO_DEV
1717467388.4476488,273,20.0,47.7,CU_TO_DEV
1717467398.4185002,322,4.4,47.5,OCC_TO_CU
1717467398.4218445,322,0.0,47.5,OCC_TO_CU
1717467398.4425378,273,60.0,47.6,CU_TO_DEV
1717467398.458146,273,40.0,47.8,CU_TO_DEV
1717467408.445268,322,5.5,47.5,OCC_TO_CU
1717467408.4457946,322,0.0,47.5,OCC_TO_CU
1717467408.451632,273,0.0,47.5,CU_TO_DEV
1717467408.4663827,273,71.4,47.6,CU_TO_DEV
1717467418.4649687,322,4.1,47.5,OCC_TO_CU
1717467418.4657178,322,0.0,47.5,OCC_TO_CU
1717467418.475841,273,25.0,47.5,CU_TO_DEV
1717467418.659162,273,66.7,47.7,CU_TO_DEV
1717467420.9239438,154,5.2,47.6,OCC_TO_CU
1717467421.0618508,241,14.5,47.7,CU_TO_DEV
1717467421.0780137,241,37.5,47.7,CU_TO_DEV
1717467428.4811773,322,3.7,47.6,OCC_TO_CU
1717467428.4819381,322,0.0,47.6,OCC_TO_CU
1717467428.4824743,273,0.0,47.6,CU_TO_DEV
1717467428.6671295,273,13.5,47.7,CU_TO_DEV
1717467428.6831262,273,16.7,47.7,CU_TO_DEV
1717467438.5111482,322,4.3,47.6,OCC_TO_CU
1717467438.51177,322,0.0,47.6,OCC_TO_CU
1717467438.674952,273,13.8,47.8,CU_TO_DEV
1717467438.689769,273,16.7,47.8,CU_TO_DEV
1717467448.5342135,322,4.6,47.5,OCC_TO_CU
1717467448.5347881,322,0.0,47.5,OCC_TO_CU
1717467448.68107,273,12.1,47.8,CU_TO_DEV
1717467448.6955955,273,20.0,47.8,CU_TO_DEV
1717467458.5481868,322,4.8,47.5,OCC_TO_CU
1717467458.554813,322,0.0,47.5,OCC_TO_CU
1717467458.6895173,273,24.5,47.7,CU_TO_DEV
1717467458.7035801,273,33.3,47.7,CU_TO_DEV
1717467468.5575895,322,4.3,47.5,OCC_TO_CU
1717467468.5599804,322,0.0,47.5,OCC_TO_CU
1717467468.6963103,273,11.5,47.7,CU_TO_DEV
1717467468.7104359,273,20.0,47.7,CU_TO_DEV
1717467471.0312436,154,11.0,47.6,OCC_TO_CU
1717467471.0986593,241,20.0,47.7,CU_TO_DEV
1717467471.1134548,241,28.6,47.7,CU_TO_DEV
1717467478.5746574,322,3.5,47.6,OCC_TO_CU
1717467478.5753055,322,0.0,47.6,OCC_TO_CU
1717467478.7032185,273,25.0,47.7,CU_TO_DEV
1717467478.7179532,273,42.9,47.7,CU_TO_DEV
1717467488.598889,322,4.2,47.5,OCC_TO_CU
1717467488.599537,322,0.0,47.5,OCC_TO_CU
1717467488.7088141,273,20.5,47.8,CU_TO_DEV
1717467488.7240965,273,28.6,47.8,CU_TO_DEV
1717467498.6146023,322,5.1,47.3,OCC_TO_CU
1717467498.6151829,322,0.0,47.3,OCC_TO_CU
1717467498.7175386,273,17.5,47.5,CU_TO_DEV
1717467498.733542,273,33.3,47.5,CU_TO_DEV
1717467508.6427686,322,3.6,47.3,OCC_TO_CU
1717467508.6434903,322,0.0,47.3,OCC_TO_CU
1717467508.7229736,273,25.0,47.5,CU_TO_DEV
1717467508.740277,273,25.0,47.5,CU_TO_DEV
1717467518.652849,322,4.1,47.4,OCC_TO_CU
1717467518.653548,322,0.0,47.4,OCC_TO_CU
1717467518.7289407,273,30.3,47.6,CU_TO_DEV
1717467518.7478797,273,25.0,47.6,CU_TO_DEV
1717467520.9905317,154,5.8,47.5,OCC_TO_CU
1717467521.1310894,241,27.3,47.7,CU_TO_DEV
1717467521.1501968,241,37.5,47.7,CU_TO_DEV
1717467528.6664174,322,4.9,47.4,OCC_TO_CU
1717467528.6669512,322,0.0,47.4,OCC_TO_CU
1717467528.7365415,273,22.2,47.5,CU_TO_DEV
1717467528.7537577,273,16.7,47.5,CU_TO_DEV
1717467538.6765678,322,3.7,47.4,OCC_TO_CU
1717467538.6786613,322,50.0,47.4,OCC_TO_CU
1717467538.742825,273,30.8,47.6,CU_TO_DEV
1717467538.7586775,273,28.6,47.6,CU_TO_DEV
1717467548.695136,322,5.1,47.4,OCC_TO_CU
1717467548.6957843,322,0.0,47.4,OCC_TO_CU
1717467548.7504663,273,87.0,47.6,CU_TO_DEV
1717467548.7682521,273,100.0,47.6,CU_TO_DEV
1717467558.714126,322,4.2,47.3,OCC_TO_CU
1717467558.7146468,322,0.0,47.3,OCC_TO_CU
1717467558.7557173,273,31.2,47.5,CU_TO_DEV
1717467558.7732487,273,33.3,47.5,CU_TO_DEV
1717467568.7459934,322,3.9,47.3,OCC_TO_CU
1717467568.7466388,322,0.0,47.3,OCC_TO_CU
1717467568.7614212,273,50.0,47.4,CU_TO_DEV
1717467568.7804232,273,62.5,47.4,CU_TO_DEV
1717467571.1309745,154,10.9,47.4,OCC_TO_CU
1717467571.1633167,241,33.3,47.5,CU_TO_DEV
1717467571.1848588,241,44.4,47.6,CU_TO_DEV
1717467578.751277,322,3.4,47.4,OCC_TO_CU
1717467578.7518542,322,0.0,47.4,OCC_TO_CU
1717467578.767298,273,50.0,47.4,CU_TO_DEV
1717467578.7894444,273,60.0,47.5,CU_TO_DEV
1717467588.7634168,322,5.0,47.3,OCC_TO_CU
1717467588.764055,322,0.0,47.3,OCC_TO_CU
1717467588.7735798,273,25.0,47.3,CU_TO_DEV
1717467588.7996309,273,50.0,47.5,CU_TO_DEV
1717467598.7889965,322,3.6,47.3,OCC_TO_CU
1717467598.7900174,322,0.0,47.3,OCC_TO_CU
1717467598.805148,273,57.1,47.3,CU_TO_DEV
1717467598.9787736,273,11.9,47.5,CU_TO_DEV
1717467608.8136017,322,3.9,47.4,OCC_TO_CU
1717467608.8151107,322,0.0,47.4,OCC_TO_CU
1717467608.9841955,273,9.0,47.6,CU_TO_DEV
1717467609.0142765,273,10.0,47.6,CU_TO_DEV
1717467618.8285842,322,4.8,47.3,OCC_TO_CU
1717467618.8292272,322,100.0,47.3,OCC_TO_CU
1717467618.9903386,273,9.7,47.5,CU_TO_DEV
1717467619.0201287,273,28.6,47.5,CU_TO_DEV
1717467621.2191365,154,6.7,47.4,OCC_TO_CU
1717467621.2219186,241,0.0,47.4,CU_TO_DEV
1717467621.3921587,241,15.2,47.6,CU_TO_DEV
1717467628.8341572,322,3.6,47.4,OCC_TO_CU
1717467628.8347912,322,0.0,47.4,OCC_TO_CU
1717467628.9969702,273,13.8,47.6,CU_TO_DEV
1717467629.0261476,273,30.8,47.6,CU_TO_DEV
1717467638.8620508,322,5.0,47.4,OCC_TO_CU
1717467638.8625388,322,0.0,47.4,OCC_TO_CU
1717467639.0034275,273,10.7,47.5,CU_TO_DEV
1717467639.033726,273,25.0,47.6,CU_TO_DEV
1717467648.8903031,322,4.2,47.4,OCC_TO_CU
1717467648.8909745,322,0.0,47.4,OCC_TO_CU
1717467649.0089636,273,15.2,47.6,CU_TO_DEV
1717467649.0397322,273,16.7,47.6,CU_TO_DEV
1717467658.8875473,322,4.0,47.4,OCC_TO_CU
1717467658.8881993,322,0.0,47.4,OCC_TO_CU
1717467659.0162287,273,14.0,47.7,CU_TO_DEV
1717467659.0456917,273,30.8,47.7,CU_TO_DEV
1717467668.9251554,322,4.2,47.5,OCC_TO_CU
1717467668.9258962,322,0.0,47.5,OCC_TO_CU
1717467669.026309,273,90.0,47.7,CU_TO_DEV
1717467669.0535724,273,100.0,47.7,CU_TO_DEV
1717467671.306666,154,10.4,47.5,OCC_TO_CU
1717467671.4283438,241,16.7,47.6,CU_TO_DEV
1717467671.4558544,241,33.3,47.6,CU_TO_DEV
1717467678.910902,322,3.6,47.4,OCC_TO_CU
1717467678.9116492,322,0.0,47.4,OCC_TO_CU
1717467679.0338895,273,16.3,47.5,CU_TO_DEV
1717467679.062409,273,27.3,47.5,CU_TO_DEV
1717467688.918133,322,5.2,47.3,OCC_TO_CU
1717467688.918893,322,0.0,47.3,OCC_TO_CU
1717467689.0406902,273,16.3,47.5,CU_TO_DEV
1717467689.070012,273,18.2,47.5,CU_TO_DEV
1717467698.9400523,322,4.7,47.2,OCC_TO_CU
1717467698.960785,322,55.6,47.3,OCC_TO_CU
1717467699.0475667,273,30.3,47.4,CU_TO_DEV
1717467699.075664,273,27.3,47.4,CU_TO_DEV
1717467708.968794,322,4.4,47.3,OCC_TO_CU
1717467708.9695544,322,0.0,47.3,OCC_TO_CU
1717467709.0567262,273,22.9,47.5,CU_TO_DEV
1717467709.0827706,273,20.0,47.5,CU_TO_DEV
1717467718.9637222,322,3.9,47.3,OCC_TO_CU
1717467718.964454,322,0.0,47.3,OCC_TO_CU
1717467719.0627546,273,17.9,47.5,CU_TO_DEV
1717467719.0891063,273,27.3,47.5,CU_TO_DEV
1717467721.2515848,154,6.3,47.4,OCC_TO_CU
1717467721.265612,241,80.0,47.4,CU_TO_DEV
1717467721.292122,241,80.0,47.5,CU_TO_DEV
1717467728.975616,322,5.2,47.4,OCC_TO_CU
1717467728.9762657,322,0.0,47.4,OCC_TO_CU
1717467729.071404,273,18.9,47.5,CU_TO_DEV
1717467729.0988367,273,27.3,47.5,CU_TO_DEV
1717467738.9942696,322,4.0,47.4,OCC_TO_CU
1717467738.9972923,322,0.0,47.4,OCC_TO_CU
1717467739.0788965,273,25.0,47.6,CU_TO_DEV
1717467739.1043713,273,30.0,47.6,CU_TO_DEV
1717467749.007378,322,4.0,47.4,OCC_TO_CU
1717467749.0080154,322,0.0,47.4,OCC_TO_CU
1717467749.087453,273,25.8,47.6,CU_TO_DEV
1717467749.1105335,273,30.0,47.6,CU_TO_DEV
1717467759.0170302,322,4.0,47.4,OCC_TO_CU
1717467759.0181034,322,0.0,47.4,OCC_TO_CU
1717467759.0968785,273,20.7,47.6,CU_TO_DEV
1717467759.116356,273,16.7,47.6,CU_TO_DEV
1717467769.059897,322,4.0,47.5,OCC_TO_CU
1717467769.0606291,322,100.0,47.5,OCC_TO_CU
1717467769.1056106,273,76.5,47.7,CU_TO_DEV
1717467769.1224635,273,100.0,47.7,CU_TO_DEV
1717467771.3934548,154,14.1,47.5,OCC_TO_CU
1717467771.5085585,241,19.1,47.6,CU_TO_DEV
1717467771.524571,241,33.3,47.6,CU_TO_DEV
1717467779.0600786,322,4.6,47.3,OCC_TO_CU
1717467779.0606961,322,100.0,47.3,OCC_TO_CU
1717467779.1154358,273,25.0,47.5,CU_TO_DEV
1717467779.1332777,273,50.0,47.5,CU_TO_DEV
1717467789.0745356,322,4.1,47.3,OCC_TO_CU
1717467789.0757504,322,0.0,47.3,OCC_TO_CU
1717467789.1226666,273,33.3,47.5,CU_TO_DEV
1717467789.1396506,273,33.3,47.5,CU_TO_DEV
1717467799.0944302,322,4.8,47.3,OCC_TO_CU
1717467799.0954952,322,0.0,47.3,OCC_TO_CU
1717467799.132859,273,40.0,47.5,CU_TO_DEV
1717467799.1480706,273,40.0,47.5,CU_TO_DEV
1717467809.0984437,322,3.8,47.3,OCC_TO_CU
1717467809.0990198,322,0.0,47.3,OCC_TO_CU
1717467809.1392725,273,31.2,47.5,CU_TO_DEV
1717467809.1540306,273,50.0,47.5,CU_TO_DEV
1717467819.1282423,322,4.7,47.3,OCC_TO_CU
1717467819.1287785,322,100.0,47.3,OCC_TO_CU
1717467819.146583,273,40.0,47.4,CU_TO_DEV
1717467819.159948,273,50.0,47.4,CU_TO_DEV
1717467821.4581852,154,6.2,47.4,OCC_TO_CU
1717467821.5500152,241,26.3,47.5,CU_TO_DEV
1717467821.5626338,241,40.0,47.5,CU_TO_DEV
1717467829.128376,322,3.6,47.4,OCC_TO_CU
1717467829.1290345,322,0.0,47.4,OCC_TO_CU
1717467829.157304,273,46.2,47.5,CU_TO_DEV
1717467829.1676364,273,66.7,47.5,CU_TO_DEV
1717467839.1604285,322,4.0,47.4,OCC_TO_CU
1717467839.1613357,322,0.0,47.4,OCC_TO_CU
1717467839.1657827,273,0.0,47.4,CU_TO_DEV
1717467839.1746674,273,66.7,47.4,CU_TO_DEV
1717467849.1624248,322,4.0,47.4,OCC_TO_CU
1717467849.1630657,322,0.0,47.4,OCC_TO_CU
1717467849.1725035,273,33.3,47.4,CU_TO_DEV
1717467849.180935,273,80.0,47.5,CU_TO_DEV
1717467859.1724775,322,4.8,47.4,OCC_TO_CU
1717467859.179295,322,0.0,47.4,OCC_TO_CU
1717467859.1829174,273,50.0,47.4,CU_TO_DEV
1717467859.1907384,273,100.0,47.4,CU_TO_DEV
1717467869.209502,322,5.0,47.4,OCC_TO_CU
1717467869.2101564,322,0.0,47.4,OCC_TO_CU
1717467869.393689,273,23.9,47.6,CU_TO_DEV
1717467869.4014108,273,50.0,47.6,CU_TO_DEV
1717467871.4350634,154,11.5,47.4,OCC_TO_CU
1717467871.5968323,241,16.9,47.5,CU_TO_DEV
1717467871.6037807,241,50.0,47.5,CU_TO_DEV
1717467879.2172172,322,3.6,47.4,OCC_TO_CU
1717467879.21828,322,0.0,47.4,OCC_TO_CU
1717467879.4024882,273,22.2,47.5,CU_TO_DEV
1717467879.4091177,273,66.7,47.5,CU_TO_DEV
1717467889.2268255,322,4.0,47.4,OCC_TO_CU
1717467889.2274356,322,0.0,47.4,OCC_TO_CU
1717467889.4112566,273,20.3,47.7,CU_TO_DEV
1717467889.4152498,273,0.0,47.7,CU_TO_DEV
1717467899.226662,322,3.9,47.4,OCC_TO_CU
1717467899.2289746,322,50.0,47.4,OCC_TO_CU
1717467899.421734,273,23.4,47.6,CU_TO_DEV
1717467899.422207,273,0.0,47.6,CU_TO_DEV
1717467909.2570457,322,5.4,47.4,OCC_TO_CU
1717467909.2600913,322,0.0,47.4,OCC_TO_CU
1717467909.429441,273,15.2,47.6,CU_TO_DEV
1717467909.4295056,273,15.2,47.6,CU_TO_DEV
1717467919.293086,322,3.9,47.5,OCC_TO_CU
1717467919.2940938,322,0.0,47.5,OCC_TO_CU
1717467919.4370675,273,20.0,47.7,CU_TO_DEV
1717467919.438019,273,0.0,47.7,CU_TO_DEV
1717467921.5169744,154,6.5,47.6,OCC_TO_CU
1717467921.6390443,241,87.5,47.7,CU_TO_DEV
1717467921.6412506,241,0.0,47.7,CU_TO_DEV
1717467929.2850325,322,3.6,47.5,OCC_TO_CU
1717467929.285731,322,0.0,47.5,OCC_TO_CU
1717467929.445378,273,18.7,47.7,CU_TO_DEV
1717467929.4461823,273,0.0,47.7,CU_TO_DEV
1717467939.309153,322,5.0,47.4,OCC_TO_CU
1717467939.310186,322,0.0,47.4,OCC_TO_CU
1717467939.4546745,273,0.0,47.6,CU_TO_DEV
1717467939.4541228,273,17.5,47.6,CU_TO_DEV
1717467949.3118386,322,4.1,47.4,OCC_TO_CU
1717467949.312489,322,0.0,47.4,OCC_TO_CU
1717467949.4628222,273,21.3,47.6,CU_TO_DEV
1717467949.4626079,273,21.3,47.6,CU_TO_DEV
1717467959.3215666,322,5.1,47.4,OCC_TO_CU
1717467959.3222408,322,0.0,47.4,OCC_TO_CU
1717467959.4769475,273,21.0,47.6,CU_TO_DEV
1717467959.4771087,273,21.0,47.6,CU_TO_DEV
1717467969.321046,322,4.0,47.4,OCC_TO_CU
1717467969.3264952,322,0.0,47.4,OCC_TO_CU
1717467969.4852786,273,19.4,47.6,CU_TO_DEV
1717467969.4853284,273,19.4,47.6,CU_TO_DEV
1717467971.5183182,154,11.1,47.5,OCC_TO_CU
1717467971.6874278,241,19.1,47.7,CU_TO_DEV
1717467971.6881528,241,0.0,47.7,CU_TO_DEV
1717467979.3386495,322,5.0,47.8,OCC_TO_CU
1717467979.339758,322,0.0,47.8,OCC_TO_CU
1717467979.4925175,273,22.6,47.9,CU_TO_DEV
1717467979.4931567,273,100.0,47.9,CU_TO_DEV
1717467989.3498955,322,3.7,47.5,OCC_TO_CU
1717467989.350615,322,0.0,47.5,OCC_TO_CU
1717467989.4989645,273,22.0,47.8,CU_TO_DEV
1717467989.5013494,273,0.0,47.8,CU_TO_DEV
1717467999.3648381,322,4.8,47.5,OCC_TO_CU
1717467999.3653781,322,0.0,47.5,OCC_TO_CU
1717467999.506274,273,17.9,47.7,CU_TO_DEV
1717467999.5069914,273,0.0,47.7,CU_TO_DEV
1717468009.3864896,322,4.0,47.6,OCC_TO_CU
1717468009.3876162,322,0.0,47.6,OCC_TO_CU
1717468009.5128462,273,24.0,47.8,CU_TO_DEV
1717468009.5126238,273,24.0,47.8,CU_TO_DEV
1717468019.409054,322,4.8,47.5,OCC_TO_CU
1717468019.409611,322,0.0,47.5,OCC_TO_CU
1717468019.5192888,273,23.8,47.8,CU_TO_DEV
1717468019.5191536,273,23.8,47.8,CU_TO_DEV
1717468021.579113,154,6.3,47.6,OCC_TO_CU
1717468021.7215266,241,12.5,47.8,CU_TO_DEV
1717468021.7215745,241,12.5,47.8,CU_TO_DEV
1717468029.4034789,322,3.9,47.6,OCC_TO_CU
1717468029.417689,322,33.3,47.6,OCC_TO_CU
1717468029.5264664,273,38.6,47.8,CU_TO_DEV
1717468029.5264108,273,38.6,47.8,CU_TO_DEV
1717468039.4341016,322,4.0,47.7,OCC_TO_CU
1717468039.435135,322,0.0,47.7,OCC_TO_CU
1717468039.5369036,273,92.9,47.9,CU_TO_DEV
1717468039.5375288,273,0.0,47.9,CU_TO_DEV
1717468049.429067,322,5.4,47.5,OCC_TO_CU
1717468049.4297419,322,0.0,47.5,OCC_TO_CU
1717468049.5440145,273,25.0,47.7,CU_TO_DEV
1717468049.5443728,273,0.0,47.7,CU_TO_DEV
1717468059.4532824,322,4.0,47.6,OCC_TO_CU
1717468059.4540687,322,0.0,47.6,OCC_TO_CU
1717468059.55133,273,27.0,47.8,CU_TO_DEV
1717468059.5546567,273,100.0,47.8,CU_TO_DEV
1717468069.4518259,322,4.0,47.6,OCC_TO_CU
1717468069.452474,322,0.0,47.6,OCC_TO_CU
1717468069.5597112,273,88.1,47.8,CU_TO_DEV
1717468069.5633073,273,100.0,47.8,CU_TO_DEV
1717468071.6541317,154,8.1,47.7,OCC_TO_CU
1717468071.7616217,241,10.0,47.8,CU_TO_DEV
1717468071.7659013,241,0.0,47.8,CU_TO_DEV
1717468079.4589477,322,3.6,47.6,OCC_TO_CU
1717468079.4609964,322,0.0,47.6,OCC_TO_CU
1717468079.5665472,273,24.4,47.8,CU_TO_DEV
1717468079.5703812,273,50.0,47.8,CU_TO_DEV
1717468089.4801388,322,5.1,47.5,OCC_TO_CU
1717468089.480687,322,100.0,47.5,OCC_TO_CU
1717468089.5756626,273,19.4,47.8,CU_TO_DEV
1717468089.5776298,273,0.0,47.8,CU_TO_DEV
1717468099.486492,322,4.0,47.6,OCC_TO_CU
1717468099.487263,322,0.0,47.6,OCC_TO_CU
1717468099.5845664,273,26.3,47.8,CU_TO_DEV
1717468099.584805,273,26.3,47.8,CU_TO_DEV
1717468109.5094485,322,4.7,47.5,OCC_TO_CU
1717468109.5101168,322,0.0,47.5,OCC_TO_CU
1717468109.5940244,273,0.0,47.7,CU_TO_DEV
1717468109.5934756,273,32.4,47.7,CU_TO_DEV
1717468119.5201845,322,4.3,47.5,OCC_TO_CU
1717468119.5208566,322,100.0,47.5,OCC_TO_CU
1717468119.6014464,273,33.3,47.7,CU_TO_DEV
1717468119.60211,273,0.0,47.7,CU_TO_DEV
1717468121.8382354,154,6.9,47.7,OCC_TO_CU
1717468122.0044389,241,16.2,47.8,CU_TO_DEV
1717468122.0048528,241,0.0,47.8,CU_TO_DEV
1717468129.558447,322,3.2,47.7,OCC_TO_CU
1717468129.5590756,322,0.0,47.7,OCC_TO_CU
1717468129.6104083,273,30.0,47.8,CU_TO_DEV
1717468129.6104717,273,30.0,47.8,CU_TO_DEV
1717468139.5339534,322,5.5,47.6,OCC_TO_CU
1717468139.5345938,322,0.0,47.6,OCC_TO_CU
1717468139.617568,273,42.4,47.8,CU_TO_DEV
1717468139.6186728,273,0.0,47.8,CU_TO_DEV
1717468149.5241027,322,3.7,47.6,OCC_TO_CU
1717468149.5254402,322,100.0,47.6,OCC_TO_CU
1717468149.6229813,273,35.1,47.8,CU_TO_DEV
1717468149.6236045,273,0.0,47.8,CU_TO_DEV
1717468159.5393448,322,4.0,47.7,OCC_TO_CU
1717468159.5401325,322,0.0,47.7,OCC_TO_CU
1717468159.6284263,273,45.7,47.9,CU_TO_DEV
1717468159.6284907,273,45.7,47.9,CU_TO_DEV
1717468169.5306644,322,3.7,47.7,OCC_TO_CU
1717468169.5394237,322,25.0,47.7,OCC_TO_CU
1717468169.6360872,273,97.4,47.8,CU_TO_DEV
1717468169.6384144,273,100.0,47.8,CU_TO_DEV
1717468171.58051,154,13.8,47.7,OCC_TO_CU
1717468171.6414928,241,54.2,47.8,CU_TO_DEV
1717468171.6436758,241,0.0,47.8,CU_TO_DEV
1717468179.5421531,322,3.4,47.6,OCC_TO_CU
1717468179.5428348,322,0.0,47.6,OCC_TO_CU
1717468179.6462862,273,35.0,47.8,CU_TO_DEV
1717468179.6471493,273,0.0,47.8,CU_TO_DEV
1717468189.5308425,322,5.8,47.4,OCC_TO_CU
1717468189.5551925,322,37.5,47.5,OCC_TO_CU
1717468189.6536624,273,45.9,47.6,CU_TO_DEV
1717468189.657163,273,0.0,47.6,CU_TO_DEV
1717468199.5506296,322,3.7,47.4,OCC_TO_CU
1717468199.5512888,322,0.0,47.4,OCC_TO_CU
1717468199.6602428,273,42.2,47.6,CU_TO_DEV
1717468199.661408,273,0.0,47.6,CU_TO_DEV
1717468209.556318,322,3.7,47.5,OCC_TO_CU
1717468209.556985,322,100.0,47.5,OCC_TO_CU
1717468209.6650786,273,35.9,47.7,CU_TO_DEV
1717468209.665637,273,0.0,47.7,CU_TO_DEV
1717468219.5592275,322,4.0,47.6,OCC_TO_CU
1717468219.561536,322,0.0,47.6,OCC_TO_CU
1717468219.6713014,273,31.8,47.8,CU_TO_DEV
1717468219.6710856,273,31.8,47.8,CU_TO_DEV
1717468221.5831885,154,6.2,47.8,OCC_TO_CU
1717468221.6730614,241,44.4,47.9,CU_TO_DEV
1717468221.6737146,241,0.0,47.9,CU_TO_DEV
1717468229.5716915,322,4.6,47.6,OCC_TO_CU
1717468229.5722184,322,0.0,47.6,OCC_TO_CU
1717468229.677677,273,31.7,47.7,CU_TO_DEV
1717468229.6792614,273,0.0,47.7,CU_TO_DEV
1717468239.5751228,322,3.6,47.6,OCC_TO_CU
1717468239.5759175,322,0.0,47.6,OCC_TO_CU
1717468239.6821983,273,40.9,47.8,CU_TO_DEV
1717468239.683785,273,0.0,47.8,CU_TO_DEV
1717468249.586133,322,3.7,47.6,OCC_TO_CU
1717468249.5870147,322,0.0,47.6,OCC_TO_CU
1717468249.6886003,273,42.5,47.9,CU_TO_DEV
1717468249.688857,273,42.5,47.9,CU_TO_DEV
1717468259.5811062,322,4.2,47.7,OCC_TO_CU
1717468259.596702,322,62.5,47.7,OCC_TO_CU
1717468259.6936314,273,44.7,47.9,CU_TO_DEV
1717468259.6940708,273,0.0,47.9,CU_TO_DEV
1717468269.5977654,322,5.2,47.7,OCC_TO_CU
1717468269.6133733,322,85.7,47.7,OCC_TO_CU
1717468269.7053149,273,97.3,47.7,CU_TO_DEV
1717468269.7059891,273,0.0,47.7,CU_TO_DEV
1717468271.6395183,154,14.7,47.8,OCC_TO_CU
1717468271.7083297,241,37.9,47.9,CU_TO_DEV
1717468271.7140527,241,0.0,47.9,CU_TO_DEV
1717468279.5953143,322,3.9,47.6,OCC_TO_CU
1717468279.5990014,322,50.0,47.5,OCC_TO_CU
1717468279.7130144,273,28.6,47.7,CU_TO_DEV
1717468279.717514,273,0.0,47.7,CU_TO_DEV
1717468289.6176443,322,4.3,47.6,OCC_TO_CU
1717468289.6243176,322,0.0,47.6,OCC_TO_CU
1717468289.71876,273,97.4,47.8,CU_TO_DEV
1717468289.7224803,273,100.0,47.8,CU_TO_DEV
1717468299.632505,322,4.4,47.5,OCC_TO_CU
1717468299.6342394,322,0.0,47.5,OCC_TO_CU
1717468299.7273161,273,25.0,47.7,CU_TO_DEV
1717468299.727184,273,25.0,47.7,CU_TO_DEV
1717468309.625594,322,3.9,47.5,OCC_TO_CU
1717468309.6290388,322,50.0,47.5,OCC_TO_CU
1717468309.7320962,273,22.0,47.8,CU_TO_DEV
1717468309.7318752,273,22.0,47.8,CU_TO_DEV
1717468319.6525903,322,5.2,47.6,OCC_TO_CU
1717468319.653332,322,0.0,47.6,OCC_TO_CU
1717468319.7380085,273,24.2,47.8,CU_TO_DEV
1717468319.7401924,273,0.0,47.8,CU_TO_DEV
1717468322.6221273,154,4.6,47.6,OCC_TO_CU
1717468322.7399163,241,26.1,47.8,CU_TO_DEV
1717468322.741619,241,50.0,47.8,CU_TO_DEV
1717468329.6612453,322,4.2,47.6,OCC_TO_CU
1717468329.6627233,322,0.0,47.6,OCC_TO_CU
1717468329.743572,273,28.1,47.8,CU_TO_DEV
1717468329.7452447,273,50.0,47.8,CU_TO_DEV
1717468339.6827037,322,4.1,47.6,OCC_TO_CU
1717468339.68393,322,0.0,47.6,OCC_TO_CU
1717468339.748891,273,34.6,47.9,CU_TO_DEV
1717468339.7496343,273,0.0,47.9,CU_TO_DEV
1717468349.679886,322,5.1,47.5,OCC_TO_CU
1717468349.6806397,322,100.0,47.5,OCC_TO_CU
1717468349.754514,273,18.5,47.7,CU_TO_DEV
1717468349.7554555,273,0.0,47.7,CU_TO_DEV
1717468359.715307,322,3.9,47.7,OCC_TO_CU
1717468359.7164967,322,0.0,47.7,OCC_TO_CU
1717468359.759614,273,45.0,47.8,CU_TO_DEV
1717468359.7592723,273,45.0,47.8,CU_TO_DEV
1717468369.6846173,322,5.1,47.6,OCC_TO_CU
1717468369.6864288,322,0.0,47.6,OCC_TO_CU
1717468369.766993,273,28.1,47.8,CU_TO_DEV
1717468369.7676497,273,0.0,47.8,CU_TO_DEV
1717468372.751392,154,7.9,47.6,OCC_TO_CU
1717468372.7690516,241,42.9,47.6,CU_TO_DEV
1717468372.7700813,241,0.0,47.6,CU_TO_DEV
1717468379.6974506,322,4.1,47.6,OCC_TO_CU
1717468379.6984415,322,0.0,47.6,OCC_TO_CU
1717468379.7728884,273,25.0,47.8,CU_TO_DEV
1717468379.7734826,273,0.0,47.8,CU_TO_DEV
1717468389.7471826,322,3.8,47.4,OCC_TO_CU
1717468389.7479882,322,0.0,47.4,OCC_TO_CU
1717468389.7796204,273,78.6,47.6,CU_TO_DEV
1717468389.7800488,273,78.6,47.6,CU_TO_DEV
1717468399.705627,322,3.7,47.6,OCC_TO_CU
1717468399.7139902,322,66.7,47.6,OCC_TO_CU
1717468399.7852945,273,40.7,47.7,CU_TO_DEV
1717468399.7857168,273,0.0,47.7,CU_TO_DEV
1717468409.7224278,322,4.9,47.6,OCC_TO_CU
1717468409.7237537,322,0.0,47.6,OCC_TO_CU
1717468409.7927198,273,0.0,47.7,CU_TO_DEV
1717468409.7923946,273,32.1,47.7,CU_TO_DEV
1717468419.716885,322,5.1,47.6,OCC_TO_CU
1717468419.7378507,322,87.5,47.6,OCC_TO_CU
1717468419.7992892,273,39.1,47.6,CU_TO_DEV
1717468419.7999952,273,0.0,47.6,CU_TO_DEV
1717468422.7549217,154,4.8,47.7,OCC_TO_CU
1717468422.8013225,241,33.3,47.7,CU_TO_DEV
1717468422.8011198,241,33.3,47.7,CU_TO_DEV
1717468429.7465394,322,4.8,47.6,OCC_TO_CU
1717468429.7476032,322,0.0,47.6,OCC_TO_CU
1717468429.8055236,273,26.1,47.6,CU_TO_DEV
1717468429.8059812,273,0.0,47.6,CU_TO_DEV
1717468439.7691321,322,4.1,47.5,OCC_TO_CU
1717468439.771241,322,0.0,47.5,OCC_TO_CU
1717468439.8106415,273,35.7,47.6,CU_TO_DEV
1717468439.8107553,273,35.7,47.6,CU_TO_DEV
1717468449.7732239,322,3.9,47.6,OCC_TO_CU
1717468449.7763674,322,0.0,47.6,OCC_TO_CU
1717468449.816135,273,50.0,47.6,CU_TO_DEV
1717468449.8167136,273,0.0,47.6,CU_TO_DEV
1717468459.8068209,322,5.3,47.6,OCC_TO_CU
1717468459.8098867,322,50.0,47.6,OCC_TO_CU
1717468459.8237479,273,71.4,47.6,CU_TO_DEV
1717468459.82312,273,71.4,47.6,CU_TO_DEV
1717468469.7732246,322,4.2,47.6,OCC_TO_CU
1717468469.776352,322,0.0,47.6,OCC_TO_CU
1717468469.8298528,273,38.1,47.7,CU_TO_DEV
1717468469.829915,273,38.1,47.7,CU_TO_DEV
1717468472.8211641,154,8.4,47.6,OCC_TO_CU
1717468472.8328788,241,40.0,47.6,CU_TO_DEV
1717468472.8335443,241,0.0,47.6,CU_TO_DEV
1717468479.7751875,322,3.6,47.7,OCC_TO_CU
1717468479.7768273,322,100.0,47.7,OCC_TO_CU
1717468479.83642,273,26.1,47.7,CU_TO_DEV
1717468479.8368998,273,0.0,47.7,CU_TO_DEV
1717468489.7858894,322,3.9,47.6,OCC_TO_CU
1717468489.8034787,322,60.0,47.6,OCC_TO_CU
1717468489.8425121,273,46.7,47.7,CU_TO_DEV
1717468489.8426595,273,46.7,47.7,CU_TO_DEV
1717468499.8308108,322,5.0,47.6,OCC_TO_CU
1717468499.8317745,322,0.0,47.6,OCC_TO_CU
1717468499.8476145,273,40.0,47.6,CU_TO_DEV
1717468499.849561,273,100.0,47.6,CU_TO_DEV
1717468509.8459039,322,3.8,47.6,OCC_TO_CU
1717468509.8468459,322,0.0,47.6,OCC_TO_CU
1717468509.8542898,273,33.3,47.6,CU_TO_DEV
1717468509.8573735,273,100.0,47.6,CU_TO_DEV
1717468519.8281107,322,4.7,47.6,OCC_TO_CU
1717468519.8293152,322,100.0,47.6,OCC_TO_CU
1717468519.860421,273,50.0,47.6,CU_TO_DEV
1717468519.8635144,273,50.0,47.6,CU_TO_DEV
1717468522.891302,154,5.5,47.7,OCC_TO_CU
1717468523.0639117,241,14.7,47.8,CU_TO_DEV
1717468523.0656528,241,0.0,47.8,CU_TO_DEV
1717468529.8537104,322,4.4,47.7,OCC_TO_CU
1717468529.8548424,322,0.0,47.7,OCC_TO_CU
1717468529.8683686,273,40.0,47.7,CU_TO_DEV
1717468529.8694687,273,100.0,47.7,CU_TO_DEV
1717468539.8837106,322,4.4,47.7,OCC_TO_CU
1717468539.8848917,322,100.0,47.7,OCC_TO_CU
1717468540.0742972,273,18.7,47.9,CU_TO_DEV
1717468540.074257,273,18.7,47.9,CU_TO_DEV
1717468549.8573093,322,4.8,47.6,OCC_TO_CU
1717468549.8584077,322,0.0,47.6,OCC_TO_CU
1717468549.8834326,273,75.0,47.6,CU_TO_DEV
1717468549.8865142,273,100.0,47.6,CU_TO_DEV
1717468559.8715806,322,4.3,47.6,OCC_TO_CU
1717468559.8725865,322,0.0,47.6,OCC_TO_CU
1717468559.8901756,273,66.7,47.6,CU_TO_DEV
1717468559.8923604,273,0.0,47.6,CU_TO_DEV
1717468569.8893077,322,4.6,47.6,OCC_TO_CU
1717468569.8902607,322,0.0,47.6,OCC_TO_CU
1717468569.899207,273,0.0,47.6,CU_TO_DEV
1717468569.8986835,273,50.0,47.6,CU_TO_DEV
1717468572.8545804,154,5.8,47.8,OCC_TO_CU
1717468572.9023972,241,36.8,47.8,CU_TO_DEV
1717468572.9029307,241,0.0,47.8,CU_TO_DEV
1717468579.889374,322,5.0,47.6,OCC_TO_CU
1717468579.8901446,322,0.0,47.6,OCC_TO_CU
1717468579.90809,273,83.3,47.7,CU_TO_DEV
1717468579.9107208,273,50.0,47.7,CU_TO_DEV
1717468589.890888,322,4.9,47.6,OCC_TO_CU
1717468589.8920486,322,0.0,47.6,OCC_TO_CU
1717468589.918296,273,81.8,47.6,CU_TO_DEV
1717468589.9213634,273,50.0,47.6,CU_TO_DEV
1717468599.9132323,322,4.4,47.5,OCC_TO_CU
1717468599.914204,322,0.0,47.5,OCC_TO_CU
1717468599.9245949,273,50.0,47.5,CU_TO_DEV
1717468599.929472,273,100.0,47.5,CU_TO_DEV
1717468609.9133413,322,4.1,47.5,OCC_TO_CU
1717468609.9144022,322,0.0,47.5,OCC_TO_CU
1717468609.9310236,273,62.5,47.5,CU_TO_DEV
1717468609.9347196,273,100.0,47.6,CU_TO_DEV
1717468619.9345822,322,4.3,47.6,OCC_TO_CU
1717468619.935303,322,0.0,47.6,OCC_TO_CU
1717468619.937991,273,0.0,47.6,CU_TO_DEV
1717468619.9399636,273,0.0,47.6,CU_TO_DEV
1717468622.9228008,154,5.2,47.7,OCC_TO_CU
1717468622.9399514,241,50.0,47.7,CU_TO_DEV
1717468622.9417243,241,100.0,47.7,CU_TO_DEV
1717468629.942215,322,4.1,47.7,OCC_TO_CU
1717468629.9430616,322,0.0,47.7,OCC_TO_CU
1717468629.9436715,273,0.0,47.7,CU_TO_DEV
1717468629.9457033,273,0.0,47.7,CU_TO_DEV
1717468639.9458754,322,5.1,47.6,OCC_TO_CU
1717468639.9490612,273,0.0,47.6,CU_TO_DEV
1717468639.9501646,322,0.0,47.6,OCC_TO_CU
1717468639.9511356,273,0.0,47.6,CU_TO_DEV
1717468640.1496317,273,20.5,47.8,CU_TO_DEV
1717468649.9768057,322,3.9,47.6,OCC_TO_CU
1717468649.9775705,322,0.0,47.6,OCC_TO_CU
1717468650.15412,273,14.5,47.8,CU_TO_DEV
1717468650.1546519,273,0.0,47.8,CU_TO_DEV
1717468659.9649775,322,4.1,47.7,OCC_TO_CU
1717468659.9655964,322,0.0,47.7,OCC_TO_CU
1717468660.1587143,273,19.5,47.9,CU_TO_DEV
1717468660.1591563,273,0.0,47.9,CU_TO_DEV
1717468669.986451,322,4.0,47.7,OCC_TO_CU
1717468669.9972365,322,25.0,47.7,OCC_TO_CU
1717468670.1635823,273,80.3,47.9,CU_TO_DEV
1717468670.1641705,273,0.0,47.9,CU_TO_DEV
1717468672.864314,154,3.4,47.7,OCC_TO_CU
1717468672.9655645,241,29.3,47.9,CU_TO_DEV
1717468672.9664078,241,0.0,47.9,CU_TO_DEV
1717468679.9894505,322,6.6,47.7,OCC_TO_CU
1717468679.9900794,322,0.0,47.7,OCC_TO_CU
1717468680.173029,273,90.5,47.7,CU_TO_DEV
1717468680.1769767,273,0.0,47.7,CU_TO_DEV
1717468689.9895694,322,3.8,47.4,OCC_TO_CU
1717468689.990162,322,0.0,47.4,OCC_TO_CU
1717468690.1790366,273,11.0,47.6,CU_TO_DEV
1717468690.1807485,273,100.0,47.6,CU_TO_DEV
1717468699.998996,322,4.0,47.5,OCC_TO_CU
1717468700.0045083,322,0.0,47.5,OCC_TO_CU
1717468700.1835957,273,22.5,47.7,CU_TO_DEV
1717468700.1843505,273,0.0,47.7,CU_TO_DEV
1717468710.0168288,322,4.1,47.6,OCC_TO_CU
1717468710.036568,322,50.0,47.6,OCC_TO_CU
1717468710.188159,273,20.7,47.7,CU_TO_DEV
1717468710.188599,273,0.0,47.7,CU_TO_DEV
1717468720.0217066,322,4.1,47.5,OCC_TO_CU
1717468720.022548,322,0.0,47.5,OCC_TO_CU
1717468720.1938531,273,14.9,47.7,CU_TO_DEV
1717468720.1937685,273,14.9,47.7,CU_TO_DEV
1717468722.8925934,154,4.3,47.7,OCC_TO_CU
1717468722.9956968,241,28.2,47.8,CU_TO_DEV
1717468722.9960783,241,0.0,47.8,CU_TO_DEV
1717468730.045525,322,5.2,47.6,OCC_TO_CU
1717468730.055339,322,40.0,47.6,OCC_TO_CU
1717468730.2006347,273,27.6,47.8,CU_TO_DEV
1717468730.2025115,273,0.0,47.8,CU_TO_DEV
1717468740.04079,322,4.1,47.6,OCC_TO_CU
1717468740.0419674,322,0.0,47.6,OCC_TO_CU
1717468740.2065022,273,14.3,47.8,CU_TO_DEV
1717468740.2079804,273,0.0,47.8,CU_TO_DEV
1717468750.0577803,322,4.0,47.6,OCC_TO_CU
1717468750.0583687,322,0.0,47.6,OCC_TO_CU
1717468750.2124338,273,13.6,47.9,CU_TO_DEV
1717468750.212282,273,13.6,47.9,CU_TO_DEV
1717468760.0567875,322,4.9,47.6,OCC_TO_CU
1717468760.0573015,322,0.0,47.6,OCC_TO_CU
1717468760.2171597,273,14.3,47.8,CU_TO_DEV
1717468760.2172062,273,14.3,47.8,CU_TO_DEV
1717468770.0680232,322,3.5,47.7,OCC_TO_CU
1717468770.0819283,322,40.0,47.7,OCC_TO_CU
1717468770.2226002,273,25.5,47.9,CU_TO_DEV
1717468770.2224035,273,25.5,47.9,CU_TO_DEV
1717468772.9249403,154,8.2,47.7,OCC_TO_CU
1717468773.0243402,241,18.9,47.8,CU_TO_DEV
1717468773.0244079,241,18.9,47.8,CU_TO_DEV
1717468780.083735,322,4.1,47.7,OCC_TO_CU
1717468780.0844007,322,0.0,47.7,OCC_TO_CU
1717468780.2290537,273,91.2,47.8,CU_TO_DEV
1717468780.233336,273,100.0,47.8,CU_TO_DEV
1717468790.0852916,322,3.6,47.6,OCC_TO_CU
1717468790.0865455,322,0.0,47.6,OCC_TO_CU
1717468790.2376518,273,16.9,47.8,CU_TO_DEV
1717468790.2373745,273,16.9,47.8,CU_TO_DEV
1717468800.1058939,322,4.2,47.6,OCC_TO_CU
1717468800.106524,322,0.0,47.6,OCC_TO_CU
1717468800.2445586,273,91.2,47.8,CU_TO_DEV
1717468800.244923,273,91.2,47.8,CU_TO_DEV
1717468810.1222959,322,3.9,47.6,OCC_TO_CU
1717468810.1230097,322,0.0,47.6,OCC_TO_CU
1717468810.251561,273,22.0,47.8,CU_TO_DEV
1717468810.2513561,273,22.0,47.8,CU_TO_DEV
1717468820.1246796,322,5.0,47.5,OCC_TO_CU
1717468820.1252604,322,0.0,47.5,OCC_TO_CU
1717468820.2612367,273,19.6,47.7,CU_TO_DEV
1717468820.261202,273,19.6,47.7,CU_TO_DEV
1717468822.9914255,154,4.2,47.5,OCC_TO_CU
1717468823.0629404,241,28.6,47.7,CU_TO_DEV
1717468823.0633874,241,0.0,47.7,CU_TO_DEV
1717468830.146039,322,4.3,47.6,OCC_TO_CU
1717468830.1467795,322,0.0,47.6,OCC_TO_CU
1717468830.267582,273,22.9,47.8,CU_TO_DEV
1717468830.2672887,273,22.9,47.8,CU_TO_DEV
1717468840.1527233,322,3.9,47.6,OCC_TO_CU
1717468840.185653,322,38.5,47.7,OCC_TO_CU
1717468840.2734246,273,37.1,47.8,CU_TO_DEV
1717468840.2735388,273,37.1,47.8,CU_TO_DEV
1717468850.165266,322,4.9,47.6,OCC_TO_CU
1717468850.1663759,322,0.0,47.6,OCC_TO_CU
1717468850.2786295,273,24.4,47.8,CU_TO_DEV
1717468850.2794728,273,0.0,47.8,CU_TO_DEV
1717468860.1959598,322,4.0,47.6,OCC_TO_CU
1717468860.196756,322,100.0,47.6,OCC_TO_CU
1717468860.284495,273,44.1,47.8,CU_TO_DEV
1717468860.2853086,273,100.0,47.8,CU_TO_DEV
1717468870.185915,322,4.9,47.6,OCC_TO_CU
1717468870.1919978,322,0.0,47.6,OCC_TO_CU
1717468870.2904246,273,42.5,47.8,CU_TO_DEV
1717468870.290823,273,0.0,47.8,CU_TO_DEV
1717468873.0668275,154,5.4,47.7,OCC_TO_CU
1717468873.0925975,241,54.5,47.7,CU_TO_DEV
1717468873.093406,241,0.0,47.7,CU_TO_DEV
1717468880.1966865,322,4.3,47.7,OCC_TO_CU
1717468880.1973307,322,0.0,47.7,OCC_TO_CU
1717468880.2972195,273,92.3,47.9,CU_TO_DEV
1717468880.3004873,273,0.0,47.9,CU_TO_DEV
1717468890.206446,322,4.3,47.7,OCC_TO_CU
1717468890.2070832,322,0.0,47.7,OCC_TO_CU
1717468890.3019645,273,30.6,47.8,CU_TO_DEV
1717468890.3050535,273,0.0,47.8,CU_TO_DEV
1717468900.230606,322,4.2,47.7,OCC_TO_CU
1717468900.2313254,322,0.0,47.7,OCC_TO_CU
1717468900.3069317,273,40.0,47.9,CU_TO_DEV
1717468900.3099523,273,0.0,47.9,CU_TO_DEV
1717468910.2256238,322,5.1,47.6,OCC_TO_CU
1717468910.2261252,322,0.0,47.6,OCC_TO_CU
1717468910.3145945,273,31.4,47.9,CU_TO_DEV
1717468910.3169603,273,0.0,47.9,CU_TO_DEV
1717468920.2885108,322,3.5,47.7,OCC_TO_CU
1717468920.289541,322,100.0,47.7,OCC_TO_CU
1717468920.3214653,273,84.6,47.7,CU_TO_DEV
1717468920.3221803,273,0.0,47.7,CU_TO_DEV
1717468923.0305314,154,8.5,47.7,OCC_TO_CU
1717468923.127935,241,92.1,47.7,CU_TO_DEV
1717468923.1276762,241,92.1,47.7,CU_TO_DEV
1717468930.2699618,322,3.7,47.6,OCC_TO_CU
1717468930.2710884,322,0.0,47.6,OCC_TO_CU
1717468930.3321826,273,45.8,47.8,CU_TO_DEV
1717468930.3322477,273,45.8,47.8,CU_TO_DEV
1717468940.2574449,322,4.0,47.6,OCC_TO_CU
1717468940.2584248,322,0.0,47.6,OCC_TO_CU
1717468940.3385317,273,40.6,47.8,CU_TO_DEV
1717468940.338443,273,40.6,47.8,CU_TO_DEV
1717468950.2924187,322,4.1,47.6,OCC_TO_CU
1717468950.293336,322,0.0,47.6,OCC_TO_CU
1717468950.3438244,273,42.9,47.6,CU_TO_DEV
1717468950.3444655,273,0.0,47.6,CU_TO_DEV
1717468960.2807796,322,5.3,47.6,OCC_TO_CU
1717468960.2817264,322,0.0,47.6,OCC_TO_CU
1717468960.3507009,273,44.8,47.8,CU_TO_DEV
1717468960.351187,273,0.0,47.8,CU_TO_DEV
1717468970.2850583,322,4.0,47.6,OCC_TO_CU
1717468970.2893384,322,0.0,47.6,OCC_TO_CU
1717468970.356814,273,48.1,47.8,CU_TO_DEV
1717468970.3568773,273,48.1,47.8,CU_TO_DEV
1717468973.0355272,154,4.5,47.7,OCC_TO_CU
1717468973.1587687,241,22.0,47.8,CU_TO_DEV
1717468973.1588457,241,22.0,47.8,CU_TO_DEV
1717468980.309012,322,4.8,47.6,OCC_TO_CU
1717468980.3120625,322,0.0,47.6,OCC_TO_CU
1717468980.365915,273,42.9,47.7,CU_TO_DEV
1717468980.3666356,273,0.0,47.7,CU_TO_DEV
1717468990.3130627,322,4.2,47.6,OCC_TO_CU
1717468990.3141015,322,0.0,47.6,OCC_TO_CU
1717468990.3717747,273,43.5,47.8,CU_TO_DEV
1717468990.372288,273,0.0,47.8,CU_TO_DEV
1717469000.3233526,322,5.3,47.6,OCC_TO_CU
1717469000.3255258,322,0.0,47.6,OCC_TO_CU
1717469000.3770638,273,36.8,47.7,CU_TO_DEV
1717469000.377633,273,0.0,47.7,CU_TO_DEV
1717469010.335258,322,4.7,47.5,OCC_TO_CU
1717469010.3384259,322,0.0,47.5,OCC_TO_CU
1717469010.382226,273,44.4,47.6,CU_TO_DEV
1717469010.3825603,273,0.0,47.6,CU_TO_DEV
1717469020.3470898,322,3.6,47.5,OCC_TO_CU
1717469020.3495173,322,0.0,47.5,OCC_TO_CU
1717469020.3879948,273,43.8,47.6,CU_TO_DEV
1717469020.3883798,273,0.0,47.6,CU_TO_DEV
1717469023.0601315,154,5.1,47.7,OCC_TO_CU
1717469023.1901453,241,27.5,47.8,CU_TO_DEV
1717469023.190357,241,27.5,47.8,CU_TO_DEV
1717469030.3537977,322,3.7,47.7,OCC_TO_CU
1717469030.3569887,322,0.0,47.7,OCC_TO_CU
1717469030.394072,273,42.9,47.7,CU_TO_DEV
1717469030.393963,273,42.9,47.7,CU_TO_DEV
1717469040.3923302,322,4.2,47.6,OCC_TO_CU
1717469040.3931603,322,100.0,47.6,OCC_TO_CU
1717469040.3994517,273,0.0,47.6,CU_TO_DEV
1717469040.3999662,273,0.0,47.6,CU_TO_DEV
1717469050.397104,322,5.0,47.6,OCC_TO_CU
1717469050.3981497,322,0.0,47.6,OCC_TO_CU
1717469050.4060276,273,33.3,47.6,CU_TO_DEV
1717469050.4093726,273,100.0,47.6,CU_TO_DEV
1717469060.3970633,322,5.0,47.6,OCC_TO_CU
1717469060.3977227,322,0.0,47.6,OCC_TO_CU
1717469060.4117002,273,50.0,47.6,CU_TO_DEV
1717469060.4149384,273,66.7,47.6,CU_TO_DEV
1717469070.4102707,322,4.0,47.6,OCC_TO_CU
1717469070.4169893,273,33.3,47.6,CU_TO_DEV
1717469070.4197369,273,0.0,47.6,CU_TO_DEV
1717469070.4284954,322,66.7,47.6,OCC_TO_CU
1717469070.6178417,273,35.5,47.9,CU_TO_DEV
1717469070.620374,273,0.0,47.9,CU_TO_DEV
1717469073.6459231,154,4.2,47.7,OCC_TO_CU
1717469073.8198006,241,7.4,47.9,CU_TO_DEV
1717469073.8217463,241,0.0,47.9,CU_TO_DEV
1717469080.4173517,322,5.5,47.7,OCC_TO_CU
1717469080.4186661,322,0.0,47.7,OCC_TO_CU
1717469080.4231477,273,0.0,47.7,CU_TO_DEV
1717469080.4244452,273,0.0,47.7,CU_TO_DEV
1717469090.4411557,322,6.0,47.5,OCC_TO_CU
1717469090.4444356,322,0.0,47.5,OCC_TO_CU
1717469090.6302457,273,33.8,47.7,CU_TO_DEV
1717469090.6344404,273,0.0,47.7,CU_TO_DEV
1717469100.4581988,322,4.0,47.5,OCC_TO_CU
1717469100.4613345,322,50.0,47.5,OCC_TO_CU
1717469100.635654,273,14.5,47.7,CU_TO_DEV
1717469100.638743,273,50.0,47.7,CU_TO_DEV
1717469110.4744158,322,4.2,47.5,OCC_TO_CU
1717469110.4755428,322,0.0,47.5,OCC_TO_CU
1717469110.6408129,273,12.3,47.7,CU_TO_DEV
1717469110.643746,273,0.0,47.7,CU_TO_DEV
1717469120.4786704,322,4.0,47.6,OCC_TO_CU
1717469120.5053327,322,45.5,47.7,OCC_TO_CU
1717469120.6463711,273,17.9,47.8,CU_TO_DEV
1717469120.647807,273,0.0,47.8,CU_TO_DEV
1717469123.715599,154,4.3,47.7,OCC_TO_CU
1717469123.8483639,241,11.5,47.8,CU_TO_DEV
1717469123.849365,241,0.0,47.8,CU_TO_DEV
1717469130.4786158,322,4.4,47.7,OCC_TO_CU
1717469130.47973,322,0.0,47.7,OCC_TO_CU
1717469130.6519914,273,11.8,47.9,CU_TO_DEV
1717469130.6524417,273,0.0,47.9,CU_TO_DEV
1717469140.5109847,322,5.3,47.6,OCC_TO_CU
1717469140.511608,322,0.0,47.6,OCC_TO_CU
1717469140.6586814,273,12.1,47.8,CU_TO_DEV
1717469140.6599014,273,0.0,47.8,CU_TO_DEV
1717469150.5165675,322,3.9,47.7,OCC_TO_CU
1717469150.517223,322,0.0,47.7,OCC_TO_CU
1717469150.664239,273,13.3,47.9,CU_TO_DEV
1717469150.6643927,273,13.3,47.9,CU_TO_DEV
1717469160.5076091,322,4.0,47.7,OCC_TO_CU
1717469160.5093582,322,0.0,47.7,OCC_TO_CU
1717469160.6696315,273,12.7,47.9,CU_TO_DEV
1717469160.6698804,273,0.0,47.9,CU_TO_DEV
1717469170.5283003,322,5.0,47.7,OCC_TO_CU
1717469170.5289483,322,100.0,47.7,OCC_TO_CU
1717469170.677433,273,10.3,47.9,CU_TO_DEV
1717469170.677824,273,0.0,47.9,CU_TO_DEV
1717469173.484818,154,5.4,47.7,OCC_TO_CU
1717469173.6798978,241,33.8,47.9,CU_TO_DEV
1717469173.6808367,241,0.0,47.9,CU_TO_DEV
1717469180.5271826,322,7.1,47.5,OCC_TO_CU
1717469180.5280364,322,0.0,47.5,OCC_TO_CU
1717469180.685751,273,9.7,47.7,CU_TO_DEV
1717469180.689556,273,0.0,47.7,CU_TO_DEV
1717469190.5413637,322,4.2,47.4,OCC_TO_CU
1717469190.5420506,322,0.0,47.4,OCC_TO_CU
1717469190.6905513,273,8.9,47.7,CU_TO_DEV
1717469190.6938183,273,0.0,47.7,CU_TO_DEV
1717469200.566045,322,4.1,47.5,OCC_TO_CU
1717469200.5666723,322,0.0,47.5,OCC_TO_CU
1717469200.6954715,273,12.2,47.7,CU_TO_DEV
1717469200.6977892,273,0.0,47.7,CU_TO_DEV
1717469210.568724,322,4.2,47.5,OCC_TO_CU
1717469210.57075,322,0.0,47.5,OCC_TO_CU
1717469210.7006652,273,13.7,47.7,CU_TO_DEV
1717469210.7021058,273,0.0,47.7,CU_TO_DEV
1717469220.5625854,322,4.1,47.6,OCC_TO_CU
1717469220.5710268,322,50.0,47.6,OCC_TO_CU
1717469220.7055552,273,24.5,47.9,CU_TO_DEV
1717469220.7060413,273,0.0,47.9,CU_TO_DEV
1717469224.1921558,154,4.1,47.7,OCC_TO_CU
1717469224.3079581,241,36.4,47.9,CU_TO_DEV
1717469224.3077269,241,36.4,47.9,CU_TO_DEV
1717469230.5845537,322,5.6,47.6,OCC_TO_CU
1717469230.5856478,322,0.0,47.6,OCC_TO_CU
1717469230.711905,273,14.3,47.8,CU_TO_DEV
1717469230.7116969,273,14.3,47.8,CU_TO_DEV
1717469240.5963786,322,4.2,47.6,OCC_TO_CU
1717469240.597429,322,0.0,47.6,OCC_TO_CU
1717469240.7171056,273,18.7,47.9,CU_TO_DEV
1717469240.71737,273,0.0,47.9,CU_TO_DEV
1717469250.617174,322,4.0,47.7,OCC_TO_CU
1717469250.6177833,322,0.0,47.7,OCC_TO_CU
1717469250.722596,273,17.5,47.9,CU_TO_DEV
1717469250.7230775,273,0.0,47.9,CU_TO_DEV
1717469260.6179378,322,4.5,47.7,OCC_TO_CU
1717469260.6189878,322,0.0,47.7,OCC_TO_CU
1717469260.7280185,273,16.7,47.8,CU_TO_DEV
1717469260.7281125,273,16.7,47.8,CU_TO_DEV
1717469270.635269,322,5.4,47.6,OCC_TO_CU
1717469270.63596,322,0.0,47.6,OCC_TO_CU
1717469270.7338474,273,13.5,47.8,CU_TO_DEV
1717469270.7339132,273,13.5,47.8,CU_TO_DEV
1717469274.2330549,154,3.4,47.7,OCC_TO_CU
1717469274.337569,241,90.5,47.9,CU_TO_DEV
1717469274.3390994,241,0.0,47.9,CU_TO_DEV
1717469280.6380863,322,4.7,47.7,OCC_TO_CU
1717469280.6388178,322,0.0,47.7,OCC_TO_CU
1717469280.749653,273,19.6,47.8,CU_TO_DEV
1717469280.7497256,273,19.6,47.8,CU_TO_DEV
1717469290.643221,322,4.1,47.6,OCC_TO_CU
1717469290.6472101,322,0.0,47.6,OCC_TO_CU
1717469290.7548285,273,18.6,47.8,CU_TO_DEV
1717469290.7552607,273,0.0,47.8,CU_TO_DEV
1717469300.6533947,322,4.8,47.6,OCC_TO_CU
1717469300.65556,322,0.0,47.6,OCC_TO_CU
1717469300.7608929,273,18.6,47.8,CU_TO_DEV
1717469300.761036,273,18.6,47.8,CU_TO_DEV
1717469310.669571,322,4.0,47.6,OCC_TO_CU
1717469310.6702156,322,0.0,47.6,OCC_TO_CU
1717469310.7662294,273,18.4,47.8,CU_TO_DEV
1717469310.7661777,273,18.4,47.8,CU_TO_DEV
1717469320.6789117,322,4.9,47.6,OCC_TO_CU
1717469320.679955,322,0.0,47.6,OCC_TO_CU
1717469320.7715287,273,19.4,47.8,CU_TO_DEV
1717469320.7747285,273,0.0,47.8,CU_TO_DEV
1717469324.2998633,154,4.6,47.6,OCC_TO_CU
1717469324.3736293,241,30.0,47.7,CU_TO_DEV
1717469324.3778012,241,0.0,47.7,CU_TO_DEV
1717469330.6973522,322,4.3,47.7,OCC_TO_CU
1717469330.6980033,322,0.0,47.7,OCC_TO_CU
1717469330.7771041,273,25.0,47.8,CU_TO_DEV
1717469330.7822852,273,0.0,47.8,CU_TO_DEV
1717469340.7003956,322,4.9,47.5,OCC_TO_CU
1717469340.7009342,322,0.0,47.5,OCC_TO_CU
1717469340.782754,273,22.9,47.7,CU_TO_DEV
1717469340.7862463,273,0.0,47.7,CU_TO_DEV
1717469350.72766,322,3.9,47.6,OCC_TO_CU
1717469350.728343,322,0.0,47.6,OCC_TO_CU
1717469350.7878444,273,29.2,47.8,CU_TO_DEV
1717469350.791584,273,0.0,47.8,CU_TO_DEV
1717469360.73251,322,3.9,47.7,OCC_TO_CU
1717469360.7368479,322,33.3,47.7,OCC_TO_CU
1717469360.794419,273,22.7,47.9,CU_TO_DEV
1717469360.795936,273,0.0,47.9,CU_TO_DEV
1717469370.7449708,322,4.7,47.6,OCC_TO_CU
1717469370.745521,322,0.0,47.6,OCC_TO_CU
1717469370.7991948,273,15.8,47.8,CU_TO_DEV
1717469370.801249,273,100.0,47.8,CU_TO_DEV
1717469374.3649497,154,7.3,47.6,OCC_TO_CU
1717469374.4018342,241,28.6,47.8,CU_TO_DEV
1717469374.4053135,241,0.0,47.8,CU_TO_DEV
1717469380.7411864,322,3.6,47.7,OCC_TO_CU
1717469380.7418416,322,0.0,47.7,OCC_TO_CU
1717469380.8052285,273,25.0,47.8,CU_TO_DEV
1717469380.807893,273,0.0,47.8,CU_TO_DEV
1717469390.762315,322,4.0,47.6,OCC_TO_CU
1717469390.7629728,322,0.0,47.6,OCC_TO_CU
1717469390.811386,273,36.8,47.9,CU_TO_DEV
1717469390.8122096,273,0.0,47.9,CU_TO_DEV
1717469400.772282,322,4.4,47.7,OCC_TO_CU
1717469400.7729387,322,0.0,47.7,OCC_TO_CU
1717469400.816844,273,33.3,47.9,CU_TO_DEV
1717469400.8173354,273,0.0,47.9,CU_TO_DEV
1717469410.7951717,322,4.6,47.6,OCC_TO_CU
1717469410.7958264,322,0.0,47.6,OCC_TO_CU
1717469410.8228223,273,36.4,47.7,CU_TO_DEV
1717469410.8254917,273,100.0,47.7,CU_TO_DEV
1717469420.805155,322,4.0,47.7,OCC_TO_CU
1717469420.805687,322,0.0,47.7,OCC_TO_CU
1717469420.830065,273,66.7,47.8,CU_TO_DEV
1717469420.8319578,273,0.0,47.8,CU_TO_DEV
1717469424.334558,154,9.4,47.6,OCC_TO_CU
1717469424.433605,241,21.1,47.8,CU_TO_DEV
1717469424.4348483,241,0.0,47.8,CU_TO_DEV
1717469430.8099632,322,3.9,47.6,OCC_TO_CU
1717469430.8106987,322,0.0,47.6,OCC_TO_CU
1717469430.8380544,273,40.0,47.6,CU_TO_DEV
1717469430.8387575,273,0.0,47.6,CU_TO_DEV
1717469440.8174818,322,4.1,47.6,OCC_TO_CU
1717469440.8181324,322,0.0,47.6,OCC_TO_CU
1717469440.8439534,273,40.0,47.6,CU_TO_DEV
1717469440.8436127,273,40.0,47.6,CU_TO_DEV
1717469450.8299577,322,3.5,47.6,OCC_TO_CU
1717469450.830601,322,0.0,47.6,OCC_TO_CU
1717469450.8500676,273,50.0,47.7,CU_TO_DEV
1717469450.850648,273,0.0,47.7,CU_TO_DEV
1717469460.8418236,322,5.0,47.6,OCC_TO_CU
1717469460.842578,322,0.0,47.6,OCC_TO_CU
1717469460.8569043,273,57.1,47.6,CU_TO_DEV
1717469460.8571835,273,57.1,47.6,CU_TO_DEV
1717469470.8662012,322,4.2,47.6,OCC_TO_CU
1717469470.8668659,322,0.0,47.6,OCC_TO_CU
1717469471.0629501,273,11.5,47.8,CU_TO_DEV
1717469471.0629992,273,11.5,47.8,CU_TO_DEV
1717469474.401243,154,5.2,47.7,OCC_TO_CU
1717469474.465557,241,30.8,47.8,CU_TO_DEV
1717469474.4656339,241,30.8,47.8,CU_TO_DEV
1717469480.8743348,322,5.3,47.6,OCC_TO_CU
1717469480.8748324,322,0.0,47.6,OCC_TO_CU
1717469481.069308,273,7.8,47.8,CU_TO_DEV
1717469481.069407,273,7.8,47.8,CU_TO_DEV
1717469490.8776143,322,3.9,47.6,OCC_TO_CU
1717469490.8783832,322,0.0,47.6,OCC_TO_CU
1717469491.0746758,273,9.1,47.8,CU_TO_DEV
1717469491.0747633,273,9.1,47.8,CU_TO_DEV
1717469500.8874254,322,5.0,47.6,OCC_TO_CU
1717469500.88802,322,0.0,47.6,OCC_TO_CU
1717469501.0806427,273,12.7,47.8,CU_TO_DEV
1717469501.0807703,273,12.7,47.8,CU_TO_DEV
1717469510.9020817,322,4.4,47.5,OCC_TO_CU
1717469510.9028356,322,0.0,47.5,OCC_TO_CU
1717469511.085695,273,12.5,47.8,CU_TO_DEV
1717469511.0857906,273,12.5,47.8,CU_TO_DEV
1717469520.9145703,322,3.8,47.6,OCC_TO_CU
1717469520.9152193,322,0.0,47.6,OCC_TO_CU
1717469521.090967,273,12.9,47.8,CU_TO_DEV
1717469521.0911012,273,12.9,47.8,CU_TO_DEV
1717469524.4729607,154,4.8,47.7,OCC_TO_CU
1717469524.4934762,241,55.6,47.8,CU_TO_DEV
1717469524.4940836,241,55.6,47.8,CU_TO_DEV
1717469530.9233174,322,4.1,47.7,OCC_TO_CU
1717469530.9239872,322,0.0,47.7,OCC_TO_CU
1717469531.0983052,273,10.3,47.9,CU_TO_DEV
1717469531.0985832,273,0.0,47.9,CU_TO_DEV
1717469540.9303925,322,3.9,47.7,OCC_TO_CU
1717469540.9310267,322,0.0,47.7,OCC_TO_CU
1717469541.1036563,273,67.6,47.8,CU_TO_DEV
1717469541.1040168,273,0.0,47.8,CU_TO_DEV
1717469550.9513123,322,5.1,47.5,OCC_TO_CU
1717469550.9520087,322,0.0,47.5,OCC_TO_CU
1717469551.1127987,273,12.5,47.7,CU_TO_DEV
1717469551.1127534,273,12.5,47.7,CU_TO_DEV
1717469560.981048,322,3.9,47.6,OCC_TO_CU
1717469560.982333,322,0.0,47.6,OCC_TO_CU
1717469561.118598,273,13.2,47.8,CU_TO_DEV
1717469561.1189737,273,0.0,47.8,CU_TO_DEV
1717469570.9862046,322,3.9,47.6,OCC_TO_CU
1717469570.9868512,322,0.0,47.6,OCC_TO_CU
1717469571.1238718,273,14.8,47.9,CU_TO_DEV
1717469571.1240413,273,14.8,47.9,CU_TO_DEV
1717469574.4024072,154,4.4,47.7,OCC_TO_CU
1717469574.526391,241,27.1,47.9,CU_TO_DEV
1717469574.5262487,241,27.1,47.9,CU_TO_DEV
1717469580.981014,322,5.2,47.7,OCC_TO_CU
1717469580.9816918,322,0.0,47.7,OCC_TO_CU
1717469581.1299367,273,13.6,47.8,CU_TO_DEV
1717469581.1300182,273,13.6,47.8,CU_TO_DEV
1717469590.999533,322,5.7,47.4,OCC_TO_CU
1717469591.0003042,322,0.0,47.4,OCC_TO_CU
1717469591.1385365,273,14.5,47.7,CU_TO_DEV
1717469591.138787,273,0.0,47.7,CU_TO_DEV
1717469601.0051522,322,4.3,47.5,OCC_TO_CU
1717469601.0065424,322,0.0,47.5,OCC_TO_CU
1717469601.1438801,273,14.8,47.7,CU_TO_DEV
1717469601.1439545,273,14.8,47.7,CU_TO_DEV
1717469611.0231926,322,4.1,47.5,OCC_TO_CU
1717469611.023858,322,0.0,47.5,OCC_TO_CU
1717469611.1494377,273,17.6,47.8,CU_TO_DEV
1717469611.1499152,273,0.0,47.8,CU_TO_DEV
1717469621.042522,322,3.4,47.6,OCC_TO_CU
1717469621.0548742,322,25.0,47.6,OCC_TO_CU
1717469621.1548033,273,32.5,47.8,CU_TO_DEV
1717469621.1552775,273,0.0,47.8,CU_TO_DEV
1717469624.7176988,154,4.2,47.7,OCC_TO_CU
1717469624.7572637,241,66.7,47.7,CU_TO_DEV
1717469624.757489,241,66.7,47.7,CU_TO_DEV
1717469631.0468721,322,4.1,47.7,OCC_TO_CU
1717469631.047555,322,0.0,47.7,OCC_TO_CU
1717469631.1614661,273,17.4,47.9,CU_TO_DEV
1717469631.1613543,273,17.4,47.9,CU_TO_DEV
1717469641.052927,322,5.1,47.6,OCC_TO_CU
1717469641.0535676,322,0.0,47.6,OCC_TO_CU
1717469641.166676,273,17.8,47.8,CU_TO_DEV
1717469641.1671314,273,0.0,47.8,CU_TO_DEV
1717469651.0779896,322,4.1,47.6,OCC_TO_CU
1717469651.078617,322,0.0,47.6,OCC_TO_CU
1717469651.1730528,273,18.9,47.9,CU_TO_DEV
1717469651.1731114,273,18.9,47.9,CU_TO_DEV
1717469661.0942128,322,3.9,47.7,OCC_TO_CU
1717469661.0948665,322,0.0,47.7,OCC_TO_CU
1717469661.1785057,273,24.2,48.0,CU_TO_DEV
1717469661.1790142,273,0.0,48.0,CU_TO_DEV
1717469671.08324,322,5.5,47.6,OCC_TO_CU
1717469671.123169,322,37.5,47.8,OCC_TO_CU
1717469671.184236,273,28.0,47.8,CU_TO_DEV
1717469671.1843998,273,28.0,47.8,CU_TO_DEV
1717469674.7764103,154,3.7,47.6,OCC_TO_CU
1717469674.7868214,241,50.0,47.6,CU_TO_DEV
1717469674.7874417,241,0.0,47.6,CU_TO_DEV
1717469681.1060255,322,7.6,47.5,OCC_TO_CU
1717469681.1066496,322,0.0,47.5,OCC_TO_CU
1717469681.191324,273,21.2,47.6,CU_TO_DEV
1717469681.191395,273,21.2,47.6,CU_TO_DEV
1717469691.1083524,322,3.8,47.5,OCC_TO_CU
1717469691.109042,322,100.0,47.5,OCC_TO_CU
1717469691.196608,273,22.9,47.7,CU_TO_DEV
1717469691.1968634,273,0.0,47.7,CU_TO_DEV
1717469701.12042,322,4.4,47.5,OCC_TO_CU
1717469701.1210926,322,100.0,47.5,OCC_TO_CU
1717469701.2019532,273,20.0,47.7,CU_TO_DEV
1717469701.202126,273,20.0,47.7,CU_TO_DEV
1717469711.131047,322,4.1,47.6,OCC_TO_CU
1717469711.131593,322,0.0,47.6,OCC_TO_CU
1717469711.2079434,273,20.7,47.7,CU_TO_DEV
1717469711.2076144,273,20.7,47.7,CU_TO_DEV
1717469721.1427433,322,3.9,47.6,OCC_TO_CU
1717469721.1434221,322,0.0,47.6,OCC_TO_CU
1717469721.2132418,273,28.6,47.8,CU_TO_DEV
1717469721.2133188,273,28.6,47.8,CU_TO_DEV
1717469725.255965,154,7.6,47.7,OCC_TO_CU
1717469725.4194841,241,10.8,47.8,CU_TO_DEV
1717469725.4195213,241,10.8,47.8,CU_TO_DEV
1717469731.1547377,322,3.7,47.6,OCC_TO_CU
1717469731.1553814,322,0.0,47.6,OCC_TO_CU
1717469731.2227955,273,28.6,47.8,CU_TO_DEV
1717469731.2228606,273,28.6,47.8,CU_TO_DEV
1717469741.1764636,322,3.8,47.6,OCC_TO_CU
1717469741.177108,322,100.0,47.6,OCC_TO_CU
1717469741.2287147,273,36.4,47.9,CU_TO_DEV
1717469741.2287765,273,36.4,47.9,CU_TO_DEV
1717469751.1810474,322,4.0,47.7,OCC_TO_CU
1717469751.1816728,322,0.0,47.7,OCC_TO_CU
1717469751.2343562,273,31.8,47.9,CU_TO_DEV
1717469751.2344205,273,31.8,47.9,CU_TO_DEV
1717469761.1868074,322,4.6,47.7,OCC_TO_CU
1717469761.2018738,322,42.9,47.7,OCC_TO_CU
1717469761.2405484,273,62.5,47.8,CU_TO_DEV
1717469761.2412152,273,0.0,47.8,CU_TO_DEV
1717469771.2067497,322,5.0,47.7,OCC_TO_CU
1717469771.2072575,322,0.0,47.7,OCC_TO_CU
1717469771.2471788,273,31.2,47.9,CU_TO_DEV
1717469771.2489498,273,0.0,47.9,CU_TO_DEV
1717469775.3237412,154,3.6,47.7,OCC_TO_CU
1717469775.4496753,241,14.0,47.9,CU_TO_DEV
1717469775.450975,241,0.0,47.9,CU_TO_DEV
1717469781.2053182,322,5.5,47.7,OCC_TO_CU
1717469781.2059803,322,0.0,47.7,OCC_TO_CU
1717469781.2562914,273,84.2,47.8,CU_TO_DEV
1717469781.25725,273,100.0,47.8,CU_TO_DEV
1717469791.2200878,322,4.1,47.6,OCC_TO_CU
1717469791.2206905,322,0.0,47.6,OCC_TO_CU
1717469791.262543,273,41.2,47.7,CU_TO_DEV
1717469791.262611,273,41.2,47.7,CU_TO_DEV
1717469801.2356498,322,4.1,47.5,OCC_TO_CU
1717469801.236285,322,0.0,47.5,OCC_TO_CU
1717469801.2688427,273,50.0,47.7,CU_TO_DEV
1717469801.2687435,273,50.0,47.7,CU_TO_DEV
1717469811.2404807,322,4.2,47.6,OCC_TO_CU
1717469811.241124,322,0.0,47.6,OCC_TO_CU
1717469811.2749183,273,42.9,47.7,CU_TO_DEV
1717469811.2746184,273,42.9,47.7,CU_TO_DEV
1717469821.2546356,322,4.7,47.6,OCC_TO_CU
1717469821.2554111,322,0.0,47.6,OCC_TO_CU
1717469821.2814484,273,50.0,47.6,CU_TO_DEV
1717469821.281386,273,50.0,47.6,CU_TO_DEV
1717469825.6067853,154,4.6,47.7,OCC_TO_CU
1717469825.6842227,241,25.8,47.8,CU_TO_DEV
1717469825.6851501,241,100.0,47.8,CU_TO_DEV
1717469831.2688112,322,4.3,47.7,OCC_TO_CU
1717469831.26962,322,0.0,47.7,OCC_TO_CU
1717469831.28803,273,33.3,47.8,CU_TO_DEV
1717469831.288186,273,33.3,47.8,CU_TO_DEV
1717469841.2862768,322,4.8,47.5,OCC_TO_CU
1717469841.2869315,322,0.0,47.5,OCC_TO_CU
1717469841.295111,273,50.0,47.5,CU_TO_DEV
1717469841.2956254,273,0.0,47.5,CU_TO_DEV
1717469851.2884626,322,4.3,47.6,OCC_TO_CU
1717469851.2891479,322,100.0,47.6,OCC_TO_CU
1717469851.3038414,273,0.0,47.6,CU_TO_DEV
1717469851.3035443,273,33.3,47.6,CU_TO_DEV
1717469861.305657,322,5.6,47.6,OCC_TO_CU
1717469861.306341,322,0.0,47.6,OCC_TO_CU
1717469861.3125074,273,0.0,47.6,CU_TO_DEV
1717469861.3125567,273,0.0,47.6,CU_TO_DEV
1717469871.313295,322,4.1,47.6,OCC_TO_CU
1717469871.3159943,322,0.0,47.6,OCC_TO_CU
1717469871.3177316,273,0.0,47.6,CU_TO_DEV
1717469871.3177924,273,0.0,47.6,CU_TO_DEV
1717469875.906231,154,5.0,47.7,OCC_TO_CU
1717469875.9213078,241,83.3,47.7,CU_TO_DEV
1717469875.9221945,241,0.0,47.7,CU_TO_DEV
1717469881.3236315,322,4.8,47.8,OCC_TO_CU
1717469881.32428,322,0.0,47.8,OCC_TO_CU
1717469881.327385,273,50.0,47.8,CU_TO_DEV
1717469881.3279083,273,0.0,47.8,CU_TO_DEV
1717469891.3336484,322,5.0,47.6,OCC_TO_CU
1717469891.3357224,322,0.0,47.6,OCC_TO_CU
1717469891.5333827,273,9.0,47.8,CU_TO_DEV
1717469891.5334594,273,9.0,47.8,CU_TO_DEV
1717469901.3608534,322,3.9,47.7,OCC_TO_CU
1717469901.3614864,322,0.0,47.7,OCC_TO_CU
1717469901.5389822,273,8.7,47.9,CU_TO_DEV
1717469901.539453,273,0.0,47.9,CU_TO_DEV
1717469911.3605552,322,5.4,47.6,OCC_TO_CU
1717469911.3613312,322,100.0,47.6,OCC_TO_CU
1717469911.5471137,273,58.9,47.8,CU_TO_DEV
1717469911.54769,273,0.0,47.8,CU_TO_DEV
1717469921.3760035,322,4.6,47.5,OCC_TO_CU
1717469921.3766365,322,100.0,47.5,OCC_TO_CU
1717469921.5528984,273,9.9,47.7,CU_TO_DEV
1717469921.552827,273,9.9,47.7,CU_TO_DEV
1717469926.0499659,154,4.7,47.6,OCC_TO_CU
1717469926.1565619,241,14.6,47.8,CU_TO_DEV
1717469926.1574352,241,0.0,47.8,CU_TO_DEV
1717469931.395752,322,4.3,47.6,OCC_TO_CU
1717469931.3963876,322,0.0,47.6,OCC_TO_CU
1717469931.5620816,273,10.6,47.7,CU_TO_DEV
1717469931.5624578,273,0.0,47.7,CU_TO_DEV
1717469941.4467356,322,4.2,47.6,OCC_TO_CU
1717469941.4474714,322,0.0,47.6,OCC_TO_CU
1717469941.5694878,273,16.3,47.8,CU_TO_DEV
1717469941.5699682,273,0.0,47.8,CU_TO_DEV
1717469951.4641511,322,4.0,47.6,OCC_TO_CU
1717469951.4648468,322,100.0,47.6,OCC_TO_CU
1717469951.5766344,273,21.7,47.8,CU_TO_DEV
1717469951.5767155,273,21.3,47.8,CU_TO_DEV
1717469961.4831474,322,5.0,47.6,OCC_TO_CU
1717469961.4837847,322,0.0,47.6,OCC_TO_CU
1717469961.5831373,273,25.6,47.8,CU_TO_DEV
1717469961.5830963,273,25.6,47.8,CU_TO_DEV
1717469971.506385,322,4.1,47.6,OCC_TO_CU
1717469971.5074382,322,0.0,47.6,OCC_TO_CU
1717469971.5896523,273,21.9,47.8,CU_TO_DEV
1717469971.5902066,273,0.0,47.8,CU_TO_DEV
1717469977.103581,154,4.3,47.7,OCC_TO_CU
1717469977.1937351,241,22.9,47.9,CU_TO_DEV
1717469977.1939714,241,0.0,47.9,CU_TO_DEV
1717469981.5069027,322,4.2,47.8,OCC_TO_CU
1717469981.5075452,322,0.0,47.8,OCC_TO_CU
1717469981.5970569,273,22.2,47.9,CU_TO_DEV
1717469981.5974092,273,0.0,47.9,CU_TO_DEV
1717469991.5286913,322,4.5,47.6,OCC_TO_CU
1717469991.529931,322,0.0,47.6,OCC_TO_CU
1717469991.6036985,273,26.7,47.8,CU_TO_DEV
1717469991.6043835,273,0.0,47.8,CU_TO_DEV
1717470001.5490832,322,5.7,47.5,OCC_TO_CU
1717470001.549604,322,0.0,47.5,OCC_TO_CU
1717470001.6153471,273,25.9,47.7,CU_TO_DEV
1717470001.6160715,273,0.0,47.7,CU_TO_DEV
1717470011.5699575,322,4.1,47.5,OCC_TO_CU
1717470011.5706153,322,0.0,47.5,OCC_TO_CU
1717470011.621868,273,30.0,47.7,CU_TO_DEV
1717470011.621663,273,30.0,47.7,CU_TO_DEV
1717470021.5910788,322,3.9,47.5,OCC_TO_CU
1717470021.591726,322,0.0,47.5,OCC_TO_CU
1717470021.6284847,273,38.5,47.7,CU_TO_DEV
1717470021.6283212,273,38.5,47.7,CU_TO_DEV
1717470027.2059047,154,4.5,47.6,OCC_TO_CU
1717470027.2329166,241,40.0,47.7,CU_TO_DEV
1717470027.232818,241,40.0,47.7,CU_TO_DEV
1717470031.6530793,322,4.0,47.7,OCC_TO_CU
1717470031.6551473,322,0.0,47.7,OCC_TO_CU
1717470031.836079,273,12.9,47.8,CU_TO_DEV
1717470031.8361363,273,12.9,47.8,CU_TO_DEV
1717470041.621065,322,4.8,47.6,OCC_TO_CU
1717470041.6218076,322,0.0,47.6,OCC_TO_CU
1717470041.6438975,273,28.6,47.6,CU_TO_DEV
1717470041.6444054,273,0.0,47.6,CU_TO_DEV
1717470051.635816,322,4.7,47.5,OCC_TO_CU
1717470051.6406035,322,66.7,47.5,OCC_TO_CU
1717470051.6525497,273,50.0,47.5,CU_TO_DEV
1717470051.6530042,273,100.0,47.5,CU_TO_DEV
1717470061.6556814,322,3.6,47.6,OCC_TO_CU
1717470061.6563566,322,0.0,47.6,OCC_TO_CU
1717470061.6581082,273,100.0,47.6,CU_TO_DEV
1717470061.6581461,273,100.0,47.6,CU_TO_DEV
1717470071.6934605,322,4.1,47.6,OCC_TO_CU
1717470071.6940796,322,0.0,47.6,OCC_TO_CU
1717470071.8652742,273,18.8,47.8,CU_TO_DEV
1717470071.8657622,273,18.8,47.8,CU_TO_DEV
1717470078.8414075,154,3.8,47.7,OCC_TO_CU
1717470078.8709142,241,90.9,47.9,CU_TO_DEV
1717470078.8719988,241,0.0,47.8,CU_TO_DEV
1717470081.6869261,322,4.5,47.8,OCC_TO_CU
1717470081.6875572,322,0.0,47.8,OCC_TO_CU
1717470081.8757608,273,21.5,47.9,CU_TO_DEV
1717470081.876145,273,21.5,47.9,CU_TO_DEV
1717470091.764535,322,5.9,47.5,OCC_TO_CU
1717470091.7707155,322,50.0,47.5,OCC_TO_CU
1717470091.8853307,273,95.7,47.6,CU_TO_DEV
1717470091.8861532,273,0.0,47.6,CU_TO_DEV
1717470101.7171335,322,4.5,47.5,OCC_TO_CU
1717470101.7178936,322,0.0,47.5,OCC_TO_CU
1717470101.8942006,273,23.3,47.7,CU_TO_DEV
1717470101.896415,273,0.0,47.7,CU_TO_DEV
1717470111.7296703,322,4.1,47.5,OCC_TO_CU
1717470111.7309031,322,0.0,47.5,OCC_TO_CU
1717470111.9021583,273,13.6,47.7,CU_TO_DEV
1717470111.902612,273,0.0,47.7,CU_TO_DEV
1717470121.7695923,322,4.1,47.6,OCC_TO_CU
1717470121.7706056,322,0.0,47.6,OCC_TO_CU
1717470121.909467,273,22.2,47.8,CU_TO_DEV
1717470121.9101434,273,0.0,47.8,CU_TO_DEV
1717470128.6251836,154,4.3,47.7,OCC_TO_CU
1717470128.7148519,241,14.7,47.8,CU_TO_DEV
1717470128.715119,241,0.0,47.8,CU_TO_DEV
1717470131.767432,322,4.1,47.7,OCC_TO_CU
1717470131.7680614,322,0.0,47.7,OCC_TO_CU
1717470131.9177868,273,16.7,47.8,CU_TO_DEV
1717470131.9185963,273,0.0,47.8,CU_TO_DEV
1717470141.8018134,322,5.2,47.6,OCC_TO_CU
1717470141.802625,322,0.0,47.6,OCC_TO_CU
1717470141.9261377,273,22.0,47.8,CU_TO_DEV
1717470141.9297569,273,50.0,47.8,CU_TO_DEV
1717470151.8223565,322,3.8,47.7,OCC_TO_CU
1717470151.82301,322,0.0,47.7,OCC_TO_CU
1717470151.932299,273,21.4,47.9,CU_TO_DEV
1717470151.9354734,273,0.0,47.9,CU_TO_DEV
1717470161.8290358,322,4.1,47.7,OCC_TO_CU
1717470161.82967,322,0.0,47.7,OCC_TO_CU
1717470161.9399903,273,20.9,47.9,CU_TO_DEV
1717470161.941624,273,100.0,47.9,CU_TO_DEV
1717470171.8368123,322,4.9,47.7,OCC_TO_CU
1717470171.839855,322,0.0,47.7,OCC_TO_CU
1717470171.9490628,273,95.5,47.9,CU_TO_DEV
1717470171.9597747,273,100.0,47.9,CU_TO_DEV
1717470178.7108297,154,4.6,47.7,OCC_TO_CU
1717470178.757611,241,42.9,47.8,CU_TO_DEV
1717470178.7658644,241,33.3,47.8,CU_TO_DEV
1717470181.8339195,322,7.9,47.6,OCC_TO_CU
1717470181.8344412,322,0.0,47.6,OCC_TO_CU
1717470181.9598813,273,21.6,47.7,CU_TO_DEV
1717470181.9683053,273,75.0,47.7,CU_TO_DEV
1717470191.8773866,322,4.6,47.6,OCC_TO_CU
1717470191.879457,322,0.0,47.6,OCC_TO_CU
1717470191.9679482,273,90.9,47.8,CU_TO_DEV
1717470191.9754345,273,100.0,47.8,CU_TO_DEV
1717470201.8583596,322,4.6,47.5,OCC_TO_CU
1717470201.8591094,322,0.0,47.5,OCC_TO_CU
1717470201.9800737,273,22.9,47.7,CU_TO_DEV
1717470201.985719,273,100.0,47.7,CU_TO_DEV
1717470211.908911,322,4.2,47.5,OCC_TO_CU
1717470211.9095092,322,0.0,47.5,OCC_TO_CU
1717470211.9865746,273,25.0,47.8,CU_TO_DEV
1717470211.9918118,273,66.7,47.8,CU_TO_DEV
1717470221.8934562,322,4.2,47.6,OCC_TO_CU
1717470221.8941977,322,0.0,47.6,OCC_TO_CU
1717470221.993979,273,25.6,47.8,CU_TO_DEV
1717470221.9986758,273,0.0,47.8,CU_TO_DEV
1717470229.1047091,154,6.0,47.6,OCC_TO_CU
1717470229.2025206,241,18.4,47.8,CU_TO_DEV
1717470229.2079456,241,0.0,47.8,CU_TO_DEV
1717470231.9049091,322,4.6,47.6,OCC_TO_CU
1717470231.9055345,322,0.0,47.6,OCC_TO_CU
1717470232.0047436,273,21.1,47.8,CU_TO_DEV
1717470232.009954,273,100.0,47.8,CU_TO_DEV
1717470241.9277518,322,4.2,47.6,OCC_TO_CU
1717470241.9284382,322,0.0,47.6,OCC_TO_CU
1717470242.0109274,273,35.3,47.8,CU_TO_DEV
1717470242.0170655,273,66.7,47.8,CU_TO_DEV
1717470251.9269445,322,4.8,47.6,OCC_TO_CU
1717470251.9274757,322,0.0,47.6,OCC_TO_CU
1717470252.0200808,273,30.0,47.8,CU_TO_DEV
1717470252.0255787,273,100.0,47.8,CU_TO_DEV
1717470261.9452443,322,4.4,47.6,OCC_TO_CU
1717470261.9458768,322,0.0,47.6,OCC_TO_CU
1717470262.029788,273,21.9,47.8,CU_TO_DEV
1717470262.0343094,273,100.0,47.8,CU_TO_DEV
1717470271.9634006,322,5.4,47.6,OCC_TO_CU
1717470271.9639232,322,0.0,47.6,OCC_TO_CU
1717470272.0373325,273,29.0,47.8,CU_TO_DEV
1717470272.0413797,273,100.0,47.8,CU_TO_DEV
1717470279.1859345,154,3.8,47.7,OCC_TO_CU
1717470279.2415526,241,31.8,47.9,CU_TO_DEV
1717470279.2451844,241,50.0,47.9,CU_TO_DEV
1717470281.9704082,322,4.1,47.7,OCC_TO_CU
1717470281.976729,322,50.0,47.7,OCC_TO_CU
1717470282.0441897,273,44.0,47.9,CU_TO_DEV
1717470282.047821,273,50.0,47.9,CU_TO_DEV
1717470291.9825182,322,4.2,47.7,OCC_TO_CU
1717470291.9832833,322,0.0,47.7,OCC_TO_CU
1717470292.0518014,273,92.6,47.8,CU_TO_DEV
1717470292.0596182,273,100.0,47.8,CU_TO_DEV
1717470302.0189016,322,5.1,47.6,OCC_TO_CU
1717470302.0199947,322,0.0,47.6,OCC_TO_CU
1717470302.0640128,273,47.1,47.7,CU_TO_DEV
1717470302.0693016,273,75.0,47.7,CU_TO_DEV
1717470312.0379775,322,3.9,47.6,OCC_TO_CU
1717470312.0391006,322,0.0,47.6,OCC_TO_CU
1717470312.0714574,273,58.3,47.7,CU_TO_DEV
1717470312.0793629,273,100.0,47.8,CU_TO_DEV
1717470322.0533433,322,5.2,47.6,OCC_TO_CU
1717470322.053858,322,0.0,47.6,OCC_TO_CU
1717470322.0817132,273,63.6,47.6,CU_TO_DEV
1717470322.0904007,273,75.0,47.7,CU_TO_DEV
1717470329.2641873,154,4.1,47.6,OCC_TO_CU
1717470329.2907925,241,45.5,47.7,CU_TO_DEV
1717470329.2957685,241,100.0,47.7,CU_TO_DEV
1717470332.0660157,322,6.8,47.7,OCC_TO_CU
1717470332.067109,322,0.0,47.7,OCC_TO_CU
1717470332.092991,273,72.7,47.7,CU_TO_DEV
1717470332.1003199,273,0.0,47.7,CU_TO_DEV
1717470342.0637136,322,4.0,47.5,OCC_TO_CU
1717470342.0645156,322,0.0,47.5,OCC_TO_CU
1717470342.1032298,273,62.5,47.7,CU_TO_DEV
1717470342.108316,273,100.0,47.7,CU_TO_DEV
1717470352.0866218,322,4.3,47.6,OCC_TO_CU
1717470352.0873344,322,0.0,47.6,OCC_TO_CU
1717470352.1121595,273,71.4,47.6,CU_TO_DEV
1717470352.1175988,273,80.0,47.6,CU_TO_DEV
1717470362.1118195,322,4.2,47.7,OCC_TO_CU
1717470362.112972,322,0.0,47.7,OCC_TO_CU
1717470362.124281,273,50.0,47.7,CU_TO_DEV
1717470362.1289518,273,100.0,47.7,CU_TO_DEV
1717470372.1159241,322,5.7,47.6,OCC_TO_CU
1717470372.1185625,322,0.0,47.6,OCC_TO_CU
1717470372.1321762,273,80.0,47.6,CU_TO_DEV
1717470372.134928,273,100.0,47.6,CU_TO_DEV
1717470379.3449643,154,5.2,47.7,OCC_TO_CU
1717470379.5402257,241,11.4,47.9,CU_TO_DEV
1717470379.5415525,241,100.0,47.9,CU_TO_DEV
1717470382.1113193,322,2.4,47.7,OCC_TO_CU
1717470382.112,322,0.0,47.7,OCC_TO_CU
1717470382.1422472,273,69.2,47.8,CU_TO_DEV
1717470382.1431715,273,0.0,47.8,CU_TO_DEV
1717470392.1914117,322,4.1,47.7,OCC_TO_CU
1717470392.1927245,322,0.0,47.7,OCC_TO_CU
1717470392.3498225,273,21.3,47.9,CU_TO_DEV
1717470392.350065,273,0.0,47.9,CU_TO_DEV
1717470402.1326919,322,3.8,47.7,OCC_TO_CU
1717470402.134675,322,0.0,47.7,OCC_TO_CU
1717470402.1558146,273,75.0,47.8,CU_TO_DEV
1717470402.1566346,273,100.0,47.8,CU_TO_DEV
1717470412.1756651,322,5.7,47.6,OCC_TO_CU
1717470412.1763096,322,0.0,47.6,OCC_TO_CU
1717470412.3650558,273,98.7,47.8,CU_TO_DEV
1717470412.3660252,273,0.0,47.8,CU_TO_DEV
1717470422.1789405,322,4.3,47.5,OCC_TO_CU
1717470422.1799188,322,0.0,47.5,OCC_TO_CU
1717470422.3712313,273,15.6,47.6,CU_TO_DEV
1717470422.3713107,273,15.6,47.6,CU_TO_DEV
1717470429.423486,154,4.6,47.5,OCC_TO_CU
1717470429.576819,241,16.1,47.7,CU_TO_DEV
1717470429.5769367,241,16.1,47.7,CU_TO_DEV
1717470432.17923,322,3.5,47.5,OCC_TO_CU
1717470432.1818578,322,0.0,47.5,OCC_TO_CU
1717470432.379736,273,12.8,47.7,CU_TO_DEV
1717470432.380192,273,0.0,47.7,CU_TO_DEV
1717470442.1887121,322,3.9,47.5,OCC_TO_CU
1717470442.1898508,322,0.0,47.5,OCC_TO_CU
1717470442.385921,273,16.5,47.7,CU_TO_DEV
1717470442.3863971,273,0.0,47.7,CU_TO_DEV
1717470452.2122598,322,4.2,47.6,OCC_TO_CU
1717470452.2270548,322,40.0,47.6,OCC_TO_CU
1717470452.391983,273,19.7,47.9,CU_TO_DEV
1717470452.3936262,273,0.0,47.9,CU_TO_DEV
1717470462.2016811,322,5.1,47.5,OCC_TO_CU
1717470462.2065785,322,66.7,47.5,OCC_TO_CU
1717470462.3987439,273,23.0,47.8,CU_TO_DEV
1717470462.4022815,273,0.0,47.8,CU_TO_DEV
1717470472.2248585,322,3.9,47.6,OCC_TO_CU
1717470472.227074,322,0.0,47.6,OCC_TO_CU
1717470472.4043663,273,12.9,47.8,CU_TO_DEV
1717470472.4075072,273,0.0,47.8,CU_TO_DEV
1717470479.2947123,154,4.1,47.7,OCC_TO_CU
1717470479.4088042,241,31.9,47.9,CU_TO_DEV
1717470479.4123065,241,0.0,47.9,CU_TO_DEV
1717470482.2422938,322,3.8,47.7,OCC_TO_CU
1717470482.243381,322,0.0,47.7,OCC_TO_CU
1717470482.410809,273,13.6,47.8,CU_TO_DEV
1717470482.4145799,273,0.0,47.8,CU_TO_DEV
1717470492.2531543,322,4.2,47.7,OCC_TO_CU
1717470492.2545881,322,0.0,47.7,OCC_TO_CU
1717470492.4170337,273,14.1,47.9,CU_TO_DEV
1717470492.4200366,273,0.0,47.9,CU_TO_DEV
1717470502.2694287,322,5.8,47.6,OCC_TO_CU
1717470502.2705781,322,0.0,47.6,OCC_TO_CU
1717470502.4268966,273,79.4,47.7,CU_TO_DEV
1717470502.4274492,273,0.0,47.7,CU_TO_DEV
1717470512.31259,322,4.1,47.5,OCC_TO_CU
1717470512.3137734,322,0.0,47.5,OCC_TO_CU
1717470512.4341886,273,16.7,47.7,CU_TO_DEV
1717470512.434102,273,16.7,47.7,CU_TO_DEV
1717470522.2990687,322,4.1,47.6,OCC_TO_CU
1717470522.2999353,322,0.0,47.6,OCC_TO_CU
1717470522.4406433,273,14.3,47.8,CU_TO_DEV
1717470522.4423695,273,0.0,47.8,CU_TO_DEV
1717470530.5074468,154,4.4,47.6,OCC_TO_CU
1717470530.6464145,241,11.1,47.8,CU_TO_DEV
1717470530.6470094,241,0.0,47.8,CU_TO_DEV
1717470532.3170664,322,5.7,47.7,OCC_TO_CU
1717470532.3182473,322,0.0,47.7,OCC_TO_CU
1717470532.44844,273,82.7,47.8,CU_TO_DEV
1717470532.448688,273,100.0,47.8,CU_TO_DEV
1717470542.337591,322,3.6,47.6,OCC_TO_CU
1717470542.3382044,322,0.0,47.6,OCC_TO_CU
1717470542.457437,273,20.0,47.8,CU_TO_DEV
1717470542.4574823,273,20.0,47.8,CU_TO_DEV
1717470552.3705409,322,5.1,47.5,OCC_TO_CU
1717470552.3712661,322,0.0,47.5,OCC_TO_CU
1717470552.463647,273,21.6,47.7,CU_TO_DEV
1717470552.464232,273,0.0,47.7,CU_TO_DEV
1717470562.3570058,322,4.0,47.6,OCC_TO_CU
1717470562.3581007,322,0.0,47.6,OCC_TO_CU
1717470562.471435,273,15.9,47.8,CU_TO_DEV
1717470562.4754865,273,0.0,47.8,CU_TO_DEV
1717470572.3610005,322,4.1,47.6,OCC_TO_CU
1717470572.3802898,322,50.0,47.7,OCC_TO_CU
1717470572.479765,273,25.6,47.9,CU_TO_DEV
1717470572.4812818,273,0.0,47.9,CU_TO_DEV
1717470580.2871418,154,4.9,47.7,OCC_TO_CU
1717470580.290458,241,100.0,47.7,CU_TO_DEV
1717470580.4870226,241,18.8,47.8,CU_TO_DEV
1717470582.3865192,322,3.3,47.6,OCC_TO_CU
1717470582.3870914,322,0.0,47.6,OCC_TO_CU
1717470582.488454,273,12.8,47.8,CU_TO_DEV
1717470582.49348,273,33.3,47.8,CU_TO_DEV
1717470592.4049194,322,5.5,47.6,OCC_TO_CU
1717470592.4064715,322,0.0,47.6,OCC_TO_CU
1717470592.4981806,273,17.1,47.8,CU_TO_DEV
1717470592.5038512,273,0.0,47.8,CU_TO_DEV
1717470602.410944,322,4.2,47.6,OCC_TO_CU
1717470602.4116747,322,0.0,47.6,OCC_TO_CU
1717470602.503264,273,24.3,47.8,CU_TO_DEV
1717470602.50949,273,50.0,47.8,CU_TO_DEV
1717470612.429146,322,4.7,47.5,OCC_TO_CU
1717470612.429868,322,0.0,47.5,OCC_TO_CU
1717470612.5096543,273,25.8,47.7,CU_TO_DEV
1717470612.5173864,273,25.0,47.7,CU_TO_DEV
1717470622.4249122,322,3.9,47.6,OCC_TO_CU
1717470622.4274833,322,0.0,47.6,OCC_TO_CU
1717470622.516028,273,15.2,47.8,CU_TO_DEV
1717470622.525706,273,25.0,47.8,CU_TO_DEV
1717470630.3505802,154,4.7,47.8,OCC_TO_CU
1717470630.5220594,241,15.9,47.9,CU_TO_DEV
1717470630.5328703,241,40.0,47.9,CU_TO_DEV
1717470632.4449155,322,4.1,47.7,OCC_TO_CU
1717470632.4456024,322,0.0,47.7,OCC_TO_CU
1717470632.523411,273,25.0,47.9,CU_TO_DEV
1717470632.5347507,273,25.0,47.9,CU_TO_DEV
1717470642.4534662,322,5.0,47.6,OCC_TO_CU
1717470642.4540935,322,0.0,47.6,OCC_TO_CU
1717470642.5291069,273,24.1,47.8,CU_TO_DEV
1717470642.5412521,273,20.0,47.8,CU_TO_DEV
1717470652.4636853,322,3.9,47.5,OCC_TO_CU
1717470652.4643378,322,0.0,47.5,OCC_TO_CU
1717470652.5370076,273,89.7,47.8,CU_TO_DEV
1717470652.5535328,273,100.0,47.8,CU_TO_DEV
1717470662.472876,322,4.6,47.5,OCC_TO_CU
1717470662.4841044,322,25.0,47.5,OCC_TO_CU
1717470662.542134,273,33.3,47.8,CU_TO_DEV
1717470662.562094,273,50.0,47.8,CU_TO_DEV
1717470672.50329,322,4.1,47.5,OCC_TO_CU
1717470672.5044618,322,0.0,47.5,OCC_TO_CU
1717470672.548094,273,41.2,47.7,CU_TO_DEV
1717470672.5673847,273,50.0,47.7,CU_TO_DEV
1717470681.9646883,154,3.8,47.5,OCC_TO_CU
1717470681.9726338,241,33.3,47.5,CU_TO_DEV
1717470682.1529028,241,12.9,47.7,CU_TO_DEV
1717470682.5190454,322,5.5,47.7,OCC_TO_CU
1717470682.5197113,322,0.0,47.7,OCC_TO_CU
1717470682.5537214,273,38.5,47.7,CU_TO_DEV
1717470682.5773737,273,70.0,47.8,CU_TO_DEV
1717470692.5230982,322,5.0,47.5,OCC_TO_CU
1717470692.5240092,322,0.0,47.5,OCC_TO_CU
1717470692.5587957,273,42.9,47.6,CU_TO_DEV
1717470692.5830374,273,40.0,47.7,CU_TO_DEV
1717470702.531941,322,3.9,47.5,OCC_TO_CU
1717470702.5325837,322,0.0,47.5,OCC_TO_CU
1717470702.5641735,273,25.0,47.6,CU_TO_DEV
1717470702.5898604,273,25.0,47.6,CU_TO_DEV
1717470712.5641584,322,4.7,47.6,OCC_TO_CU
1717470712.5648181,322,100.0,47.6,OCC_TO_CU
1717470712.5694973,273,0.0,47.6,CU_TO_DEV
1717470712.5951188,273,50.0,47.6,CU_TO_DEV
1717470722.563689,322,3.9,47.5,OCC_TO_CU
1717470722.5644536,322,0.0,47.5,OCC_TO_CU
1717470722.5755599,273,25.0,47.5,CU_TO_DEV
1717470722.600919,273,63.6,47.7,CU_TO_DEV
1717470732.0445337,154,5.2,47.6,OCC_TO_CU
1717470732.1813874,241,16.4,47.7,CU_TO_DEV
1717470732.2105255,241,25.0,47.7,CU_TO_DEV
1717470732.601911,322,4.5,47.7,OCC_TO_CU
1717470732.6025403,322,0.0,47.7,OCC_TO_CU
1717470732.6121016,273,25.0,47.7,CU_TO_DEV
1717470732.7821975,273,14.7,47.8,CU_TO_DEV
1717470742.5915706,322,4.9,47.5,OCC_TO_CU
1717470742.5921612,322,0.0,47.5,OCC_TO_CU
1717470742.6174924,273,40.0,47.5,CU_TO_DEV
1717470742.7871475,273,13.0,47.7,CU_TO_DEV
1717470752.6075134,322,3.9,47.5,OCC_TO_CU
1717470752.6082594,322,0.0,47.5,OCC_TO_CU
1717470752.6246886,273,42.9,47.5,CU_TO_DEV
1717470752.7920222,273,10.9,47.8,CU_TO_DEV
1717470762.6303577,322,4.0,47.5,OCC_TO_CU
1717470762.6311,322,0.0,47.5,OCC_TO_CU
1717470762.7981372,273,13.4,47.8,CU_TO_DEV
1717470762.8303025,273,16.7,47.8,CU_TO_DEV
1717470772.634318,322,3.6,47.6,OCC_TO_CU
1717470772.6350365,322,0.0,47.6,OCC_TO_CU
1717470772.6356447,273,0.0,47.6,CU_TO_DEV
1717470772.8030758,273,71.2,47.8,CU_TO_DEV
1717470772.8363695,273,15.4,47.8,CU_TO_DEV
1717470781.9155548,154,5.4,47.5,OCC_TO_CU
1717470782.012488,241,26.3,47.7,CU_TO_DEV
1717470782.0417557,241,25.0,47.7,CU_TO_DEV
1717470782.6991644,322,3.8,47.7,OCC_TO_CU
1717470782.6998374,322,0.0,47.7,OCC_TO_CU
1717470782.8135602,273,11.4,47.7,CU_TO_DEV
1717470782.8431306,273,25.0,47.7,CU_TO_DEV
1717470792.6630886,322,3.9,47.5,OCC_TO_CU
1717470792.6637464,322,0.0,47.5,OCC_TO_CU
1717470792.8184965,273,14.5,47.8,CU_TO_DEV
1717470792.8498206,273,28.6,47.8,CU_TO_DEV
1717470802.6742058,322,5.3,47.5,OCC_TO_CU
1717470802.6747262,322,0.0,47.5,OCC_TO_CU
1717470802.8255913,273,10.2,47.7,CU_TO_DEV
1717470802.857401,273,23.1,47.7,CU_TO_DEV
1717470812.6869204,322,3.8,47.5,OCC_TO_CU
1717470812.7008133,322,40.0,47.5,OCC_TO_CU
1717470812.830272,273,20.0,47.7,CU_TO_DEV
1717470812.8631868,273,23.1,47.7,CU_TO_DEV
1717470822.7016065,322,5.8,47.4,OCC_TO_CU
1717470822.702145,322,0.0,47.4,OCC_TO_CU
1717470822.8359892,273,11.3,47.6,CU_TO_DEV
1717470822.868205,273,28.6,47.6,CU_TO_DEV
1717470832.1996732,154,4.3,47.4,OCC_TO_CU
1717470832.2409487,241,37.5,47.6,CU_TO_DEV
1717470832.2743711,241,25.0,47.6,CU_TO_DEV
1717470832.7134836,322,5.7,47.6,OCC_TO_CU
1717470832.7309477,322,33.3,47.6,OCC_TO_CU
1717470832.8420048,273,22.2,47.6,CU_TO_DEV
1717470832.8754508,273,23.1,47.6,CU_TO_DEV
1717470842.722614,322,4.3,47.5,OCC_TO_CU
1717470842.7267702,322,0.0,47.5,OCC_TO_CU
1717470842.846847,273,18.4,47.7,CU_TO_DEV
1717470842.8850799,273,20.0,47.7,CU_TO_DEV
1717470852.7356355,322,4.3,47.6,OCC_TO_CU
1717470852.7363975,322,0.0,47.6,OCC_TO_CU
1717470852.8527434,273,15.6,47.8,CU_TO_DEV
1717470852.8897681,273,25.0,47.8,CU_TO_DEV
1717470862.7542617,322,4.1,47.6,OCC_TO_CU
1717470862.7550023,322,0.0,47.6,OCC_TO_CU
1717470862.8595183,273,21.4,47.8,CU_TO_DEV
1717470862.8983495,273,14.3,47.8,CU_TO_DEV
1717470872.778617,322,4.8,47.5,OCC_TO_CU
1717470872.7792685,322,0.0,47.5,OCC_TO_CU
1717470872.864901,273,15.6,47.7,CU_TO_DEV
1717470872.9032278,273,25.0,47.7,CU_TO_DEV
1717470882.0729983,154,4.0,47.6,OCC_TO_CU
1717470882.1084619,241,33.3,47.7,CU_TO_DEV
1717470882.2706928,241,12.1,47.8,CU_TO_DEV
1717470882.7793977,322,3.0,47.8,OCC_TO_CU
1717470882.7800446,322,0.0,47.8,OCC_TO_CU
1717470882.8714502,273,14.3,47.8,CU_TO_DEV
1717470882.910093,273,7.7,47.8,CU_TO_DEV
1717470892.7881927,322,4.0,47.7,OCC_TO_CU
1717470892.788859,322,100.0,47.7,OCC_TO_CU
1717470892.8775866,273,94.1,47.9,CU_TO_DEV
1717470892.9258199,273,90.5,47.9,CU_TO_DEV
1717470902.8647344,322,4.2,47.6,OCC_TO_CU
1717470902.8835523,273,62.5,47.6,CU_TO_DEV
1717470902.8928142,322,100.0,47.6,OCC_TO_CU
1717470902.9348478,273,100.0,47.7,CU_TO_DEV
1717470903.084681,273,63.2,47.7,CU_TO_DEV
1717470912.8363097,322,4.8,47.4,OCC_TO_CU
1717470912.836857,322,100.0,47.4,OCC_TO_CU
1717470912.8922222,273,22.7,47.6,CU_TO_DEV
1717470912.9539804,273,23.1,47.6,CU_TO_DEV
1717470922.842104,322,3.9,47.4,OCC_TO_CU
1717470922.8428812,322,0.0,47.4,OCC_TO_CU
1717470922.899425,273,28.6,47.6,CU_TO_DEV
1717470922.9592357,273,26.9,47.6,CU_TO_DEV
1717470932.0595167,154,4.4,47.5,OCC_TO_CU
1717470932.105756,241,42.1,47.6,CU_TO_DEV
1717470932.1651742,241,25.0,47.7,CU_TO_DEV
1717470932.8450165,322,2.2,47.7,OCC_TO_CU
1717470932.857503,322,25.0,47.7,OCC_TO_CU
1717470932.9072688,273,40.0,47.7,CU_TO_DEV
1717470932.9664161,273,18.2,47.7,CU_TO_DEV
1717470942.8586597,322,4.1,47.6,OCC_TO_CU
1717470942.8596022,322,0.0,47.6,OCC_TO_CU
1717470942.9125326,273,28.6,47.8,CU_TO_DEV
1717470942.971951,273,30.8,47.8,CU_TO_DEV
1717470952.874419,322,3.9,47.6,OCC_TO_CU
1717470952.8752537,322,0.0,47.6,OCC_TO_CU
1717470952.9186988,273,41.2,47.8,CU_TO_DEV
1717470952.9777875,273,18.2,47.8,CU_TO_DEV
1717470962.895463,322,5.0,47.6,OCC_TO_CU
1717470962.896359,322,0.0,47.6,OCC_TO_CU
1717470962.9244454,273,45.5,47.6,CU_TO_DEV
1717470962.9838226,273,30.4,47.7,CU_TO_DEV
1717470972.899016,322,3.9,47.6,OCC_TO_CU
1717470972.9089947,322,40.0,47.6,OCC_TO_CU
1717470972.930766,273,62.5,47.7,CU_TO_DEV
1717470972.9909492,273,39.1,47.8,CU_TO_DEV
1717470982.6323926,154,4.3,47.6,OCC_TO_CU
1717470982.7357187,241,22.5,47.8,CU_TO_DEV
1717470982.7982175,241,8.3,47.9,CU_TO_DEV
1717470982.913365,322,10.9,47.9,OCC_TO_CU
1717470982.9164655,322,0.0,47.9,OCC_TO_CU
1717470982.936562,273,50.0,47.9,CU_TO_DEV
1717470982.9991703,273,14.3,47.8,CU_TO_DEV
1717470992.926025,322,4.6,47.6,OCC_TO_CU
1717470992.9266546,322,0.0,47.6,OCC_TO_CU
1717470992.9429982,273,42.9,47.6,CU_TO_DEV
1717470993.0119987,273,100.0,47.8,CU_TO_DEV
1717471002.960201,322,5.7,47.5,OCC_TO_CU
1717471002.963277,322,50.0,47.5,OCC_TO_CU
1717471003.0180292,273,27.3,47.7,CU_TO_DEV
1717471003.1495323,273,13.7,47.7,CU_TO_DEV
1717471012.9502301,322,3.8,47.5,OCC_TO_CU
1717471012.9509943,322,0.0,47.5,OCC_TO_CU
1717471012.9543269,273,0.0,47.5,CU_TO_DEV
1717471013.0268657,273,96.6,47.7,CU_TO_DEV
1717471022.9636002,322,4.2,47.5,OCC_TO_CU
1717471022.964238,322,0.0,47.5,OCC_TO_CU
1717471023.0380595,273,26.7,47.7,CU_TO_DEV
1717471023.159005,273,18.8,47.7,CU_TO_DEV
1717471032.8191326,154,4.1,47.5,OCC_TO_CU
1717471032.845068,241,45.5,47.6,CU_TO_DEV
1717471032.9636626,241,17.4,47.7,CU_TO_DEV
1717471032.9795406,322,16.7,47.7,OCC_TO_CU
1717471032.982974,322,100.0,47.7,OCC_TO_CU
1717471033.0461686,273,28.0,47.7,CU_TO_DEV
1717471033.1642716,273,18.8,47.7,CU_TO_DEV
1717471042.991107,322,4.1,47.6,OCC_TO_CU
1717471042.991768,322,0.0,47.6,OCC_TO_CU
1717471043.0522408,273,34.6,47.8,CU_TO_DEV
1717471043.1705165,273,19.1,47.8,CU_TO_DEV
1717471052.9950294,322,4.8,47.5,OCC_TO_CU
1717471052.9956858,322,0.0,47.5,OCC_TO_CU
1717471053.058908,273,37.0,47.7,CU_TO_DEV
1717471053.176602,273,20.8,47.7,CU_TO_DEV
1717471063.0221233,322,4.0,47.6,OCC_TO_CU
1717471063.0228555,322,0.0,47.6,OCC_TO_CU
1717471063.0659287,273,47.4,47.8,CU_TO_DEV
1717471063.1831374,273,17.8,47.8,CU_TO_DEV
1717471073.0394294,322,4.6,47.5,OCC_TO_CU
1717471073.040151,322,0.0,47.5,OCC_TO_CU
1717471073.07292,273,38.5,47.6,CU_TO_DEV
1717471073.1880765,273,27.1,47.7,CU_TO_DEV
1717471082.8938468,154,4.0,47.6,OCC_TO_CU
1717471082.9930398,241,13.5,47.7,CU_TO_DEV
1717471083.0365481,322,23.5,47.7,OCC_TO_CU
1717471083.0375698,322,0.0,47.7,OCC_TO_CU
1717471083.0809495,273,35.3,47.7,CU_TO_DEV
1717471083.1939118,273,18.2,47.8,CU_TO_DEV
1717471093.0351765,322,5.8,47.5,OCC_TO_CU
1717471093.0357478,322,0.0,47.5,OCC_TO_CU
1717471093.0895948,273,30.4,47.6,CU_TO_DEV
1717471093.2024906,273,16.3,47.7,CU_TO_DEV
1717471103.057328,322,3.4,47.5,OCC_TO_CU
1717471103.0579689,322,0.0,47.5,OCC_TO_CU
1717471103.0953317,273,40.0,47.7,CU_TO_DEV
1717471103.208769,273,18.6,47.7,CU_TO_DEV
1717471113.0698326,322,3.9,47.5,OCC_TO_CU
1717471113.071029,322,0.0,47.5,OCC_TO_CU
1717471113.102284,273,46.2,47.6,CU_TO_DEV
1717471113.2138493,273,23.3,47.7,CU_TO_DEV
1717471123.0827906,322,3.8,47.5,OCC_TO_CU
1717471123.0834258,322,0.0,47.5,OCC_TO_CU
1717471123.1103134,273,50.0,47.6,CU_TO_DEV
1717471123.219816,273,25.6,47.8,CU_TO_DEV
1717471132.9733827,154,3.9,47.7,OCC_TO_CU
1717471133.0252697,241,30.0,47.8,CU_TO_DEV
1717471133.0999362,322,13.8,47.8,OCC_TO_CU
1717471133.1005325,322,0.0,47.8,OCC_TO_CU
1717471133.119283,273,57.1,47.8,CU_TO_DEV
1717471133.2260795,273,97.7,47.9,CU_TO_DEV
1717471143.100952,322,5.1,47.5,OCC_TO_CU
1717471143.102622,322,0.0,47.5,OCC_TO_CU
1717471143.1298974,273,36.4,47.5,CU_TO_DEV
1717471143.2353644,273,28.6,47.7,CU_TO_DEV
1717471153.1165442,322,4.3,47.5,OCC_TO_CU
1717471153.117236,322,50.0,47.5,OCC_TO_CU
1717471153.139697,273,42.9,47.5,CU_TO_DEV
1717471153.2408254,273,31.7,47.7,CU_TO_DEV
1717471163.144647,322,3.8,47.5,OCC_TO_CU
1717471163.1453965,322,0.0,47.5,OCC_TO_CU
1717471163.1471784,273,0.0,47.5,CU_TO_DEV
1717471163.2464423,273,35.7,47.7,CU_TO_DEV
1717471173.150334,322,3.6,47.5,OCC_TO_CU
1717471173.1528604,273,0.0,47.5,CU_TO_DEV
1717471173.1895363,322,42.9,47.7,OCC_TO_CU
1717471173.251413,273,47.8,47.7,CU_TO_DEV
1717471173.3535938,273,10.0,47.7,CU_TO_DEV
1717471182.8410068,154,3.7,47.6,OCC_TO_CU
1717471182.8561237,241,40.0,47.6,CU_TO_DEV
1717471182.963466,241,95.3,47.8,CU_TO_DEV
1717471183.1509047,322,93.4,47.8,OCC_TO_CU
1717471183.1517522,322,0.0,47.8,OCC_TO_CU
1717471183.1651359,273,40.0,47.7,CU_TO_DEV
1717471183.2571971,273,22.9,47.7,CU_TO_DEV
1717471193.1626298,322,3.9,47.5,OCC_TO_CU
1717471193.1632597,322,0.0,47.5,OCC_TO_CU
1717471193.1746056,273,50.0,47.5,CU_TO_DEV
1717471193.2628286,273,39.4,47.7,CU_TO_DEV
1717471203.1712322,322,3.8,47.5,OCC_TO_CU
1717471203.1768582,322,33.3,47.5,OCC_TO_CU
1717471203.1835787,273,50.0,47.5,CU_TO_DEV
1717471203.2686422,273,50.0,47.7,CU_TO_DEV
1717471213.206794,322,4.0,47.6,OCC_TO_CU
1717471213.2074363,322,0.0,47.6,OCC_TO_CU
1717471213.2746613,273,42.3,47.8,CU_TO_DEV
1717471213.390622,273,10.9,47.8,CU_TO_DEV
1717471223.1972847,322,3.6,47.6,OCC_TO_CU
1717471223.2300255,322,41.7,47.7,OCC_TO_CU
1717471223.2799456,273,47.1,47.8,CU_TO_DEV
1717471223.3959355,273,14.9,47.8,CU_TO_DEV
1717471232.8197796,154,6.0,47.5,OCC_TO_CU
1717471232.88697,241,33.3,47.7,CU_TO_DEV
1717471233.0052857,241,10.4,47.7,CU_TO_DEV
1717471233.22286,322,3.5,47.7,OCC_TO_CU
1717471233.2234228,322,0.0,47.7,OCC_TO_CU
1717471233.287905,273,25.0,47.7,CU_TO_DEV
1717471233.4058936,273,8.5,47.7,CU_TO_DEV
1717471243.2450411,322,4.1,47.5,OCC_TO_CU
1717471243.2457108,322,0.0,47.5,OCC_TO_CU
1717471243.293472,273,60.0,47.7,CU_TO_DEV
1717471243.4127896,273,14.6,47.8,CU_TO_DEV
1717471253.238899,322,3.9,47.6,OCC_TO_CU
1717471253.2394137,322,0.0,47.6,OCC_TO_CU
1717471253.2988298,273,31.8,47.8,CU_TO_DEV
1717471253.4178336,273,14.3,47.8,CU_TO_DEV
1717471263.2462666,322,4.4,47.5,OCC_TO_CU
1717471263.2467825,322,0.0,47.5,OCC_TO_CU
1717471263.3051775,273,44.0,47.7,CU_TO_DEV
1717471263.4231372,273,8.9,47.8,CU_TO_DEV
1717471273.260577,322,4.1,47.6,OCC_TO_CU
1717471273.261251,322,0.0,47.6,OCC_TO_CU
1717471273.3107505,273,41.2,47.8,CU_TO_DEV
1717471273.4303503,273,87.5,47.8,CU_TO_DEV
1717471282.9051256,154,5.3,47.5,OCC_TO_CU
1717471282.9170911,241,40.0,47.5,CU_TO_DEV
1717471283.0410488,241,18.8,47.7,CU_TO_DEV
1717471283.2706678,322,4.3,47.7,OCC_TO_CU
1717471283.2713392,322,0.0,47.7,OCC_TO_CU
1717471283.3182724,273,44.4,47.7,CU_TO_DEV
1717471283.441776,273,12.2,47.7,CU_TO_DEV
1717471293.2829084,322,4.0,47.5,OCC_TO_CU
1717471293.283566,322,0.0,47.5,OCC_TO_CU
1717471293.3246052,273,58.8,47.7,CU_TO_DEV
1717471293.4478028,273,14.6,47.7,CU_TO_DEV
1717471303.2949367,322,3.6,47.5,OCC_TO_CU
1717471303.3001442,322,0.0,47.5,OCC_TO_CU
1717471303.3305755,273,92.3,47.6,CU_TO_DEV
1717471303.4532106,273,31.9,47.7,CU_TO_DEV
1717471313.3060036,322,4.7,47.5,OCC_TO_CU
1717471313.327376,322,62.5,47.5,OCC_TO_CU
1717471313.3371158,273,66.7,47.6,CU_TO_DEV
1717471313.4607058,273,31.3,47.7,CU_TO_DEV
1717471323.3158677,322,4.8,47.5,OCC_TO_CU
1717471323.327113,322,25.0,47.5,OCC_TO_CU
1717471323.345363,273,71.4,47.5,CU_TO_DEV
1717471323.4668903,273,12.8,47.6,CU_TO_DEV
1717471332.9732661,154,4.1,47.5,OCC_TO_CU
1717471333.071968,241,20.0,47.8,CU_TO_DEV
1717471333.1507332,241,12.5,47.8,CU_TO_DEV
1717471333.333747,322,6.8,47.8,OCC_TO_CU
1717471333.334949,322,0.0,47.8,OCC_TO_CU
1717471333.35181,273,71.4,47.8,CU_TO_DEV
1717471333.4726074,273,18.4,47.8,CU_TO_DEV
1717471343.3505013,322,3.9,47.6,OCC_TO_CU
1717471343.3538098,322,50.0,47.6,OCC_TO_CU
1717471343.3584251,273,66.7,47.6,CU_TO_DEV
1717471343.478938,273,26.1,47.8,CU_TO_DEV
1717471353.3575892,322,4.0,47.6,OCC_TO_CU
1717471353.3607807,322,50.0,47.6,OCC_TO_CU
1717471353.364892,273,50.0,47.6,CU_TO_DEV
1717471353.4865463,273,27.7,47.9,CU_TO_DEV
1717471363.368598,322,4.0,47.7,OCC_TO_CU
1717471363.3714342,273,0.0,47.7,CU_TO_DEV
1717471363.3715906,322,0.0,47.7,OCC_TO_CU
1717471363.4969556,273,94.1,47.9,CU_TO_DEV
1717471363.5723739,273,41.4,47.8,CU_TO_DEV
1717471373.3957913,322,5.3,47.6,OCC_TO_CU
1717471373.3968606,322,100.0,47.6,OCC_TO_CU
1717471373.5063572,273,90.9,47.8,CU_TO_DEV
1717471373.5783165,273,37.0,47.7,CU_TO_DEV
1717471383.0516095,154,3.8,47.5,OCC_TO_CU
1717471383.1128068,241,29.2,47.7,CU_TO_DEV
1717471383.1832266,241,14.8,47.7,CU_TO_DEV
1717471383.3908172,322,6.2,47.7,OCC_TO_CU
1717471383.3939385,322,0.0,47.7,OCC_TO_CU
1717471383.5139878,273,18.4,47.7,CU_TO_DEV
1717471383.5842822,273,11.1,47.7,CU_TO_DEV
1717471393.4040134,322,5.0,47.4,OCC_TO_CU
1717471393.4070098,322,50.0,47.4,OCC_TO_CU
1717471393.5200145,273,14.0,47.6,CU_TO_DEV
1717471393.5892751,273,10.7,47.6,CU_TO_DEV
1717471403.4072871,322,4.0,47.5,OCC_TO_CU
1717471403.411469,322,0.0,47.5,OCC_TO_CU
1717471403.5296497,273,23.4,47.7,CU_TO_DEV
1717471403.5957499,273,8.0,47.7,CU_TO_DEV
1717471413.4289951,322,5.1,47.5,OCC_TO_CU
1717471413.429844,322,0.0,47.5,OCC_TO_CU
1717471413.5381615,273,20.5,47.7,CU_TO_DEV
1717471413.605046,273,17.9,47.7,CU_TO_DEV
1717471423.445207,322,4.4,47.5,OCC_TO_CU
1717471423.4461193,322,0.0,47.5,OCC_TO_CU
1717471423.5436451,273,23.7,47.7,CU_TO_DEV
1717471423.6098385,273,11.5,47.7,CU_TO_DEV
1717471433.1250608,154,4.3,47.5,OCC_TO_CU
1717471433.149318,241,44.4,47.6,CU_TO_DEV
1717471433.2144566,241,30.8,47.7,CU_TO_DEV
1717471433.4602306,322,10.0,47.7,OCC_TO_CU
1717471433.4611037,322,100.0,47.7,OCC_TO_CU
1717471433.5503871,273,14.7,47.8,CU_TO_DEV
1717471433.615371,273,12.0,47.8,CU_TO_DEV
1717471443.471526,322,4.3,47.6,OCC_TO_CU
1717471443.472449,322,0.0,47.6,OCC_TO_CU
1717471443.5567043,273,29.4,47.8,CU_TO_DEV
1717471443.620904,273,12.0,47.8,CU_TO_DEV
1717471453.4863229,322,4.0,47.7,OCC_TO_CU
1717471453.4872725,322,0.0,47.7,OCC_TO_CU
1717471453.562041,273,25.0,47.9,CU_TO_DEV
1717471453.6261187,273,92.0,47.9,CU_TO_DEV
1717471463.5008423,322,5.3,47.6,OCC_TO_CU
1717471463.5014713,322,0.0,47.6,OCC_TO_CU
1717471463.569406,273,24.0,47.8,CU_TO_DEV
1717471463.6342292,273,18.5,47.8,CU_TO_DEV
1717471473.5092237,322,5.0,47.5,OCC_TO_CU
1717471473.524419,322,40.0,47.5,OCC_TO_CU
1717471473.575619,273,40.0,47.7,CU_TO_DEV
1717471473.6396554,273,16.7,47.8,CU_TO_DEV
1717471483.20511,154,4.1,47.6,OCC_TO_CU
1717471483.2457325,241,40.0,47.7,CU_TO_DEV
1717471483.3855562,241,10.9,47.8,CU_TO_DEV
1717471483.5249097,322,12.7,47.8,OCC_TO_CU
1717471483.525628,322,0.0,47.8,OCC_TO_CU
1717471483.586322,273,20.8,47.8,CU_TO_DEV
1717471483.6466448,273,13.0,47.8,CU_TO_DEV
1717471493.5351365,322,5.2,47.5,OCC_TO_CU
1717471493.535798,322,0.0,47.5,OCC_TO_CU
1717471493.5932035,273,30.4,47.7,CU_TO_DEV
1717471493.6514482,273,13.0,47.7,CU_TO_DEV
1717471503.5519698,322,5.1,47.5,OCC_TO_CU
1717471503.552591,322,0.0,47.5,OCC_TO_CU
1717471503.6010466,273,23.5,47.7,CU_TO_DEV
1717471503.6580486,273,18.2,47.7,CU_TO_DEV
1717471513.5599055,322,3.8,47.5,OCC_TO_CU
1717471513.5797975,322,55.6,47.5,OCC_TO_CU
1717471513.6077669,273,50.0,47.7,CU_TO_DEV
1717471513.663009,273,31.8,47.7,CU_TO_DEV
1717471523.5832405,322,4.0,47.6,OCC_TO_CU
1717471523.5840185,322,0.0,47.6,OCC_TO_CU
1717471523.61362,273,45.5,47.6,CU_TO_DEV
1717471523.668019,273,34.8,47.8,CU_TO_DEV
1717471533.593251,322,4.2,47.6,OCC_TO_CU
1717471533.6065435,322,40.0,47.6,OCC_TO_CU
1717471533.6209266,273,71.4,47.7,CU_TO_DEV
1717471533.673156,273,42.1,47.8,CU_TO_DEV
1717471534.2087739,154,6.1,47.8,OCC_TO_CU
1717471534.2224867,241,40.0,47.8,CU_TO_DEV
1717471534.2745657,241,30.0,47.8,CU_TO_DEV
1717471543.5992415,322,3.7,47.7,OCC_TO_CU
1717471543.599886,322,0.0,47.7,OCC_TO_CU
1717471543.6277807,273,50.0,47.7,CU_TO_DEV
1717471543.6789875,273,33.3,47.8,CU_TO_DEV
1717471553.610917,322,4.9,47.6,OCC_TO_CU
1717471553.6115463,322,0.0,47.6,OCC_TO_CU
1717471553.6380875,273,72.7,47.6,CU_TO_DEV
1717471553.6847413,273,100.0,47.8,CU_TO_DEV
1717471563.630226,322,5.1,47.5,OCC_TO_CU
1717471563.6308262,322,0.0,47.5,OCC_TO_CU
1717471563.6439996,273,50.0,47.5,CU_TO_DEV
1717471563.6929286,273,42.1,47.6,CU_TO_DEV
1717471573.6409013,322,4.0,47.5,OCC_TO_CU
1717471573.6504405,273,25.0,47.5,CU_TO_DEV
1717471573.6543486,322,100.0,47.5,OCC_TO_CU
1717471573.69773,273,64.7,47.7,CU_TO_DEV
1717471573.85123,273,14.5,47.7,CU_TO_DEV
1717471583.6536622,322,5.5,47.5,OCC_TO_CU
1717471583.6572857,273,0.0,47.5,CU_TO_DEV
1717471583.6604013,322,0.0,47.5,OCC_TO_CU
1717471583.7025836,273,70.6,47.7,CU_TO_DEV
1717471583.8578534,273,14.1,47.7,CU_TO_DEV
1717471584.0725186,154,11.5,47.7,OCC_TO_CU
1717471584.1035304,241,38.5,47.7,CU_TO_DEV
1717471584.2585022,241,8.2,47.7,CU_TO_DEV
1717471593.6660984,322,4.6,47.6,OCC_TO_CU
1717471593.6667585,322,0.0,47.6,OCC_TO_CU
1717471593.6668537,273,0.0,47.6,CU_TO_DEV
1717471593.710238,273,41.2,47.8,CU_TO_DEV
1717471593.8675306,273,9.5,47.8,CU_TO_DEV
1717471603.6827967,322,3.7,47.6,OCC_TO_CU
1717471603.6838157,322,0.0,47.6,OCC_TO_CU
1717471603.7218645,273,80.0,47.6,CU_TO_DEV
1717471603.8729348,273,66.1,47.7,CU_TO_DEV
1717471613.7119212,322,3.8,47.5,OCC_TO_CU
1717471613.7139733,322,50.0,47.5,OCC_TO_CU
1717471613.7295527,273,40.0,47.5,CU_TO_DEV
1717471613.8794115,273,13.8,47.7,CU_TO_DEV
1717471623.7193964,322,4.6,47.6,OCC_TO_CU
1717471623.7200608,322,0.0,47.6,OCC_TO_CU
1717471623.7364466,273,57.1,47.6,CU_TO_DEV
1717471623.8858514,273,15.5,47.8,CU_TO_DEV
1717471633.7311218,322,4.4,47.6,OCC_TO_CU
1717471633.7317555,322,0.0,47.6,OCC_TO_CU
1717471633.745254,273,50.0,47.6,CU_TO_DEV
1717471633.8925316,273,14.5,47.9,CU_TO_DEV
1717471634.1491177,154,10.7,47.9,OCC_TO_CU
1717471634.2932565,241,8.9,47.9,CU_TO_DEV
1717471634.347632,241,36.4,47.9,CU_TO_DEV
1717471643.743381,322,5.7,47.5,OCC_TO_CU
1717471643.74401,322,0.0,47.5,OCC_TO_CU
1717471643.7527313,273,33.3,47.5,CU_TO_DEV
1717471643.9051182,273,91.8,47.7,CU_TO_DEV
1717471653.7598305,322,3.5,47.4,OCC_TO_CU
1717471653.7604928,322,0.0,47.4,OCC_TO_CU
1717471653.9117987,273,14.5,47.7,CU_TO_DEV
1717471653.9597354,273,15.8,47.7,CU_TO_DEV
1717471663.7765737,322,4.2,47.5,OCC_TO_CU
1717471663.7961068,322,50.0,47.5,OCC_TO_CU
1717471663.9187376,273,21.3,47.7,CU_TO_DEV
1717471663.9655461,273,25.0,47.7,CU_TO_DEV
1717471673.7959368,322,4.3,47.6,OCC_TO_CU
1717471673.7965796,322,0.0,47.6,OCC_TO_CU
1717471673.9269855,273,14.0,47.8,CU_TO_DEV
1717471673.970449,273,11.8,47.8,CU_TO_DEV
1717471683.7951872,322,5.1,47.5,OCC_TO_CU
1717471683.7957056,322,0.0,47.5,OCC_TO_CU
1717471683.933649,273,9.4,47.7,CU_TO_DEV
1717471683.9765751,273,16.7,47.7,CU_TO_DEV
1717471684.1204126,154,14.0,47.7,OCC_TO_CU
1717471684.1358168,241,57.1,47.7,CU_TO_DEV
1717471684.1774464,241,37.5,47.7,CU_TO_DEV
1717471693.8135793,322,3.7,47.5,OCC_TO_CU
1717471693.8142369,322,0.0,47.5,OCC_TO_CU
1717471693.9424407,273,14.0,47.7,CU_TO_DEV
1717471693.982447,273,18.8,47.8,CU_TO_DEV
1717471703.8135552,322,4.0,47.6,OCC_TO_CU
1717471703.81461,322,0.0,47.6,OCC_TO_CU
1717471703.9477723,273,13.5,47.8,CU_TO_DEV
1717471703.9881885,273,12.5,47.9,CU_TO_DEV
1717471713.8378375,322,4.3,47.7,OCC_TO_CU
1717471713.8384771,322,0.0,47.7,OCC_TO_CU
1717471713.953029,273,20.0,47.9,CU_TO_DEV
1717471713.9932456,273,12.5,47.9,CU_TO_DEV
1717471723.850242,322,4.4,47.6,OCC_TO_CU
1717471723.850899,322,0.0,47.6,OCC_TO_CU
1717471723.9603186,273,90.9,47.8,CU_TO_DEV
1717471724.0010545,273,66.7,47.8,CU_TO_DEV
1717471733.8598502,322,4.9,47.5,OCC_TO_CU
1717471733.8706586,322,0.0,47.5,OCC_TO_CU
1717471733.9660313,273,32.4,47.7,CU_TO_DEV
1717471734.0080519,273,17.6,47.7,CU_TO_DEV
1717471734.2301362,154,13.6,47.7,OCC_TO_CU
1717471734.3669147,241,18.5,47.7,CU_TO_DEV
1717471734.4088976,241,22.2,47.8,CU_TO_DEV
1717471743.8722894,322,3.8,47.5,OCC_TO_CU
1717471743.8786361,322,0.0,47.5,OCC_TO_CU
1717471743.9769664,273,87.8,47.7,CU_TO_DEV
1717471744.0140057,273,92.9,47.7,CU_TO_DEV
1717471753.905984,322,3.8,47.5,OCC_TO_CU
1717471753.9065194,322,0.0,47.5,OCC_TO_CU
1717471753.9822066,273,22.6,47.7,CU_TO_DEV
1717471754.020391,273,14.3,47.7,CU_TO_DEV
1717471763.9028919,322,4.1,47.5,OCC_TO_CU
1717471763.9035592,322,0.0,47.5,OCC_TO_CU
1717471763.9887958,273,28.6,47.7,CU_TO_DEV
1717471764.0253012,273,14.3,47.7,CU_TO_DEV
1717471773.912377,322,5.0,47.4,OCC_TO_CU
1717471773.9128919,322,0.0,47.4,OCC_TO_CU
1717471773.9978335,273,13.9,47.5,CU_TO_DEV
1717471774.030066,273,7.7,47.5,CU_TO_DEV
1717471783.9246297,322,3.9,47.5,OCC_TO_CU
1717471783.925306,322,0.0,47.5,OCC_TO_CU
1717471784.0038888,273,25.0,47.7,CU_TO_DEV
1717471784.0357745,273,10.0,47.7,CU_TO_DEV
1717471784.2800426,154,11.3,47.7,OCC_TO_CU
1717471784.4047623,241,16.7,47.8,CU_TO_DEV
1717471784.4367898,241,25.0,47.8,CU_TO_DEV
1717471794.0020595,322,3.3,47.6,OCC_TO_CU
1717471794.004125,322,0.0,47.6,OCC_TO_CU
1717471794.0098162,273,0.0,47.6,CU_TO_DEV
1717471794.0422666,273,61.5,47.7,CU_TO_DEV
1717471803.9447744,322,4.9,47.6,OCC_TO_CU
1717471803.9637513,322,44.4,47.5,OCC_TO_CU
1717471804.017164,273,36.8,47.7,CU_TO_DEV
1717471804.0506692,273,42.9,47.7,CU_TO_DEV
1717471813.96095,322,4.1,47.6,OCC_TO_CU
1717471813.9619756,322,0.0,47.6,OCC_TO_CU
1717471814.0230958,273,29.2,47.8,CU_TO_DEV
1717471814.056125,273,28.6,47.8,CU_TO_DEV
1717471823.9782689,322,4.8,47.5,OCC_TO_CU
1717471823.9792676,322,0.0,47.5,OCC_TO_CU
1717471824.028807,273,23.5,47.7,CU_TO_DEV
1717471824.0638604,273,42.9,47.7,CU_TO_DEV
1717471833.9903562,322,3.9,47.6,OCC_TO_CU
1717471834.0058517,322,57.1,47.6,OCC_TO_CU
1717471834.0367346,273,60.0,47.8,CU_TO_DEV
1717471834.0697885,273,38.5,47.8,CU_TO_DEV
1717471834.2520041,154,17.8,47.8,OCC_TO_CU
1717471834.2708864,241,57.1,47.8,CU_TO_DEV
1717471834.4376965,241,15.4,47.9,CU_TO_DEV
1717471844.009845,322,3.4,47.7,OCC_TO_CU
1717471844.0241103,322,40.0,47.7,OCC_TO_CU
1717471844.0456796,273,100.0,47.7,CU_TO_DEV
1717471844.0776932,273,100.0,47.8,CU_TO_DEV
1717471854.0214531,322,5.5,47.5,OCC_TO_CU
1717471854.0360322,322,50.0,47.5,OCC_TO_CU
1717471854.0511022,273,66.7,47.6,CU_TO_DEV
1717471854.087015,273,35.7,47.7,CU_TO_DEV
1717471864.0470786,322,5.3,47.5,OCC_TO_CU
1717471864.047591,322,0.0,47.5,OCC_TO_CU
1717471864.0580373,273,40.0,47.5,CU_TO_DEV
1717471864.0943813,273,57.1,47.7,CU_TO_DEV
1717471874.0561895,322,3.8,47.5,OCC_TO_CU
1717471874.0568445,322,100.0,47.5,OCC_TO_CU
1717471874.0643094,273,0.0,47.5,CU_TO_DEV
1717471874.0996583,273,53.8,47.7,CU_TO_DEV
1717471884.0579515,322,4.5,47.5,OCC_TO_CU
1717471884.0587292,322,0.0,47.5,OCC_TO_CU
1717471884.0707252,273,40.0,47.5,CU_TO_DEV
1717471884.1065083,273,60.0,47.7,CU_TO_DEV
1717471884.333234,154,21.3,47.7,OCC_TO_CU
1717471884.471731,241,17.0,47.7,CU_TO_DEV
1717471884.507527,241,21.4,47.7,CU_TO_DEV
1717471894.0673695,322,3.6,47.5,OCC_TO_CU
1717471894.0694418,322,0.0,47.5,OCC_TO_CU
1717471894.080405,273,50.0,47.5,CU_TO_DEV
1717471894.1122673,273,61.5,47.7,CU_TO_DEV
1717471904.0793624,322,3.9,47.5,OCC_TO_CU
1717471904.0799565,322,0.0,47.5,OCC_TO_CU
1717471904.0904996,273,50.0,47.5,CU_TO_DEV
1717471904.1174722,273,58.3,47.8,CU_TO_DEV
1717471914.0931423,322,5.2,47.6,OCC_TO_CU
1717471914.0974908,273,0.0,47.6,CU_TO_DEV
1717471914.099984,322,0.0,47.6,OCC_TO_CU
1717471914.1228738,273,77.8,47.6,CU_TO_DEV
1717471914.298316,273,29.2,47.7,CU_TO_DEV
1717471924.1186755,322,3.3,47.6,OCC_TO_CU
1717471924.1191742,322,0.0,47.6,OCC_TO_CU
1717471924.1300313,273,33.3,47.6,CU_TO_DEV
1717471924.3039997,273,18.6,47.9,CU_TO_DEV
1717471934.1309242,322,4.0,47.7,OCC_TO_CU
1717471934.131671,322,0.0,47.7,OCC_TO_CU
1717471934.1366878,273,50.0,47.7,CU_TO_DEV
1717471934.3108037,273,22.4,47.9,CU_TO_DEV
1717471934.4053707,154,36.8,47.9,OCC_TO_CU
1717471934.5117605,241,12.2,47.9,CU_TO_DEV
1717471934.5390136,241,27.3,47.9,CU_TO_DEV
1717471944.13795,322,4.4,47.7,OCC_TO_CU
1717471944.1412816,322,0.0,47.7,OCC_TO_CU
1717471944.1440551,273,0.0,47.7,CU_TO_DEV
1717471944.3181999,273,84.3,47.9,CU_TO_DEV
1717471954.1555893,322,5.2,47.6,OCC_TO_CU
1717471954.1605005,322,0.0,47.6,OCC_TO_CU
1717471954.3249764,273,15.4,47.8,CU_TO_DEV
1717471954.3531165,273,91.7,47.8,CU_TO_DEV
1717471964.1716313,322,4.7,47.5,OCC_TO_CU
1717471964.1722078,322,0.0,47.5,OCC_TO_CU
1717471964.3303444,273,14.1,47.7,CU_TO_DEV
1717471964.3607106,273,91.7,47.7,CU_TO_DEV
1717471974.1787941,322,4.8,47.5,OCC_TO_CU
1717471974.180129,322,0.0,47.5,OCC_TO_CU
1717471974.339219,273,14.1,47.6,CU_TO_DEV
1717471974.3682046,273,81.8,47.7,CU_TO_DEV
1717471984.2025325,322,3.7,47.5,OCC_TO_CU
1717471984.2030458,322,0.0,47.5,OCC_TO_CU
1717471984.345755,273,17.2,47.7,CU_TO_DEV
1717471984.373322,154,75.0,47.7,OCC_TO_CU
1717471984.3737974,273,0.0,47.7,CU_TO_DEV
1717471984.5464406,241,11.9,47.8,CU_TO_DEV
1717471984.5745826,241,25.0,47.8,CU_TO_DEV
1717471994.2138782,322,4.3,47.5,OCC_TO_CU
1717471994.2144887,322,0.0,47.5,OCC_TO_CU
1717471994.3516781,273,20.4,47.8,CU_TO_DEV
1717471994.3807282,273,81.8,47.8,CU_TO_DEV
1717472004.231038,322,4.9,47.6,OCC_TO_CU
1717472004.2316804,322,0.0,47.6,OCC_TO_CU
1717472004.3567839,273,24.0,47.8,CU_TO_DEV
1717472004.3872955,273,45.5,47.8,CU_TO_DEV
1717472014.2357743,322,3.7,47.6,OCC_TO_CU
1717472014.2364545,322,0.0,47.6,OCC_TO_CU
1717472014.362252,273,25.5,47.8,CU_TO_DEV
1717472014.39301,273,46.2,47.8,CU_TO_DEV
1717472024.2562869,322,4.2,47.6,OCC_TO_CU
1717472024.2569366,322,0.0,47.6,OCC_TO_CU
1717472024.367068,273,30.4,47.9,CU_TO_DEV
1717472024.3990355,273,46.2,47.9,CU_TO_DEV
1717472034.263903,322,4.4,47.7,OCC_TO_CU
1717472034.2645338,322,0.0,47.7,OCC_TO_CU
1717472034.3731322,273,27.9,47.9,CU_TO_DEV
1717472034.4073687,273,25.0,47.9,CU_TO_DEV
1717472034.4542456,154,52.9,47.9,OCC_TO_CU
1717472034.57385,241,16.7,47.9,CU_TO_DEV
1717472034.6084564,241,26.7,48.0,CU_TO_DEV
1717472044.273224,322,5.6,47.6,OCC_TO_CU
1717472044.273865,322,0.0,47.6,OCC_TO_CU
1717472044.3836353,273,90.7,47.8,CU_TO_DEV
1717472044.420169,273,78.6,47.8,CU_TO_DEV
1717472054.2928746,322,4.0,47.5,OCC_TO_CU
1717472054.2936156,322,0.0,47.5,OCC_TO_CU
1717472054.388416,273,33.3,47.7,CU_TO_DEV
1717472054.4253895,273,21.4,47.7,CU_TO_DEV
1717472064.300983,322,4.0,47.5,OCC_TO_CU
1717472064.307743,322,0.0,47.5,OCC_TO_CU
1717472064.3933313,273,58.8,47.8,CU_TO_DEV
1717472064.4303942,273,26.7,47.8,CU_TO_DEV
1717472074.3250918,322,3.4,47.5,OCC_TO_CU
1717472074.3261673,322,0.0,47.5,OCC_TO_CU
1717472074.399397,273,33.3,47.8,CU_TO_DEV
1717472074.4351878,273,33.3,47.8,CU_TO_DEV
1717472084.3362207,322,3.9,47.7,OCC_TO_CU
1717472084.3369424,322,100.0,47.7,OCC_TO_CU
1717472084.404359,273,37.0,47.9,CU_TO_DEV
1717472084.4327993,154,38.5,47.9,OCC_TO_CU
1717472084.4404519,241,0.0,47.9,CU_TO_DEV
1717472084.6052449,241,26.2,47.9,CU_TO_DEV
1717472094.3494296,322,5.8,47.5,OCC_TO_CU
1717472094.3501532,322,0.0,47.5,OCC_TO_CU
1717472094.4156728,273,28.0,47.7,CU_TO_DEV
1717472094.4474473,273,18.2,47.7,CU_TO_DEV
1717472104.3570502,322,4.2,47.5,OCC_TO_CU
1717472104.373235,322,50.0,47.6,OCC_TO_CU
1717472104.4221606,273,42.1,47.8,CU_TO_DEV
1717472104.4522817,273,36.4,47.8,CU_TO_DEV
1717472114.3717566,322,3.7,47.6,OCC_TO_CU
1717472114.3735778,322,0.0,47.6,OCC_TO_CU
1717472114.4278684,273,31.8,47.8,CU_TO_DEV
1717472114.457581,273,36.4,47.8,CU_TO_DEV
1717472124.3878894,322,4.6,47.5,OCC_TO_CU
1717472124.3884797,322,0.0,47.5,OCC_TO_CU
1717472124.434466,273,27.8,47.8,CU_TO_DEV
1717472124.462465,273,38.5,47.8,CU_TO_DEV
1717472134.3984358,322,5.2,47.5,OCC_TO_CU
1717472134.3990145,322,0.0,47.5,OCC_TO_CU
1717472134.44126,273,38.9,47.8,CU_TO_DEV
1717472134.4669452,273,36.4,47.8,CU_TO_DEV
1717472134.4704027,154,0.0,47.8,OCC_TO_CU
1717472134.6420093,241,24.3,47.8,CU_TO_DEV
1717472134.6677825,241,12.5,47.8,CU_TO_DEV
1717472144.4091067,322,3.5,47.5,OCC_TO_CU
1717472144.4110718,322,0.0,47.5,OCC_TO_CU
1717472144.4502833,273,80.0,47.7,CU_TO_DEV
1717472144.4729738,273,100.0,47.8,CU_TO_DEV
1717472154.4321928,322,4.9,47.6,OCC_TO_CU
1717472154.432882,322,0.0,47.6,OCC_TO_CU
1717472154.4561913,273,50.0,47.6,CU_TO_DEV
1717472154.4778097,273,55.6,47.7,CU_TO_DEV
1717472164.4479609,322,3.8,47.6,OCC_TO_CU
1717472164.448632,322,100.0,47.6,OCC_TO_CU
1717472164.4627728,273,50.0,47.6,CU_TO_DEV
1717472164.4847987,273,55.6,47.7,CU_TO_DEV
1717472174.454085,322,3.9,47.6,OCC_TO_CU
1717472174.4547246,322,0.0,47.6,OCC_TO_CU
1717472174.4684258,273,50.0,47.7,CU_TO_DEV
1717472174.490794,273,62.5,47.8,CU_TO_DEV
1717472184.4630556,322,4.8,47.6,OCC_TO_CU
1717472184.4636831,322,0.0,47.6,OCC_TO_CU
1717472184.4753277,273,50.0,47.6,CU_TO_DEV
1717472184.496713,273,60.0,47.7,CU_TO_DEV
1717472184.5211294,154,55.6,47.8,OCC_TO_CU
1717472184.6761246,241,29.5,47.8,CU_TO_DEV
1717472184.697717,241,33.3,47.8,CU_TO_DEV
1717472194.484731,322,3.8,47.6,OCC_TO_CU
1717472194.4852529,322,0.0,47.6,OCC_TO_CU
1717472194.501968,273,33.3,47.7,CU_TO_DEV
1717472194.6807828,273,23.3,47.8,CU_TO_DEV
1717472204.497584,322,4.4,47.6,OCC_TO_CU
1717472204.4982474,322,0.0,47.6,OCC_TO_CU
1717472204.508918,273,40.0,47.6,CU_TO_DEV
1717472204.6879086,273,18.8,47.8,CU_TO_DEV
1717472214.515259,322,4.6,47.6,OCC_TO_CU
1717472214.5157883,322,0.0,47.6,OCC_TO_CU
1717472214.6928062,273,18.3,47.8,CU_TO_DEV
1717472214.7135813,273,25.0,47.8,CU_TO_DEV
1717472224.5155177,322,3.7,47.6,OCC_TO_CU
1717472224.5169265,322,0.0,47.6,OCC_TO_CU
1717472224.5194793,273,0.0,47.6,CU_TO_DEV
1717472224.6988528,273,93.0,47.8,CU_TO_DEV
1717472234.5300734,322,3.6,47.5,OCC_TO_CU
1717472234.530732,322,0.0,47.5,OCC_TO_CU
1717472234.5583053,154,45.5,47.6,OCC_TO_CU
1717472234.7045672,241,31.0,47.7,CU_TO_DEV
1717472234.7254987,241,37.5,47.8,CU_TO_DEV
1717472244.5385232,322,3.9,47.6,OCC_TO_CU
1717472244.5492253,322,40.0,47.6,OCC_TO_CU
1717472244.7124913,273,74.6,47.8,CU_TO_DEV
1717472244.731922,273,100.0,47.8,CU_TO_DEV
1717472254.5620842,322,3.9,47.6,OCC_TO_CU
1717472254.5662403,322,0.0,47.6,OCC_TO_CU
1717472254.7174253,273,29.3,47.8,CU_TO_DEV
1717472254.7409487,273,25.0,47.8,CU_TO_DEV
1717472264.566733,322,3.5,47.6,OCC_TO_CU
1717472264.5675907,322,0.0,47.6,OCC_TO_CU
1717472264.7228167,273,26.2,47.8,CU_TO_DEV
1717472264.7466679,273,40.0,47.8,CU_TO_DEV
1717472274.596195,322,4.9,47.5,OCC_TO_CU
1717472274.596686,322,100.0,47.5,OCC_TO_CU
1717472274.7292206,273,24.0,47.8,CU_TO_DEV
1717472274.7515802,273,22.2,47.8,CU_TO_DEV
1717472284.6044352,322,4.6,47.5,OCC_TO_CU
1717472284.605004,322,100.0,47.5,OCC_TO_CU
1717472284.619064,154,40.0,47.5,OCC_TO_CU
1717472284.7375383,241,32.6,47.7,CU_TO_DEV
1717472284.7607281,241,20.0,47.7,CU_TO_DEV
1717472294.6107924,322,3.8,47.5,OCC_TO_CU
1717472294.611439,322,0.0,47.5,OCC_TO_CU
1717472294.743485,273,33.3,47.7,CU_TO_DEV
1717472294.765252,273,25.0,47.7,CU_TO_DEV
1717472304.6200979,322,3.6,47.6,OCC_TO_CU
1717472304.620702,322,100.0,47.6,OCC_TO_CU
1717472304.7489264,273,29.8,47.8,CU_TO_DEV
1717472304.7700937,273,44.4,47.8,CU_TO_DEV
1717472314.624892,322,3.2,47.6,OCC_TO_CU
1717472314.626915,322,0.0,47.6,OCC_TO_CU
1717472314.7540865,273,27.1,47.8,CU_TO_DEV
1717472314.7744334,273,28.6,47.8,CU_TO_DEV
1717472324.6666896,322,4.5,47.6,OCC_TO_CU
1717472324.6697302,322,0.0,47.6,OCC_TO_CU
1717472324.7593727,273,48.6,47.8,CU_TO_DEV
1717472324.7793314,273,44.4,47.8,CU_TO_DEV
1717472334.6575844,322,3.9,47.6,OCC_TO_CU
1717472334.6775053,322,57.1,47.7,OCC_TO_CU
1717472334.7647917,273,97.2,47.8,CU_TO_DEV
1717472334.7840743,273,85.7,47.8,CU_TO_DEV
1717472335.801162,154,11.7,47.9,OCC_TO_CU
1717472335.9665122,241,19.4,47.9,CU_TO_DEV
1717472335.9858773,241,14.3,47.9,CU_TO_DEV
1717472344.6727178,322,3.8,47.6,OCC_TO_CU
1717472344.6735306,322,0.0,47.6,OCC_TO_CU
1717472344.771373,273,89.7,47.8,CU_TO_DEV
1717472344.7898233,273,100.0,47.8,CU_TO_DEV
1717472354.6951158,322,4.3,47.6,OCC_TO_CU
1717472354.6960952,322,0.0,47.6,OCC_TO_CU
1717472354.7783797,273,54.5,47.7,CU_TO_DEV
1717472354.7991095,273,37.5,47.7,CU_TO_DEV
1717472364.696206,322,4.5,47.5,OCC_TO_CU
1717472364.6968853,322,50.0,47.5,OCC_TO_CU
1717472364.7861433,273,26.5,47.7,CU_TO_DEV
1717472364.8082874,273,25.0,47.7,CU_TO_DEV
1717472374.7164934,322,4.8,47.5,OCC_TO_CU
1717472374.7173154,322,0.0,47.5,OCC_TO_CU
1717472374.7927184,273,39.3,47.7,CU_TO_DEV
1717472374.814839,273,22.2,47.7,CU_TO_DEV
1717472384.7266898,322,3.9,47.5,OCC_TO_CU
1717472384.7275357,322,0.0,47.5,OCC_TO_CU
1717472384.798382,273,44.8,47.7,CU_TO_DEV
1717472384.8202708,273,22.2,47.7,CU_TO_DEV
1717472385.5059795,154,6.9,47.7,OCC_TO_CU
1717472385.5997925,241,16.2,47.7,CU_TO_DEV
1717472385.6216323,241,25.0,47.7,CU_TO_DEV
1717472394.7324018,322,4.2,47.6,OCC_TO_CU
1717472394.733241,322,0.0,47.6,OCC_TO_CU
1717472394.805342,273,39.3,47.7,CU_TO_DEV
1717472394.827029,273,44.4,47.8,CU_TO_DEV
1717472404.7432837,322,4.0,47.6,OCC_TO_CU
1717472404.7520902,322,0.0,47.6,OCC_TO_CU
1717472404.8134596,273,61.5,47.8,CU_TO_DEV
1717472404.8327062,273,57.1,47.8,CU_TO_DEV
1717472414.774803,322,4.7,47.6,OCC_TO_CU
1717472414.775805,322,0.0,47.6,OCC_TO_CU
1717472414.8214967,273,55.0,47.8,CU_TO_DEV
1717472414.8407383,273,55.6,47.8,CU_TO_DEV
1717472424.7489736,322,3.8,47.6,OCC_TO_CU
1717472424.7496145,322,0.0,47.6,OCC_TO_CU
1717472424.8270984,273,25.9,47.8,CU_TO_DEV
1717472424.8466976,273,44.4,47.8,CU_TO_DEV
1717472434.7007227,322,4.1,47.7,OCC_TO_CU
1717472434.7013714,322,0.0,47.7,OCC_TO_CU
1717472434.8338509,273,24.5,47.9,CU_TO_DEV
1717472434.8512669,273,28.6,47.9,CU_TO_DEV
1717472435.5042603,154,7.2,47.9,OCC_TO_CU
1717472435.6346676,241,13.2,47.9,CU_TO_DEV
1717472435.6522248,241,28.6,47.9,CU_TO_DEV
1717472444.6811035,322,3.9,47.8,OCC_TO_CU
1717472444.681719,322,0.0,47.8,OCC_TO_CU
1717472444.8411007,273,88.9,47.9,CU_TO_DEV
1717472444.856248,273,50.0,47.9,CU_TO_DEV
1717472454.712939,322,5.5,47.6,OCC_TO_CU
1717472454.7134697,322,0.0,47.6,OCC_TO_CU
1717472454.8457277,273,15.7,47.7,CU_TO_DEV
1717472454.862245,273,33.3,47.7,CU_TO_DEV
1717472464.682856,322,4.3,47.4,OCC_TO_CU
1717472464.6836932,322,0.0,47.4,OCC_TO_CU
1717472464.84993,273,12.5,47.7,CU_TO_DEV
1717472464.8663337,273,37.5,47.7,CU_TO_DEV
1717472474.6980603,322,3.7,47.5,OCC_TO_CU
1717472474.7058892,322,0.0,47.5,OCC_TO_CU
1717472474.8542337,273,29.1,47.7,CU_TO_DEV
1717472474.8702035,273,16.7,47.7,CU_TO_DEV
1717472484.6888356,322,3.8,47.5,OCC_TO_CU
1717472484.6930223,322,50.0,47.5,OCC_TO_CU
1717472484.8587444,273,16.9,47.7,CU_TO_DEV
1717472484.874065,273,33.3,47.7,CU_TO_DEV
1717472485.4509158,154,9.6,47.7,OCC_TO_CU
1717472485.4595144,241,0.0,47.7,CU_TO_DEV
1717472485.475069,241,57.1,47.7,CU_TO_DEV
1717472494.6926484,322,4.2,47.6,OCC_TO_CU
1717472494.6957722,322,0.0,47.6,OCC_TO_CU
1717472494.864042,273,16.7,47.8,CU_TO_DEV
1717472494.8794043,273,33.3,47.8,CU_TO_DEV
1717472504.7014463,322,4.8,47.6,OCC_TO_CU
1717472504.7047257,322,50.0,47.6,OCC_TO_CU
1717472504.868917,273,19.0,47.8,CU_TO_DEV
1717472504.8880484,273,33.3,47.8,CU_TO_DEV
1717472514.7077854,322,4.2,47.6,OCC_TO_CU
1717472514.710828,322,100.0,47.6,OCC_TO_CU
1717472514.8750012,273,16.9,47.8,CU_TO_DEV
1717472514.895292,273,25.0,47.8,CU_TO_DEV
1717472524.730695,322,3.7,47.7,OCC_TO_CU
1717472524.7315178,322,0.0,47.7,OCC_TO_CU
1717472524.8797905,273,13.8,47.9,CU_TO_DEV
1717472524.9017766,273,25.0,47.9,CU_TO_DEV
1717472534.7234824,322,4.7,47.6,OCC_TO_CU
1717472534.7262218,322,0.0,47.6,OCC_TO_CU
1717472534.8836648,273,14.5,47.8,CU_TO_DEV
1717472534.9136927,273,9.1,47.8,CU_TO_DEV
1717472535.458827,154,7.8,47.8,OCC_TO_CU
1717472535.4847214,241,40.0,47.8,CU_TO_DEV
1717472535.51566,241,36.4,47.8,CU_TO_DEV
1717472544.733048,322,6.1,47.6,OCC_TO_CU
1717472544.734068,322,0.0,47.6,OCC_TO_CU
1717472544.8896506,273,11.5,47.7,CU_TO_DEV
1717472544.9273057,273,20.0,47.7,CU_TO_DEV
1717472554.7387166,322,3.7,47.5,OCC_TO_CU
1717472554.739594,322,0.0,47.5,OCC_TO_CU
1717472554.8940268,273,15.0,47.8,CU_TO_DEV
1717472554.9329045,273,20.0,47.8,CU_TO_DEV
1717472564.7398417,322,4.0,47.6,OCC_TO_CU
1717472564.740701,322,0.0,47.6,OCC_TO_CU
1717472564.8976662,273,13.1,47.8,CU_TO_DEV
1717472564.9395103,273,17.6,47.8,CU_TO_DEV
1717472574.7480595,322,4.1,47.6,OCC_TO_CU
1717472574.7489426,322,100.0,47.6,OCC_TO_CU
1717472574.9020648,273,13.3,47.8,CU_TO_DEV
1717472574.9457421,273,22.2,47.8,CU_TO_DEV
1717472584.7533,322,4.1,47.6,OCC_TO_CU
1717472584.7547169,322,0.0,47.6,OCC_TO_CU
1717472584.9098952,273,73.0,47.8,CU_TO_DEV
1717472584.9505816,273,17.6,47.8,CU_TO_DEV
1717472585.506998,154,6.3,47.9,OCC_TO_CU
1717472585.5105562,241,0.0,47.9,CU_TO_DEV
1717472585.551552,241,38.9,47.8,CU_TO_DEV
1717472594.7611158,322,4.9,47.5,OCC_TO_CU
1717472594.7620842,322,0.0,47.5,OCC_TO_CU
1717472594.918612,273,12.9,47.7,CU_TO_DEV
1717472594.9601755,273,12.5,47.7,CU_TO_DEV
1717472604.765734,322,4.2,47.5,OCC_TO_CU
1717472604.766697,322,0.0,47.5,OCC_TO_CU
1717472604.9258292,273,12.5,47.8,CU_TO_DEV
1717472604.9656289,273,27.8,47.8,CU_TO_DEV
1717472614.7912676,322,4.7,47.5,OCC_TO_CU
1717472614.7919488,322,0.0,47.5,OCC_TO_CU
1717472614.9369018,273,14.0,47.7,CU_TO_DEV
1717472614.9717097,273,15.4,47.7,CU_TO_DEV
1717472624.7848144,322,4.0,47.6,OCC_TO_CU
1717472624.7890685,322,0.0,47.6,OCC_TO_CU
1717472624.9425569,273,13.1,47.8,CU_TO_DEV
1717472624.9771824,273,31.3,47.8,CU_TO_DEV
1717472634.8164647,322,5.1,47.6,OCC_TO_CU
1717472634.8171551,322,0.0,47.6,OCC_TO_CU
1717472634.9534464,273,11.3,47.8,CU_TO_DEV
1717472634.9869106,273,26.7,47.8,CU_TO_DEV
1717472635.4475458,154,31.0,47.8,OCC_TO_CU
1717472635.5552235,241,13.3,47.8,CU_TO_DEV
1717472635.5879083,241,23.1,47.8,CU_TO_DEV
1717472644.850876,322,3.6,47.5,OCC_TO_CU
1717472644.8516707,322,0.0,47.5,OCC_TO_CU
1717472644.9649734,273,17.8,47.7,CU_TO_DEV
1717472644.9947727,273,30.8,47.7,CU_TO_DEV
1717472654.8502133,322,4.2,47.5,OCC_TO_CU
1717472654.8508604,322,0.0,47.5,OCC_TO_CU
1717472654.9748018,273,16.3,47.8,CU_TO_DEV
1717472655.0031931,273,36.4,47.8,CU_TO_DEV
1717472664.883371,322,4.0,47.6,OCC_TO_CU
1717472664.8985217,322,40.0,47.6,OCC_TO_CU
1717472664.9916975,273,28.6,47.8,CU_TO_DEV
1717472665.0103898,273,37.5,47.8,CU_TO_DEV
1717472674.8957531,322,4.3,47.6,OCC_TO_CU
1717472674.899019,322,0.0,47.6,OCC_TO_CU
1717472675.0038555,273,17.5,47.9,CU_TO_DEV
1717472675.0184107,273,57.1,47.9,CU_TO_DEV
1717472684.9048026,322,5.2,47.6,OCC_TO_CU
1717472684.9054492,322,0.0,47.6,OCC_TO_CU
1717472685.0132983,273,21.4,47.8,CU_TO_DEV
1717472685.0308633,273,33.3,47.8,CU_TO_DEV
1717472685.8499875,154,4.9,47.8,OCC_TO_CU
1717472686.0146062,241,32.3,47.9,CU_TO_DEV
1717472686.0320497,241,50.0,47.9,CU_TO_DEV
1717472694.9161868,322,4.3,47.5,OCC_TO_CU
1717472694.916845,322,100.0,47.5,OCC_TO_CU
1717472695.0223265,273,27.9,47.8,CU_TO_DEV
1717472695.0380461,273,33.3,47.8,CU_TO_DEV
1717472704.9216914,322,4.8,47.5,OCC_TO_CU
1717472704.922259,322,0.0,47.5,OCC_TO_CU
1717472705.0329745,273,22.7,47.8,CU_TO_DEV
1717472705.0461857,273,20.0,47.8,CU_TO_DEV
1717472714.9375691,322,3.8,47.6,OCC_TO_CU
1717472714.9381652,322,0.0,47.6,OCC_TO_CU
1717472715.0390885,273,30.0,47.8,CU_TO_DEV
1717472715.0538056,273,20.0,47.8,CU_TO_DEV
1717472724.960305,322,3.8,47.6,OCC_TO_CU
1717472724.961095,322,0.0,47.6,OCC_TO_CU
1717472725.0447032,273,40.6,47.8,CU_TO_DEV
1717472725.0597193,273,33.3,47.8,CU_TO_DEV
1717472734.9593778,322,4.7,47.6,OCC_TO_CU
1717472734.9604497,322,0.0,47.6,OCC_TO_CU
1717472735.0569644,273,92.7,47.8,CU_TO_DEV
1717472735.0653963,273,100.0,47.8,CU_TO_DEV
1717472736.4763956,154,11.1,47.7,OCC_TO_CU
1717472736.6598377,241,6.9,47.8,CU_TO_DEV
1717472736.668813,241,25.0,47.8,CU_TO_DEV
1717472744.9703498,322,3.4,47.6,OCC_TO_CU
1717472744.9709852,322,0.0,47.6,OCC_TO_CU
1717472745.064433,273,39.5,47.8,CU_TO_DEV
1717472745.0748525,273,40.0,47.8,CU_TO_DEV
1717472754.9754453,322,4.0,47.6,OCC_TO_CU
1717472754.987682,322,40.0,47.6,OCC_TO_CU
1717472755.0713127,273,54.5,47.8,CU_TO_DEV
1717472755.0847096,273,57.1,47.8,CU_TO_DEV
1717472764.9973142,322,3.6,47.7,OCC_TO_CU
1717472764.9991498,322,0.0,47.7,OCC_TO_CU
1717472765.0770156,273,33.3,47.9,CU_TO_DEV
1717472765.09063,273,33.3,47.9,CU_TO_DEV
1717472775.0028841,322,5.4,47.5,OCC_TO_CU
1717472775.0040517,322,0.0,47.5,OCC_TO_CU
1717472775.0893228,273,29.4,47.8,CU_TO_DEV
1717472775.0994139,273,25.0,47.8,CU_TO_DEV
1717472785.0211658,322,3.9,47.6,OCC_TO_CU
1717472785.0221639,322,0.0,47.6,OCC_TO_CU
1717472785.0949578,273,32.3,47.8,CU_TO_DEV
1717472785.1040602,273,33.3,47.8,CU_TO_DEV
1717472786.3446789,154,8.8,47.8,OCC_TO_CU
1717472786.49635,241,11.7,47.9,CU_TO_DEV
1717472786.5055058,241,25.0,47.9,CU_TO_DEV
1717472795.0171437,322,3.8,47.6,OCC_TO_CU
1717472795.022865,322,0.0,47.6,OCC_TO_CU
1717472795.1008182,273,25.8,47.8,CU_TO_DEV
1717472795.1096952,273,0.0,47.8,CU_TO_DEV
1717472805.032711,322,4.3,47.7,OCC_TO_CU
1717472805.0343304,322,0.0,47.7,OCC_TO_CU
1717472805.1062336,273,27.6,47.9,CU_TO_DEV
1717472805.1146708,273,33.3,47.9,CU_TO_DEV
1717472815.0362594,322,4.0,47.7,OCC_TO_CU
1717472815.0398211,322,50.0,47.7,OCC_TO_CU
1717472815.1115255,273,27.6,47.9,CU_TO_DEV
1717472815.1219316,273,0.0,47.9,CU_TO_DEV
1717472825.043974,322,5.1,47.7,OCC_TO_CU
1717472825.044836,322,0.0,47.7,OCC_TO_CU
1717472825.1209083,273,90.6,47.9,CU_TO_DEV
1717472825.1329923,273,100.0,47.9,CU_TO_DEV
1717472835.0669863,322,5.2,47.6,OCC_TO_CU
1717472835.0676308,322,0.0,47.6,OCC_TO_CU
1717472835.1264577,273,38.5,47.8,CU_TO_DEV
1717472835.1385064,273,25.0,47.8,CU_TO_DEV
1717472836.4049795,154,7.8,47.7,OCC_TO_CU
1717472836.5288463,241,10.4,47.8,CU_TO_DEV
1717472836.5398052,241,0.0,47.8,CU_TO_DEV
1717472845.0686393,322,3.8,47.5,OCC_TO_CU
1717472845.0693054,322,0.0,47.5,OCC_TO_CU
1717472845.134604,273,20.8,47.8,CU_TO_DEV
1717472845.1445827,273,50.0,47.8,CU_TO_DEV
1717472855.0759091,322,5.0,47.5,OCC_TO_CU
1717472855.0883915,322,0.0,47.5,OCC_TO_CU
1717472855.1407,273,45.0,47.7,CU_TO_DEV
1717472855.1537006,273,40.0,47.7,CU_TO_DEV
1717472865.0831163,322,5.1,47.5,OCC_TO_CU
1717472865.083697,322,0.0,47.5,OCC_TO_CU
1717472865.147927,273,26.9,47.7,CU_TO_DEV
1717472865.1616151,273,0.0,47.7,CU_TO_DEV
1717472875.0889184,322,3.8,47.5,OCC_TO_CU
1717472875.0895782,322,0.0,47.5,OCC_TO_CU
1717472875.1538706,273,20.8,47.7,CU_TO_DEV
1717472875.1677566,273,20.0,47.8,CU_TO_DEV
1717472885.0961378,322,4.0,47.6,OCC_TO_CU
1717472885.096795,322,100.0,47.6,OCC_TO_CU
1717472885.1603637,273,25.0,47.8,CU_TO_DEV
1717472885.1743333,273,42.9,47.8,CU_TO_DEV
1717472886.3616505,154,8.4,47.8,OCC_TO_CU
1717472886.3769696,241,57.1,47.8,CU_TO_DEV
1717472886.5622363,241,13.7,48.0,CU_TO_DEV
1717472895.1099312,322,3.8,47.7,OCC_TO_CU
1717472895.1133325,322,0.0,47.7,OCC_TO_CU
1717472895.1667786,273,28.6,47.9,CU_TO_DEV
1717472895.1819417,273,20.0,47.9,CU_TO_DEV
1717472905.117923,322,4.3,47.7,OCC_TO_CU
1717472905.1185343,322,0.0,47.7,OCC_TO_CU
1717472905.1734712,273,30.0,48.0,CU_TO_DEV
1717472905.1883223,273,33.3,48.0,CU_TO_DEV
1717472915.1230853,322,4.9,47.6,OCC_TO_CU
1717472915.1237154,322,0.0,47.6,OCC_TO_CU
1717472915.180471,273,23.8,47.9,CU_TO_DEV
1717472915.1959624,273,33.3,47.9,CU_TO_DEV
1717472925.1330001,322,3.7,47.7,OCC_TO_CU
1717472925.133642,322,0.0,47.7,OCC_TO_CU
1717472925.1884818,273,85.0,48.0,CU_TO_DEV
1717472925.2050266,273,100.0,48.0,CU_TO_DEV
1717472935.1591134,322,4.4,47.7,OCC_TO_CU
1717472935.1599014,322,0.0,47.7,OCC_TO_CU
1717472935.1942437,273,42.9,47.8,CU_TO_DEV
1717472935.2101512,273,50.0,47.9,CU_TO_DEV
1717472936.943552,154,11.5,47.8,OCC_TO_CU
1717472936.998841,241,33.3,47.9,CU_TO_DEV
1717472937.0123613,241,50.0,47.9,CU_TO_DEV
1717472945.1614738,322,3.8,47.6,OCC_TO_CU
1717472945.162054,322,0.0,47.6,OCC_TO_CU
1717472945.2032325,273,35.3,47.8,CU_TO_DEV
1717472945.218579,273,40.0,47.8,CU_TO_DEV
1717472955.1666882,322,5.4,47.5,OCC_TO_CU
1717472955.1672335,322,0.0,47.5,OCC_TO_CU
1717472955.213064,273,31.6,47.7,CU_TO_DEV
1717472955.2255235,273,50.0,47.7,CU_TO_DEV
1717472965.1656075,322,4.0,47.5,OCC_TO_CU
1717472965.1740081,322,33.3,47.5,OCC_TO_CU
1717472965.2200277,273,52.9,47.7,CU_TO_DEV
1717472965.2314074,273,0.0,47.7,CU_TO_DEV
1717472975.1946106,322,4.3,47.6,OCC_TO_CU
1717472975.1952062,322,0.0,47.6,OCC_TO_CU
1717472975.226919,273,33.3,47.7,CU_TO_DEV
1717472975.237123,273,66.7,47.8,CU_TO_DEV
1717472985.2248404,322,3.7,47.6,OCC_TO_CU
1717472985.2255907,322,0.0,47.6,OCC_TO_CU
1717472985.2360978,273,25.0,47.6,CU_TO_DEV
1717472985.2436483,273,100.0,47.6,CU_TO_DEV
1717472987.437275,154,6.5,47.7,OCC_TO_CU
1717472987.4414191,241,50.0,47.7,CU_TO_DEV
1717472987.448647,241,100.0,47.8,CU_TO_DEV
1717472995.2868893,322,4.1,47.7,OCC_TO_CU
1717472995.2875354,322,0.0,47.7,OCC_TO_CU
1717472995.4581625,273,11.9,47.9,CU_TO_DEV
1717472995.458436,273,0.0,47.9,CU_TO_DEV
1717473005.3113813,322,5.1,47.6,OCC_TO_CU
1717473005.3120253,322,0.0,47.6,OCC_TO_CU
1717473005.4675333,273,11.7,47.9,CU_TO_DEV
1717473005.467377,273,11.7,47.9,CU_TO_DEV
1717473015.3504522,322,3.8,47.7,OCC_TO_CU
1717473015.3739567,322,50.0,47.8,OCC_TO_CU
1717473015.4738698,273,22.5,47.9,CU_TO_DEV
1717473015.473787,273,22.5,47.9,CU_TO_DEV
1717473025.349831,322,4.5,47.6,OCC_TO_CU
1717473025.3511257,322,0.0,47.6,OCC_TO_CU
1717473025.4797177,273,18.0,47.8,CU_TO_DEV
1717473025.4799614,273,0.0,47.8,CU_TO_DEV
1717473035.3625166,322,4.8,47.6,OCC_TO_CU
1717473035.3631666,322,0.0,47.6,OCC_TO_CU
1717473035.4862075,273,16.7,47.9,CU_TO_DEV
1717473035.4859824,273,16.7,47.9,CU_TO_DEV
1717473037.603353,154,6.4,47.7,OCC_TO_CU
1717473037.6883442,241,23.5,47.8,CU_TO_DEV
1717473037.6881177,241,23.5,47.8,CU_TO_DEV
1717473045.3769758,322,5.5,47.7,OCC_TO_CU
1717473045.3774915,322,0.0,47.7,OCC_TO_CU
1717473045.4969263,273,12.5,47.8,CU_TO_DEV
1717473045.4973242,273,0.0,47.8,CU_TO_DEV
1717473055.4010262,322,3.6,47.6,OCC_TO_CU
1717473055.401866,322,0.0,47.6,OCC_TO_CU
1717473055.5030088,273,13.5,47.7,CU_TO_DEV
1717473055.5028577,273,13.5,47.7,CU_TO_DEV
1717473065.418065,322,4.0,47.7,OCC_TO_CU
1717473065.4191914,322,0.0,47.7,OCC_TO_CU
1717473065.5089529,273,20.0,47.9,CU_TO_DEV
1717473065.509263,273,0.0,47.9,CU_TO_DEV
1717473075.4464226,322,3.9,47.7,OCC_TO_CU
1717473075.4471705,322,0.0,47.7,OCC_TO_CU
1717473075.5184171,273,89.3,47.9,CU_TO_DEV
1717473075.5210185,273,100.0,47.9,CU_TO_DEV
1717473085.4418144,322,4.2,47.6,OCC_TO_CU
1717473085.449648,322,25.0,47.6,OCC_TO_CU
1717473085.5244606,273,43.3,47.8,CU_TO_DEV
1717473085.526158,273,0.0,47.8,CU_TO_DEV
1717473087.6927207,154,6.6,47.7,OCC_TO_CU
1717473087.7263622,241,36.4,47.8,CU_TO_DEV
1717473087.7276647,241,0.0,47.8,CU_TO_DEV
1717473095.4461083,322,5.2,47.7,OCC_TO_CU
1717473095.4466236,322,0.0,47.7,OCC_TO_CU
1717473095.5331755,273,17.6,47.8,CU_TO_DEV
1717473095.534125,273,0.0,47.8,CU_TO_DEV
1717473105.4515393,322,4.8,47.5,OCC_TO_CU
1717473105.4520485,322,0.0,47.5,OCC_TO_CU
1717473105.5372334,273,20.6,47.7,CU_TO_DEV
1717473105.5379493,273,0.0,47.7,CU_TO_DEV
1717473115.4629278,322,4.1,47.6,OCC_TO_CU
1717473115.4635925,322,0.0,47.6,OCC_TO_CU
1717473115.5423744,273,29.4,47.8,CU_TO_DEV
1717473115.5432,273,0.0,47.8,CU_TO_DEV
1717473125.5105808,322,3.9,47.7,OCC_TO_CU
1717473125.5112212,322,0.0,47.7,OCC_TO_CU
1717473125.5481293,273,78.6,47.7,CU_TO_DEV
1717473125.5479138,273,81.2,47.7,CU_TO_DEV
1717473135.496892,322,4.8,47.6,OCC_TO_CU
1717473135.4981308,322,0.0,47.6,OCC_TO_CU
1717473135.5538778,273,25.0,47.8,CU_TO_DEV
1717473135.5559719,273,0.0,47.8,CU_TO_DEV
1717473137.7615163,154,10.2,47.7,OCC_TO_CU
1717473137.9578242,241,6.4,47.9,CU_TO_DEV
1717473137.9580207,241,6.4,47.9,CU_TO_DEV
1717473145.5130453,322,3.6,47.6,OCC_TO_CU
1717473145.5136883,322,0.0,47.6,OCC_TO_CU
1717473145.5619187,273,27.8,47.8,CU_TO_DEV
1717473145.561992,273,27.8,47.8,CU_TO_DEV
1717473155.5241113,322,3.6,47.6,OCC_TO_CU
1717473155.5314546,322,33.3,47.6,OCC_TO_CU
1717473155.567525,273,61.5,47.8,CU_TO_DEV
1717473155.567593,273,60.0,47.8,CU_TO_DEV
1717473165.5477664,322,3.9,47.6,OCC_TO_CU
1717473165.5486443,322,0.0,47.6,OCC_TO_CU
1717473165.5740743,273,40.0,47.7,CU_TO_DEV
1717473165.5740092,273,40.0,47.7,CU_TO_DEV
1717473175.5547855,322,3.6,47.7,OCC_TO_CU
1717473175.5614977,322,0.0,47.7,OCC_TO_CU
1717473175.5802963,273,62.5,47.8,CU_TO_DEV
1717473175.5801184,273,66.7,47.8,CU_TO_DEV
1717473185.5725806,322,5.7,47.6,OCC_TO_CU
1717473185.5731623,322,0.0,47.6,OCC_TO_CU
1717473185.591064,273,42.9,47.7,CU_TO_DEV
1717473185.5917704,273,0.0,47.7,CU_TO_DEV
1717473187.852458,154,5.8,47.7,OCC_TO_CU
1717473187.9932706,241,7.3,47.9,CU_TO_DEV
1717473187.9947293,241,0.0,47.9,CU_TO_DEV
1717473195.5792801,322,3.7,47.7,OCC_TO_CU
1717473195.5823324,322,0.0,47.7,OCC_TO_CU
1717473195.5972424,273,62.5,47.7,CU_TO_DEV
1717473195.5982869,273,0.0,47.7,CU_TO_DEV
1717473205.5912795,322,3.8,47.6,OCC_TO_CU
1717473205.5917814,322,0.0,47.6,OCC_TO_CU
1717473205.6042552,273,40.0,47.6,CU_TO_DEV
1717473205.6041985,273,40.0,47.6,CU_TO_DEV
1717473215.6559262,322,4.7,47.6,OCC_TO_CU
1717473215.6565719,322,0.0,47.6,OCC_TO_CU
1717473215.809894,273,24.6,47.8,CU_TO_DEV
1717473215.8131323,273,0.0,47.8,CU_TO_DEV
1717473225.6243,322,3.8,47.7,OCC_TO_CU
1717473225.6274664,322,50.0,47.7,OCC_TO_CU
1717473225.8170936,273,21.3,47.9,CU_TO_DEV
1717473225.8174543,273,0.0,47.9,CU_TO_DEV
1717473235.6240823,322,5.9,47.5,OCC_TO_CU
1717473235.6246324,322,0.0,47.5,OCC_TO_CU
1717473235.823974,273,16.0,47.7,CU_TO_DEV
1717473235.824328,273,0.0,47.7,CU_TO_DEV
1717473237.9026384,154,4.0,47.7,OCC_TO_CU
1717473238.0252295,241,14.3,47.8,CU_TO_DEV
1717473238.025268,241,14.3,47.8,CU_TO_DEV
1717473245.6292794,322,3.6,47.6,OCC_TO_CU
1717473245.6299512,322,0.0,47.6,OCC_TO_CU
1717473245.8292494,273,19.2,47.8,CU_TO_DEV
1717473245.8292947,273,19.2,47.8,CU_TO_DEV
1717473255.638347,322,3.8,47.6,OCC_TO_CU
1717473255.6392694,322,0.0,47.6,OCC_TO_CU
1717473255.8340483,273,24.4,47.8,CU_TO_DEV
1717473255.8341324,273,24.4,47.8,CU_TO_DEV
1717473265.6549087,322,4.0,47.7,OCC_TO_CU
1717473265.6557012,322,0.0,47.7,OCC_TO_CU
1717473265.8385317,273,22.2,47.9,CU_TO_DEV
1717473265.8384871,273,22.2,47.9,CU_TO_DEV
1717473275.6536484,322,5.9,47.6,OCC_TO_CU
1717473275.6548457,322,0.0,47.6,OCC_TO_CU
1717473275.8428833,273,24.7,47.8,CU_TO_DEV
1717473275.8434489,273,0.0,47.8,CU_TO_DEV
1717473285.6748805,322,3.9,47.5,OCC_TO_CU
1717473285.6755378,322,0.0,47.5,OCC_TO_CU
1717473285.8481705,273,29.6,47.8,CU_TO_DEV
1717473285.8485951,273,0.0,47.8,CU_TO_DEV
1717473287.959434,154,5.6,47.7,OCC_TO_CU
1717473288.0495503,241,17.1,47.8,CU_TO_DEV
1717473288.0496936,241,17.1,47.8,CU_TO_DEV
1717473295.6752625,322,3.8,47.7,OCC_TO_CU
1717473295.675892,322,0.0,47.7,OCC_TO_CU
1717473295.8538573,273,22.1,47.8,CU_TO_DEV
1717473295.8536754,273,22.1,47.8,CU_TO_DEV
1717473305.6857994,322,3.8,47.7,OCC_TO_CU
1717473305.686441,322,0.0,47.7,OCC_TO_CU
1717473305.8586419,273,21.5,47.9,CU_TO_DEV
1717473305.8587139,273,21.5,47.9,CU_TO_DEV
1717473315.6934712,322,4.1,47.7,OCC_TO_CU
1717473315.69411,322,0.0,47.7,OCC_TO_CU
1717473315.863677,273,26.5,47.9,CU_TO_DEV
1717473315.8638608,273,0.0,47.9,CU_TO_DEV
1717473325.7121594,322,4.7,47.7,OCC_TO_CU
1717473325.7128186,322,50.0,47.7,OCC_TO_CU
1717473325.8699343,273,29.0,47.9,CU_TO_DEV
1717473325.8717775,273,0.0,47.9,CU_TO_DEV
1717473335.715335,322,4.1,47.8,OCC_TO_CU
1717473335.716596,322,0.0,47.8,OCC_TO_CU
1717473335.875068,273,87.7,47.9,CU_TO_DEV
1717473335.8767219,273,0.0,47.9,CU_TO_DEV
1717473338.0359948,154,9.2,47.7,OCC_TO_CU
1717473338.0773208,241,26.7,47.8,CU_TO_DEV
1717473338.07872,241,0.0,47.8,CU_TO_DEV
1717473345.7313874,322,4.0,47.6,OCC_TO_CU
1717473345.7321298,322,0.0,47.6,OCC_TO_CU
1717473345.881315,273,30.0,47.7,CU_TO_DEV
1717473345.882285,273,0.0,47.7,CU_TO_DEV
1717473355.744883,322,4.7,47.5,OCC_TO_CU
1717473355.745457,322,0.0,47.5,OCC_TO_CU
1717473355.8863826,273,26.8,47.7,CU_TO_DEV
1717473355.8864958,273,26.8,47.7,CU_TO_DEV
1717473365.7615247,322,5.0,47.5,OCC_TO_CU
1717473365.762114,322,0.0,47.5,OCC_TO_CU
1717473365.8937948,273,25.0,47.8,CU_TO_DEV
1717473365.893856,273,25.0,47.8,CU_TO_DEV
1717473375.7705936,322,4.2,47.5,OCC_TO_CU
1717473375.771333,322,0.0,47.5,OCC_TO_CU
1717473375.8988671,273,32.7,47.7,CU_TO_DEV
1717473375.898815,273,32.7,47.7,CU_TO_DEV
1717473385.7822347,322,3.9,47.6,OCC_TO_CU
1717473385.7829862,322,0.0,47.6,OCC_TO_CU
1717473385.9042206,273,34.7,47.8,CU_TO_DEV
1717473385.9044402,273,34.7,47.8,CU_TO_DEV
1717473388.0109584,154,5.6,47.7,OCC_TO_CU
1717473388.1060972,241,22.5,47.8,CU_TO_DEV
1717473388.1070113,241,0.0,47.8,CU_TO_DEV
1717473395.79706,322,3.6,47.7,OCC_TO_CU
1717473395.7976966,322,0.0,47.7,OCC_TO_CU
1717473395.9106405,273,37.0,47.9,CU_TO_DEV
1717473395.91053,273,37.0,47.9,CU_TO_DEV
1717473405.8082788,322,4.1,47.7,OCC_TO_CU
1717473405.8089683,322,100.0,47.7,OCC_TO_CU
1717473405.9158688,273,33.3,47.9,CU_TO_DEV
1717473405.91631,273,0.0,47.9,CU_TO_DEV
1717473415.8154662,322,4.5,47.7,OCC_TO_CU
1717473415.8169794,322,0.0,47.7,OCC_TO_CU
1717473415.9241579,273,35.0,47.9,CU_TO_DEV
1717473415.924714,273,100.0,47.9,CU_TO_DEV
1717473425.8327377,322,4.3,47.7,OCC_TO_CU
1717473425.8448925,322,40.0,47.7,OCC_TO_CU
1717473425.9307451,273,61.8,48.0,CU_TO_DEV
1717473425.9309213,273,61.8,48.0,CU_TO_DEV
1717473435.837945,322,4.6,47.7,OCC_TO_CU
1717473435.838469,322,0.0,47.7,OCC_TO_CU
1717473435.9384491,273,0.0,47.9,CU_TO_DEV
1717473435.9379156,273,92.9,47.9,CU_TO_DEV
1717473437.8853266,154,7.9,47.8,OCC_TO_CU
1717473437.9398615,241,35.0,47.8,CU_TO_DEV
1717473437.940531,241,0.0,47.9,CU_TO_DEV
1717473445.8670304,322,3.8,47.7,OCC_TO_CU
1717473445.8724744,322,100.0,47.7,OCC_TO_CU
1717473445.944341,273,39.3,47.7,CU_TO_DEV
1717473445.9440727,273,39.3,47.7,CU_TO_DEV
1717473455.869875,322,5.2,47.6,OCC_TO_CU
1717473455.8729396,322,0.0,47.6,OCC_TO_CU
1717473455.9534073,273,30.3,47.8,CU_TO_DEV
1717473455.9540434,273,30.3,47.8,CU_TO_DEV
1717473465.8807619,322,4.2,47.6,OCC_TO_CU
1717473465.9269493,322,94.1,47.7,OCC_TO_CU
1717473465.9600737,273,92.9,47.8,CU_TO_DEV
1717473465.9610267,273,100.0,47.8,CU_TO_DEV
1717473475.980962,322,4.7,47.5,OCC_TO_CU
1717473475.9820018,322,0.0,47.5,OCC_TO_CU
1717473476.1660519,273,12.0,47.7,CU_TO_DEV
1717473476.1667476,273,0.0,47.7,CU_TO_DEV
1717473485.911801,322,3.8,47.6,OCC_TO_CU
1717473485.91317,322,100.0,47.6,OCC_TO_CU
1717473485.9760563,273,29.2,47.7,CU_TO_DEV
1717473485.9768407,273,0.0,47.7,CU_TO_DEV
1717473487.9671361,154,6.2,47.7,OCC_TO_CU
1717473487.9785414,241,50.0,47.7,CU_TO_DEV
1717473487.979103,241,0.0,47.7,CU_TO_DEV
1717473495.9094064,322,3.9,47.7,OCC_TO_CU
1717473495.9128058,322,100.0,47.7,OCC_TO_CU
1717473495.9831774,273,28.6,47.8,CU_TO_DEV
1717473495.9839842,273,0.0,47.8,CU_TO_DEV
1717473505.939919,322,4.7,47.6,OCC_TO_CU
1717473505.9410691,322,66.7,47.6,OCC_TO_CU
1717473505.9914823,273,27.8,47.7,CU_TO_DEV
1717473505.9917357,273,27.8,47.7,CU_TO_DEV
1717473515.963817,322,4.3,47.7,OCC_TO_CU
1717473515.964707,322,0.0,47.7,OCC_TO_CU
1717473516.0013688,273,42.9,47.8,CU_TO_DEV
1717473516.0012789,273,42.9,47.8,CU_TO_DEV
1717473525.97432,322,4.7,47.6,OCC_TO_CU
1717473525.975255,322,0.0,47.6,OCC_TO_CU
1717473526.010855,273,35.7,47.7,CU_TO_DEV
1717473526.0130234,273,0.0,47.7,CU_TO_DEV
1717473535.977175,322,4.2,47.6,OCC_TO_CU
1717473535.9791927,322,0.0,47.6,OCC_TO_CU
1717473536.0172012,273,53.3,47.7,CU_TO_DEV
1717473536.0186157,273,0.0,47.8,CU_TO_DEV
1717473538.0465155,154,10.3,47.7,OCC_TO_CU
1717473538.2198324,241,11.8,47.8,CU_TO_DEV
1717473538.2202375,241,0.0,47.8,CU_TO_DEV
1717473545.994571,322,5.0,47.7,OCC_TO_CU
1717473545.9957645,322,0.0,47.7,OCC_TO_CU
1717473546.0257874,273,0.0,47.7,CU_TO_DEV
1717473546.025403,273,41.7,47.7,CU_TO_DEV
1717473556.020766,322,4.3,47.6,OCC_TO_CU
1717473556.021635,322,0.0,47.6,OCC_TO_CU
1717473556.0323172,273,25.0,47.6,CU_TO_DEV
1717473556.0331883,273,100.0,47.6,CU_TO_DEV
1717473566.024082,322,4.2,47.6,OCC_TO_CU
1717473566.0251205,322,0.0,47.6,OCC_TO_CU
1717473566.0404384,273,40.0,47.6,CU_TO_DEV
1717473566.0421457,273,100.0,47.6,CU_TO_DEV
1717473576.041287,322,4.2,47.7,OCC_TO_CU
1717473576.0427039,322,0.0,47.7,OCC_TO_CU
1717473576.0462253,273,0.0,47.7,CU_TO_DEV
1717473576.048471,273,0.0,47.7,CU_TO_DEV
1717473586.0491447,322,4.2,47.8,OCC_TO_CU
1717473586.0501478,322,0.0,47.8,OCC_TO_CU
1717473586.0515194,273,0.0,47.8,CU_TO_DEV
1717473586.0535314,273,100.0,47.8,CU_TO_DEV
1717473588.4318182,154,4.9,47.9,OCC_TO_CU
1717473588.4539394,241,62.5,47.9,CU_TO_DEV
1717473588.4563355,241,0.0,47.9,CU_TO_DEV
1717473596.0647273,322,6.9,47.6,OCC_TO_CU
1717473596.0657434,322,0.0,47.6,OCC_TO_CU
1717473596.2587323,273,9.1,47.8,CU_TO_DEV
1717473596.2635574,273,0.0,47.8,CU_TO_DEV
1717473606.079062,322,4.8,47.5,OCC_TO_CU
1717473606.0801406,322,0.0,47.5,OCC_TO_CU
1717473606.2650056,273,12.2,47.7,CU_TO_DEV
1717473606.2704792,273,0.0,47.7,CU_TO_DEV
1717473616.0838442,322,4.2,47.5,OCC_TO_CU
1717473616.084429,322,0.0,47.5,OCC_TO_CU
1717473616.2702842,273,9.6,47.8,CU_TO_DEV
1717473616.2743342,273,0.0,47.8,CU_TO_DEV
1717473626.1030264,322,4.2,47.6,OCC_TO_CU
1717473626.103612,322,0.0,47.6,OCC_TO_CU
1717473626.2766013,273,10.0,47.8,CU_TO_DEV
1717473626.2789705,273,0.0,47.8,CU_TO_DEV
1717473636.0924048,322,3.9,47.7,OCC_TO_CU
1717473636.096793,322,50.0,47.7,OCC_TO_CU
1717473636.2814944,273,12.7,47.9,CU_TO_DEV
1717473636.2830722,273,0.0,47.9,CU_TO_DEV
1717473638.4063306,154,9.1,47.7,OCC_TO_CU
1717473638.4843628,241,84.4,47.9,CU_TO_DEV
1717473638.485502,241,100.0,47.9,CU_TO_DEV
1717473646.1169732,322,4.6,47.6,OCC_TO_CU
1717473646.1176822,322,0.0,47.6,OCC_TO_CU
1717473646.2895281,273,7.6,47.8,CU_TO_DEV
1717473646.2900493,273,0.0,47.8,CU_TO_DEV
1717473656.1249516,322,4.3,47.6,OCC_TO_CU
1717473656.12602,322,0.0,47.6,OCC_TO_CU
1717473656.294606,273,13.2,47.8,CU_TO_DEV
1717473656.2945604,273,13.2,47.8,CU_TO_DEV
1717473666.148809,322,4.6,47.6,OCC_TO_CU
1717473666.1494887,322,0.0,47.6,OCC_TO_CU
1717473666.2996516,273,11.9,47.9,CU_TO_DEV
1717473666.2995932,273,11.9,47.9,CU_TO_DEV
1717473676.1583369,322,4.2,47.7,OCC_TO_CU
1717473676.158941,322,0.0,47.7,OCC_TO_CU
1717473676.3048263,273,15.3,47.9,CU_TO_DEV
1717473676.3050642,273,0.0,47.9,CU_TO_DEV
1717473686.176955,322,5.7,47.5,OCC_TO_CU
1717473686.1774917,322,0.0,47.5,OCC_TO_CU
1717473686.3133752,273,11.1,47.7,CU_TO_DEV
1717473686.3171718,273,0.0,47.7,CU_TO_DEV
1717473688.47926,154,4.8,47.7,OCC_TO_CU
1717473688.514836,241,33.3,47.8,CU_TO_DEV
1717473688.519233,241,50.0,47.8,CU_TO_DEV
1717473696.2079406,322,4.0,47.6,OCC_TO_CU
1717473696.229894,322,50.0,47.7,OCC_TO_CU
1717473696.3193467,273,32.4,47.8,CU_TO_DEV
1717473696.3225274,273,0.0,47.8,CU_TO_DEV
1717473706.175354,322,4.4,47.6,OCC_TO_CU
1717473706.1820025,322,40.0,47.6,OCC_TO_CU
1717473706.3271077,273,91.4,47.8,CU_TO_DEV
1717473706.3287568,273,100.0,47.8,CU_TO_DEV
1717473716.202608,322,3.6,47.6,OCC_TO_CU
1717473716.2032075,322,0.0,47.6,OCC_TO_CU
1717473716.332694,273,15.4,47.8,CU_TO_DEV
1717473716.3338768,273,0.0,47.8,CU_TO_DEV
1717473726.2182674,322,4.1,47.7,OCC_TO_CU
1717473726.2193608,322,0.0,47.7,OCC_TO_CU
1717473726.3384964,273,14.9,47.9,CU_TO_DEV
1717473726.3389716,273,0.0,47.9,CU_TO_DEV
1717473736.2119403,322,4.9,47.6,OCC_TO_CU
1717473736.2127671,322,0.0,47.6,OCC_TO_CU
1717473736.3473797,273,18.2,47.8,CU_TO_DEV
1717473736.34757,273,18.2,47.8,CU_TO_DEV
1717473738.444954,154,8.8,47.7,OCC_TO_CU
1717473738.5497732,241,12.2,47.8,CU_TO_DEV
1717473738.5495305,241,12.2,47.8,CU_TO_DEV
1717473746.2418816,322,3.6,47.7,OCC_TO_CU
1717473746.2425096,322,0.0,47.7,OCC_TO_CU
1717473746.3541477,273,15.9,47.8,CU_TO_DEV
1717473746.3542244,273,15.9,47.8,CU_TO_DEV
1717473756.241189,322,4.2,47.6,OCC_TO_CU
1717473756.2418396,322,0.0,47.6,OCC_TO_CU
1717473756.3593743,273,15.6,47.8,CU_TO_DEV
1717473756.3598235,273,0.0,47.8,CU_TO_DEV
1717473766.2808685,322,4.9,47.6,OCC_TO_CU
1717473766.2813978,322,0.0,47.6,OCC_TO_CU
1717473766.3645906,273,16.1,47.8,CU_TO_DEV
1717473766.364844,273,0.0,47.8,CU_TO_DEV
1717473776.2650757,322,4.5,47.5,OCC_TO_CU
1717473776.2661707,322,0.0,47.5,OCC_TO_CU
1717473776.3713045,273,12.2,47.7,CU_TO_DEV
1717473776.371686,273,0.0,47.7,CU_TO_DEV
1717473786.2687974,322,3.7,47.6,OCC_TO_CU
1717473786.2696798,322,0.0,47.6,OCC_TO_CU
1717473786.376409,273,17.1,47.8,CU_TO_DEV
1717473786.376578,273,17.1,47.8,CU_TO_DEV
1717473788.476973,154,5.1,47.7,OCC_TO_CU
1717473788.5784686,241,12.8,47.8,CU_TO_DEV
1717473788.5784276,241,12.8,47.8,CU_TO_DEV
1717473796.2839158,322,3.9,47.7,OCC_TO_CU
1717473796.2846465,322,100.0,47.7,OCC_TO_CU
1717473796.3828592,273,17.9,47.9,CU_TO_DEV
1717473796.3829837,273,17.9,47.9,CU_TO_DEV
1717473806.2967935,322,3.8,47.7,OCC_TO_CU
1717473806.2977417,322,0.0,47.7,OCC_TO_CU
1717473806.3886006,273,19.4,47.9,CU_TO_DEV
1717473806.3889554,273,0.0,47.9,CU_TO_DEV
1717473816.3430572,322,4.1,47.7,OCC_TO_CU
1717473816.3441331,322,0.0,47.7,OCC_TO_CU
1717473816.3945584,273,30.0,47.9,CU_TO_DEV
1717473816.395226,273,0.0,47.9,CU_TO_DEV
1717473826.3222935,322,5.1,47.7,OCC_TO_CU
1717473826.3229036,322,0.0,47.7,OCC_TO_CU
1717473826.400389,273,23.3,47.9,CU_TO_DEV
1717473826.405115,273,0.0,47.9,CU_TO_DEV
1717473836.343817,322,4.0,47.8,OCC_TO_CU
1717473836.3446372,322,0.0,47.8,OCC_TO_CU
1717473836.4129322,273,89.3,47.9,CU_TO_DEV
1717473836.4193282,273,100.0,48.0,CU_TO_DEV
1717473838.5951293,154,10.9,47.7,OCC_TO_CU
1717473838.6155558,241,44.4,47.7,CU_TO_DEV
1717473838.6211019,241,50.0,47.8,CU_TO_DEV
1717473846.343725,322,4.0,47.6,OCC_TO_CU
1717473846.3576634,322,33.3,47.6,OCC_TO_CU
1717473846.4202793,273,37.5,47.8,CU_TO_DEV
1717473846.4254959,273,100.0,47.8,CU_TO_DEV
1717473856.3536236,322,4.7,47.5,OCC_TO_CU
1717473856.354887,322,0.0,47.5,OCC_TO_CU
1717473856.4287503,273,25.0,47.7,CU_TO_DEV
1717473856.4310224,273,0.0,47.7,CU_TO_DEV
1717473866.3892796,322,5.0,47.5,OCC_TO_CU
1717473866.3901134,322,0.0,47.5,OCC_TO_CU
1717473866.4350934,273,23.5,47.7,CU_TO_DEV
1717473866.4380083,273,0.0,47.7,CU_TO_DEV
1717473876.3843052,322,3.6,47.6,OCC_TO_CU
1717473876.3848577,322,100.0,47.6,OCC_TO_CU
1717473876.4435856,273,29.2,47.8,CU_TO_DEV
1717473876.4434314,273,29.2,47.8,CU_TO_DEV
1717473886.4232924,322,3.9,47.6,OCC_TO_CU
1717473886.4240873,322,0.0,47.6,OCC_TO_CU
1717473886.4502983,273,50.0,47.7,CU_TO_DEV
1717473886.450238,273,50.0,47.7,CU_TO_DEV
1717473888.5755877,154,6.3,47.7,OCC_TO_CU
1717473888.6533473,241,25.0,47.9,CU_TO_DEV
1717473888.6534224,241,25.0,47.9,CU_TO_DEV
1717473896.417736,322,4.0,47.7,OCC_TO_CU
1717473896.4185364,322,0.0,47.7,OCC_TO_CU
1717473896.4581993,273,43.7,47.9,CU_TO_DEV
1717473896.4583461,273,43.7,47.9,CU_TO_DEV
1717473906.4864178,322,4.0,47.7,OCC_TO_CU
1717473906.4872134,322,0.0,47.7,OCC_TO_CU
1717473906.6639967,273,12.7,47.9,CU_TO_DEV
1717473906.6640434,273,12.7,47.9,CU_TO_DEV
1717473916.4436395,322,5.1,47.7,OCC_TO_CU
1717473916.4444356,322,0.0,47.7,OCC_TO_CU
1717473916.471026,273,40.0,47.7,CU_TO_DEV
1717473916.4722447,273,0.0,47.7,CU_TO_DEV
1717473926.436779,322,3.6,47.7,OCC_TO_CU
1717473926.4379952,322,0.0,47.7,OCC_TO_CU
1717473926.4783075,273,0.0,47.9,CU_TO_DEV
1717473926.4777496,273,40.0,47.9,CU_TO_DEV
1717473936.4673576,322,4.9,47.6,OCC_TO_CU
1717473936.468143,322,0.0,47.6,OCC_TO_CU
1717473936.4838052,273,25.0,47.6,CU_TO_DEV
1717473936.484969,273,100.0,47.6,CU_TO_DEV
1717473938.644838,154,11.1,47.7,OCC_TO_CU
1717473938.6884854,241,14.3,47.8,CU_TO_DEV
1717473938.6883662,241,14.3,47.8,CU_TO_DEV
1717473946.467128,322,3.7,47.7,OCC_TO_CU
1717473946.471071,322,0.0,47.7,OCC_TO_CU
1717473946.493695,273,50.0,47.7,CU_TO_DEV
1717473946.493918,273,50.0,47.7,CU_TO_DEV
1717473956.4687462,322,5.3,47.6,OCC_TO_CU
1717473956.469741,322,0.0,47.6,OCC_TO_CU
1717473956.5048728,273,76.9,47.7,CU_TO_DEV
1717473956.5055766,273,0.0,47.7,CU_TO_DEV
1717473966.5031514,322,4.8,47.6,OCC_TO_CU
1717473966.5039551,322,0.0,47.6,OCC_TO_CU
1717473966.511008,273,33.3,47.6,CU_TO_DEV
1717473966.511214,273,33.3,47.6,CU_TO_DEV
1717473976.515765,322,4.0,47.6,OCC_TO_CU
1717473976.516486,322,0.0,47.6,OCC_TO_CU
1717473976.516646,273,100.0,47.6,CU_TO_DEV
1717473976.5168073,273,100.0,47.6,CU_TO_DEV
1717473976.7176585,273,12.2,47.8,CU_TO_DEV
1717473976.7176228,273,12.2,47.8,CU_TO_DEV
1717473986.5121536,322,4.1,47.6,OCC_TO_CU
1717473986.51296,322,100.0,47.6,OCC_TO_CU
1717473986.5231616,273,25.0,47.6,CU_TO_DEV
1717473986.5239873,273,0.0,47.6,CU_TO_DEV
1717473989.3382075,154,6.0,47.7,OCC_TO_CU
1717473989.5258462,241,13.9,47.9,CU_TO_DEV
1717473989.525923,241,13.9,47.9,CU_TO_DEV
1717473996.5210922,322,3.8,47.7,OCC_TO_CU
1717473996.5223408,322,0.0,47.7,OCC_TO_CU
1717473996.5300155,273,33.3,47.7,CU_TO_DEV
1717473996.530415,273,0.0,47.7,CU_TO_DEV
1717474006.5331938,322,5.0,47.6,OCC_TO_CU
1717474006.5346427,322,0.0,47.6,OCC_TO_CU
1717474006.5412445,273,33.3,47.6,CU_TO_DEV
1717474006.5414307,273,33.3,47.6,CU_TO_DEV
1717474016.547522,322,5.0,47.6,OCC_TO_CU
1717474016.548036,322,0.0,47.6,OCC_TO_CU
1717474016.5493984,273,0.0,47.6,CU_TO_DEV
1717474016.5493734,273,0.0,47.6,CU_TO_DEV
1717474026.5567045,322,3.9,47.6,OCC_TO_CU
1717474026.55945,322,0.0,47.6,OCC_TO_CU
1717474026.7548018,273,10.3,47.8,CU_TO_DEV
1717474026.7548764,273,10.3,47.8,CU_TO_DEV
1717474036.588996,322,4.2,47.7,OCC_TO_CU
1717474036.5897648,322,0.0,47.7,OCC_TO_CU
1717474036.7600868,273,11.8,47.9,CU_TO_DEV
1717474036.7601273,273,11.8,47.9,CU_TO_DEV
1717474039.9225433,154,4.8,47.7,OCC_TO_CU
1717474039.9636993,241,76.5,47.8,CU_TO_DEV
1717474039.9639242,241,76.5,47.8,CU_TO_DEV
1717474046.5968063,322,7.0,47.7,OCC_TO_CU
1717474046.5985787,322,0.0,47.7,OCC_TO_CU
1717474046.7702258,273,10.3,47.8,CU_TO_DEV
1717474046.770673,273,0.0,47.8,CU_TO_DEV
1717474056.6088274,322,3.9,47.5,OCC_TO_CU
1717474056.6097567,322,0.0,47.5,OCC_TO_CU
1717474056.7754867,273,10.8,47.8,CU_TO_DEV
1717474056.7757318,273,0.0,47.8,CU_TO_DEV
1717474066.6155167,322,4.3,47.6,OCC_TO_CU
1717474066.6161563,322,0.0,47.6,OCC_TO_CU
1717474066.781213,273,10.8,47.8,CU_TO_DEV
1717474066.7816494,273,0.0,47.8,CU_TO_DEV
1717474076.629589,322,3.8,47.6,OCC_TO_CU
1717474076.6306577,322,0.0,47.6,OCC_TO_CU
1717474076.7876015,273,73.0,47.8,CU_TO_DEV
1717474076.78765,273,73.0,47.8,CU_TO_DEV
1717474086.6542835,322,3.7,47.6,OCC_TO_CU
1717474086.654932,322,0.0,47.6,OCC_TO_CU
1717474086.7928545,273,14.5,47.9,CU_TO_DEV
1717474086.7933211,273,0.0,47.9,CU_TO_DEV
1717474090.003172,154,4.7,47.7,OCC_TO_CU
1717474090.1953833,241,18.2,47.9,CU_TO_DEV
1717474090.1953413,241,18.2,47.9,CU_TO_DEV
1717474096.660797,322,6.6,47.6,OCC_TO_CU
1717474096.6613374,322,0.0,47.6,OCC_TO_CU
1717474096.804879,273,12.1,47.7,CU_TO_DEV
1717474096.804841,273,12.1,47.7,CU_TO_DEV
1717474106.664977,322,3.9,47.5,OCC_TO_CU
1717474106.6656644,322,0.0,47.5,OCC_TO_CU
1717474106.810018,273,10.9,47.7,CU_TO_DEV
1717474106.8100784,273,10.9,47.7,CU_TO_DEV
1717474116.6786277,322,4.0,47.6,OCC_TO_CU
1717474116.6792967,322,0.0,47.6,OCC_TO_CU
1717474116.8154933,273,14.5,47.8,CU_TO_DEV
1717474116.8159733,273,0.0,47.8,CU_TO_DEV
1717474126.696345,322,3.6,47.6,OCC_TO_CU
1717474126.7000952,322,0.0,47.6,OCC_TO_CU
1717474126.8206835,273,14.9,47.8,CU_TO_DEV
1717474126.8210225,273,0.0,47.8,CU_TO_DEV
1717474136.7223616,322,5.6,47.6,OCC_TO_CU
1717474136.7228444,322,0.0,47.6,OCC_TO_CU
1717474136.8262343,273,15.0,47.9,CU_TO_DEV
1717474136.8278513,273,0.0,47.9,CU_TO_DEV
1717474139.969122,154,4.1,47.7,OCC_TO_CU
1717474140.0279624,241,37.5,47.8,CU_TO_DEV
1717474140.0292854,241,100.0,47.8,CU_TO_DEV
1717474146.7158608,322,5.3,47.7,OCC_TO_CU
1717474146.7167628,322,0.0,47.7,OCC_TO_CU
1717474146.8318727,273,17.4,47.8,CU_TO_DEV
1717474146.832176,273,0.0,47.8,CU_TO_DEV
1717474156.712543,322,3.9,47.6,OCC_TO_CU
1717474156.713411,322,0.0,47.6,OCC_TO_CU
1717474156.8365686,273,16.0,47.8,CU_TO_DEV
1717474156.836725,273,16.0,47.8,CU_TO_DEV
1717474166.7184718,322,4.3,47.7,OCC_TO_CU
1717474166.7192376,322,0.0,47.7,OCC_TO_CU
1717474166.8413548,273,13.0,47.9,CU_TO_DEV
1717474166.8417766,273,0.0,47.9,CU_TO_DEV
1717474176.7150583,322,4.2,47.7,OCC_TO_CU
1717474176.7269363,322,40.0,47.7,OCC_TO_CU
1717474176.8464565,273,25.5,47.9,CU_TO_DEV
1717474176.8464987,273,25.5,47.9,CU_TO_DEV
1717474186.7269838,322,5.9,47.5,OCC_TO_CU
1717474186.7312155,322,0.0,47.5,OCC_TO_CU
1717474186.8526173,273,19.6,47.7,CU_TO_DEV
1717474186.858834,273,0.0,47.7,CU_TO_DEV
1717474191.1323955,154,4.6,47.7,OCC_TO_CU
1717474191.2548797,241,16.3,47.8,CU_TO_DEV
1717474191.2609475,241,0.0,47.8,CU_TO_DEV
1717474196.7329168,322,4.4,47.7,OCC_TO_CU
1717474196.733573,322,0.0,47.7,OCC_TO_CU
1717474196.8582246,273,88.0,47.8,CU_TO_DEV
1717474196.863475,273,0.0,47.8,CU_TO_DEV
1717474206.7345908,322,3.6,47.6,OCC_TO_CU
1717474206.7353897,322,0.0,47.6,OCC_TO_CU
1717474206.8628182,273,15.7,47.8,CU_TO_DEV
1717474206.8672733,273,0.0,47.8,CU_TO_DEV
1717474216.7426906,322,4.2,47.6,OCC_TO_CU
1717474216.743436,322,0.0,47.6,OCC_TO_CU
1717474216.8670032,273,16.3,47.9,CU_TO_DEV
1717474216.8716996,273,0.0,47.9,CU_TO_DEV
1717474226.7718658,322,3.9,47.6,OCC_TO_CU
1717474226.7725024,322,0.0,47.6,OCC_TO_CU
1717474226.8722818,273,24.4,47.8,CU_TO_DEV
1717474226.875418,273,50.0,47.8,CU_TO_DEV
1717474236.7618754,322,4.9,47.6,OCC_TO_CU
1717474236.762853,322,0.0,47.6,OCC_TO_CU
1717474236.8765733,273,17.8,47.8,CU_TO_DEV
1717474236.879836,273,50.0,47.8,CU_TO_DEV
1717474241.1923697,154,4.5,47.7,OCC_TO_CU
1717474241.2826982,241,91.4,47.9,CU_TO_DEV
1717474241.2834194,241,0.0,47.9,CU_TO_DEV
1717474246.7660348,322,4.3,47.7,OCC_TO_CU
1717474246.766691,322,0.0,47.7,OCC_TO_CU
1717474246.8854854,273,20.4,47.8,CU_TO_DEV
1717474246.8856194,273,20.4,47.8,CU_TO_DEV
1717474256.7949865,322,3.9,47.6,OCC_TO_CU
1717474256.795636,322,0.0,47.6,OCC_TO_CU
1717474256.8898964,273,23.1,47.8,CU_TO_DEV
1717474256.8898237,273,23.1,47.8,CU_TO_DEV
1717474266.8001623,322,4.6,47.6,OCC_TO_CU
1717474266.8008528,322,100.0,47.6,OCC_TO_CU
1717474266.8940914,273,21.1,47.8,CU_TO_DEV
1717474266.8941662,273,21.1,47.8,CU_TO_DEV
1717474276.7977195,322,5.2,47.6,OCC_TO_CU
1717474276.798213,322,0.0,47.6,OCC_TO_CU
1717474276.9021955,273,12.8,47.7,CU_TO_DEV
1717474276.9025943,273,0.0,47.7,CU_TO_DEV
1717474286.8059707,322,3.6,47.6,OCC_TO_CU
1717474286.807234,322,0.0,47.6,OCC_TO_CU
1717474286.9068396,273,17.9,47.8,CU_TO_DEV
1717474286.9073002,273,0.0,47.8,CU_TO_DEV
1717474290.9183855,154,4.3,47.7,OCC_TO_CU
1717474291.1094334,241,27.3,47.9,CU_TO_DEV
1717474291.1098216,241,0.0,47.9,CU_TO_DEV
1717474296.8112426,322,3.1,47.7,OCC_TO_CU
1717474296.8119857,322,0.0,47.7,OCC_TO_CU
1717474296.9119122,273,17.9,47.9,CU_TO_DEV
1717474296.9122095,273,0.0,47.9,CU_TO_DEV
1717474306.8188574,322,4.0,47.7,OCC_TO_CU
1717474306.8344524,322,33.3,47.7,OCC_TO_CU
1717474306.9166486,273,36.4,48.0,CU_TO_DEV
1717474306.9171963,273,0.0,48.0,CU_TO_DEV
1717474316.8305793,322,4.7,47.7,OCC_TO_CU
1717474316.8434548,322,40.0,47.7,OCC_TO_CU
1717474316.9216707,273,35.5,47.9,CU_TO_DEV
1717474316.9223127,273,0.0,47.9,CU_TO_DEV
1717474326.838792,322,5.2,47.6,OCC_TO_CU
1717474326.8576193,322,50.0,47.6,OCC_TO_CU
1717474326.9280488,273,41.4,47.8,CU_TO_DEV
1717474326.9316316,273,0.0,47.8,CU_TO_DEV
1717474336.842884,322,4.2,47.7,OCC_TO_CU
1717474336.8437207,322,0.0,47.7,OCC_TO_CU
1717474336.9326892,273,20.0,47.9,CU_TO_DEV
1717474336.9360764,273,0.0,47.9,CU_TO_DEV
1717474340.9780333,154,6.9,47.7,OCC_TO_CU
1717474341.1345718,241,25.0,47.8,CU_TO_DEV
1717474341.1377056,241,0.0,47.8,CU_TO_DEV
1717474346.8464158,322,4.7,47.6,OCC_TO_CU
1717474346.847959,322,0.0,47.6,OCC_TO_CU
1717474346.9369833,273,14.7,47.7,CU_TO_DEV
1717474346.9398232,273,0.0,47.7,CU_TO_DEV
1717474356.8611472,322,4.3,47.6,OCC_TO_CU
1717474356.8618722,322,0.0,47.6,OCC_TO_CU
1717474356.9422922,273,22.6,47.8,CU_TO_DEV
1717474356.9431827,273,0.0,47.8,CU_TO_DEV
1717474366.869233,322,5.0,47.6,OCC_TO_CU
1717474366.869897,322,0.0,47.6,OCC_TO_CU
1717474366.949899,273,23.5,47.8,CU_TO_DEV
1717474366.9503002,273,0.0,47.8,CU_TO_DEV
1717474376.8828402,322,3.9,47.5,OCC_TO_CU
1717474376.8836308,322,0.0,47.5,OCC_TO_CU
1717474376.9543202,273,30.0,47.7,CU_TO_DEV
1717474376.9543777,273,30.0,47.7,CU_TO_DEV
1717474386.8972242,322,4.1,47.6,OCC_TO_CU
1717474386.8980227,322,0.0,47.6,OCC_TO_CU
1717474386.9592187,273,26.1,47.8,CU_TO_DEV
1717474386.9593463,273,26.1,47.8,CU_TO_DEV
1717474391.0361135,154,4.9,47.7,OCC_TO_CU
1717474391.1619778,241,28.0,47.9,CU_TO_DEV
1717474391.1619096,241,28.0,47.9,CU_TO_DEV
1717474396.8967843,322,3.8,47.7,OCC_TO_CU
1717474396.897624,322,0.0,47.7,OCC_TO_CU
1717474396.965271,273,23.1,47.9,CU_TO_DEV
1717474396.965951,273,0.0,47.9,CU_TO_DEV
1717474406.9072847,322,4.1,47.7,OCC_TO_CU
1717474406.9131067,322,33.3,47.7,OCC_TO_CU
1717474406.970845,273,47.6,47.9,CU_TO_DEV
1717474406.9713173,273,0.0,47.9,CU_TO_DEV
1717474416.9289446,322,5.1,47.7,OCC_TO_CU
1717474416.9296114,322,0.0,47.7,OCC_TO_CU
1717474416.9797163,273,31.6,47.9,CU_TO_DEV
1717474416.9800808,273,0.0,47.9,CU_TO_DEV
1717474426.9305058,322,5.1,47.6,OCC_TO_CU
1717474426.9310281,322,0.0,47.6,OCC_TO_CU
1717474426.9849987,273,23.8,47.8,CU_TO_DEV
1717474426.9850655,273,23.8,47.8,CU_TO_DEV
1717474436.9289374,322,3.9,47.7,OCC_TO_CU
1717474436.9297023,322,0.0,47.7,OCC_TO_CU
1717474436.9927528,273,87.5,47.9,CU_TO_DEV
1717474436.9936643,273,0.0,47.9,CU_TO_DEV
1717474441.1041439,154,8.7,47.6,OCC_TO_CU
1717474441.1952698,241,22.2,47.7,CU_TO_DEV
1717474441.1957352,241,0.0,47.7,CU_TO_DEV
1717474446.9351861,322,3.8,47.6,OCC_TO_CU
1717474446.9363146,322,0.0,47.6,OCC_TO_CU
1717474446.9983885,273,29.2,47.7,CU_TO_DEV
1717474446.9981372,273,29.2,47.7,CU_TO_DEV
1717474456.9494646,322,5.6,47.6,OCC_TO_CU
1717474456.9505668,322,0.0,47.6,OCC_TO_CU
1717474457.0047514,273,30.4,47.8,CU_TO_DEV
1717474457.0053918,273,0.0,47.8,CU_TO_DEV
1717474466.9755561,322,3.6,47.5,OCC_TO_CU
1717474466.9883091,322,50.0,47.6,OCC_TO_CU
1717474467.0098786,273,55.6,47.7,CU_TO_DEV
1717474467.0108023,273,0.0,47.7,CU_TO_DEV
1717474476.9767509,322,4.3,47.6,OCC_TO_CU
1717474476.9798617,322,0.0,47.6,OCC_TO_CU
1717474477.0173383,273,35.7,47.8,CU_TO_DEV
1717474477.0182376,273,0.0,47.8,CU_TO_DEV
1717474486.9945984,322,3.6,47.6,OCC_TO_CU
1717474487.0064232,322,40.0,47.6,OCC_TO_CU
1717474487.0229433,273,0.0,47.7,CU_TO_DEV
1717474487.0224762,273,57.1,47.7,CU_TO_DEV
1717474491.1769307,154,4.8,47.7,OCC_TO_CU
1717474491.2257483,241,25.0,47.9,CU_TO_DEV
1717474491.225636,241,25.0,47.9,CU_TO_DEV
1717474496.9898832,322,3.2,47.8,OCC_TO_CU
1717474496.990388,322,0.0,47.8,OCC_TO_CU
1717474497.028442,273,33.3,47.9,CU_TO_DEV
1717474497.0287445,273,100.0,47.9,CU_TO_DEV
1717474506.9991286,322,4.8,47.7,OCC_TO_CU
1717474506.9999373,322,0.0,47.7,OCC_TO_CU
1717474507.0395772,273,40.0,47.9,CU_TO_DEV
1717474507.0393965,273,40.0,47.9,CU_TO_DEV
1717474517.0382526,322,4.8,47.6,OCC_TO_CU
1717474517.0393522,322,0.0,47.6,OCC_TO_CU
1717474517.0448716,273,50.0,47.6,CU_TO_DEV
1717474517.0448177,273,50.0,47.6,CU_TO_DEV
1717474527.0615,322,3.9,47.7,OCC_TO_CU
1717474527.06219,322,0.0,47.7,OCC_TO_CU
1717474527.249527,273,23.0,47.9,CU_TO_DEV
1717474527.2496383,273,23.0,47.9,CU_TO_DEV
1717474537.062022,322,4.0,47.7,OCC_TO_CU
1717474537.06275,322,0.0,47.7,OCC_TO_CU
1717474537.2543075,273,24.3,47.9,CU_TO_DEV
1717474537.2546766,273,0.0,47.9,CU_TO_DEV
1717474541.2644722,154,6.3,47.7,OCC_TO_CU
1717474541.4566386,241,10.3,47.9,CU_TO_DEV
1717474541.4565465,241,10.3,47.9,CU_TO_DEV
1717474547.0590148,322,3.5,47.7,OCC_TO_CU
1717474547.059686,322,0.0,47.7,OCC_TO_CU
1717474547.2613704,273,74.1,47.9,CU_TO_DEV
1717474547.2632983,273,0.0,47.9,CU_TO_DEV
1717474557.0715766,322,3.7,47.6,OCC_TO_CU
1717474557.072256,322,0.0,47.6,OCC_TO_CU
1717474557.271946,273,21.2,47.8,CU_TO_DEV
1717474557.2723837,273,0.0,47.8,CU_TO_DEV
1717474567.102378,322,4.6,47.6,OCC_TO_CU
1717474567.1028814,322,0.0,47.6,OCC_TO_CU
1717474567.2764246,273,22.5,47.8,CU_TO_DEV
1717474567.2765493,273,22.5,47.8,CU_TO_DEV
1717474577.1263633,322,3.6,47.6,OCC_TO_CU
1717474577.1270108,322,0.0,47.6,OCC_TO_CU
1717474577.2815545,273,31.7,47.8,CU_TO_DEV
1717474577.2814763,273,31.7,47.8,CU_TO_DEV
1717474587.1179934,322,4.0,47.7,OCC_TO_CU
1717474587.1186671,322,0.0,47.7,OCC_TO_CU
1717474587.286442,273,29.4,47.8,CU_TO_DEV
1717474587.2863832,273,29.4,47.8,CU_TO_DEV
1717474591.3139434,154,4.7,47.8,OCC_TO_CU
1717474591.4890914,241,10.1,47.9,CU_TO_DEV
1717474591.4891376,241,10.1,47.9,CU_TO_DEV
1717474597.1238115,322,6.8,47.6,OCC_TO_CU
1717474597.1244028,322,0.0,47.6,OCC_TO_CU
1717474597.2933486,273,23.2,47.7,CU_TO_DEV
1717474597.2941492,273,0.0,47.7,CU_TO_DEV
1717474607.1292276,322,4.0,47.6,OCC_TO_CU
1717474607.1303267,322,0.0,47.6,OCC_TO_CU
1717474607.2982893,273,29.6,47.8,CU_TO_DEV
1717474607.2981813,273,29.6,47.8,CU_TO_DEV
1717474617.2231262,322,3.6,47.5,OCC_TO_CU
1717474617.2251854,322,0.0,47.5,OCC_TO_CU
1717474617.3034923,273,58.1,47.8,CU_TO_DEV
1717474617.303552,273,58.1,47.8,CU_TO_DEV
1717474627.169,322,4.0,47.7,OCC_TO_CU
1717474627.1701164,322,0.0,47.7,OCC_TO_CU
1717474627.308507,273,32.7,47.9,CU_TO_DEV
1717474627.3087015,273,32.7,47.9,CU_TO_DEV
1717474637.1851847,322,4.0,47.7,OCC_TO_CU
1717474637.185833,322,0.0,47.7,OCC_TO_CU
1717474637.3138537,273,98.0,48.0,CU_TO_DEV
1717474637.3214686,273,100.0,48.0,CU_TO_DEV
1717474641.3872995,154,7.7,47.6,OCC_TO_CU
1717474641.5257437,241,15.5,47.8,CU_TO_DEV
1717474641.5257938,241,15.5,47.8,CU_TO_DEV
1717474647.2016606,322,3.3,47.7,OCC_TO_CU
1717474647.2021627,322,0.0,47.7,OCC_TO_CU
1717474647.3288028,273,31.5,47.8,CU_TO_DEV
1717474647.3286743,273,31.5,47.8,CU_TO_DEV
1717474657.2117033,322,3.8,47.7,OCC_TO_CU
1717474657.2123342,322,0.0,47.7,OCC_TO_CU
1717474657.3346975,273,35.4,47.9,CU_TO_DEV
1717474657.3347664,273,35.4,47.9,CU_TO_DEV
1717474667.2094507,322,3.8,47.7,OCC_TO_CU
1717474667.2100954,322,0.0,47.7,OCC_TO_CU
1717474667.3408303,273,29.4,47.9,CU_TO_DEV
1717474667.3409922,273,29.4,47.9,CU_TO_DEV
1717474677.2403617,322,4.8,47.6,OCC_TO_CU
1717474677.2412415,322,100.0,47.6,OCC_TO_CU
1717474677.346937,273,19.5,47.9,CU_TO_DEV
1717474677.347296,273,0.0,47.9,CU_TO_DEV
1717474687.236865,322,4.9,47.6,OCC_TO_CU
1717474687.2382138,322,0.0,47.6,OCC_TO_CU
1717474687.3542573,273,91.3,47.8,CU_TO_DEV
1717474687.3569722,273,100.0,47.8,CU_TO_DEV
1717474691.4737697,154,4.9,47.6,OCC_TO_CU
1717474691.556935,241,18.8,47.7,CU_TO_DEV
1717474691.5600488,241,0.0,47.7,CU_TO_DEV
1717474697.251136,322,3.5,47.4,OCC_TO_CU
1717474697.2562966,322,0.0,47.4,OCC_TO_CU
1717474697.3602355,273,41.5,47.6,CU_TO_DEV
1717474697.3626082,273,0.0,47.6,CU_TO_DEV
1717474717.3068874,322,3.7,47.4,OCC_TO_CU
1717474717.3081162,322,0.0,47.4,OCC_TO_CU
1717474717.3700998,273,36.0,47.4,CU_TO_DEV
1717474717.372188,273,0.0,47.4,CU_TO_DEV
1717474727.3098798,322,4.3,47.5,OCC_TO_CU
1717474727.3107152,322,0.0,47.5,OCC_TO_CU
1717474727.3767114,273,32.1,47.6,CU_TO_DEV
1717474727.376802,273,32.1,47.6,CU_TO_DEV
1717474737.3231084,322,5.2,47.4,OCC_TO_CU
1717474737.3242364,322,0.0,47.4,OCC_TO_CU
1717474737.382927,273,40.7,47.5,CU_TO_DEV
1717474737.3830266,273,40.7,47.5,CU_TO_DEV
1717474741.258381,154,7.5,47.5,OCC_TO_CU
1717474741.3862822,241,32.1,47.6,CU_TO_DEV
1717474741.388945,241,0.0,47.6,CU_TO_DEV
1717474747.3469527,322,3.6,47.5,OCC_TO_CU
1717474747.3489966,322,100.0,47.5,OCC_TO_CU
1717474747.3901653,273,41.2,47.5,CU_TO_DEV
1717474747.3919892,273,0.0,47.5,CU_TO_DEV
1717474757.347172,322,4.5,47.5,OCC_TO_CU
1717474757.3527007,322,33.3,47.5,OCC_TO_CU
1717474757.395579,273,53.3,47.5,CU_TO_DEV
1717474757.3964858,273,0.0,47.5,CU_TO_DEV
1717474767.3850424,322,4.6,47.4,OCC_TO_CU
1717474767.3858013,322,0.0,47.4,OCC_TO_CU
1717474767.4048908,273,57.1,47.4,CU_TO_DEV
1717474767.4057424,273,0.0,47.4,CU_TO_DEV
1717474777.3914034,322,5.0,47.3,OCC_TO_CU
1717474777.3944995,322,0.0,47.3,OCC_TO_CU
1717474777.4127254,273,62.5,47.4,CU_TO_DEV
1717474777.4126215,273,62.5,47.4,CU_TO_DEV
1717474787.3965192,322,4.1,47.4,OCC_TO_CU
1717474787.3981242,322,50.0,47.4,OCC_TO_CU
1717474787.419756,273,50.0,47.4,CU_TO_DEV
1717474787.4210153,273,100.0,47.4,CU_TO_DEV
1717474791.3411438,154,4.9,47.5,OCC_TO_CU
1717474791.4245327,241,43.8,47.6,CU_TO_DEV
1717474791.4252524,241,0.0,47.6,CU_TO_DEV
1717474797.4122121,322,4.0,47.5,OCC_TO_CU
1717474797.4164822,322,50.0,47.5,OCC_TO_CU
1717474797.4291563,273,60.0,47.5,CU_TO_DEV
1717474797.4300444,273,0.0,47.5,CU_TO_DEV
1717474807.443263,322,4.3,47.5,OCC_TO_CU
1717474807.4438634,322,0.0,47.5,OCC_TO_CU
1717474807.6353884,273,10.5,47.7,CU_TO_DEV
1717474807.6355617,273,10.5,47.7,CU_TO_DEV
1717474817.4663653,322,4.1,47.6,OCC_TO_CU
1717474817.467429,322,0.0,47.6,OCC_TO_CU
1717474817.641022,273,59.4,47.7,CU_TO_DEV
1717474817.6410966,273,59.4,47.7,CU_TO_DEV
1717474827.4674127,322,5.0,47.4,OCC_TO_CU
1717474827.4681556,322,0.0,47.4,OCC_TO_CU
1717474827.6497474,273,12.3,47.6,CU_TO_DEV
1717474827.649791,273,12.3,47.6,CU_TO_DEV
1717474837.4744031,322,4.1,47.4,OCC_TO_CU
1717474837.4750328,322,0.0,47.4,OCC_TO_CU
1717474837.6553037,273,9.7,47.6,CU_TO_DEV
1717474837.6557603,273,0.0,47.6,CU_TO_DEV
1717474841.4250815,154,4.6,47.5,OCC_TO_CU
1717474841.4581006,241,69.2,47.5,CU_TO_DEV
1717474841.4591177,241,0.0,47.5,CU_TO_DEV
1717474847.5290077,322,6.6,47.4,OCC_TO_CU
1717474847.530084,322,0.0,47.4,OCC_TO_CU
1717474847.6620188,273,13.5,47.5,CU_TO_DEV
1717474847.664927,273,0.0,47.5,CU_TO_DEV
1717474857.4913273,322,4.2,47.4,OCC_TO_CU
1717474857.4956713,322,0.0,47.4,OCC_TO_CU
1717474857.667563,273,13.4,47.5,CU_TO_DEV
1717474857.6704924,273,0.0,47.5,CU_TO_DEV
1717474867.5289316,322,5.1,47.3,OCC_TO_CU
1717474867.5323868,322,0.0,47.3,OCC_TO_CU
1717474867.6731865,273,13.8,47.6,CU_TO_DEV
1717474867.675728,273,0.0,47.6,CU_TO_DEV
1717474877.531734,322,3.5,47.4,OCC_TO_CU
1717474877.5443227,322,0.0,47.4,OCC_TO_CU
1717474877.6791449,273,23.1,47.6,CU_TO_DEV
1717474877.681778,273,0.0,47.6,CU_TO_DEV
1717474887.5531323,322,4.4,47.4,OCC_TO_CU
1717474887.553962,322,0.0,47.4,OCC_TO_CU
1717474887.6850867,273,13.7,47.7,CU_TO_DEV
1717474887.688715,273,0.0,47.7,CU_TO_DEV
1717474891.509128,154,4.5,47.5,OCC_TO_CU
1717474891.6875348,241,11.1,47.7,CU_TO_DEV
1717474891.6915164,241,0.0,47.7,CU_TO_DEV
1717474897.5849466,322,4.0,47.6,OCC_TO_CU
1717474897.5890448,322,50.0,47.6,OCC_TO_CU
1717474897.6910641,273,12.8,47.7,CU_TO_DEV
1717474897.6943505,273,0.0,47.7,CU_TO_DEV
1717474907.5659878,322,4.2,47.6,OCC_TO_CU
1717474907.5667572,322,0.0,47.6,OCC_TO_CU
1717474907.6971467,273,12.0,47.8,CU_TO_DEV
1717474907.699436,273,0.0,47.8,CU_TO_DEV
1717474917.6005723,322,5.0,47.5,OCC_TO_CU
1717474917.6036298,322,0.0,47.5,OCC_TO_CU
1717474917.7042856,273,18.4,47.7,CU_TO_DEV
1717474917.7070172,273,0.0,47.7,CU_TO_DEV
1717474927.5873885,322,5.2,47.4,OCC_TO_CU
1717474927.6051052,322,62.5,47.5,OCC_TO_CU
1717474927.7099373,273,17.9,47.6,CU_TO_DEV
1717474927.7126248,273,50.0,47.6,CU_TO_DEV
1717474937.6005092,322,3.6,47.5,OCC_TO_CU
1717474937.601248,322,100.0,47.5,OCC_TO_CU
1717474937.7155688,273,17.4,47.7,CU_TO_DEV
1717474937.717091,273,0.0,47.7,CU_TO_DEV
1717474941.3749716,154,6.8,47.5,OCC_TO_CU
1717474941.5182154,241,80.4,47.6,CU_TO_DEV
1717474941.5220306,241,50.0,47.6,CU_TO_DEV
1717474947.613718,322,3.7,47.5,OCC_TO_CU
1717474947.6143396,322,0.0,47.5,OCC_TO_CU
1717474947.7221735,273,25.6,47.5,CU_TO_DEV
1717474947.7250524,273,0.0,47.5,CU_TO_DEV
1717474957.6221473,322,5.1,47.3,OCC_TO_CU
1717474957.622835,322,0.0,47.3,OCC_TO_CU
1717474957.7290437,273,42.9,47.5,CU_TO_DEV
1717474957.7295933,273,0.0,47.5,CU_TO_DEV
1717474967.6596966,322,4.0,47.4,OCC_TO_CU
1717474967.6607504,322,0.0,47.4,OCC_TO_CU
1717474967.735315,273,27.6,47.6,CU_TO_DEV
1717474967.7358437,273,0.0,47.6,CU_TO_DEV
1717474977.6440074,322,3.9,47.4,OCC_TO_CU
1717474977.6446445,322,100.0,47.4,OCC_TO_CU
1717474977.741348,273,20.5,47.6,CU_TO_DEV
1717474977.7413049,273,20.5,47.6,CU_TO_DEV
1717474987.6515946,322,3.5,47.4,OCC_TO_CU
1717474987.6522064,322,0.0,47.4,OCC_TO_CU
1717474987.746585,273,17.1,47.7,CU_TO_DEV
1717474987.7464318,273,17.1,47.7,CU_TO_DEV
1717474991.6607015,154,4.7,47.5,OCC_TO_CU
1717474991.7493494,241,21.2,47.7,CU_TO_DEV
1717474991.7493026,241,21.2,47.7,CU_TO_DEV
1717474997.6609876,322,4.2,47.6,OCC_TO_CU
1717474997.6616862,322,0.0,47.6,OCC_TO_CU
1717474997.7528646,273,17.6,47.7,CU_TO_DEV
1717474997.7529676,273,17.6,47.7,CU_TO_DEV
1717475007.670381,322,4.9,47.5,OCC_TO_CU
1717475007.6749492,322,0.0,47.5,OCC_TO_CU
1717475007.7585726,273,32.4,47.7,CU_TO_DEV
1717475007.7615242,273,0.0,47.7,CU_TO_DEV
1717475017.700179,322,4.7,47.4,OCC_TO_CU
1717475017.7008204,322,100.0,47.4,OCC_TO_CU
1717475017.7647269,273,28.0,47.6,CU_TO_DEV
1717475017.7685544,273,0.0,47.6,CU_TO_DEV
1717475027.7028017,322,3.3,47.4,OCC_TO_CU
1717475027.7034068,322,0.0,47.4,OCC_TO_CU
1717475027.7704499,273,28.6,47.7,CU_TO_DEV
1717475027.773148,273,0.0,47.7,CU_TO_DEV
1717475037.7054377,322,3.8,47.5,OCC_TO_CU
1717475037.7064667,322,0.0,47.5,OCC_TO_CU
1717475037.7777357,273,19.2,47.7,CU_TO_DEV
1717475037.7781606,273,0.0,47.7,CU_TO_DEV
1717475043.5819426,154,4.8,47.5,OCC_TO_CU
1717475043.781741,241,19.5,47.7,CU_TO_DEV
1717475043.7825677,241,0.0,47.7,CU_TO_DEV
1717475047.7221446,322,4.6,47.6,OCC_TO_CU
1717475047.7227452,322,0.0,47.6,OCC_TO_CU
1717475047.7845852,273,29.2,47.7,CU_TO_DEV
1717475047.7844062,273,29.2,47.7,CU_TO_DEV
1717475057.7310538,322,5.1,47.4,OCC_TO_CU
1717475057.7317154,322,0.0,47.4,OCC_TO_CU
1717475057.7923977,273,29.2,47.6,CU_TO_DEV
1717475057.792464,273,29.2,47.6,CU_TO_DEV
1717475067.7343807,322,4.2,47.5,OCC_TO_CU
1717475067.758758,322,62.5,47.5,OCC_TO_CU
1717475067.7994783,273,100.0,47.7,CU_TO_DEV
1717475067.8014922,273,100.0,47.7,CU_TO_DEV
1717475077.7484014,322,4.3,47.4,OCC_TO_CU
1717475077.7490814,322,100.0,47.4,OCC_TO_CU
1717475077.8060286,273,28.6,47.6,CU_TO_DEV
1717475077.807391,273,0.0,47.6,CU_TO_DEV
1717475087.7629213,322,4.0,47.5,OCC_TO_CU
1717475087.7636561,322,0.0,47.5,OCC_TO_CU
1717475087.812536,273,31.6,47.7,CU_TO_DEV
1717475087.8124564,273,35.0,47.7,CU_TO_DEV
1717475093.9831011,154,4.3,47.7,OCC_TO_CU
1717475094.0168328,241,92.3,47.7,CU_TO_DEV
1717475094.0166073,241,92.3,47.7,CU_TO_DEV
1717475097.7676442,322,8.6,47.5,OCC_TO_CU
1717475097.768421,322,0.0,47.5,OCC_TO_CU
1717475097.8204541,273,27.3,47.6,CU_TO_DEV
1717475097.8210905,273,0.0,47.6,CU_TO_DEV
1717475107.7809467,322,3.8,47.4,OCC_TO_CU
1717475107.8092506,322,36.4,47.5,OCC_TO_CU
1717475107.8263848,273,66.7,47.6,CU_TO_DEV
1717475107.826322,273,66.7,47.6,CU_TO_DEV
1717475117.7947044,322,4.1,47.5,OCC_TO_CU
1717475117.7953827,322,0.0,47.5,OCC_TO_CU
1717475117.8324819,273,35.7,47.7,CU_TO_DEV
1717475117.8329813,273,0.0,47.7,CU_TO_DEV
1717475127.8051739,322,4.2,47.6,OCC_TO_CU
1717475127.8057969,322,0.0,47.6,OCC_TO_CU
1717475127.8387635,273,38.5,47.7,CU_TO_DEV
1717475127.8397257,273,0.0,47.7,CU_TO_DEV
1717475137.8174012,322,4.1,47.6,OCC_TO_CU
1717475137.8180118,322,0.0,47.6,OCC_TO_CU
1717475137.8464198,273,45.5,47.7,CU_TO_DEV
1717475137.8452568,273,45.5,47.7,CU_TO_DEV
1717475144.0379157,154,7.6,47.6,OCC_TO_CU
1717475144.0546436,241,57.1,47.6,CU_TO_DEV
1717475144.0554674,241,0.0,47.6,CU_TO_DEV
1717475147.8229868,322,3.9,47.6,OCC_TO_CU
1717475147.8235073,322,0.0,47.6,OCC_TO_CU
1717475147.85864,273,41.2,47.7,CU_TO_DEV
1717475147.858748,273,41.2,47.7,CU_TO_DEV
1717475157.8496451,322,3.8,47.6,OCC_TO_CU
1717475157.8503296,322,0.0,47.6,OCC_TO_CU
1717475157.864991,273,33.3,47.6,CU_TO_DEV
1717475157.8667424,273,0.0,47.6,CU_TO_DEV
1717475167.853696,322,4.1,47.6,OCC_TO_CU
1717475167.8704448,273,57.1,47.6,CU_TO_DEV
1717475167.871257,322,0.0,47.6,OCC_TO_CU
1717475168.0712779,273,23.8,47.8,CU_TO_DEV
1717475168.0725589,273,0.0,47.8,CU_TO_DEV
1717475177.8571842,322,5.4,48.5,OCC_TO_CU
1717475177.857818,322,0.0,48.5,OCC_TO_CU
1717475177.8796475,273,44.4,48.5,CU_TO_DEV
1717475177.8808138,273,0.0,48.5,CU_TO_DEV
1717475187.8658469,322,6.0,47.6,OCC_TO_CU
1717475187.866477,322,0.0,47.6,OCC_TO_CU
1717475187.8874977,273,37.5,47.7,CU_TO_DEV
1717475187.8895936,273,0.0,47.7,CU_TO_DEV
1717475194.1147354,154,4.8,47.7,OCC_TO_CU
1717475194.2911186,241,65.7,47.8,CU_TO_DEV
1717475194.2932847,241,0.0,47.8,CU_TO_DEV
1717475197.8888764,322,3.3,47.6,OCC_TO_CU
1717475197.889387,322,0.0,47.6,OCC_TO_CU
1717475197.8930998,273,0.0,47.6,CU_TO_DEV
1717475197.8956823,273,0.0,47.6,CU_TO_DEV
1717475207.888976,322,4.2,47.6,OCC_TO_CU
1717475207.889662,322,0.0,47.5,OCC_TO_CU
1717475207.8996398,273,25.0,47.5,CU_TO_DEV
1717475207.9004395,273,0.0,47.5,CU_TO_DEV
1717475217.9193401,322,4.4,47.7,OCC_TO_CU
1717475217.9199812,322,0.0,47.7,OCC_TO_CU
1717475218.1068478,273,19.7,47.8,CU_TO_DEV
1717475218.1076982,273,0.0,47.8,CU_TO_DEV
1717475227.9084396,322,4.1,47.7,OCC_TO_CU
1717475227.9092302,322,0.0,47.7,OCC_TO_CU
1717475227.9136102,273,0.0,47.7,CU_TO_DEV
1717475227.9135826,273,0.0,47.7,CU_TO_DEV
1717475237.9185643,322,4.7,47.7,OCC_TO_CU
1717475237.9195495,273,0.0,47.7,CU_TO_DEV
1717475237.9198093,273,0.0,47.7,CU_TO_DEV
1717475237.9193306,322,0.0,47.7,OCC_TO_CU
1717475238.1205573,273,22.0,47.9,CU_TO_DEV
1717475238.1212332,273,0.0,47.9,CU_TO_DEV
1717475244.195422,154,5.9,47.7,OCC_TO_CU
1717475244.3248098,241,15.7,47.9,CU_TO_DEV
1717475244.3248847,241,15.7,47.9,CU_TO_DEV
1717475247.9320588,322,3.1,47.7,OCC_TO_CU
1717475247.9328136,322,100.0,47.7,OCC_TO_CU
1717475248.1276608,273,16.9,47.9,CU_TO_DEV
1717475248.128208,273,0.0,47.9,CU_TO_DEV
1717475257.9696794,322,4.1,47.7,OCC_TO_CU
1717475257.9704475,322,0.0,47.7,OCC_TO_CU
1717475258.1338708,273,19.0,47.9,CU_TO_DEV
1717475258.1339672,273,19.0,47.9,CU_TO_DEV
1717475267.9524581,322,4.8,47.6,OCC_TO_CU
1717475267.9531965,322,0.0,47.6,OCC_TO_CU
1717475268.1397555,273,17.8,47.8,CU_TO_DEV
1717475268.1405215,273,0.0,47.8,CU_TO_DEV
1717475277.9559436,322,5.3,47.6,OCC_TO_CU
1717475277.9564688,322,0.0,47.6,OCC_TO_CU
1717475278.1468637,273,14.7,47.8,CU_TO_DEV
1717475278.1471677,273,0.0,47.8,CU_TO_DEV
1717475287.974524,322,3.8,47.6,OCC_TO_CU
1717475287.9751751,322,0.0,47.6,OCC_TO_CU
1717475288.15262,273,21.9,47.9,CU_TO_DEV
1717475288.152439,273,21.9,47.9,CU_TO_DEV
1717475294.1751084,154,4.0,47.7,OCC_TO_CU
1717475294.3564117,241,22.2,47.9,CU_TO_DEV
1717475294.3563485,241,22.2,47.9,CU_TO_DEV
1717475297.976743,322,3.9,47.8,OCC_TO_CU
1717475297.977493,322,0.0,47.8,OCC_TO_CU
1717475298.1589687,273,18.1,47.9,CU_TO_DEV
1717475298.1590486,273,18.1,47.9,CU_TO_DEV
1717475307.996832,322,4.1,47.7,OCC_TO_CU
1717475307.997492,322,0.0,47.7,OCC_TO_CU
1717475308.1657646,273,18.2,47.9,CU_TO_DEV
1717475308.1663554,273,0.0,47.9,CU_TO_DEV
1717475318.0052402,322,3.9,47.8,OCC_TO_CU
1717475318.005871,322,0.0,47.8,OCC_TO_CU
1717475318.1727505,273,71.9,47.9,CU_TO_DEV
1717475318.172822,273,71.9,47.9,CU_TO_DEV
1717475328.0185316,322,4.9,47.7,OCC_TO_CU
1717475328.019186,322,0.0,47.7,OCC_TO_CU
1717475328.179959,273,22.2,47.9,CU_TO_DEV
1717475328.1807435,273,50.0,47.9,CU_TO_DEV
1717475338.030943,322,4.2,47.7,OCC_TO_CU
1717475338.0560126,322,45.5,47.8,OCC_TO_CU
1717475338.186432,273,41.2,47.9,CU_TO_DEV
1717475338.1888592,273,100.0,47.9,CU_TO_DEV
1717475344.2427917,154,6.7,47.7,OCC_TO_CU
1717475344.393013,241,59.3,47.8,CU_TO_DEV
1717475344.3929634,241,59.3,47.8,CU_TO_DEV
1717475348.0439506,322,3.3,47.6,OCC_TO_CU
1717475348.0445032,322,0.0,47.6,OCC_TO_CU
1717475348.1964066,273,17.5,47.7,CU_TO_DEV
1717475348.1980383,273,0.0,47.7,CU_TO_DEV
1717475358.0549395,322,4.2,47.6,OCC_TO_CU
1717475358.0557802,322,0.0,47.6,OCC_TO_CU
1717475358.2037494,273,27.6,47.8,CU_TO_DEV
1717475358.2039082,273,27.6,47.8,CU_TO_DEV
1717475368.0785604,322,5.0,47.6,OCC_TO_CU
1717475368.0792227,322,0.0,47.6,OCC_TO_CU
1717475368.2107704,273,19.6,47.8,CU_TO_DEV
1717475368.211523,273,0.0,47.8,CU_TO_DEV
1717475378.090883,322,4.1,47.6,OCC_TO_CU
1717475378.0916853,322,0.0,47.6,OCC_TO_CU
1717475378.2175684,273,26.5,47.8,CU_TO_DEV
1717475378.2177548,273,26.5,47.8,CU_TO_DEV
1717475388.0974529,322,3.9,47.7,OCC_TO_CU
1717475388.0982594,322,0.0,47.7,OCC_TO_CU
1717475388.224816,273,27.5,47.9,CU_TO_DEV
1717475388.2247324,273,27.5,47.9,CU_TO_DEV
1717475394.3129992,154,4.5,47.8,OCC_TO_CU
1717475394.4294968,241,9.1,48.0,CU_TO_DEV
1717475394.4299977,241,0.0,48.0,CU_TO_DEV
1717475398.0985785,322,3.4,47.8,OCC_TO_CU
1717475398.099672,322,0.0,47.8,OCC_TO_CU
1717475398.2325265,273,23.1,47.9,CU_TO_DEV
1717475398.2327123,273,24.5,47.9,CU_TO_DEV
1717475408.1886888,322,4.0,47.8,OCC_TO_CU
1717475408.1897445,322,0.0,47.8,OCC_TO_CU
1717475408.2389069,273,63.2,47.9,CU_TO_DEV
1717475408.2393975,273,63.2,47.9,CU_TO_DEV
1717475418.1286669,322,4.9,47.8,OCC_TO_CU
1717475418.129322,322,0.0,47.8,OCC_TO_CU
1717475418.2455292,273,23.9,48.0,CU_TO_DEV
1717475418.2474232,273,0.0,48.0,CU_TO_DEV
1717475428.1515803,322,4.9,47.7,OCC_TO_CU
1717475428.1625445,322,25.0,47.7,OCC_TO_CU
1717475428.2534282,273,46.2,47.9,CU_TO_DEV
1717475428.2544289,273,0.0,47.9,CU_TO_DEV
1717475438.149551,322,3.8,47.7,OCC_TO_CU
1717475438.1501873,322,0.0,47.7,OCC_TO_CU
1717475438.2597587,273,90.7,47.9,CU_TO_DEV
1717475438.2636845,273,100.0,47.9,CU_TO_DEV
1717475444.2875843,154,4.8,47.8,OCC_TO_CU
1717475444.4659576,241,24.3,48.0,CU_TO_DEV
1717475444.4683719,241,0.0,48.0,CU_TO_DEV
1717475448.1613517,322,3.5,47.7,OCC_TO_CU
1717475448.1618493,322,0.0,47.7,OCC_TO_CU
1717475448.2693832,273,90.5,47.8,CU_TO_DEV
1717475448.2705257,273,0.0,47.8,CU_TO_DEV
1717475458.1741788,322,4.3,47.6,OCC_TO_CU
1717475458.1748118,322,0.0,47.6,OCC_TO_CU
1717475458.2801502,273,34.1,47.8,CU_TO_DEV
1717475458.285073,273,100.0,47.8,CU_TO_DEV
1717475468.1938024,322,5.0,47.6,OCC_TO_CU
1717475468.194447,322,0.0,47.6,OCC_TO_CU
1717475468.286082,273,40.5,47.8,CU_TO_DEV
1717475468.2895386,273,0.0,47.8,CU_TO_DEV
1717475478.1944585,322,3.9,47.7,OCC_TO_CU
1717475478.1950872,322,0.0,47.7,OCC_TO_CU
1717475478.2931924,273,32.4,47.9,CU_TO_DEV
1717475478.297248,273,0.0,47.9,CU_TO_DEV
1717475488.2042043,322,3.9,47.7,OCC_TO_CU
1717475488.2048633,322,0.0,47.7,OCC_TO_CU
1717475488.3012571,273,33.3,47.9,CU_TO_DEV
1717475488.3021352,273,0.0,47.9,CU_TO_DEV
1717475494.3626227,154,3.9,47.8,OCC_TO_CU
1717475494.5048065,241,19.6,48.0,CU_TO_DEV
1717475494.5057976,241,0.0,48.0,CU_TO_DEV
1717475498.2170281,322,3.3,47.8,OCC_TO_CU
1717475498.2176547,322,0.0,47.8,OCC_TO_CU
1717475498.3079817,273,40.0,47.9,CU_TO_DEV
1717475498.3078346,273,40.0,47.9,CU_TO_DEV
1717475508.2301643,322,5.8,47.6,OCC_TO_CU
1717475508.2312162,322,0.0,47.6,OCC_TO_CU
1717475508.3169265,273,38.2,47.8,CU_TO_DEV
1717475508.320792,273,0.0,47.8,CU_TO_DEV
1717475518.2516606,322,3.9,47.6,OCC_TO_CU
1717475518.2524366,322,0.0,47.6,OCC_TO_CU
1717475518.3230677,273,42.9,47.8,CU_TO_DEV
1717475518.3265202,273,0.0,47.8,CU_TO_DEV
1717475528.2512858,322,4.3,47.7,OCC_TO_CU
1717475528.2679398,322,33.3,47.7,OCC_TO_CU
1717475528.3305087,273,54.2,47.9,CU_TO_DEV
1717475528.33295,273,50.0,47.9,CU_TO_DEV
1717475538.27521,322,4.3,47.8,OCC_TO_CU
1717475538.2758708,322,0.0,47.8,OCC_TO_CU
1717475538.3378985,273,84.0,48.0,CU_TO_DEV
1717475538.3387039,273,0.0,48.0,CU_TO_DEV
1717475544.9540327,154,5.5,47.8,OCC_TO_CU
1717475545.149357,241,20.3,48.0,CU_TO_DEV
1717475545.1498795,241,0.0,48.0,CU_TO_DEV
1717475548.2866478,322,3.8,47.7,OCC_TO_CU
1717475548.287415,322,0.0,47.7,OCC_TO_CU
1717475548.351971,273,44.4,47.9,CU_TO_DEV
1717475548.3522367,273,44.4,47.9,CU_TO_DEV
1717475558.2938197,322,4.8,47.6,OCC_TO_CU
1717475558.294571,322,0.0,47.6,OCC_TO_CU
1717475558.3609178,273,100.0,47.8,CU_TO_DEV
1717475558.360357,273,42.3,47.8,CU_TO_DEV
1717475568.2986488,322,3.8,47.7,OCC_TO_CU
1717475568.2993176,322,0.0,47.7,OCC_TO_CU
1717475568.3672957,273,40.7,47.9,CU_TO_DEV
1717475568.367071,273,40.7,47.9,CU_TO_DEV
1717475578.309967,322,4.7,47.7,OCC_TO_CU
1717475578.310639,322,0.0,47.7,OCC_TO_CU
1717475578.3739898,273,42.3,47.9,CU_TO_DEV
1717475578.3747437,273,0.0,47.9,CU_TO_DEV
1717475588.3183842,322,4.1,47.7,OCC_TO_CU
1717475588.319017,322,0.0,47.7,OCC_TO_CU
1717475588.3823583,273,41.7,47.9,CU_TO_DEV
1717475588.3818107,273,41.7,47.9,CU_TO_DEV
1717475595.0268707,154,5.5,47.8,OCC_TO_CU
1717475595.1885417,241,17.5,48.0,CU_TO_DEV
1717475595.1886048,241,17.5,48.0,CU_TO_DEV
1717475598.3231359,322,6.6,47.7,OCC_TO_CU
1717475598.323863,322,0.0,47.7,OCC_TO_CU
1717475598.390856,273,37.5,47.8,CU_TO_DEV
1717475598.390732,273,37.5,47.8,CU_TO_DEV
1717475608.3514702,322,4.0,47.6,OCC_TO_CU
1717475608.3523223,322,0.0,47.6,OCC_TO_CU
1717475608.3974006,273,0.0,47.7,CU_TO_DEV
1717475608.3967874,273,57.9,47.7,CU_TO_DEV
1717475618.3805256,322,3.9,47.6,OCC_TO_CU
1717475618.3818524,322,0.0,47.6,OCC_TO_CU
1717475618.4063282,273,88.9,47.6,CU_TO_DEV
1717475618.4054215,273,88.9,47.6,CU_TO_DEV
1717475628.3669653,322,3.9,47.7,OCC_TO_CU
1717475628.3674595,322,0.0,47.7,OCC_TO_CU
1717475628.414363,273,41.2,47.9,CU_TO_DEV
1717475628.4144585,273,41.2,47.9,CU_TO_DEV
1717475638.3998811,322,3.9,47.8,OCC_TO_CU
1717475638.4005532,322,0.0,47.8,OCC_TO_CU
1717475638.4214754,273,70.0,47.8,CU_TO_DEV
1717475638.4230278,273,0.0,47.8,CU_TO_DEV
1717475646.018855,154,7.6,47.7,OCC_TO_CU
1717475646.0285916,241,80.0,47.7,CU_TO_DEV
1717475646.0294652,241,0.0,47.7,CU_TO_DEV
1717475648.3828335,322,3.0,47.7,OCC_TO_CU
1717475648.3926387,322,75.0,47.7,OCC_TO_CU
1717475648.4308856,273,64.3,47.8,CU_TO_DEV
1717475648.4307659,273,64.3,47.8,CU_TO_DEV
1717475658.3958168,322,3.9,47.6,OCC_TO_CU
1717475658.3988721,322,50.0,47.6,OCC_TO_CU
1717475658.4372604,273,42.9,47.7,CU_TO_DEV
1717475658.4371676,273,42.9,47.7,CU_TO_DEV
1717475668.4078405,322,3.7,47.7,OCC_TO_CU
1717475668.4107087,322,0.0,47.7,OCC_TO_CU
1717475668.4436722,273,45.5,47.8,CU_TO_DEV
1717475668.4437368,273,45.5,47.8,CU_TO_DEV
1717475678.420456,322,5.0,47.7,OCC_TO_CU
1717475678.4382536,322,57.1,47.7,OCC_TO_CU
1717475678.4499578,273,75.0,47.7,CU_TO_DEV
1717475678.450234,273,0.0,47.7,CU_TO_DEV
1717475688.4328203,322,5.3,47.7,OCC_TO_CU
1717475688.4362867,322,0.0,47.7,OCC_TO_CU
1717475688.4559088,273,66.7,47.7,CU_TO_DEV
1717475688.4559743,273,66.7,47.7,CU_TO_DEV
1717475696.0417957,154,4.9,47.8,OCC_TO_CU
1717475696.061053,241,87.5,47.7,CU_TO_DEV
1717475696.0644078,241,0.0,47.7,CU_TO_DEV
1717475698.4399474,322,7.3,47.7,OCC_TO_CU
1717475698.44308,322,50.0,47.7,OCC_TO_CU
1717475698.463241,273,57.1,47.8,CU_TO_DEV
1717475698.4660249,273,0.0,47.8,CU_TO_DEV
1717475708.4513576,322,4.2,47.7,OCC_TO_CU
1717475708.4547677,322,50.0,47.7,OCC_TO_CU
1717475708.4694934,273,60.0,47.7,CU_TO_DEV
1717475708.4721034,273,0.0,47.7,CU_TO_DEV
1717475718.4755964,322,4.1,47.7,OCC_TO_CU
1717475718.4764283,322,0.0,47.7,OCC_TO_CU
1717475718.4781294,273,0.0,47.7,CU_TO_DEV
1717475718.6760936,273,12.5,47.9,CU_TO_DEV
1717475728.4887338,322,4.1,47.7,OCC_TO_CU
1717475728.5063143,322,57.1,47.8,OCC_TO_CU
1717475728.6839528,273,15.7,47.9,CU_TO_DEV
1717475728.6843011,273,0.0,47.9,CU_TO_DEV
1717475738.5051484,322,5.1,47.7,OCC_TO_CU
1717475738.5064151,322,0.0,47.7,OCC_TO_CU
1717475738.6906085,273,8.3,47.9,CU_TO_DEV
1717475738.6905189,273,8.3,47.9,CU_TO_DEV
1717475746.1709192,154,4.5,47.8,OCC_TO_CU
1717475746.29517,241,88.0,47.9,CU_TO_DEV
1717475746.2956882,241,0.0,47.9,CU_TO_DEV
1717475748.5124176,322,3.4,47.6,OCC_TO_CU
1717475748.514417,322,0.0,47.6,OCC_TO_CU
1717475748.6971931,273,10.8,47.8,CU_TO_DEV
1717475748.6976964,273,0.0,47.8,CU_TO_DEV
1717475758.524949,322,5.0,47.6,OCC_TO_CU
1717475758.5260167,322,0.0,47.6,OCC_TO_CU
1717475758.706796,273,8.5,47.7,CU_TO_DEV
1717475758.7070088,273,0.0,47.7,CU_TO_DEV
1717475768.558575,322,4.0,47.6,OCC_TO_CU
1717475768.5592725,322,0.0,47.6,OCC_TO_CU
1717475768.7131498,273,11.5,47.8,CU_TO_DEV
1717475768.7136123,273,0.0,47.8,CU_TO_DEV
1717475778.5441377,322,5.4,47.6,OCC_TO_CU
1717475778.544681,322,100.0,47.6,OCC_TO_CU
1717475778.72025,273,7.4,47.9,CU_TO_DEV
1717475778.7203712,273,7.4,47.9,CU_TO_DEV
1717475788.5509849,322,3.7,47.6,OCC_TO_CU
1717475788.5575576,322,50.0,47.6,OCC_TO_CU
1717475788.7271051,273,19.1,47.8,CU_TO_DEV
1717475788.7275255,273,0.0,47.8,CU_TO_DEV
1717475796.1062996,154,4.8,47.8,OCC_TO_CU
1717475796.1329677,241,90.9,47.8,CU_TO_DEV
1717475796.134064,241,0.0,47.8,CU_TO_DEV
1717475798.564921,322,3.2,47.7,OCC_TO_CU
1717475798.56596,322,0.0,47.7,OCC_TO_CU
1717475798.7358754,273,7.5,47.9,CU_TO_DEV
1717475798.7370307,273,0.0,47.9,CU_TO_DEV
1717475808.5802274,322,3.7,47.8,OCC_TO_CU
1717475808.5808108,322,100.0,47.8,OCC_TO_CU
1717475808.7413285,273,6.6,48.0,CU_TO_DEV
1717475808.741659,273,0.0,48.0,CU_TO_DEV
1717475818.612287,322,4.1,47.8,OCC_TO_CU
1717475818.6129475,322,50.0,47.8,OCC_TO_CU
1717475818.7466393,273,84.0,47.9,CU_TO_DEV
1717475818.7470262,273,0.0,47.9,CU_TO_DEV
1717475828.607732,322,4.8,47.7,OCC_TO_CU
1717475828.608406,322,0.0,47.7,OCC_TO_CU
1717475828.752279,273,12.3,47.8,CU_TO_DEV
1717475828.752522,273,0.0,47.8,CU_TO_DEV
1717475838.618374,322,4.1,47.7,OCC_TO_CU
1717475838.6308155,322,0.0,47.7,OCC_TO_CU
1717475838.7582545,273,26.0,47.9,CU_TO_DEV
1717475838.7582965,273,26.0,47.9,CU_TO_DEV
1717475847.246703,154,4.8,47.7,OCC_TO_CU
1717475847.3642092,241,89.4,47.8,CU_TO_DEV
1717475847.3673534,241,50.0,47.8,CU_TO_DEV
1717475848.6225464,322,4.6,47.7,OCC_TO_CU
1717475848.623147,322,0.0,47.7,OCC_TO_CU
1717475848.7657511,273,8.9,47.8,CU_TO_DEV
1717475848.7686362,273,0.0,47.8,CU_TO_DEV
1717475858.630595,322,3.7,47.6,OCC_TO_CU
1717475858.6312468,322,0.0,47.6,OCC_TO_CU
1717475858.7719092,273,17.2,47.8,CU_TO_DEV
1717475858.7739525,273,0.0,47.8,CU_TO_DEV
1717475868.6568012,322,5.0,47.7,OCC_TO_CU
1717475868.660897,322,100.0,47.7,OCC_TO_CU
1717475868.779783,273,54.3,47.9,CU_TO_DEV
1717475868.784884,273,0.0,47.9,CU_TO_DEV
1717475878.6630673,322,3.8,47.6,OCC_TO_CU
1717475878.6638677,322,0.0,47.6,OCC_TO_CU
1717475878.785225,273,18.4,47.8,CU_TO_DEV
1717475878.790318,273,0.0,47.8,CU_TO_DEV
1717475888.6726913,322,4.2,47.7,OCC_TO_CU
1717475888.6733255,322,0.0,47.7,OCC_TO_CU
1717475888.7926822,273,14.9,47.9,CU_TO_DEV
1717475888.7980273,273,0.0,47.9,CU_TO_DEV
1717475898.2382667,154,4.0,47.7,OCC_TO_CU
1717475898.3986661,241,25.8,48.0,CU_TO_DEV
1717475898.4025614,241,0.0,48.0,CU_TO_DEV
1717475898.6877744,322,7.8,48.0,OCC_TO_CU
1717475898.6883826,322,0.0,48.0,OCC_TO_CU
1717475898.7996526,273,11.6,48.0,CU_TO_DEV
1717475898.8030653,273,0.0,48.0,CU_TO_DEV
1717475908.6974275,322,4.1,47.8,OCC_TO_CU
1717475908.6980488,322,0.0,47.8,OCC_TO_CU
1717475908.8066342,273,16.7,48.0,CU_TO_DEV
1717475908.8081615,273,0.0,48.0,CU_TO_DEV
1717475918.7256153,322,5.1,47.7,OCC_TO_CU
1717475918.7262943,322,0.0,47.7,OCC_TO_CU
1717475918.8140862,273,22.2,47.9,CU_TO_DEV
1717475918.8140285,273,22.2,47.9,CU_TO_DEV
1717475928.747273,322,4.6,47.7,OCC_TO_CU
1717475928.7478926,322,0.0,47.7,OCC_TO_CU
1717475928.8194396,273,22.2,47.9,CU_TO_DEV
1717475928.8193197,273,22.2,47.9,CU_TO_DEV
1717475938.7460628,322,4.0,47.7,OCC_TO_CU
1717475938.7471027,322,0.0,47.7,OCC_TO_CU
1717475938.8258264,273,23.3,47.9,CU_TO_DEV
1717475938.8257592,273,23.3,47.9,CU_TO_DEV
1717475948.5841007,154,4.2,47.8,OCC_TO_CU
1717475948.637095,241,86.4,47.9,CU_TO_DEV
1717475948.6369023,241,86.4,47.9,CU_TO_DEV
1717475948.7648163,322,92.0,47.9,OCC_TO_CU
1717475948.7752872,322,33.3,47.9,OCC_TO_CU
1717475948.8382597,273,92.0,47.9,CU_TO_DEV
1717475948.8387601,273,0.0,47.9,CU_TO_DEV
1717475958.7680411,322,4.4,47.6,OCC_TO_CU
1717475958.768813,322,100.0,47.6,OCC_TO_CU
1717475958.845835,273,26.7,47.9,CU_TO_DEV
1717475958.846239,273,0.0,47.9,CU_TO_DEV
1717475968.787861,322,5.2,47.6,OCC_TO_CU
1717475968.7928867,322,33.3,47.6,OCC_TO_CU
1717475968.851381,273,47.8,47.8,CU_TO_DEV
1717475968.8515067,273,47.8,47.8,CU_TO_DEV
1717475978.8317692,322,3.7,47.6,OCC_TO_CU
1717475978.8329916,322,0.0,47.6,OCC_TO_CU
1717475978.8582177,273,40.0,47.7,CU_TO_DEV
1717475978.858307,273,40.0,47.7,CU_TO_DEV
1717475988.8048422,322,4.4,47.7,OCC_TO_CU
1717475988.805881,322,0.0,47.7,OCC_TO_CU
1717475988.8645709,273,27.3,47.9,CU_TO_DEV
1717475988.8648484,273,27.3,47.9,CU_TO_DEV
1717475998.8154523,322,3.8,47.7,OCC_TO_CU
1717475998.816098,322,0.0,47.7,OCC_TO_CU
1717475998.8736997,273,28.6,48.0,CU_TO_DEV
1717475998.8742888,273,0.0,48.0,CU_TO_DEV
1717476000.7547114,154,6.5,47.9,OCC_TO_CU
1717476000.8755174,241,16.3,48.1,CU_TO_DEV
1717476000.8769283,241,0.0,48.1,CU_TO_DEV
1717476008.8328218,322,5.5,47.6,OCC_TO_CU
1717476008.83333,322,0.0,47.6,OCC_TO_CU
1717476008.8824248,273,21.1,47.8,CU_TO_DEV
1717476008.8842192,273,0.0,47.8,CU_TO_DEV
1717476018.8385377,322,4.2,47.6,OCC_TO_CU
1717476018.8392122,322,0.0,47.6,OCC_TO_CU
1717476018.889049,273,30.0,47.8,CU_TO_DEV
1717476018.88982,273,0.0,47.8,CU_TO_DEV
1717476028.8621395,322,3.9,47.7,OCC_TO_CU
1717476028.86295,322,0.0,47.7,OCC_TO_CU
1717476028.8989394,273,42.9,47.9,CU_TO_DEV
1717476028.8997095,273,0.0,47.9,CU_TO_DEV
1717476038.8603945,322,4.1,47.7,OCC_TO_CU
1717476038.866304,322,33.3,47.7,OCC_TO_CU
1717476038.9064634,273,62.5,48.0,CU_TO_DEV
1717476038.905737,273,62.5,48.0,CU_TO_DEV
1717476048.880151,322,4.0,47.8,OCC_TO_CU
1717476048.8814137,322,50.0,47.8,OCC_TO_CU
1717476048.9128633,273,46.2,48.0,CU_TO_DEV
1717476048.9133565,273,0.0,48.0,CU_TO_DEV
1717476052.4608958,154,11.1,47.8,OCC_TO_CU
1717476052.5160663,241,15.0,48.0,CU_TO_DEV
1717476052.5202875,241,66.7,48.0,CU_TO_DEV
1717476058.89639,322,3.6,47.8,OCC_TO_CU
1717476058.9079201,322,25.0,47.8,OCC_TO_CU
1717476058.92075,273,80.0,47.8,CU_TO_DEV
1717476058.9244356,273,0.0,47.8,CU_TO_DEV
1717476068.924642,322,4.4,47.7,OCC_TO_CU
1717476068.9255416,322,0.0,47.7,OCC_TO_CU
1717476068.9283004,273,0.0,47.7,CU_TO_DEV
1717476068.9302876,273,100.0,47.7,CU_TO_DEV
1717476078.922863,322,4.7,47.7,OCC_TO_CU
1717476078.923756,322,0.0,47.7,OCC_TO_CU
1717476078.9350538,273,25.0,47.7,CU_TO_DEV
1717476078.9386404,273,100.0,47.7,CU_TO_DEV
1717476088.9319077,322,5.1,47.6,OCC_TO_CU
1717476088.932671,322,100.0,47.6,OCC_TO_CU
1717476088.944352,273,25.0,47.6,CU_TO_DEV
1717476088.9453135,273,100.0,47.6,CU_TO_DEV
1717476098.940937,322,4.9,47.6,OCC_TO_CU
1717476098.9530218,273,25.0,47.6,CU_TO_DEV
1717476098.954348,322,0.0,47.6,OCC_TO_CU
1717476098.9587724,273,50.0,47.7,CU_TO_DEV
1717476099.153823,273,12.0,47.8,CU_TO_DEV
1717476103.4546275,154,3.8,47.6,OCC_TO_CU
1717476103.5563293,241,17.5,47.8,CU_TO_DEV
1717476103.5626173,241,0.0,47.8,CU_TO_DEV
1717476108.9538064,322,4.5,47.7,OCC_TO_CU
1717476108.954598,322,0.0,47.7,OCC_TO_CU
1717476108.9613674,273,50.0,47.7,CU_TO_DEV
1717476108.9659328,273,0.0,47.7,CU_TO_DEV
1717476118.9831717,322,4.3,47.7,OCC_TO_CU
1717476118.9838352,322,0.0,47.7,OCC_TO_CU
1717476119.1673803,273,13.3,47.9,CU_TO_DEV
1717476119.1706963,273,0.0,47.9,CU_TO_DEV
1717476128.9836771,322,4.1,47.7,OCC_TO_CU
1717476128.984313,322,0.0,47.7,OCC_TO_CU
1717476129.1739783,273,11.7,47.9,CU_TO_DEV
1717476129.176984,273,0.0,47.9,CU_TO_DEV
1717476138.9920895,322,4.0,47.7,OCC_TO_CU
1717476138.996134,322,50.0,47.7,OCC_TO_CU
1717476139.1823785,273,8.2,48.0,CU_TO_DEV
1717476139.1852129,273,0.0,48.0,CU_TO_DEV
1717476149.018459,322,5.0,47.7,OCC_TO_CU
1717476149.0247178,322,50.0,47.7,OCC_TO_CU
1717476149.1897008,273,90.6,47.9,CU_TO_DEV
1717476149.1919618,273,0.0,47.9,CU_TO_DEV
1717476153.54309,154,3.9,47.7,OCC_TO_CU
1717476153.5933459,241,26.3,47.8,CU_TO_DEV
1717476153.5946295,241,0.0,47.8,CU_TO_DEV
1717476159.021748,322,3.8,47.7,OCC_TO_CU
1717476159.0224228,322,0.0,47.7,OCC_TO_CU
1717476159.1976333,273,9.0,47.9,CU_TO_DEV
1717476159.1980906,273,0.0,47.9,CU_TO_DEV
1717476169.0389676,322,4.7,47.7,OCC_TO_CU
1717476169.0394747,322,0.0,47.7,OCC_TO_CU
1717476169.2040634,273,10.6,47.9,CU_TO_DEV
1717476169.204466,273,0.0,47.9,CU_TO_DEV
1717476179.0488656,322,3.6,47.7,OCC_TO_CU
1717476179.0495696,322,0.0,47.7,OCC_TO_CU
1717476179.2096314,273,12.5,47.9,CU_TO_DEV
1717476179.2098367,273,12.5,47.9,CU_TO_DEV
1717476189.0556028,322,5.2,47.7,OCC_TO_CU
1717476189.068891,322,40.0,47.7,OCC_TO_CU
1717476189.2168732,273,15.5,47.9,CU_TO_DEV
1717476189.216995,273,15.5,47.9,CU_TO_DEV
1717476199.0727222,322,4.4,47.6,OCC_TO_CU
1717476199.0732286,322,0.0,47.6,OCC_TO_CU
1717476199.227726,273,9.8,47.8,CU_TO_DEV
1717476199.2278528,273,9.8,47.8,CU_TO_DEV
1717476203.6045024,154,4.6,47.7,OCC_TO_CU
1717476203.630981,241,45.5,47.7,CU_TO_DEV
1717476203.6310875,241,45.5,47.7,CU_TO_DEV
1717476209.0780408,322,4.4,47.7,OCC_TO_CU
1717476209.0786743,322,0.0,47.7,OCC_TO_CU
1717476209.235429,273,9.8,47.9,CU_TO_DEV
1717476209.2354758,273,9.8,47.9,CU_TO_DEV
1717476219.104734,322,4.4,47.7,OCC_TO_CU
1717476219.1053936,322,0.0,47.7,OCC_TO_CU
1717476219.2411664,273,11.5,47.9,CU_TO_DEV
1717476219.2411225,273,11.5,47.9,CU_TO_DEV
1717476229.134196,322,4.2,47.7,OCC_TO_CU
1717476229.1348193,322,0.0,47.7,OCC_TO_CU
1717476229.2473738,273,17.8,47.9,CU_TO_DEV
1717476229.2478104,273,0.0,47.9,CU_TO_DEV
1717476239.1264803,322,5.1,47.7,OCC_TO_CU
1717476239.1271486,322,0.0,47.7,OCC_TO_CU
1717476239.253583,273,14.0,47.9,CU_TO_DEV
1717476239.2540767,273,0.0,47.9,CU_TO_DEV
1717476249.1839888,322,4.0,47.8,OCC_TO_CU
1717476249.1846468,322,100.0,47.8,OCC_TO_CU
1717476249.2644916,273,87.1,48.0,CU_TO_DEV
1717476249.2654784,273,100.0,48.0,CU_TO_DEV
1717476253.6834204,154,7.1,47.7,OCC_TO_CU
1717476253.868769,241,11.0,47.9,CU_TO_DEV
1717476253.8685956,241,10.8,47.9,CU_TO_DEV
1717476259.1536994,322,3.8,47.7,OCC_TO_CU
1717476259.1543832,322,0.0,47.7,OCC_TO_CU
1717476259.2733226,273,16.7,47.8,CU_TO_DEV
1717476259.273126,273,16.7,47.8,CU_TO_DEV
1717476269.166065,322,3.8,47.6,OCC_TO_CU
1717476269.1667418,322,0.0,47.6,OCC_TO_CU
1717476269.2788231,273,19.6,47.8,CU_TO_DEV
1717476269.2795925,273,0.0,47.8,CU_TO_DEV
1717476279.1866286,322,5.5,47.6,OCC_TO_CU
1717476279.1871777,322,0.0,47.6,OCC_TO_CU
1717476279.2862508,273,13.2,47.8,CU_TO_DEV
1717476279.2866292,273,0.0,47.8,CU_TO_DEV
1717476289.1896305,322,3.9,47.6,OCC_TO_CU
1717476289.190474,322,0.0,47.6,OCC_TO_CU
1717476289.2932723,273,20.0,47.8,CU_TO_DEV
1717476289.2935188,273,0.0,47.8,CU_TO_DEV
1717476299.1954052,322,4.3,47.7,OCC_TO_CU
1717476299.2056863,322,40.0,47.7,OCC_TO_CU
1717476299.300496,273,36.8,47.9,CU_TO_DEV
1717476299.3008623,273,100.0,47.9,CU_TO_DEV
1717476303.4543767,154,4.5,47.8,OCC_TO_CU
1717476303.505873,241,50.0,48.0,CU_TO_DEV
1717476303.5071962,241,0.0,48.0,CU_TO_DEV
1717476309.2132237,322,3.7,47.8,OCC_TO_CU
1717476309.2140853,322,0.0,47.8,OCC_TO_CU
1717476309.3105474,273,20.5,48.0,CU_TO_DEV
1717476309.310993,273,0.0,48.0,CU_TO_DEV
1717476319.2207205,322,5.2,47.7,OCC_TO_CU
1717476319.2212732,322,0.0,47.7,OCC_TO_CU
1717476319.3170757,273,16.2,47.9,CU_TO_DEV
1717476319.3174438,273,0.0,47.9,CU_TO_DEV
1717476329.2385025,322,4.7,47.7,OCC_TO_CU
1717476329.2390122,322,0.0,47.7,OCC_TO_CU
1717476329.3232281,273,17.6,47.9,CU_TO_DEV
1717476329.323266,273,17.6,47.9,CU_TO_DEV
1717476339.250276,322,4.8,47.6,OCC_TO_CU
1717476339.250799,322,0.0,47.6,OCC_TO_CU
1717476339.3283923,273,16.7,47.8,CU_TO_DEV
1717476339.3285882,273,0.0,47.8,CU_TO_DEV
1717476349.2697685,322,4.2,47.6,OCC_TO_CU
1717476349.2704806,322,0.0,47.6,OCC_TO_CU
1717476349.3343427,273,25.0,47.9,CU_TO_DEV
1717476349.3347807,273,0.0,47.9,CU_TO_DEV
1717476353.5212715,154,6.2,47.7,OCC_TO_CU
1717476353.5372522,241,40.0,47.7,CU_TO_DEV
1717476353.538359,241,0.0,47.7,CU_TO_DEV
1717476359.267553,322,4.0,47.7,OCC_TO_CU
1717476359.2682235,322,0.0,47.7,OCC_TO_CU
1717476359.3404884,273,29.0,47.8,CU_TO_DEV
1717476359.342715,273,100.0,47.8,CU_TO_DEV
1717476369.3110905,322,3.8,47.7,OCC_TO_CU
1717476369.3117764,322,0.0,47.7,OCC_TO_CU
1717476369.346171,273,42.9,47.9,CU_TO_DEV
1717476369.3477428,273,0.0,47.9,CU_TO_DEV
1717476379.3090432,322,5.1,47.6,OCC_TO_CU
1717476379.3098662,322,0.0,47.6,OCC_TO_CU
1717476379.3568778,273,29.4,47.8,CU_TO_DEV
1717476379.3568022,273,29.4,47.8,CU_TO_DEV
1717476389.313332,322,3.6,47.7,OCC_TO_CU
1717476389.3141065,322,0.0,47.7,OCC_TO_CU
1717476389.3626642,273,38.1,47.9,CU_TO_DEV
1717476389.362608,273,38.1,47.9,CU_TO_DEV
1717476399.3225248,322,4.2,47.7,OCC_TO_CU
1717476399.33656,322,50.0,47.8,OCC_TO_CU
1717476399.3684537,273,61.5,48.0,CU_TO_DEV
1717476399.369664,273,100.0,48.0,CU_TO_DEV
1717476403.6013095,154,4.4,47.8,OCC_TO_CU
1717476403.77316,241,20.9,48.0,CU_TO_DEV
1717476403.7730014,241,21.2,48.0,CU_TO_DEV
1717476409.338551,322,4.1,47.9,OCC_TO_CU
1717476409.3392186,322,0.0,47.9,OCC_TO_CU
1717476409.3766863,273,52.9,48.0,CU_TO_DEV
1717476409.3772058,273,0.0,48.0,CU_TO_DEV
1717476419.3502483,322,6.1,47.7,OCC_TO_CU
1717476419.3507566,322,0.0,47.7,OCC_TO_CU
1717476419.386073,273,38.5,47.9,CU_TO_DEV
1717476419.3863075,273,38.5,47.9,CU_TO_DEV
1717476429.3636415,322,3.9,47.7,OCC_TO_CU
1717476429.3641443,322,0.0,47.7,OCC_TO_CU
1717476429.3921275,273,22.2,47.8,CU_TO_DEV
1717476429.392179,273,36.4,47.8,CU_TO_DEV
1717476439.377182,322,3.9,47.7,OCC_TO_CU
1717476439.3831875,322,0.0,47.7,OCC_TO_CU
1717476439.4010043,273,87.5,47.7,CU_TO_DEV
1717476439.4010518,273,87.5,47.7,CU_TO_DEV
1717476449.3978343,322,4.8,47.7,OCC_TO_CU
1717476449.398481,322,0.0,47.7,OCC_TO_CU
1717476449.4065835,273,50.0,47.7,CU_TO_DEV
1717476449.4072554,273,0.0,47.7,CU_TO_DEV
1717476453.6766515,154,6.7,47.7,OCC_TO_CU
1717476453.8098931,241,25.0,47.9,CU_TO_DEV
1717476453.809746,241,25.0,47.9,CU_TO_DEV
1717476459.399231,322,3.6,47.7,OCC_TO_CU
1717476459.4095197,322,50.0,47.7,OCC_TO_CU
1717476459.41305,273,50.0,47.7,CU_TO_DEV
1717476459.4136088,273,0.0,47.7,CU_TO_DEV
1717476469.4271426,322,4.9,47.6,OCC_TO_CU
1717476469.4279761,322,0.0,47.6,OCC_TO_CU
1717476469.620879,273,13.3,47.8,CU_TO_DEV
1717476469.6224008,273,0.0,47.8,CU_TO_DEV
1717476479.443578,322,3.9,47.7,OCC_TO_CU
1717476479.4447427,322,0.0,47.7,OCC_TO_CU
1717476479.627628,273,18.7,47.9,CU_TO_DEV
1717476479.6279001,273,0.0,47.9,CU_TO_DEV
1717476489.4515777,322,4.2,47.7,OCC_TO_CU
1717476489.452383,322,0.0,47.7,OCC_TO_CU
1717476489.6330526,273,14.3,47.9,CU_TO_DEV
1717476489.6330032,273,14.3,47.9,CU_TO_DEV
1717476499.450079,322,4.3,47.8,OCC_TO_CU
1717476499.4508808,322,0.0,47.8,OCC_TO_CU
1717476499.6387398,273,17.1,48.0,CU_TO_DEV
1717476499.6389225,273,17.1,48.0,CU_TO_DEV
1717476503.642323,154,6.2,47.7,OCC_TO_CU
1717476503.8414805,241,16.3,47.9,CU_TO_DEV
1717476503.8416076,241,16.3,47.9,CU_TO_DEV
1717476509.4613419,322,5.9,47.7,OCC_TO_CU
1717476509.461979,322,0.0,47.7,OCC_TO_CU
1717476509.6448576,273,11.3,47.9,CU_TO_DEV
1717476509.6449747,273,11.3,47.9,CU_TO_DEV
1717476519.4841537,322,3.8,47.6,OCC_TO_CU
1717476519.4850106,322,100.0,47.6,OCC_TO_CU
1717476519.6500185,273,17.2,47.9,CU_TO_DEV
1717476519.650261,273,0.0,47.9,CU_TO_DEV
1717476529.5086446,322,4.0,47.7,OCC_TO_CU
1717476529.509424,322,0.0,47.7,OCC_TO_CU
1717476529.656289,273,25.4,48.0,CU_TO_DEV
1717476529.6562164,273,25.4,48.0,CU_TO_DEV
1717476539.5343034,322,3.9,47.7,OCC_TO_CU
1717476539.5355337,322,0.0,47.7,OCC_TO_CU
1717476539.662167,273,24.0,48.0,CU_TO_DEV
1717476539.662229,273,24.0,48.0,CU_TO_DEV
1717476549.5253413,322,3.7,47.8,OCC_TO_CU
1717476549.526377,322,0.0,47.8,OCC_TO_CU
1717476549.6673534,273,23.6,48.0,CU_TO_DEV
1717476549.6678038,273,0.0,48.0,CU_TO_DEV
1717476553.8292718,154,7.4,47.8,OCC_TO_CU
1717476553.8739774,241,100.0,47.8,CU_TO_DEV
1717476553.8743958,241,0.0,47.9,CU_TO_DEV
1717476559.5481498,322,4.6,47.8,OCC_TO_CU
1717476559.5492365,322,100.0,47.8,OCC_TO_CU
1717476559.6794238,273,16.3,47.9,CU_TO_DEV
1717476559.6793287,273,16.3,47.9,CU_TO_DEV
1717476569.5611038,322,4.7,47.6,OCC_TO_CU
1717476569.5620203,322,0.0,47.6,OCC_TO_CU
1717476569.6847432,273,16.3,47.8,CU_TO_DEV
1717476569.6848297,273,16.3,47.8,CU_TO_DEV
1717476579.5624478,322,4.1,47.6,OCC_TO_CU
1717476579.5896988,322,45.5,47.7,OCC_TO_CU
1717476579.6907196,273,23.1,47.9,CU_TO_DEV
1717476579.6912878,273,0.0,47.9,CU_TO_DEV
1717476589.5810618,322,4.9,47.6,OCC_TO_CU
1717476589.581784,322,0.0,47.6,OCC_TO_CU
1717476589.697182,273,15.2,47.8,CU_TO_DEV
1717476589.6971254,273,15.2,47.8,CU_TO_DEV
1717476599.5935996,322,4.1,47.7,OCC_TO_CU
1717476599.5946944,322,0.0,47.7,OCC_TO_CU
1717476599.7025962,273,18.6,47.9,CU_TO_DEV
1717476599.7032921,273,0.0,47.9,CU_TO_DEV
1717476603.9020555,154,7.0,47.7,OCC_TO_CU
1717476603.9056597,241,0.0,47.7,CU_TO_DEV
1717476603.9057271,241,0.0,47.7,CU_TO_DEV
1717476609.6048493,322,4.2,47.7,OCC_TO_CU
1717476609.6056077,322,0.0,47.7,OCC_TO_CU
1717476609.7098389,273,17.5,47.9,CU_TO_DEV
1717476609.7097933,273,17.5,47.9,CU_TO_DEV
1717476619.6209054,322,3.9,47.7,OCC_TO_CU
1717476619.6215374,322,0.0,47.7,OCC_TO_CU
1717476619.715506,273,18.9,47.9,CU_TO_DEV
1717476619.7157733,273,0.0,47.9,CU_TO_DEV
1717476629.6363835,322,3.7,47.7,OCC_TO_CU
1717476629.6552234,322,33.3,47.8,OCC_TO_CU
1717476629.7216609,273,33.3,47.9,CU_TO_DEV
1717476629.7217233,273,33.3,47.9,CU_TO_DEV
1717476639.645114,322,4.3,47.8,OCC_TO_CU
1717476639.6460085,322,0.0,47.8,OCC_TO_CU
1717476639.7270617,273,26.5,48.0,CU_TO_DEV
1717476639.727762,273,0.0,48.0,CU_TO_DEV
1717476649.6717956,322,4.8,47.7,OCC_TO_CU
1717476649.672915,322,100.0,47.7,OCC_TO_CU
1717476649.73427,273,25.0,48.0,CU_TO_DEV
1717476649.7348077,273,0.0,48.0,CU_TO_DEV
1717476654.8932593,154,6.4,47.8,OCC_TO_CU
1717476654.9410486,241,55.6,47.8,CU_TO_DEV
1717476654.9416664,241,0.0,47.8,CU_TO_DEV
1717476659.6800869,322,3.7,47.8,OCC_TO_CU
1717476659.6806073,322,0.0,47.8,OCC_TO_CU
1717476659.754509,273,13.3,47.8,CU_TO_DEV
1717476659.7548792,273,0.0,47.8,CU_TO_DEV
1717476669.6907184,322,5.1,47.6,OCC_TO_CU
1717476669.6912448,322,0.0,47.6,OCC_TO_CU
1717476669.7658153,273,20.0,47.8,CU_TO_DEV
1717476669.7657423,273,20.0,47.8,CU_TO_DEV
1717476679.718284,322,3.9,47.7,OCC_TO_CU
1717476679.7202954,322,0.0,47.7,OCC_TO_CU
1717476679.7734554,273,31.8,47.9,CU_TO_DEV
1717476679.773512,273,31.8,47.9,CU_TO_DEV
1717476689.717433,322,4.2,47.8,OCC_TO_CU
1717476689.718049,322,0.0,47.8,OCC_TO_CU
1717476689.779091,273,29.2,48.0,CU_TO_DEV
1717476689.7790267,273,29.2,48.0,CU_TO_DEV
1717476699.7386656,322,4.3,47.7,OCC_TO_CU
1717476699.7397332,322,0.0,47.7,OCC_TO_CU
1717476699.7850478,273,89.5,47.8,CU_TO_DEV
1717476699.788975,273,100.0,47.8,CU_TO_DEV
1717476704.8986316,154,5.3,47.7,OCC_TO_CU
1717476704.9912038,241,36.1,47.8,CU_TO_DEV
1717476704.9914887,241,36.1,47.8,CU_TO_DEV
1717476709.7446702,322,4.1,47.7,OCC_TO_CU
1717476709.7454212,322,0.0,47.7,OCC_TO_CU
1717476709.794709,273,31.6,47.9,CU_TO_DEV
1717476709.794586,273,31.6,47.9,CU_TO_DEV
1717476719.7717018,322,3.6,47.7,OCC_TO_CU
1717476719.7727401,322,0.0,47.7,OCC_TO_CU
1717476719.8000534,273,36.4,47.8,CU_TO_DEV
1717476719.8018327,273,100.0,47.8,CU_TO_DEV
1717476729.7759035,322,4.1,47.7,OCC_TO_CU
1717476729.7765667,322,0.0,47.7,OCC_TO_CU
1717476729.8068347,273,41.7,47.8,CU_TO_DEV
1717476729.8078892,273,0.0,47.9,CU_TO_DEV
1717476739.7998085,322,4.8,47.8,OCC_TO_CU
1717476739.8003416,322,0.0,47.8,OCC_TO_CU
1717476739.81863,273,42.9,47.8,CU_TO_DEV
1717476739.8186789,273,42.9,47.8,CU_TO_DEV
1717476749.7950108,322,4.2,47.8,OCC_TO_CU
1717476749.7956622,322,0.0,47.8,OCC_TO_CU
1717476749.8251743,273,45.5,47.9,CU_TO_DEV
1717476749.8255527,273,45.5,47.9,CU_TO_DEV
1717476755.0519838,154,7.8,47.7,OCC_TO_CU
1717476755.230539,241,20.0,47.8,CU_TO_DEV
1717476755.2304068,241,20.0,47.8,CU_TO_DEV
1717476759.8090913,322,3.8,47.7,OCC_TO_CU
1717476759.809748,322,0.0,47.7,OCC_TO_CU
1717476759.8345373,273,0.0,47.7,CU_TO_DEV
1717476759.8339856,273,50.0,47.7,CU_TO_DEV
1717476769.834181,322,3.5,47.7,OCC_TO_CU
1717476769.8349571,322,0.0,47.7,OCC_TO_CU
1717476769.8404105,273,50.0,47.7,CU_TO_DEV
1717476769.8412402,273,100.0,47.7,CU_TO_DEV
1717476779.8364036,322,3.8,47.7,OCC_TO_CU
1717476779.8374407,322,0.0,47.7,OCC_TO_CU
1717476779.845644,273,0.0,47.7,CU_TO_DEV
1717476779.848325,273,0.0,47.7,CU_TO_DEV
1717476789.8552444,322,5.3,47.7,OCC_TO_CU
1717476789.855984,322,0.0,47.7,OCC_TO_CU
1717476789.857284,273,0.0,47.7,CU_TO_DEV
1717476790.0544763,273,19.5,47.9,CU_TO_DEV
1717476799.870307,322,3.8,47.7,OCC_TO_CU
1717476799.8710983,322,0.0,47.7,OCC_TO_CU
1717476800.0596788,273,20.0,47.9,CU_TO_DEV
1717476800.061453,273,0.0,47.9,CU_TO_DEV
1717476805.139029,154,4.7,47.8,OCC_TO_CU
1717476805.2626452,241,22.0,48.0,CU_TO_DEV
1717476805.2637959,241,0.0,48.0,CU_TO_DEV
1717476809.8734868,322,3.5,47.8,OCC_TO_CU
1717476809.8742492,322,0.0,47.8,OCC_TO_CU
1717476810.066105,273,17.6,48.0,CU_TO_DEV
1717476810.066559,273,0.0,48.0,CU_TO_DEV
1717476819.888521,322,3.9,47.8,OCC_TO_CU
1717476819.8899014,322,50.0,47.8,OCC_TO_CU
1717476820.0716476,273,22.2,48.0,CU_TO_DEV
1717476820.0716958,273,22.2,48.0,CU_TO_DEV
1717476829.906893,322,5.1,47.8,OCC_TO_CU
1717476829.9075322,322,0.0,47.8,OCC_TO_CU
1717476830.0771625,273,18.2,48.0,CU_TO_DEV
1717476830.0785108,273,0.0,48.0,CU_TO_DEV
1717476839.9232955,322,4.0,47.6,OCC_TO_CU
1717476839.9240828,322,0.0,47.6,OCC_TO_CU
1717476840.0831106,273,29.2,47.8,CU_TO_DEV
1717476840.0836823,273,0.0,47.8,CU_TO_DEV
1717476849.9313815,322,4.0,47.7,OCC_TO_CU
1717476849.932488,322,0.0,47.7,OCC_TO_CU
1717476850.0886328,273,28.6,47.8,CU_TO_DEV
1717476850.0887206,273,28.6,47.8,CU_TO_DEV
1717476855.1975882,154,6.3,47.7,OCC_TO_CU
1717476855.291823,241,23.1,47.8,CU_TO_DEV
1717476855.2945926,241,0.0,47.8,CU_TO_DEV
1717476859.9499664,322,3.7,47.7,OCC_TO_CU
1717476859.9510746,322,0.0,47.7,OCC_TO_CU
1717476860.0948498,273,29.8,47.8,CU_TO_DEV
1717476860.096857,273,0.0,47.8,CU_TO_DEV
1717476869.956979,322,3.7,47.7,OCC_TO_CU
1717476869.9578493,322,0.0,47.7,OCC_TO_CU
1717476870.100565,273,27.8,47.9,CU_TO_DEV
1717476870.1013372,273,0.0,47.9,CU_TO_DEV
1717476879.9662366,322,4.7,47.6,OCC_TO_CU
1717476879.9673095,322,0.0,47.6,OCC_TO_CU
1717476880.1096172,273,32.7,47.8,CU_TO_DEV
1717476880.1091156,273,32.7,47.8,CU_TO_DEV
1717476889.9946296,322,3.4,47.7,OCC_TO_CU
1717476889.995573,322,0.0,47.7,OCC_TO_CU
1717476890.1154416,273,42.0,48.0,CU_TO_DEV
1717476890.116346,273,0.0,48.0,CU_TO_DEV
1717476900.0103483,322,3.7,47.7,OCC_TO_CU
1717476900.0109553,322,0.0,47.7,OCC_TO_CU
1717476900.1217835,273,47.7,47.9,CU_TO_DEV
1717476900.1215801,273,47.7,47.9,CU_TO_DEV
1717476905.276272,154,4.3,47.8,OCC_TO_CU
1717476905.3246324,241,38.1,48.0,CU_TO_DEV
1717476905.3262212,241,0.0,48.0,CU_TO_DEV
1717476910.041009,322,4.1,47.8,OCC_TO_CU
1717476910.0416424,322,0.0,47.8,OCC_TO_CU
1717476910.128485,273,51.5,48.1,CU_TO_DEV
1717476910.129274,273,50.0,48.1,CU_TO_DEV
1717476920.0354216,322,5.7,47.7,OCC_TO_CU
1717476920.0359166,322,0.0,47.7,OCC_TO_CU
1717476920.0362668,322,0.0,47.7,OCC_TO_CU
1717476920.1374454,273,45.9,47.9,CU_TO_DEV
1717476920.1373084,273,45.9,47.9,CU_TO_DEV
1717476930.0496428,322,3.8,47.7,OCC_TO_CU
1717476930.050667,322,0.0,47.7,OCC_TO_CU
1717476930.1431725,273,60.5,47.9,CU_TO_DEV
1717476930.1432545,273,60.5,47.9,CU_TO_DEV
1717476940.0518208,322,3.8,47.8,OCC_TO_CU
1717476940.0524843,322,0.0,47.8,OCC_TO_CU
1717476940.150835,273,56.4,48.0,CU_TO_DEV
1717476940.150943,273,56.4,48.0,CU_TO_DEV
1717476950.0655916,322,3.8,47.8,OCC_TO_CU
1717476950.0667443,322,0.0,47.8,OCC_TO_CU
1717476950.1612616,273,94.6,47.9,CU_TO_DEV
1717476950.1652644,273,50.0,47.9,CU_TO_DEV
1717476955.0575955,154,6.6,47.7,OCC_TO_CU
1717476955.1643765,241,40.5,47.8,CU_TO_DEV
1717476955.168489,241,0.0,47.8,CU_TO_DEV
1717476960.0891986,322,4.2,47.7,OCC_TO_CU
1717476960.0981722,322,50.0,47.7,OCC_TO_CU
1717476960.1687536,273,65.5,47.8,CU_TO_DEV
1717476960.1718004,273,0.0,47.8,CU_TO_DEV
1717476970.0768094,322,4.9,47.6,OCC_TO_CU
1717476970.0780973,322,0.0,47.6,OCC_TO_CU
1717476970.1745687,273,32.4,47.9,CU_TO_DEV
1717476970.1795206,273,0.0,47.9,CU_TO_DEV
1717476980.0894563,322,4.0,47.6,OCC_TO_CU
1717476980.094729,322,50.0,47.6,OCC_TO_CU
1717476980.1813161,273,50.0,47.9,CU_TO_DEV
1717476980.185704,273,0.0,47.9,CU_TO_DEV
1717476990.0829327,322,3.8,47.7,OCC_TO_CU
1717476990.0864305,322,100.0,47.7,OCC_TO_CU
1717476990.1868215,273,38.5,47.9,CU_TO_DEV
1717476990.1905766,273,0.0,47.9,CU_TO_DEV
1717477000.1082182,322,4.2,47.8,OCC_TO_CU
1717477000.1104736,322,0.0,47.8,OCC_TO_CU
1717477000.1921241,273,45.2,47.9,CU_TO_DEV
1717477000.1951547,273,100.0,48.0,CU_TO_DEV
1717477005.1281555,154,5.6,47.7,OCC_TO_CU
1717477005.1969588,241,30.8,47.9,CU_TO_DEV
1717477005.1982734,241,0.0,47.9,CU_TO_DEV
1717477010.1353834,322,5.9,47.7,OCC_TO_CU
1717477010.1392255,322,100.0,47.7,OCC_TO_CU
1717477010.205038,273,33.3,47.9,CU_TO_DEV
1717477010.2051668,273,33.3,47.9,CU_TO_DEV
1717477020.1458397,322,4.2,47.7,OCC_TO_CU
1717477020.148264,322,0.0,47.7,OCC_TO_CU
1717477020.210982,273,32.0,47.9,CU_TO_DEV
1717477020.2110856,273,32.0,47.9,CU_TO_DEV
1717477030.1662822,322,4.1,47.8,OCC_TO_CU
1717477030.167343,322,0.0,47.8,OCC_TO_CU
1717477030.2169857,273,35.0,47.9,CU_TO_DEV
1717477030.2165926,273,35.0,47.9,CU_TO_DEV
1717477040.1650617,322,4.1,47.7,OCC_TO_CU
1717477040.1657362,322,0.0,47.7,OCC_TO_CU
1717477040.2228541,273,0.0,47.7,CU_TO_DEV
1717477040.2225528,273,13.6,47.7,CU_TO_DEV
1717477050.18807,322,4.3,47.8,OCC_TO_CU
1717477050.1890032,322,0.0,47.8,OCC_TO_CU
1717477050.229488,273,81.2,47.9,CU_TO_DEV
1717477050.2305894,273,0.0,47.9,CU_TO_DEV
1717477055.1984062,154,8.1,47.8,OCC_TO_CU
1717477055.234875,241,33.3,47.9,CU_TO_DEV
1717477055.2363417,241,0.0,47.9,CU_TO_DEV
1717477060.1769543,322,4.8,47.8,OCC_TO_CU
1717477060.1781402,322,0.0,47.8,OCC_TO_CU
1717477060.238181,273,30.4,47.9,CU_TO_DEV
1717477060.239249,273,0.0,47.9,CU_TO_DEV
1717477070.2063878,322,4.2,47.8,OCC_TO_CU
1717477070.207497,322,0.0,47.8,OCC_TO_CU
1717477070.24663,273,40.0,48.0,CU_TO_DEV
1717477070.2467453,273,40.0,48.0,CU_TO_DEV
1717477080.2027533,322,5.0,47.7,OCC_TO_CU
1717477080.203846,322,0.0,47.7,OCC_TO_CU
1717477080.2525616,273,47.6,47.9,CU_TO_DEV
1717477080.2523315,273,47.6,47.9,CU_TO_DEV
1717477090.2289958,322,4.8,47.6,OCC_TO_CU
1717477090.2300267,322,0.0,47.6,OCC_TO_CU
1717477090.2588198,273,44.4,47.7,CU_TO_DEV
1717477090.2587366,273,44.4,47.7,CU_TO_DEV
1717477100.2327862,322,5.3,47.6,OCC_TO_CU
1717477100.2335756,322,0.0,47.6,OCC_TO_CU
1717477100.265166,273,50.0,47.8,CU_TO_DEV
1717477100.2664957,273,0.0,47.8,CU_TO_DEV
1717477105.2707589,154,3.8,47.7,OCC_TO_CU
1717477105.468551,241,10.3,47.8,CU_TO_DEV
1717477105.469179,241,100.0,47.8,CU_TO_DEV
1717477110.2485843,322,4.0,47.7,OCC_TO_CU
1717477110.249321,322,0.0,47.7,OCC_TO_CU
1717477110.2722,273,44.4,47.8,CU_TO_DEV
1717477110.272051,273,44.4,47.8,CU_TO_DEV
1717477120.2905533,322,4.2,47.7,OCC_TO_CU
1717477120.29161,322,0.0,47.7,OCC_TO_CU
1717477120.478081,273,11.8,47.9,CU_TO_DEV
1717477120.47812,273,11.8,47.9,CU_TO_DEV
1717477130.266985,322,4.5,47.7,OCC_TO_CU
1717477130.280923,322,33.3,47.7,OCC_TO_CU
1717477130.2858572,273,100.0,47.8,CU_TO_DEV
1717477130.2864852,273,0.0,47.8,CU_TO_DEV
1717477140.289459,322,3.6,47.8,OCC_TO_CU
1717477140.2905276,322,0.0,47.8,OCC_TO_CU
1717477140.2922575,273,0.0,47.8,CU_TO_DEV
1717477140.2925975,273,0.0,47.8,CU_TO_DEV
1717477150.3018785,322,5.3,47.8,OCC_TO_CU
1717477150.3025672,322,0.0,47.8,OCC_TO_CU
1717477150.4983811,273,10.3,48.0,CU_TO_DEV
1717477150.498872,273,0.0,48.0,CU_TO_DEV
1717477155.352084,154,4.2,47.8,OCC_TO_CU
1717477155.5040858,241,14.5,48.0,CU_TO_DEV
1717477155.5047352,241,100.0,48.0,CU_TO_DEV
1717477160.3191252,322,5.6,47.8,OCC_TO_CU
1717477160.3197668,322,0.0,47.8,OCC_TO_CU
1717477160.5073802,273,9.5,47.9,CU_TO_DEV
1717477160.5077438,273,0.0,47.9,CU_TO_DEV
1717477170.3051302,322,4.6,47.7,OCC_TO_CU
1717477170.3127644,322,50.0,47.7,OCC_TO_CU
1717477170.3155243,273,0.0,47.7,CU_TO_DEV
1717477170.3159316,273,0.0,47.7,CU_TO_DEV
1717477180.3250976,322,3.9,47.7,OCC_TO_CU
1717477180.3261662,322,0.0,47.7,OCC_TO_CU
1717477180.5241191,273,14.3,47.9,CU_TO_DEV
1717477180.523956,273,14.3,47.9,CU_TO_DEV
1717477190.3692393,322,5.0,47.7,OCC_TO_CU
1717477190.3700671,322,0.0,47.7,OCC_TO_CU
1717477190.5317938,273,15.6,48.0,CU_TO_DEV
1717477190.532353,273,0.0,48.0,CU_TO_DEV
1717477200.359853,322,4.1,47.7,OCC_TO_CU
1717477200.3730218,322,50.0,47.7,OCC_TO_CU
1717477200.537385,273,75.0,47.8,CU_TO_DEV
1717477200.5422192,273,50.0,47.8,CU_TO_DEV
1717477205.4257236,154,3.9,47.7,OCC_TO_CU
1717477205.540868,241,21.3,47.9,CU_TO_DEV
1717477205.545759,241,0.0,47.9,CU_TO_DEV
1717477210.3711777,322,4.7,47.7,OCC_TO_CU
1717477210.3717756,322,0.0,47.7,OCC_TO_CU
1717477210.5438359,273,14.1,47.9,CU_TO_DEV
1717477210.5497825,273,33.3,47.9,CU_TO_DEV
1717477220.386638,322,4.3,47.8,OCC_TO_CU
1717477220.3877337,322,0.0,47.8,OCC_TO_CU
1717477220.552619,273,13.8,48.0,CU_TO_DEV
1717477220.555247,273,0.0,48.0,CU_TO_DEV
1717477230.3994937,322,4.3,47.8,OCC_TO_CU
1717477230.4002812,322,0.0,47.8,OCC_TO_CU
1717477230.557823,273,15.6,48.0,CU_TO_DEV
1717477230.5628185,273,0.0,48.0,CU_TO_DEV
1717477240.4140744,322,5.2,47.7,OCC_TO_CU
1717477240.4146972,322,0.0,47.7,OCC_TO_CU
1717477240.566615,273,13.3,48.0,CU_TO_DEV
1717477240.575096,273,33.3,48.0,CU_TO_DEV
1717477250.429938,322,5.0,47.7,OCC_TO_CU
1717477250.4305525,322,0.0,47.7,OCC_TO_CU
1717477250.5735097,273,10.9,47.9,CU_TO_DEV
1717477250.586086,273,66.7,47.9,CU_TO_DEV
1717477255.5001948,154,3.7,47.7,OCC_TO_CU
1717477255.579301,241,90.3,47.9,CU_TO_DEV
1717477255.5961928,241,100.0,47.9,CU_TO_DEV
1717477260.4189079,322,5.0,47.7,OCC_TO_CU
1717477260.4194465,322,0.0,47.7,OCC_TO_CU
1717477260.582319,273,17.6,47.9,CU_TO_DEV
1717477260.5990028,273,42.9,47.9,CU_TO_DEV
1717477270.4269884,322,4.3,47.7,OCC_TO_CU
1717477270.4288166,322,0.0,47.7,OCC_TO_CU
1717477270.5878766,273,14.5,47.9,CU_TO_DEV
1717477270.604973,273,62.5,47.9,CU_TO_DEV
1717477280.4462695,322,4.6,47.7,OCC_TO_CU
1717477280.4470377,322,0.0,47.7,OCC_TO_CU
1717477280.597432,273,20.6,48.0,CU_TO_DEV
1717477280.6109257,273,60.0,48.0,CU_TO_DEV
1717477290.469965,322,5.0,47.7,OCC_TO_CU
1717477290.470567,322,0.0,47.7,OCC_TO_CU
1717477290.6054063,273,20.0,47.9,CU_TO_DEV
1717477290.6213133,273,42.9,47.9,CU_TO_DEV
1717477300.4717438,322,4.2,47.7,OCC_TO_CU
1717477300.472438,322,0.0,47.7,OCC_TO_CU
1717477300.6107833,273,19.6,47.9,CU_TO_DEV
1717477300.628835,273,55.6,47.9,CU_TO_DEV
1717477305.5795052,154,4.1,47.8,OCC_TO_CU
1717477305.615208,241,38.5,47.9,CU_TO_DEV
1717477305.6315339,241,71.4,48.0,CU_TO_DEV
1717477310.5048172,322,3.8,47.9,OCC_TO_CU
1717477310.505336,322,0.0,47.9,OCC_TO_CU
1717477310.6204164,273,15.6,48.0,CU_TO_DEV
1717477310.6345994,273,40.0,48.0,CU_TO_DEV
1717477320.498025,322,4.3,47.9,OCC_TO_CU
1717477320.498709,322,0.0,47.9,OCC_TO_CU
1717477320.6290042,273,89.1,48.0,CU_TO_DEV
1717477320.6408708,273,75.0,48.0,CU_TO_DEV
1717477330.5026946,322,5.3,47.6,OCC_TO_CU
1717477330.503469,322,0.0,47.6,OCC_TO_CU
1717477330.636312,273,18.5,47.8,CU_TO_DEV
1717477330.6540928,273,50.0,47.8,CU_TO_DEV
1717477340.5370517,322,4.1,47.7,OCC_TO_CU
1717477340.5376904,322,0.0,47.7,OCC_TO_CU
1717477340.6449208,273,23.3,47.9,CU_TO_DEV
1717477340.660617,273,57.1,47.9,CU_TO_DEV
1717477350.5352044,322,4.5,47.7,OCC_TO_CU
1717477350.535962,322,0.0,47.7,OCC_TO_CU
1717477350.653287,273,19.6,47.9,CU_TO_DEV
1717477350.667768,273,57.1,47.9,CU_TO_DEV
1717477355.339558,154,5.8,47.7,OCC_TO_CU
1717477355.4576738,241,29.8,47.9,CU_TO_DEV
1717477355.470701,241,16.7,47.9,CU_TO_DEV
1717477360.5572248,322,4.1,47.7,OCC_TO_CU
1717477360.557905,322,0.0,47.7,OCC_TO_CU
1717477360.66061,273,27.9,47.9,CU_TO_DEV
1717477360.674971,273,50.0,47.9,CU_TO_DEV
1717477370.5544016,322,4.2,47.7,OCC_TO_CU
1717477370.5705135,322,40.0,47.7,OCC_TO_CU
1717477370.6674135,273,41.0,48.0,CU_TO_DEV
1717477370.6795502,273,40.0,48.0,CU_TO_DEV
1717477380.5715737,322,4.9,47.7,OCC_TO_CU
1717477380.5747316,322,0.0,47.7,OCC_TO_CU
1717477380.6743062,273,31.7,47.9,CU_TO_DEV
1717477380.6885355,273,40.0,47.9,CU_TO_DEV
1717477390.5725484,322,4.3,47.7,OCC_TO_CU
1717477390.5733166,322,0.0,47.7,OCC_TO_CU
1717477390.6803198,273,23.8,48.0,CU_TO_DEV
1717477390.6942585,273,50.0,48.0,CU_TO_DEV
1717477400.5804417,322,3.9,47.8,OCC_TO_CU
1717477400.5812836,322,100.0,47.8,OCC_TO_CU
1717477400.6855354,273,23.8,48.0,CU_TO_DEV
1717477400.7009475,273,50.0,48.0,CU_TO_DEV
1717477405.4154768,154,4.2,47.9,OCC_TO_CU
1717477405.4882627,241,33.3,48.1,CU_TO_DEV
1717477405.5036533,241,40.0,48.1,CU_TO_DEV
1717477410.6090252,322,6.3,47.8,OCC_TO_CU
1717477410.6097343,322,0.0,47.8,OCC_TO_CU
1717477410.6939304,273,22.6,48.0,CU_TO_DEV
1717477410.706861,273,20.0,48.0,CU_TO_DEV
1717477420.6280177,322,5.0,47.7,OCC_TO_CU
1717477420.628552,322,0.0,47.7,OCC_TO_CU
1717477420.7056925,273,29.0,47.9,CU_TO_DEV
1717477420.712369,273,50.0,47.9,CU_TO_DEV
1717477430.6208696,322,4.4,47.8,OCC_TO_CU
1717477430.6216648,322,0.0,47.8,OCC_TO_CU
1717477430.7172315,273,20.0,48.0,CU_TO_DEV
1717477430.7210772,273,0.0,48.0,CU_TO_DEV
1717477440.665717,322,4.3,47.8,OCC_TO_CU
1717477440.666392,322,0.0,47.8,OCC_TO_CU
1717477440.7257,273,84.0,48.0,CU_TO_DEV
1717477440.7281497,273,0.0,48.0,CU_TO_DEV
1717477450.6537309,322,5.3,47.7,OCC_TO_CU
1717477450.654284,322,0.0,47.7,OCC_TO_CU
1717477450.7365716,273,27.3,47.9,CU_TO_DEV
1717477450.7419786,273,0.0,47.9,CU_TO_DEV
1717477455.4954896,154,3.8,47.7,OCC_TO_CU
1717477455.5399263,241,35.3,47.9,CU_TO_DEV
1717477455.5448687,241,50.0,47.9,CU_TO_DEV
1717477460.6609445,322,4.3,47.8,OCC_TO_CU
1717477460.661698,322,0.0,47.8,OCC_TO_CU
1717477460.7433364,273,28.1,47.9,CU_TO_DEV
1717477460.7475688,273,50.0,47.9,CU_TO_DEV
1717477470.6868598,322,4.9,47.6,OCC_TO_CU
1717477470.687866,322,0.0,47.6,OCC_TO_CU
1717477470.7522116,273,36.0,47.9,CU_TO_DEV
1717477470.7555258,273,66.7,47.9,CU_TO_DEV
1717477480.6895976,322,3.6,47.7,OCC_TO_CU
1717477480.690274,322,0.0,47.7,OCC_TO_CU
1717477480.7585316,273,35.7,47.8,CU_TO_DEV
1717477480.7606115,273,100.0,47.8,CU_TO_DEV
1717477490.708534,322,3.6,47.7,OCC_TO_CU
1717477490.7096548,322,100.0,47.7,OCC_TO_CU
1717477490.7644908,273,28.6,48.0,CU_TO_DEV
1717477490.7663593,273,100.0,48.0,CU_TO_DEV
1717477500.7247634,322,4.9,47.7,OCC_TO_CU
1717477500.725415,322,0.0,47.7,OCC_TO_CU
1717477500.7701573,273,41.2,47.9,CU_TO_DEV
1717477500.7710207,273,0.0,47.9,CU_TO_DEV
1717477505.4650445,154,4.4,47.8,OCC_TO_CU
1717477505.575107,241,23.9,48.0,CU_TO_DEV
1717477505.5750518,241,23.9,48.0,CU_TO_DEV
1717477510.7471313,322,6.8,47.7,OCC_TO_CU
1717477510.768761,322,44.4,47.8,OCC_TO_CU
1717477510.781349,273,50.0,47.9,CU_TO_DEV
1717477510.7815309,273,50.0,47.9,CU_TO_DEV
1717477520.7499573,322,4.0,47.7,OCC_TO_CU
1717477520.7506173,322,0.0,47.7,OCC_TO_CU
1717477520.789116,273,0.0,47.9,CU_TO_DEV
1717477520.788697,273,61.1,47.9,CU_TO_DEV
1717477530.8550062,322,3.7,47.8,OCC_TO_CU
1717477530.8556297,322,0.0,47.8,OCC_TO_CU
1717477530.9954114,273,24.6,48.0,CU_TO_DEV
1717477530.996364,273,0.0,48.0,CU_TO_DEV
1717477540.766352,322,3.6,47.8,OCC_TO_CU
1717477540.7670093,322,0.0,47.8,OCC_TO_CU
1717477540.8023858,273,50.0,47.9,CU_TO_DEV
1717477540.805446,273,100.0,48.0,CU_TO_DEV
1717477550.7765563,322,3.5,47.9,OCC_TO_CU
1717477550.7912862,322,33.3,47.9,OCC_TO_CU
1717477550.8102963,273,100.0,48.0,CU_TO_DEV
1717477550.813284,273,100.0,48.0,CU_TO_DEV
1717477555.6450074,154,8.4,47.9,OCC_TO_CU
1717477555.8170407,241,11.8,48.0,CU_TO_DEV
1717477555.8250473,241,50.0,48.0,CU_TO_DEV
1717477560.7816184,322,3.9,47.8,OCC_TO_CU
1717477560.7821386,322,0.0,47.8,OCC_TO_CU
1717477560.8216333,273,77.8,47.9,CU_TO_DEV
1717477560.8301332,273,100.0,47.9,CU_TO_DEV
1717477570.8120458,322,4.8,47.7,OCC_TO_CU
1717477570.812527,322,0.0,47.7,OCC_TO_CU
1717477570.8285325,273,50.0,47.7,CU_TO_DEV
1717477570.8420475,273,66.7,47.7,CU_TO_DEV
1717477580.805402,322,4.9,47.6,OCC_TO_CU
1717477580.8060765,322,0.0,47.6,OCC_TO_CU
1717477580.8352118,273,69.2,47.7,CU_TO_DEV
1717477580.8477933,273,60.0,47.8,CU_TO_DEV
1717477590.8117163,322,4.0,47.7,OCC_TO_CU
1717477590.8124392,322,0.0,47.7,OCC_TO_CU
1717477590.8432808,273,50.0,47.8,CU_TO_DEV
1717477590.8537765,273,75.0,47.9,CU_TO_DEV
1717477600.8211577,322,4.4,47.7,OCC_TO_CU
1717477600.8220239,322,0.0,47.7,OCC_TO_CU
1717477600.850557,273,54.5,47.8,CU_TO_DEV
1717477600.8590746,273,100.0,47.9,CU_TO_DEV
1717477605.724142,154,6.7,47.7,OCC_TO_CU
1717477605.8536582,241,15.4,47.9,CU_TO_DEV
1717477605.8618865,241,50.0,47.9,CU_TO_DEV
1717477610.8378942,322,4.5,47.8,OCC_TO_CU
1717477610.8385358,322,0.0,47.8,OCC_TO_CU
1717477610.8578737,273,62.5,47.8,CU_TO_DEV
1717477610.86518,273,75.0,47.8,CU_TO_DEV
1717477620.8543649,322,3.8,47.7,OCC_TO_CU
1717477620.855156,322,0.0,47.7,OCC_TO_CU
1717477620.86508,273,50.0,47.7,CU_TO_DEV
1717477620.8730228,273,100.0,47.8,CU_TO_DEV
1717477630.8592298,322,4.2,47.8,OCC_TO_CU
1717477630.8624966,322,0.0,47.8,OCC_TO_CU
1717477630.8715622,273,50.0,47.8,CU_TO_DEV
1717477630.8809237,273,100.0,47.8,CU_TO_DEV
1717477640.8811774,322,4.3,47.9,OCC_TO_CU
1717477640.8842552,322,0.0,47.9,OCC_TO_CU
1717477640.891892,273,75.0,47.9,CU_TO_DEV
1717477641.0801172,273,16.2,48.1,CU_TO_DEV
1717477650.8789582,322,5.3,47.8,OCC_TO_CU
1717477650.8819554,322,0.0,47.8,OCC_TO_CU
1717477650.8910058,273,50.0,47.8,CU_TO_DEV
1717477650.9026017,273,100.0,47.9,CU_TO_DEV
1717477655.7969456,154,6.5,47.8,OCC_TO_CU
1717477655.8943496,241,22.5,48.0,CU_TO_DEV
1717477655.9069653,241,40.0,48.0,CU_TO_DEV
1717477660.8834605,322,6.5,47.7,OCC_TO_CU
1717477660.8864152,322,0.0,47.7,OCC_TO_CU
1717477660.8980622,273,80.0,47.7,CU_TO_DEV
1717477660.9104555,273,80.0,47.7,CU_TO_DEV
1717477670.9171767,322,4.4,47.7,OCC_TO_CU
1717477670.918275,322,0.0,47.7,OCC_TO_CU
1717477670.9224172,273,0.0,47.7,CU_TO_DEV
1717477671.1119802,273,16.0,47.9,CU_TO_DEV
1717477680.928174,322,4.0,47.8,OCC_TO_CU
1717477680.9290648,322,100.0,47.8,OCC_TO_CU
1717477680.931606,273,0.0,47.8,CU_TO_DEV
1717477681.1194284,273,62.2,47.9,CU_TO_DEV
1717477690.9344277,322,3.9,47.7,OCC_TO_CU
1717477690.9351804,322,0.0,47.7,OCC_TO_CU
1717477690.936207,273,0.0,47.7,CU_TO_DEV
1717477691.1257536,273,11.1,47.9,CU_TO_DEV
1717477700.9392142,322,5.0,47.6,OCC_TO_CU
1717477700.9400887,322,0.0,47.6,OCC_TO_CU
1717477700.9449613,273,50.0,47.6,CU_TO_DEV
1717477701.1324651,273,15.5,47.8,CU_TO_DEV
1717477705.8699305,154,3.7,47.7,OCC_TO_CU
1717477705.9350827,241,30.8,47.9,CU_TO_DEV
1717477705.9502928,241,33.3,47.9,CU_TO_DEV
1717477710.9472902,322,4.4,47.7,OCC_TO_CU
1717477710.9492466,322,0.0,47.7,OCC_TO_CU
1717477710.953106,273,100.0,47.7,CU_TO_DEV
1717477711.138347,273,16.9,47.9,CU_TO_DEV
1717477720.9607582,322,4.2,47.8,OCC_TO_CU
1717477720.9616838,322,0.0,47.8,OCC_TO_CU
1717477721.1448061,273,11.1,48.0,CU_TO_DEV
1717477721.161127,273,33.3,48.0,CU_TO_DEV
1717477730.9812195,322,4.4,47.8,OCC_TO_CU
1717477730.9820645,322,0.0,47.8,OCC_TO_CU
1717477731.1502995,273,13.4,48.0,CU_TO_DEV
1717477731.1669545,273,16.7,48.0,CU_TO_DEV
1717477741.0239568,322,6.2,47.7,OCC_TO_CU
1717477741.0245056,322,0.0,47.7,OCC_TO_CU
1717477741.1587477,273,11.5,47.9,CU_TO_DEV
1717477741.1739924,273,42.9,47.9,CU_TO_DEV
1717477751.0040796,322,4.0,47.7,OCC_TO_CU
1717477751.0159295,322,50.0,47.7,OCC_TO_CU
1717477751.1670005,273,93.4,47.9,CU_TO_DEV
1717477751.1805346,273,50.0,47.9,CU_TO_DEV
1717477755.6606011,154,3.7,47.7,OCC_TO_CU
1717477755.7707474,241,26.2,47.9,CU_TO_DEV
1717477755.7850356,241,20.0,47.9,CU_TO_DEV
1717477761.0091023,322,3.8,47.7,OCC_TO_CU
1717477761.0100513,322,0.0,47.7,OCC_TO_CU
1717477761.1740048,273,12.7,47.9,CU_TO_DEV
1717477761.1896462,273,37.5,47.9,CU_TO_DEV
1717477771.0245013,322,3.8,47.7,OCC_TO_CU
1717477771.025933,322,0.0,47.7,OCC_TO_CU
1717477771.1791239,273,14.8,48.0,CU_TO_DEV
1717477771.195523,273,16.7,47.9,CU_TO_DEV
1717477781.039376,322,4.1,47.8,OCC_TO_CU
1717477781.0400646,322,0.0,47.8,OCC_TO_CU
1717477781.1846695,273,15.8,48.0,CU_TO_DEV
1717477781.200302,273,0.0,48.0,CU_TO_DEV
1717477791.0530224,322,4.8,47.7,OCC_TO_CU
1717477791.0540738,322,0.0,47.7,OCC_TO_CU
1717477791.192947,273,13.0,47.9,CU_TO_DEV
1717477791.2050946,273,20.0,47.9,CU_TO_DEV
1717477801.0654094,322,4.3,47.8,OCC_TO_CU
1717477801.066027,322,0.0,47.8,OCC_TO_CU
1717477801.1994762,273,84.9,47.9,CU_TO_DEV
1717477801.209803,273,0.0,47.9,CU_TO_DEV
1717477805.7624795,154,3.7,47.8,OCC_TO_CU
1717477805.8021438,241,28.6,47.9,CU_TO_DEV
1717477805.8129692,241,40.0,47.9,CU_TO_DEV
1717477811.0759952,322,4.4,47.8,OCC_TO_CU
1717477811.080326,322,0.0,47.8,OCC_TO_CU
1717477811.2062776,273,27.5,47.9,CU_TO_DEV
1717477811.2160785,273,0.0,47.9,CU_TO_DEV
1717477821.0887065,322,4.3,47.8,OCC_TO_CU
1717477821.0893402,322,0.0,47.8,OCC_TO_CU
1717477821.2122307,273,17.0,48.0,CU_TO_DEV
1717477821.2222831,273,40.0,48.0,CU_TO_DEV
1717477831.097628,322,5.7,47.6,OCC_TO_CU
1717477831.1029956,322,0.0,47.6,OCC_TO_CU
1717477831.2218883,273,27.1,47.8,CU_TO_DEV
1717477831.2285879,273,50.0,47.8,CU_TO_DEV
1717477841.100282,322,3.9,47.6,OCC_TO_CU
1717477841.102337,322,0.0,47.6,OCC_TO_CU
1717477841.2272327,273,16.3,47.9,CU_TO_DEV
1717477841.2330859,273,0.0,47.9,CU_TO_DEV
1717477851.114917,322,4.1,47.7,OCC_TO_CU
1717477851.123142,322,0.0,47.7,OCC_TO_CU
1717477851.2349806,273,97.7,48.0,CU_TO_DEV
1717477851.240943,273,100.0,48.0,CU_TO_DEV
1717477855.796865,154,4.5,47.8,OCC_TO_CU
1717477855.8380327,241,47.1,47.9,CU_TO_DEV
1717477855.8441877,241,0.0,47.9,CU_TO_DEV
1717477861.1330726,322,3.8,47.8,OCC_TO_CU
1717477861.133719,322,0.0,47.8,OCC_TO_CU
1717477861.2418144,273,17.1,47.9,CU_TO_DEV
1717477861.2486506,273,33.3,47.9,CU_TO_DEV
1717477871.146098,322,4.1,47.7,OCC_TO_CU
1717477871.146615,322,0.0,47.7,OCC_TO_CU
1717477871.2471478,273,13.2,47.9,CU_TO_DEV
1717477871.254441,273,0.0,47.9,CU_TO_DEV
1717477881.163448,322,5.0,47.7,OCC_TO_CU
1717477881.1640978,322,0.0,47.7,OCC_TO_CU
1717477881.252977,273,20.6,47.9,CU_TO_DEV
1717477881.2610416,273,25.0,47.9,CU_TO_DEV
1717477891.1730294,322,4.1,47.8,OCC_TO_CU
1717477891.1740675,322,0.0,47.8,OCC_TO_CU
1717477891.261139,273,21.2,48.0,CU_TO_DEV
1717477891.265149,273,0.0,48.0,CU_TO_DEV
1717477901.203626,322,4.1,47.8,OCC_TO_CU
1717477901.2042682,322,0.0,47.8,OCC_TO_CU
1717477901.2663577,273,32.0,48.0,CU_TO_DEV
1717477901.2694073,273,0.0,48.0,CU_TO_DEV
1717477905.8647366,154,6.4,47.8,OCC_TO_CU
1717477905.8712616,241,0.0,47.8,CU_TO_DEV
1717477905.8764472,241,0.0,47.8,CU_TO_DEV
1717477911.1961052,322,3.8,47.8,OCC_TO_CU
1717477911.1967332,322,0.0,47.8,OCC_TO_CU
1717477911.2743473,273,22.6,48.0,CU_TO_DEV
1717477911.2787929,273,0.0,48.0,CU_TO_DEV
1717477921.2140472,322,4.9,47.7,OCC_TO_CU
1717477921.214563,322,0.0,47.7,OCC_TO_CU
1717477921.2830288,273,16.0,47.9,CU_TO_DEV
1717477921.2854598,273,0.0,47.9,CU_TO_DEV
1717477931.2382123,322,4.7,47.7,OCC_TO_CU
1717477931.2388816,322,0.0,47.7,OCC_TO_CU
1717477931.2897115,273,25.0,47.8,CU_TO_DEV
1717477931.292306,273,0.0,47.8,CU_TO_DEV
1717477941.2459304,322,3.7,47.7,OCC_TO_CU
1717477941.2469997,322,0.0,47.7,OCC_TO_CU
1717477941.2957506,273,35.0,47.9,CU_TO_DEV
1717477941.2974555,273,0.0,47.9,CU_TO_DEV
1717477951.2470603,322,3.9,47.8,OCC_TO_CU
1717477951.247623,322,0.0,47.8,OCC_TO_CU
1717477951.302727,273,27.3,47.9,CU_TO_DEV
1717477951.30354,273,0.0,47.9,CU_TO_DEV
1717477955.8371596,154,6.4,47.8,OCC_TO_CU
1717477955.9055161,241,35.7,47.9,CU_TO_DEV
1717477955.9059615,241,0.0,47.9,CU_TO_DEV
1717477961.2567308,322,4.4,47.8,OCC_TO_CU
1717477961.259734,322,0.0,47.8,OCC_TO_CU
1717477961.3092246,273,36.4,47.9,CU_TO_DEV
1717477961.3093781,273,36.4,47.9,CU_TO_DEV
1717477971.3196177,322,5.2,47.7,OCC_TO_CU
1717477971.3216403,322,0.0,47.7,OCC_TO_CU
1717477971.5168386,273,9.1,47.9,CU_TO_DEV
1717477971.5173087,273,0.0,47.9,CU_TO_DEV
1717477981.2827876,322,4.5,47.7,OCC_TO_CU
1717477981.2835505,322,0.0,47.7,OCC_TO_CU
1717477981.3238745,273,41.2,48.0,CU_TO_DEV
1717477981.3253422,273,100.0,48.0,CU_TO_DEV
1717477991.3038106,322,4.3,47.6,OCC_TO_CU
1717477991.3044622,322,0.0,47.6,OCC_TO_CU
1717477991.3318017,273,45.5,47.7,CU_TO_DEV
1717477991.3399515,273,66.7,47.8,CU_TO_DEV
1717478001.3017526,322,3.9,47.7,OCC_TO_CU
1717478001.302433,322,0.0,47.7,OCC_TO_CU
1717478001.3389874,273,15.4,47.7,CU_TO_DEV
1717478001.3466673,273,33.3,47.7,CU_TO_DEV
1717478005.9091725,154,4.1,47.8,OCC_TO_CU
1717478005.9431,241,46.2,47.9,CU_TO_DEV
1717478005.9497068,241,0.0,47.9,CU_TO_DEV
1717478011.3110278,322,6.6,47.8,OCC_TO_CU
1717478011.3117266,322,0.0,47.8,OCC_TO_CU
1717478011.3482895,273,40.0,47.9,CU_TO_DEV
1717478011.3572295,273,50.0,47.9,CU_TO_DEV
1717478021.3219693,322,3.5,47.7,OCC_TO_CU
1717478021.3224893,322,0.0,47.7,OCC_TO_CU
1717478021.3538404,273,38.5,47.9,CU_TO_DEV
1717478021.3622808,273,33.3,47.9,CU_TO_DEV
1717478031.3537157,322,3.8,47.8,OCC_TO_CU
1717478031.3543863,322,0.0,47.8,OCC_TO_CU
1717478031.3613837,273,33.3,47.8,CU_TO_DEV
1717478031.3703823,273,75.0,47.8,CU_TO_DEV
1717478041.3417048,322,4.4,47.9,OCC_TO_CU
1717478041.3429506,322,0.0,47.9,OCC_TO_CU
1717478041.3670971,273,33.3,48.0,CU_TO_DEV
1717478041.3763645,273,0.0,48.0,CU_TO_DEV
1717478051.3737097,322,4.4,47.9,OCC_TO_CU
1717478051.3744335,273,0.0,47.9,CU_TO_DEV
1717478051.3743784,322,0.0,47.9,OCC_TO_CU
1717478051.38281,273,33.3,47.9,CU_TO_DEV
1717478051.5750794,273,69.2,48.0,CU_TO_DEV
1717478056.0892622,154,5.8,47.8,OCC_TO_CU
1717478056.1800287,241,27.8,47.9,CU_TO_DEV
1717478056.1922147,241,100.0,47.9,CU_TO_DEV
1717478061.3743901,322,6.5,47.7,OCC_TO_CU
1717478061.3750563,322,0.0,47.7,OCC_TO_CU
1717478061.3843422,273,0.0,47.7,CU_TO_DEV
1717478061.3984358,273,71.4,47.7,CU_TO_DEV
1717478071.3945355,322,4.4,47.6,OCC_TO_CU
1717478071.3952796,322,0.0,47.6,OCC_TO_CU
1717478071.4047396,273,50.0,47.6,CU_TO_DEV
1717478071.5919986,273,13.7,47.8,CU_TO_DEV
1717478081.4064944,322,3.9,47.7,OCC_TO_CU
1717478081.4071612,322,0.0,47.7,OCC_TO_CU
1717478081.410729,273,0.0,47.7,CU_TO_DEV
1717478081.5991995,273,10.8,47.9,CU_TO_DEV
1717478091.4182403,322,3.8,47.7,OCC_TO_CU
1717478091.4188757,322,0.0,47.7,OCC_TO_CU
1717478091.6047056,273,13.2,47.9,CU_TO_DEV
1717478091.61635,273,25.0,47.9,CU_TO_DEV
1717478101.4429314,322,4.0,47.7,OCC_TO_CU
1717478101.4435732,322,0.0,47.7,OCC_TO_CU
1717478101.611471,273,14.5,47.9,CU_TO_DEV
1717478101.6223922,273,25.0,47.9,CU_TO_DEV
1717478106.1663826,154,6.5,47.7,OCC_TO_CU
1717478106.2145715,241,33.3,47.9,CU_TO_DEV
1717478106.228971,241,60.0,47.9,CU_TO_DEV
1717478111.4356098,322,4.3,47.8,OCC_TO_CU
1717478111.4362626,322,0.0,47.8,OCC_TO_CU
1717478111.6178813,273,11.0,48.0,CU_TO_DEV
1717478111.6334863,273,33.3,48.0,CU_TO_DEV
1717478121.4619508,322,4.0,47.8,OCC_TO_CU
1717478121.4626913,322,0.0,47.8,OCC_TO_CU
1717478121.6238937,273,13.8,48.0,CU_TO_DEV
1717478121.640783,273,28.6,48.0,CU_TO_DEV
1717478131.5006697,322,4.3,47.8,OCC_TO_CU
1717478131.501443,322,0.0,47.8,OCC_TO_CU
1717478131.6302931,273,15.7,48.1,CU_TO_DEV
1717478131.648009,273,16.7,48.1,CU_TO_DEV
1717478141.4786017,322,4.2,47.9,OCC_TO_CU
1717478141.4793606,322,0.0,47.9,OCC_TO_CU
1717478141.6361635,273,15.4,48.1,CU_TO_DEV
1717478141.654112,273,28.6,48.1,CU_TO_DEV
1717478151.4874225,322,6.3,47.8,OCC_TO_CU
1717478151.4938943,322,33.3,47.8,OCC_TO_CU
1717478151.6435287,273,90.2,47.9,CU_TO_DEV
1717478151.6663396,273,37.5,47.9,CU_TO_DEV
1717478156.235255,154,4.1,47.7,OCC_TO_CU
1717478156.2487836,241,60.0,47.7,CU_TO_DEV
1717478156.2693007,241,75.0,47.7,CU_TO_DEV
1717478161.5036173,322,4.2,47.7,OCC_TO_CU
1717478161.5065773,322,0.0,47.7,OCC_TO_CU
1717478161.6525686,273,10.5,47.9,CU_TO_DEV
1717478161.6722565,273,37.5,47.9,CU_TO_DEV
1717478171.5181468,322,4.5,47.6,OCC_TO_CU
1717478171.5188236,322,0.0,47.6,OCC_TO_CU
1717478171.6599948,273,12.7,47.8,CU_TO_DEV
1717478171.6780922,273,37.5,47.8,CU_TO_DEV
1717478181.5477128,322,4.1,47.6,OCC_TO_CU
1717478181.5483358,322,0.0,47.6,OCC_TO_CU
1717478181.6658185,273,21.3,47.9,CU_TO_DEV
1717478181.684567,273,55.6,47.9,CU_TO_DEV
1717478191.5351737,322,3.8,47.7,OCC_TO_CU
1717478191.5358055,322,0.0,47.7,OCC_TO_CU
1717478191.6737604,273,14.5,47.9,CU_TO_DEV
1717478191.690687,273,33.3,47.9,CU_TO_DEV
1717478201.558111,322,4.8,47.6,OCC_TO_CU
1717478201.5588815,322,0.0,47.6,OCC_TO_CU
1717478201.6845899,273,17.3,47.8,CU_TO_DEV
1717478201.7008507,273,20.0,47.8,CU_TO_DEV
1717478206.0089107,154,4.8,47.8,OCC_TO_CU
1717478206.0875244,241,27.6,48.0,CU_TO_DEV
1717478206.103436,241,16.7,48.0,CU_TO_DEV
1717478211.5689855,322,4.1,47.8,OCC_TO_CU
1717478211.5713623,322,0.0,47.8,OCC_TO_CU
1717478211.6909811,273,13.3,47.9,CU_TO_DEV
1717478211.7068775,273,28.6,47.9,CU_TO_DEV
1717478221.5924935,322,4.2,47.8,OCC_TO_CU
1717478221.5932076,322,100.0,47.8,OCC_TO_CU
1717478221.6991816,273,18.6,48.0,CU_TO_DEV
1717478221.7124696,273,20.0,48.0,CU_TO_DEV
1717478231.5999744,322,4.9,47.8,OCC_TO_CU
1717478231.6005485,322,0.0,47.8,OCC_TO_CU
1717478231.7073648,273,12.2,48.0,CU_TO_DEV
1717478231.7220824,273,16.7,48.0,CU_TO_DEV
1717478241.6176703,322,4.9,47.7,OCC_TO_CU
1717478241.6181693,322,0.0,47.7,OCC_TO_CU
1717478241.7143822,273,18.4,47.9,CU_TO_DEV
1717478241.7289245,273,42.9,47.9,CU_TO_DEV
1717478251.6311965,322,4.7,47.7,OCC_TO_CU
1717478251.6318672,322,0.0,47.7,OCC_TO_CU
1717478251.7205791,273,25.0,47.9,CU_TO_DEV
1717478251.7389116,273,28.6,47.9,CU_TO_DEV
1717478256.0877483,154,4.6,47.7,OCC_TO_CU
1717478256.1249073,241,50.0,47.8,CU_TO_DEV
1717478256.1422422,241,33.3,47.9,CU_TO_DEV
1717478261.629838,322,4.1,47.8,OCC_TO_CU
1717478261.633951,322,0.0,47.8,OCC_TO_CU
1717478261.7287698,273,23.1,47.9,CU_TO_DEV
1717478261.746294,273,33.3,47.9,CU_TO_DEV
1717478271.6428854,322,4.1,47.8,OCC_TO_CU
1717478271.6435497,322,0.0,47.8,OCC_TO_CU
1717478271.7342541,273,21.6,48.0,CU_TO_DEV
1717478271.7518547,273,33.3,48.0,CU_TO_DEV
1717478281.6532664,322,4.0,47.8,OCC_TO_CU
1717478281.6543417,322,0.0,47.8,OCC_TO_CU
1717478281.7405634,273,12.5,48.1,CU_TO_DEV
1717478281.756626,273,16.7,48.1,CU_TO_DEV
1717478291.6644754,322,5.1,47.7,OCC_TO_CU
1717478291.6652365,322,100.0,47.7,OCC_TO_CU
1717478291.7489557,273,91.2,48.0,CU_TO_DEV
1717478291.7694077,273,100.0,48.0,CU_TO_DEV
1717478301.6764812,322,3.8,47.5,OCC_TO_CU
1717478301.6772752,322,100.0,47.5,OCC_TO_CU
1717478301.7547917,273,20.7,47.7,CU_TO_DEV
1717478301.777067,273,33.3,47.7,CU_TO_DEV
1717478306.1541474,154,4.7,47.6,OCC_TO_CU
1717478306.1576188,241,0.0,47.6,CU_TO_DEV
1717478306.1798,241,70.0,47.6,CU_TO_DEV
1717478311.7076802,322,4.2,47.6,OCC_TO_CU
1717478311.7082987,322,0.0,47.6,OCC_TO_CU
1717478311.760679,273,31.8,47.8,CU_TO_DEV
1717478311.7831955,273,50.0,47.8,CU_TO_DEV
1717478321.7151368,322,4.5,47.5,OCC_TO_CU
1717478321.7158136,322,0.0,47.5,OCC_TO_CU
1717478321.769266,273,34.8,47.7,CU_TO_DEV
1717478321.7883317,273,33.3,47.7,CU_TO_DEV
1717478331.7389183,322,5.3,47.5,OCC_TO_CU
1717478331.739484,322,0.0,47.5,OCC_TO_CU
1717478331.7766376,273,35.7,47.7,CU_TO_DEV
1717478331.7946355,273,0.0,47.7,CU_TO_DEV
1717478341.7393405,322,3.7,47.5,OCC_TO_CU
1717478341.7401145,322,0.0,47.5,OCC_TO_CU
1717478341.782131,273,41.2,47.7,CU_TO_DEV
1717478341.8002677,273,37.5,47.7,CU_TO_DEV
1717478351.764586,322,4.7,47.4,OCC_TO_CU
1717478351.765195,322,0.0,47.4,OCC_TO_CU
1717478351.788882,273,40.0,47.5,CU_TO_DEV
1717478351.805558,273,62.5,47.7,CU_TO_DEV
1717478357.1515481,154,3.5,47.5,OCC_TO_CU
1717478357.192571,241,47.1,47.6,CU_TO_DEV
1717478357.2090023,241,50.0,47.7,CU_TO_DEV
1717478361.7564366,322,4.4,47.6,OCC_TO_CU
1717478361.7572498,322,100.0,47.6,OCC_TO_CU
1717478361.7968483,273,35.7,47.7,CU_TO_DEV
1717478361.812429,273,20.0,47.7,CU_TO_DEV
1717478371.779013,322,4.0,47.6,OCC_TO_CU
1717478371.7797387,322,0.0,47.6,OCC_TO_CU
1717478371.8059094,273,50.0,47.7,CU_TO_DEV
1717478371.819544,273,60.0,47.8,CU_TO_DEV
1717478381.7924628,322,5.2,47.6,OCC_TO_CU
1717478381.7931352,322,100.0,47.6,OCC_TO_CU
1717478381.8117368,273,33.3,47.6,CU_TO_DEV
1717478381.8252234,273,66.7,47.6,CU_TO_DEV
1717478391.8090925,322,4.3,47.6,OCC_TO_CU
1717478391.8096683,322,0.0,47.6,OCC_TO_CU
1717478391.8219507,273,40.0,47.6,CU_TO_DEV
1717478391.8311934,273,66.7,47.7,CU_TO_DEV
1717478401.8118036,322,4.7,47.5,OCC_TO_CU
1717478401.812434,322,0.0,47.5,OCC_TO_CU
1717478401.831255,273,50.0,47.5,CU_TO_DEV
1717478401.836986,273,66.7,47.5,CU_TO_DEV
1717478407.1325264,154,4.3,47.6,OCC_TO_CU
1717478407.2345502,241,37.5,47.8,CU_TO_DEV
1717478407.2408893,241,33.3,47.8,CU_TO_DEV
1717478411.828749,322,4.8,47.6,OCC_TO_CU
1717478411.8295548,322,0.0,47.6,OCC_TO_CU
1717478411.8383908,273,33.3,47.6,CU_TO_DEV
1717478411.8455603,273,66.7,47.7,CU_TO_DEV
1717478421.8474958,322,5.8,47.5,OCC_TO_CU
1717478421.8480866,322,0.0,47.5,OCC_TO_CU
1717478421.857698,273,40.0,47.5,CU_TO_DEV
1717478422.0451021,273,10.8,47.7,CU_TO_DEV
1717478431.8694289,322,3.7,47.5,OCC_TO_CU
1717478431.8700926,322,0.0,47.5,OCC_TO_CU
1717478432.0507107,273,11.1,47.7,CU_TO_DEV
1717478432.0648582,273,42.9,47.7,CU_TO_DEV
1717478441.8681152,322,4.1,47.5,OCC_TO_CU
1717478441.869323,273,100.0,47.5,CU_TO_DEV
1717478441.8790338,322,50.0,47.5,OCC_TO_CU
1717478442.0615156,273,17.4,47.8,CU_TO_DEV
1717478442.07003,273,25.0,47.8,CU_TO_DEV
1717478451.8860145,322,5.2,47.5,OCC_TO_CU
1717478451.8867657,322,0.0,47.5,OCC_TO_CU
1717478452.0677004,273,11.0,47.7,CU_TO_DEV
1717478452.0762296,273,0.0,47.7,CU_TO_DEV
1717478457.307397,154,4.5,47.6,OCC_TO_CU
1717478457.470919,241,19.4,47.8,CU_TO_DEV
1717478457.479527,241,33.3,47.8,CU_TO_DEV
1717478461.9043589,322,4.9,47.6,OCC_TO_CU
1717478461.905012,322,0.0,47.6,OCC_TO_CU
1717478462.0742505,273,13.2,47.7,CU_TO_DEV
1717478462.0826473,273,25.0,47.7,CU_TO_DEV
1717478471.9115822,322,5.2,47.5,OCC_TO_CU
1717478471.9122422,322,0.0,47.5,OCC_TO_CU
1717478472.0799057,273,13.4,47.7,CU_TO_DEV
1717478472.089047,273,25.0,47.7,CU_TO_DEV
1717478481.9193807,322,4.8,47.5,OCC_TO_CU
1717478481.9201212,322,0.0,47.5,OCC_TO_CU
1717478482.0874553,273,14.7,47.7,CU_TO_DEV
1717478482.095613,273,25.0,47.7,CU_TO_DEV
1717478491.9319463,322,3.7,47.5,OCC_TO_CU
1717478491.9327314,322,100.0,47.5,OCC_TO_CU
1717478492.092606,273,13.8,47.7,CU_TO_DEV
1717478492.1011832,273,33.3,47.7,CU_TO_DEV
1717478501.9509897,322,4.0,47.6,OCC_TO_CU
1717478501.951626,322,0.0,47.6,OCC_TO_CU
1717478502.098947,273,13.6,47.8,CU_TO_DEV
1717478502.1065106,273,50.0,47.8,CU_TO_DEV
1717478508.300801,154,4.5,47.7,OCC_TO_CU
1717478508.3036747,241,0.0,47.7,CU_TO_DEV
1717478508.3103535,241,50.0,47.7,CU_TO_DEV
1717478511.9712384,322,7.7,47.6,OCC_TO_CU
1717478511.9717364,322,0.0,47.6,OCC_TO_CU
1717478512.109158,273,10.9,47.8,CU_TO_DEV
1717478512.117197,273,25.0,47.8,CU_TO_DEV
1717478521.9757485,322,3.5,47.6,OCC_TO_CU
1717478521.9765418,322,0.0,47.6,OCC_TO_CU
1717478522.1161315,273,14.3,47.8,CU_TO_DEV
1717478522.123705,273,33.3,47.8,CU_TO_DEV
1717478531.9957395,322,4.3,47.7,OCC_TO_CU
1717478531.996827,322,0.0,47.7,OCC_TO_CU
1717478532.1233385,273,88.0,47.8,CU_TO_DEV
1717478532.1306653,273,50.0,47.8,CU_TO_DEV
1717478541.9974625,322,4.1,47.6,OCC_TO_CU
1717478541.998214,322,0.0,47.6,OCC_TO_CU
1717478542.1331532,273,85.5,47.8,CU_TO_DEV
1717478542.1392255,273,100.0,47.8,CU_TO_DEV
1717478552.0082438,322,3.7,47.6,OCC_TO_CU
1717478552.008906,322,50.0,47.6,OCC_TO_CU
1717478552.1394875,273,17.3,47.8,CU_TO_DEV
1717478552.1464074,273,0.0,47.8,CU_TO_DEV
1717478558.4849548,154,7.7,47.5,OCC_TO_CU
1717478558.5433493,241,23.8,47.7,CU_TO_DEV
1717478558.5543447,241,50.0,47.7,CU_TO_DEV
1717478562.0188472,322,3.4,47.5,OCC_TO_CU
1717478562.0195837,322,0.0,47.5,OCC_TO_CU
1717478562.1459239,273,17.3,47.6,CU_TO_DEV
1717478562.1564443,273,25.0,47.6,CU_TO_DEV
1717478572.0285575,322,4.1,47.4,OCC_TO_CU
1717478572.0293374,322,0.0,47.4,OCC_TO_CU
1717478572.1529865,273,18.0,47.7,CU_TO_DEV
1717478572.16283,273,25.0,47.7,CU_TO_DEV
1717478582.0455074,322,4.1,47.5,OCC_TO_CU
1717478582.0461419,322,0.0,47.5,OCC_TO_CU
1717478582.1588762,273,15.9,47.7,CU_TO_DEV
1717478582.168765,273,25.0,47.7,CU_TO_DEV
1717478592.0595417,322,4.0,47.5,OCC_TO_CU
1717478592.060918,322,0.0,47.5,OCC_TO_CU
1717478592.1651013,273,19.0,47.7,CU_TO_DEV
1717478592.174584,273,40.0,47.7,CU_TO_DEV
1717478602.0708575,322,5.2,47.6,OCC_TO_CU
1717478602.0714214,322,0.0,47.6,OCC_TO_CU
1717478602.1731477,273,19.0,47.8,CU_TO_DEV
1717478602.1812253,273,33.3,47.8,CU_TO_DEV
1717478608.4489625,154,4.1,47.7,OCC_TO_CU
1717478608.5765934,241,18.4,47.8,CU_TO_DEV
1717478608.5845337,241,33.3,47.8,CU_TO_DEV
1717478612.080042,322,3.9,47.7,OCC_TO_CU
1717478612.080707,322,100.0,47.7,OCC_TO_CU
1717478612.179691,273,17.9,47.8,CU_TO_DEV
1717478612.1870449,273,0.0,47.8,CU_TO_DEV
1717478622.0982757,322,4.2,47.7,OCC_TO_CU
1717478622.099043,322,0.0,47.7,OCC_TO_CU
1717478622.1850243,273,21.2,47.9,CU_TO_DEV
1717478622.194425,273,25.0,47.9,CU_TO_DEV
1717478632.1170654,322,4.2,47.7,OCC_TO_CU
1717478632.1178405,322,0.0,47.7,OCC_TO_CU
1717478632.1931937,273,18.5,47.9,CU_TO_DEV
1717478632.2011464,273,33.3,47.9,CU_TO_DEV
1717478642.1335552,322,4.5,47.6,OCC_TO_CU
1717478642.1341364,322,0.0,47.6,OCC_TO_CU
1717478642.2010887,273,88.9,47.9,CU_TO_DEV
1717478642.2080574,273,100.0,47.9,CU_TO_DEV
1717478652.135461,322,5.5,47.4,OCC_TO_CU
1717478652.1361032,322,0.0,47.4,OCC_TO_CU
1717478652.2112956,273,89.7,47.7,CU_TO_DEV
1717478652.2186866,273,100.0,47.7,CU_TO_DEV
1717478658.529798,154,4.7,47.5,OCC_TO_CU
1717478658.6160645,241,28.6,47.7,CU_TO_DEV
1717478658.6307592,241,50.0,47.7,CU_TO_DEV
1717478662.1658895,322,4.0,47.6,OCC_TO_CU
1717478662.166931,322,0.0,47.6,OCC_TO_CU
1717478662.2184193,273,30.0,47.7,CU_TO_DEV
1717478662.2332811,273,50.0,47.7,CU_TO_DEV
1717478672.1626346,322,3.5,47.5,OCC_TO_CU
1717478672.1632986,322,0.0,47.5,OCC_TO_CU
1717478672.2256804,273,25.0,47.7,CU_TO_DEV
1717478672.2403836,273,33.3,47.7,CU_TO_DEV
1717478682.1722023,322,4.1,47.5,OCC_TO_CU
1717478682.1738799,322,100.0,47.5,OCC_TO_CU
1717478682.2358272,273,25.0,47.7,CU_TO_DEV
1717478682.2478523,273,25.0,47.7,CU_TO_DEV
1717478692.1820743,322,4.2,47.6,OCC_TO_CU
1717478692.1828032,322,0.0,47.6,OCC_TO_CU
1717478692.245176,273,32.0,47.8,CU_TO_DEV
1717478692.2550206,273,0.0,47.8,CU_TO_DEV
1717478702.1939726,322,5.2,47.6,OCC_TO_CU
1717478702.1946082,322,0.0,47.6,OCC_TO_CU
1717478702.2508821,273,27.3,47.8,CU_TO_DEV
1717478702.2676196,273,50.0,47.8,CU_TO_DEV
1717478708.6007233,154,4.8,47.7,OCC_TO_CU
1717478708.658387,241,25.0,47.9,CU_TO_DEV
1717478708.6729777,241,66.7,47.9,CU_TO_DEV
1717478712.2363758,322,3.9,47.7,OCC_TO_CU
1717478712.2370224,322,50.0,47.7,OCC_TO_CU
1717478712.2610347,273,50.0,47.7,CU_TO_DEV
1717478712.2757845,273,66.7,47.8,CU_TO_DEV
1717478722.2317219,322,5.0,47.6,OCC_TO_CU
1717478722.2322478,322,0.0,47.6,OCC_TO_CU
1717478722.2676268,273,30.8,47.9,CU_TO_DEV
1717478722.2808847,273,50.0,47.8,CU_TO_DEV
1717478732.2501101,322,3.7,47.6,OCC_TO_CU
1717478732.2513041,322,0.0,47.6,OCC_TO_CU
1717478732.2751799,273,44.4,47.7,CU_TO_DEV
1717478732.28596,273,50.0,47.8,CU_TO_DEV
1717478742.2534494,322,6.1,47.6,OCC_TO_CU
1717478742.2539737,322,0.0,47.6,OCC_TO_CU
1717478742.2835236,273,36.4,47.7,CU_TO_DEV
1717478742.2984328,273,50.0,47.8,CU_TO_DEV
1717478752.2794435,322,3.8,47.6,OCC_TO_CU
1717478752.280097,322,0.0,47.6,OCC_TO_CU
1717478752.2889342,273,25.0,47.6,CU_TO_DEV
1717478752.3038218,273,75.0,47.6,CU_TO_DEV
1717478758.3754199,154,4.5,47.7,OCC_TO_CU
1717478758.4939737,241,24.4,47.9,CU_TO_DEV
1717478758.5110917,241,42.9,47.9,CU_TO_DEV
1717478762.2996578,322,3.8,47.7,OCC_TO_CU
1717478762.3004127,322,0.0,47.7,OCC_TO_CU
1717478762.3144147,273,40.0,47.7,CU_TO_DEV
1717478762.4971774,273,26.3,47.9,CU_TO_DEV
1717478772.2894113,322,3.5,47.7,OCC_TO_CU
1717478772.3016093,322,50.0,47.7,OCC_TO_CU
1717478772.303495,273,66.7,47.7,CU_TO_DEV
1717478772.3209927,273,100.0,47.7,CU_TO_DEV
1717478782.3045022,322,6.5,47.9,OCC_TO_CU
1717478782.3052464,322,100.0,47.9,OCC_TO_CU
1717478782.3209705,273,66.7,47.9,CU_TO_DEV
1717478782.3294148,273,100.0,47.9,CU_TO_DEV
1717478792.3212178,322,5.2,47.7,OCC_TO_CU
1717478792.321783,322,0.0,47.7,OCC_TO_CU
1717478792.3315458,273,25.0,47.7,CU_TO_DEV
1717478792.3374324,273,100.0,47.8,CU_TO_DEV
1717478802.3264651,322,4.7,47.7,OCC_TO_CU
1717478802.327095,322,0.0,47.7,OCC_TO_CU
1717478802.3401194,273,50.0,47.7,CU_TO_DEV
1717478802.3469667,273,50.0,47.7,CU_TO_DEV
1717478808.448233,154,5.1,47.8,OCC_TO_CU
1717478808.5436373,241,14.3,48.0,CU_TO_DEV
1717478808.5509474,241,0.0,48.0,CU_TO_DEV
1717478812.3405604,322,2.7,47.8,OCC_TO_CU
1717478812.341289,322,0.0,47.8,OCC_TO_CU
1717478812.3459146,273,0.0,47.8,CU_TO_DEV
1717478812.3528922,273,75.0,47.8,CU_TO_DEV
1717478822.3499944,322,3.8,47.8,OCC_TO_CU
1717478822.3513377,273,0.0,47.8,CU_TO_DEV
1717478822.3572752,273,50.0,47.8,CU_TO_DEV
1717478822.364336,322,50.0,47.8,OCC_TO_CU
1717478822.5518208,273,26.0,48.0,CU_TO_DEV
1717478822.5581148,273,0.0,48.0,CU_TO_DEV
1717478832.367896,322,4.9,47.8,OCC_TO_CU
1717478832.3684785,322,0.0,47.8,OCC_TO_CU
1717478832.5592039,273,18.4,47.9,CU_TO_DEV
1717478832.566283,273,50.0,47.9,CU_TO_DEV
1717478842.3932145,322,3.9,47.8,OCC_TO_CU
1717478842.3938673,322,0.0,47.8,OCC_TO_CU
1717478842.5644057,273,89.6,48.0,CU_TO_DEV
1717478842.5714965,273,33.3,48.0,CU_TO_DEV
1717478852.396213,322,3.6,47.8,OCC_TO_CU
1717478852.3968658,322,100.0,47.8,OCC_TO_CU
1717478852.5704844,273,26.1,48.0,CU_TO_DEV
1717478852.5768428,273,0.0,48.0,CU_TO_DEV
1717478858.5226974,154,4.7,47.9,OCC_TO_CU
1717478858.5741532,241,30.0,48.0,CU_TO_DEV
1717478858.5801015,241,50.0,48.1,CU_TO_DEV
1717478862.4138567,322,4.5,47.9,OCC_TO_CU
1717478862.414613,322,0.0,47.9,OCC_TO_CU
1717478862.577198,273,25.8,48.0,CU_TO_DEV
1717478862.5830352,273,0.0,48.0,CU_TO_DEV
1717478872.4238832,322,3.9,47.9,OCC_TO_CU
1717478872.4245372,322,0.0,47.9,OCC_TO_CU
1717478872.5835054,273,90.2,48.1,CU_TO_DEV
1717478872.588294,273,100.0,48.1,CU_TO_DEV
1717478882.4285457,322,4.9,47.8,OCC_TO_CU
1717478882.4305828,322,100.0,47.8,OCC_TO_CU
1717478882.588503,273,25.4,48.0,CU_TO_DEV
1717478882.5921986,273,33.3,48.0,CU_TO_DEV
1717478892.4593596,322,3.7,47.8,OCC_TO_CU
1717478892.4599934,322,0.0,47.8,OCC_TO_CU
1717478892.5969572,273,90.9,48.0,CU_TO_DEV
1717478892.5981193,273,0.0,48.0,CU_TO_DEV
1717478902.4592936,322,3.5,47.7,OCC_TO_CU
1717478902.4613369,322,0.0,47.7,OCC_TO_CU
1717478902.6021671,273,32.1,47.9,CU_TO_DEV
1717478902.6027431,273,0.0,47.9,CU_TO_DEV
1717478908.5935047,154,4.5,47.8,OCC_TO_CU
1717478908.6065,241,40.0,47.8,CU_TO_DEV
1717478908.6077793,241,0.0,47.8,CU_TO_DEV
1717478912.4719288,322,4.0,47.8,OCC_TO_CU
1717478912.472539,322,0.0,47.8,OCC_TO_CU
1717478912.6091003,273,22.2,48.0,CU_TO_DEV
1717478912.6112068,273,0.0,48.0,CU_TO_DEV
1717478922.516119,322,4.9,47.7,OCC_TO_CU
1717478922.5169814,322,0.0,47.7,OCC_TO_CU
1717478922.6186278,273,16.2,47.9,CU_TO_DEV
1717478922.6223145,273,0.0,47.9,CU_TO_DEV
1717478932.4997993,322,4.2,47.8,OCC_TO_CU
1717478932.5018013,322,0.0,47.8,OCC_TO_CU
1717478932.625271,273,36.0,48.0,CU_TO_DEV
1717478932.6278298,273,0.0,48.0,CU_TO_DEV
1717478942.5427988,322,4.4,47.8,OCC_TO_CU
1717478942.5442755,322,0.0,47.8,OCC_TO_CU
1717478942.6311765,273,91.7,48.1,CU_TO_DEV
1717478942.633607,273,100.0,48.1,CU_TO_DEV
1717478952.5329487,322,4.3,47.8,OCC_TO_CU
1717478952.5424714,322,50.0,47.8,OCC_TO_CU
1717478952.6364462,273,37.8,48.0,CU_TO_DEV
1717478952.637943,273,50.0,48.0,CU_TO_DEV
1717478958.6771333,154,4.4,47.9,OCC_TO_CU
1717478958.840302,241,14.1,48.1,CU_TO_DEV
1717478958.8411012,241,0.0,48.1,CU_TO_DEV
1717478962.540712,322,3.0,47.9,OCC_TO_CU
1717478962.5414777,322,0.0,47.9,OCC_TO_CU
1717478962.6450958,273,86.4,48.1,CU_TO_DEV
1717478962.6466076,273,0.0,48.1,CU_TO_DEV
1717478972.5575724,322,5.8,47.6,OCC_TO_CU
1717478972.558837,322,0.0,47.6,OCC_TO_CU
1717478972.6517289,273,27.0,47.9,CU_TO_DEV
1717478972.65186,273,27.0,47.9,CU_TO_DEV
1717478982.576849,322,3.8,47.7,OCC_TO_CU
1717478982.5781288,322,0.0,47.7,OCC_TO_CU
1717478982.6571593,273,23.3,47.9,CU_TO_DEV
1717478982.657101,273,23.3,47.9,CU_TO_DEV
1717478992.5741851,322,3.5,47.7,OCC_TO_CU
1717478992.5754366,322,0.0,47.7,OCC_TO_CU
1717478992.6627376,273,23.5,47.9,CU_TO_DEV
1717478992.6633518,273,0.0,47.9,CU_TO_DEV
1717479002.6004422,322,4.0,47.8,OCC_TO_CU
1717479002.601461,322,0.0,47.8,OCC_TO_CU
1717479002.6679447,273,30.8,48.1,CU_TO_DEV
1717479002.6683016,273,0.0,48.1,CU_TO_DEV
1717479008.6437645,154,3.8,47.9,OCC_TO_CU
1717479008.6716068,241,54.5,48.0,CU_TO_DEV
1717479008.6719944,241,0.0,48.0,CU_TO_DEV
1717479012.6149356,322,6.9,47.8,OCC_TO_CU
1717479012.6156936,322,0.0,47.8,OCC_TO_CU
1717479012.6750946,273,87.0,48.0,CU_TO_DEV
1717479012.6758862,273,0.0,48.0,CU_TO_DEV
1717479022.6148577,322,4.8,47.7,OCC_TO_CU
1717479022.6333122,322,57.1,47.7,OCC_TO_CU
1717479022.685969,273,38.1,47.9,CU_TO_DEV
1717479022.6864514,273,0.0,47.9,CU_TO_DEV
1717479032.6776295,322,4.3,47.8,OCC_TO_CU
1717479032.6786952,322,0.0,47.8,OCC_TO_CU
1717479032.6926827,273,40.0,47.8,CU_TO_DEV
1717479032.693016,273,0.0,47.8,CU_TO_DEV
1717479042.6328177,322,4.2,47.8,OCC_TO_CU
1717479042.6410432,322,50.0,47.8,OCC_TO_CU
1717479042.702202,273,95.8,48.0,CU_TO_DEV
1717479042.7027457,273,0.0,48.0,CU_TO_DEV
1717479052.6735237,322,5.3,47.8,OCC_TO_CU
1717479052.6742811,322,0.0,47.8,OCC_TO_CU
1717479052.7097504,273,46.2,47.9,CU_TO_DEV
1717479052.7096903,273,46.2,47.9,CU_TO_DEV
1717479058.7240162,154,6.0,47.7,OCC_TO_CU
1717479058.91371,241,23.4,47.9,CU_TO_DEV
1717479058.91446,241,0.0,47.9,CU_TO_DEV
1717479062.6713521,322,3.3,47.7,OCC_TO_CU
1717479062.672165,322,0.0,47.7,OCC_TO_CU
1717479062.716172,273,33.3,47.9,CU_TO_DEV
1717479062.7163994,273,33.3,47.9,CU_TO_DEV
1717479072.6838772,322,3.8,47.7,OCC_TO_CU
1717479072.684903,322,50.0,47.7,OCC_TO_CU
1717479072.7259903,273,43.8,47.9,CU_TO_DEV
1717479072.725849,273,43.8,47.9,CU_TO_DEV
1717479082.6921346,322,3.9,47.7,OCC_TO_CU
1717479082.6927838,322,0.0,47.7,OCC_TO_CU
1717479082.7322378,273,40.0,47.9,CU_TO_DEV
1717479082.7320123,273,40.0,47.9,CU_TO_DEV
1717479092.6978667,322,3.7,47.8,OCC_TO_CU
1717479092.6998012,322,0.0,47.8,OCC_TO_CU
1717479092.7377028,273,40.0,48.0,CU_TO_DEV
1717479092.7378874,273,40.0,48.0,CU_TO_DEV
1717479102.7319279,322,5.0,47.8,OCC_TO_CU
1717479102.7350042,322,0.0,47.8,OCC_TO_CU
1717479102.74514,273,0.0,47.8,CU_TO_DEV
1717479102.7446132,273,66.7,47.8,CU_TO_DEV
1717479108.9012468,154,4.8,47.9,OCC_TO_CU
1717479108.9512322,241,42.1,48.1,CU_TO_DEV
1717479108.951145,241,42.1,48.1,CU_TO_DEV
1717479112.7345562,322,4.0,47.9,OCC_TO_CU
1717479112.7351727,322,0.0,47.9,OCC_TO_CU
1717479112.7540026,273,42.9,48.0,CU_TO_DEV
1717479112.7547293,273,0.0,48.0,CU_TO_DEV
1717479122.730787,322,4.3,47.8,OCC_TO_CU
1717479122.73134,322,0.0,47.8,OCC_TO_CU
1717479122.7609756,273,41.7,48.0,CU_TO_DEV
1717479122.7615938,273,0.0,48.0,CU_TO_DEV
1717479132.7658875,322,4.3,47.8,OCC_TO_CU
1717479132.7669399,273,0.0,47.8,CU_TO_DEV
1717479132.767315,322,0.0,47.8,OCC_TO_CU
1717479132.76737,273,0.0,47.8,CU_TO_DEV
1717479132.9685116,273,15.2,48.0,CU_TO_DEV
1717479132.9683042,273,15.2,48.0,CU_TO_DEV
1717479142.758844,322,3.9,47.8,OCC_TO_CU
1717479142.759601,322,0.0,47.8,OCC_TO_CU
1717479142.7761753,273,50.0,47.8,CU_TO_DEV
1717479142.7769306,273,100.0,47.8,CU_TO_DEV
1717479152.793106,322,7.1,47.7,OCC_TO_CU
1717479152.7942147,322,0.0,47.7,OCC_TO_CU
1717479152.9882653,273,16.5,47.8,CU_TO_DEV
1717479152.988187,273,16.5,47.8,CU_TO_DEV
1717479158.9797723,154,4.1,47.7,OCC_TO_CU
1717479158.9920847,241,75.0,47.7,CU_TO_DEV
1717479158.9930365,241,100.0,47.7,CU_TO_DEV
1717479162.8007467,322,4.2,47.7,OCC_TO_CU
1717479162.8012698,322,0.0,47.7,OCC_TO_CU
1717479162.9949808,273,9.1,47.9,CU_TO_DEV
1717479162.9948268,273,9.1,47.9,CU_TO_DEV
1717479172.786996,322,4.1,47.7,OCC_TO_CU
1717479172.8003085,273,50.0,47.7,CU_TO_DEV
1717479172.8020809,273,100.0,47.7,CU_TO_DEV
1717479172.8018413,322,100.0,47.7,OCC_TO_CU
1717479173.001858,273,21.5,47.9,CU_TO_DEV
1717479173.0029805,273,0.0,47.9,CU_TO_DEV
1717479182.807207,322,4.2,47.8,OCC_TO_CU
1717479182.8079817,322,0.0,47.8,OCC_TO_CU
1717479182.8094761,273,0.0,47.8,CU_TO_DEV
1717479182.8092465,273,0.0,47.8,CU_TO_DEV
1717479192.8112397,322,5.2,47.8,OCC_TO_CU
1717479192.812253,322,0.0,47.8,OCC_TO_CU
1717479192.8169727,273,100.0,47.8,CU_TO_DEV
1717479192.817755,273,0.0,47.8,CU_TO_DEV
1717479202.8255413,322,4.7,47.8,OCC_TO_CU
1717479202.8261497,273,0.0,47.8,CU_TO_DEV
1717479202.8267684,322,0.0,47.8,OCC_TO_CU
1717479202.8269517,273,0.0,47.8,CU_TO_DEV
1717479203.0268872,273,15.2,48.0,CU_TO_DEV
1717479203.027797,273,0.0,48.0,CU_TO_DEV
1717479208.7476976,154,4.1,47.8,OCC_TO_CU
1717479208.8306286,241,84.8,47.9,CU_TO_DEV
1717479208.831532,241,0.0,47.9,CU_TO_DEV
1717479212.8499799,322,5.2,47.8,OCC_TO_CU
1717479212.8506455,322,0.0,47.8,OCC_TO_CU
1717479213.0334477,273,15.1,47.9,CU_TO_DEV
1717479213.0338354,273,0.0,47.9,CU_TO_DEV
1717479222.886519,322,4.2,47.8,OCC_TO_CU
1717479222.887187,322,0.0,47.8,OCC_TO_CU
1717479223.0389922,273,16.7,48.0,CU_TO_DEV
1717479223.0393484,273,0.0,48.0,CU_TO_DEV
1717479232.8802679,322,4.3,47.8,OCC_TO_CU
1717479232.8814178,322,0.0,47.8,OCC_TO_CU
1717479233.0445464,273,16.9,48.1,CU_TO_DEV
1717479233.0450153,273,0.0,48.1,CU_TO_DEV
1717479242.879298,322,4.7,47.8,OCC_TO_CU
1717479242.8799706,322,0.0,47.8,OCC_TO_CU
1717479243.0553026,273,16.9,48.0,CU_TO_DEV
1717479243.055938,273,0.0,48.0,CU_TO_DEV
1717479252.8892822,322,4.9,47.8,OCC_TO_CU
1717479252.8899899,322,0.0,47.8,OCC_TO_CU
1717479253.0607498,273,13.6,48.0,CU_TO_DEV
1717479253.061283,273,0.0,48.0,CU_TO_DEV
1717479258.8146327,154,4.2,47.8,OCC_TO_CU
1717479258.8643088,241,35.0,47.9,CU_TO_DEV
1717479258.8643758,241,35.0,47.9,CU_TO_DEV
1717479262.9018579,322,4.6,47.9,OCC_TO_CU
1717479262.9023807,322,0.0,47.9,OCC_TO_CU
1717479263.0671415,273,8.1,48.0,CU_TO_DEV
1717479263.067025,273,8.1,48.0,CU_TO_DEV
1717479272.9315648,322,5.0,47.7,OCC_TO_CU
1717479272.9326386,322,0.0,47.7,OCC_TO_CU
1717479273.0724769,273,14.5,47.9,CU_TO_DEV
1717479273.0726814,273,14.5,47.9,CU_TO_DEV
1717479282.9368298,322,5.4,47.8,OCC_TO_CU
1717479282.9555247,322,57.1,47.8,OCC_TO_CU
1717479283.0780833,273,27.5,48.0,CU_TO_DEV
1717479283.0780303,273,27.5,48.0,CU_TO_DEV
1717479292.934452,322,4.7,47.7,OCC_TO_CU
1717479292.9574885,322,28.6,47.8,OCC_TO_CU
1717479293.0837986,273,25.0,48.0,CU_TO_DEV
1717479293.083852,273,25.0,48.0,CU_TO_DEV
1717479302.9938266,322,3.4,47.7,OCC_TO_CU
1717479302.9944737,322,0.0,47.7,OCC_TO_CU
1717479303.0889938,273,25.7,47.9,CU_TO_DEV
1717479303.0888472,273,25.7,47.9,CU_TO_DEV
1717479308.9062917,154,3.6,47.8,OCC_TO_CU
1717479309.092464,241,18.7,48.0,CU_TO_DEV
1717479309.0929687,241,0.0,48.0,CU_TO_DEV
1717479312.9718752,322,3.8,47.8,OCC_TO_CU
1717479312.9724002,322,0.0,47.8,OCC_TO_CU
1717479313.0949037,273,18.4,48.0,CU_TO_DEV
1717479313.0951993,273,0.0,48.0,CU_TO_DEV
1717479322.9859548,322,4.0,47.9,OCC_TO_CU
1717479322.986717,322,0.0,47.9,OCC_TO_CU
1717479323.1018586,273,21.7,48.1,CU_TO_DEV
1717479323.1017427,273,21.7,48.1,CU_TO_DEV
1717479332.9973524,322,5.0,47.8,OCC_TO_CU
1717479332.997982,322,0.0,47.8,OCC_TO_CU
1717479333.111275,273,22.7,48.0,CU_TO_DEV
1717479333.1114678,273,22.7,48.0,CU_TO_DEV
1717479343.0056443,322,4.2,47.8,OCC_TO_CU
1717479343.0062816,322,0.0,47.8,OCC_TO_CU
1717479343.117597,273,0.0,48.1,CU_TO_DEV
1717479343.1169703,273,24.4,48.1,CU_TO_DEV
1717479353.0038013,322,4.9,47.8,OCC_TO_CU
1717479353.0143542,322,25.0,47.8,OCC_TO_CU
1717479353.123672,273,34.9,47.9,CU_TO_DEV
1717479353.1242266,273,0.0,47.9,CU_TO_DEV
1717479358.9720461,154,4.2,47.8,OCC_TO_CU
1717479359.1276956,241,32.8,48.0,CU_TO_DEV
1717479359.128357,241,0.0,48.0,CU_TO_DEV
1717479363.0198293,322,4.7,47.9,OCC_TO_CU
1717479363.0204732,322,0.0,47.9,OCC_TO_CU
1717479363.1308014,273,22.7,48.1,CU_TO_DEV
1717479363.131003,273,22.7,48.1,CU_TO_DEV
1717479373.0636797,322,5.7,47.9,OCC_TO_CU
1717479373.0647202,322,0.0,47.9,OCC_TO_CU
1717479373.1367726,273,34.5,48.1,CU_TO_DEV
1717479373.1409662,273,50.0,48.1,CU_TO_DEV
1717479383.0552683,322,4.6,47.7,OCC_TO_CU
1717479383.0621,322,0.0,47.7,OCC_TO_CU
1717479383.1423783,273,48.4,47.9,CU_TO_DEV
1717479383.1457767,273,50.0,47.9,CU_TO_DEV
1717479393.0794442,322,4.2,47.8,OCC_TO_CU
1717479393.0803878,322,0.0,47.8,OCC_TO_CU
1717479393.1512861,273,89.3,48.0,CU_TO_DEV
1717479393.156287,273,100.0,48.0,CU_TO_DEV
1717479403.0803056,322,4.5,47.7,OCC_TO_CU
1717479403.0809505,322,100.0,47.7,OCC_TO_CU
1717479403.159027,273,31.2,47.9,CU_TO_DEV
1717479403.1610403,273,0.0,47.9,CU_TO_DEV
1717479409.9644809,154,4.8,47.9,OCC_TO_CU
1717479410.1634378,241,12.7,48.0,CU_TO_DEV
1717479410.1644173,241,0.0,48.0,CU_TO_DEV
1717479413.0875185,322,3.3,47.8,OCC_TO_CU
1717479413.0881538,322,0.0,47.8,OCC_TO_CU
1717479413.165348,273,17.9,48.0,CU_TO_DEV
1717479413.1660829,273,0.0,48.0,CU_TO_DEV
1717479423.1100278,322,5.0,47.7,OCC_TO_CU
1717479423.1130795,322,0.0,47.7,OCC_TO_CU
1717479423.1718073,273,34.8,47.9,CU_TO_DEV
1717479423.1726818,273,0.0,47.9,CU_TO_DEV
1717479433.1094384,322,4.0,47.8,OCC_TO_CU
1717479433.1102307,322,0.0,47.8,OCC_TO_CU
1717479433.178042,273,29.2,48.0,CU_TO_DEV
1717479433.1789174,273,0.0,48.0,CU_TO_DEV
1717479443.138327,322,4.0,47.8,OCC_TO_CU
1717479443.138956,322,0.0,47.8,OCC_TO_CU
1717479443.188182,273,80.0,47.9,CU_TO_DEV
1717479443.1898656,273,100.0,47.9,CU_TO_DEV
1717479453.1293547,322,4.8,47.8,OCC_TO_CU
1717479453.1354268,322,0.0,47.8,OCC_TO_CU
1717479453.1938689,273,52.2,47.9,CU_TO_DEV
1717479453.194961,273,0.0,47.9,CU_TO_DEV
1717479459.9354672,154,5.6,47.8,OCC_TO_CU
1717479459.998715,241,38.5,48.0,CU_TO_DEV
1717479459.9985173,241,38.5,48.0,CU_TO_DEV
1717479463.131925,322,4.9,47.7,OCC_TO_CU
1717479463.1329963,322,100.0,47.7,OCC_TO_CU
1717479463.2011917,273,23.1,47.9,CU_TO_DEV
1717479463.2016644,273,0.0,47.9,CU_TO_DEV
1717479473.1456604,322,5.2,47.6,OCC_TO_CU
1717479473.1586363,322,40.0,47.6,OCC_TO_CU
1717479473.208332,273,47.4,47.8,CU_TO_DEV
1717479473.2094617,273,100.0,47.8,CU_TO_DEV
1717479483.1591702,322,4.0,47.7,OCC_TO_CU
1717479483.1599278,322,0.0,47.7,OCC_TO_CU
1717479483.2154832,273,33.3,47.9,CU_TO_DEV
1717479483.2155576,273,33.3,47.9,CU_TO_DEV
1717479493.192515,322,3.9,47.7,OCC_TO_CU
1717479493.1931953,322,100.0,47.7,OCC_TO_CU
1717479493.221236,273,50.0,47.8,CU_TO_DEV
1717479493.2222316,273,0.0,47.8,CU_TO_DEV
1717479503.1843953,322,4.1,47.8,OCC_TO_CU
1717479503.1850524,322,100.0,47.8,OCC_TO_CU
1717479503.2293866,273,44.4,48.0,CU_TO_DEV
1717479503.230544,273,0.0,48.0,CU_TO_DEV
1717479509.9242609,154,6.4,47.9,OCC_TO_CU
1717479510.0333195,241,27.3,48.0,CU_TO_DEV
1717479510.0375757,241,0.0,48.0,CU_TO_DEV
1717479513.2013803,322,3.6,47.8,OCC_TO_CU
1717479513.2024379,322,0.0,47.8,OCC_TO_CU
1717479513.238848,273,46.7,47.9,CU_TO_DEV
1717479513.2396839,273,0.0,47.9,CU_TO_DEV
1717479523.2140858,322,4.9,47.7,OCC_TO_CU
1717479523.2148502,322,0.0,47.7,OCC_TO_CU
1717479523.245355,273,54.5,47.8,CU_TO_DEV
1717479523.245202,273,54.5,47.8,CU_TO_DEV
1717479533.2610278,322,4.0,47.7,OCC_TO_CU
1717479533.261957,322,0.0,47.7,OCC_TO_CU
1717479533.4537566,273,16.7,48.0,CU_TO_DEV
1717479533.4537044,273,16.7,48.0,CU_TO_DEV
1717479543.2379706,322,4.8,47.7,OCC_TO_CU
1717479543.2384999,322,0.0,47.7,OCC_TO_CU
1717479543.26199,273,60.0,47.8,CU_TO_DEV
1717479543.2620306,273,60.0,47.8,CU_TO_DEV
1717479553.2424312,322,4.5,47.6,OCC_TO_CU
1717479553.2439604,322,0.0,47.6,OCC_TO_CU
1717479553.269854,273,55.6,47.7,CU_TO_DEV
1717479553.2732995,273,66.7,47.7,CU_TO_DEV
1717479560.1897306,154,6.4,47.7,OCC_TO_CU
1717479560.2752726,241,31.4,47.8,CU_TO_DEV
1717479560.2844384,241,66.7,47.8,CU_TO_DEV
1717479563.2622352,322,3.8,47.7,OCC_TO_CU
1717479563.2628245,322,0.0,47.7,OCC_TO_CU
1717479563.2773702,273,66.7,47.7,CU_TO_DEV
1717479563.286792,273,66.7,47.7,CU_TO_DEV
1717479573.2709394,322,3.9,47.6,OCC_TO_CU
1717479573.2834446,273,40.0,47.6,CU_TO_DEV
1717479573.2897797,322,100.0,47.7,OCC_TO_CU
1717479573.2962604,273,100.0,47.7,CU_TO_DEV
1717479573.4843712,273,18.9,47.9,CU_TO_DEV
1717479583.2742999,322,4.1,47.7,OCC_TO_CU
1717479583.2748537,322,0.0,47.7,OCC_TO_CU
1717479583.2891686,273,57.1,47.7,CU_TO_DEV
1717479583.3052702,273,71.4,47.8,CU_TO_DEV
1717479593.2816007,322,4.3,47.7,OCC_TO_CU
1717479593.2821498,322,0.0,47.7,OCC_TO_CU
1717479593.2989771,273,60.0,47.7,CU_TO_DEV
1717479593.3104274,273,66.7,47.8,CU_TO_DEV
1717479603.2927756,322,5.4,47.7,OCC_TO_CU
1717479603.2933488,322,0.0,47.7,OCC_TO_CU
1717479603.3092742,273,71.4,47.7,CU_TO_DEV
1717479603.3204474,273,33.3,47.7,CU_TO_DEV
1717479610.2615912,154,4.5,47.8,OCC_TO_CU
1717479610.317544,241,44.0,48.0,CU_TO_DEV
1717479610.3276865,241,66.7,48.0,CU_TO_DEV
1717479613.3032794,322,4.3,47.8,OCC_TO_CU
1717479613.3062932,322,0.0,47.8,OCC_TO_CU
1717479613.320885,273,85.7,47.9,CU_TO_DEV
1717479613.3300254,273,75.0,47.9,CU_TO_DEV
1717479623.3233116,322,4.9,47.7,OCC_TO_CU
1717479623.3262315,322,50.0,47.7,OCC_TO_CU
1717479623.3281286,273,0.0,47.7,CU_TO_DEV
1717479623.3359175,273,50.0,47.7,CU_TO_DEV
1717479633.3405745,322,3.9,47.8,OCC_TO_CU
1717479633.3425717,322,0.0,47.8,OCC_TO_CU
1717479633.5330844,273,55.8,47.9,CU_TO_DEV
1717479633.5411725,273,0.0,47.9,CU_TO_DEV
1717479643.3398974,322,4.1,47.7,OCC_TO_CU
1717479643.342869,322,0.0,47.7,OCC_TO_CU
1717479643.345972,273,66.7,47.7,CU_TO_DEV
1717479643.5402174,273,69.3,47.8,CU_TO_DEV
1717479653.3427718,322,4.9,47.6,OCC_TO_CU
1717479653.3456697,322,0.0,47.6,OCC_TO_CU
1717479653.348942,273,50.0,47.6,CU_TO_DEV
1717479653.3542538,273,100.0,47.6,CU_TO_DEV
1717479660.3384538,154,4.7,47.7,OCC_TO_CU
1717479660.355374,241,40.0,47.7,CU_TO_DEV
1717479660.3599694,241,100.0,47.7,CU_TO_DEV
1717479663.3770204,322,4.3,47.7,OCC_TO_CU
1717479663.3780754,322,0.0,47.7,OCC_TO_CU
1717479663.5578594,273,9.7,47.8,CU_TO_DEV
1717479663.566137,273,25.0,47.8,CU_TO_DEV
1717479673.3954194,322,4.4,47.7,OCC_TO_CU
1717479673.3963408,322,0.0,47.7,OCC_TO_CU
1717479673.569232,273,13.0,47.9,CU_TO_DEV
1717479673.5740526,273,0.0,47.9,CU_TO_DEV
1717479683.3867285,322,3.8,47.7,OCC_TO_CU
1717479683.3877585,322,0.0,47.7,OCC_TO_CU
1717479683.5741696,273,14.5,47.9,CU_TO_DEV
1717479683.580426,273,0.0,47.9,CU_TO_DEV
1717479693.4027286,322,5.3,47.7,OCC_TO_CU
1717479693.403622,322,0.0,47.7,OCC_TO_CU
1717479693.579588,273,10.0,47.9,CU_TO_DEV
1717479693.5883415,273,0.0,47.9,CU_TO_DEV
1717479703.4026465,322,3.8,47.8,OCC_TO_CU
1717479703.4035165,322,0.0,47.8,OCC_TO_CU
1717479703.5851324,273,13.7,48.0,CU_TO_DEV
1717479703.5946188,273,25.0,48.0,CU_TO_DEV
1717479710.1059127,154,5.6,47.8,OCC_TO_CU
1717479710.1887038,241,32.4,47.9,CU_TO_DEV
1717479710.1990995,241,40.0,47.9,CU_TO_DEV
1717479713.4148571,322,3.6,47.8,OCC_TO_CU
1717479713.4160442,322,0.0,47.8,OCC_TO_CU
1717479713.5913599,273,13.0,47.9,CU_TO_DEV
1717479713.6013792,273,50.0,47.9,CU_TO_DEV
1717479723.4332702,322,4.3,47.7,OCC_TO_CU
1717479723.4339225,322,0.0,47.7,OCC_TO_CU
1717479723.5990775,273,10.8,47.9,CU_TO_DEV
1717479723.6066375,273,0.0,47.9,CU_TO_DEV
1717479733.462521,322,4.2,47.8,OCC_TO_CU
1717479733.4631872,322,0.0,47.8,OCC_TO_CU
1717479733.6040576,273,17.2,48.0,CU_TO_DEV
1717479733.612986,273,25.0,48.0,CU_TO_DEV
1717479743.4544733,322,4.8,47.7,OCC_TO_CU
1717479743.455147,322,0.0,47.7,OCC_TO_CU
1717479743.6148527,273,74.6,47.9,CU_TO_DEV
1717479743.6200361,273,0.0,47.9,CU_TO_DEV
1717479753.4685802,322,3.9,47.7,OCC_TO_CU
1717479753.4692345,322,0.0,47.7,OCC_TO_CU
1717479753.6200264,273,75.0,47.9,CU_TO_DEV
1717479753.6251235,273,0.0,47.9,CU_TO_DEV
1717479760.181123,154,4.3,47.8,OCC_TO_CU
1717479760.223555,241,31.2,47.9,CU_TO_DEV
1717479760.2279754,241,0.0,47.9,CU_TO_DEV
1717479763.4849792,322,3.6,47.7,OCC_TO_CU
1717479763.4856386,322,0.0,47.7,OCC_TO_CU
1717479763.6258683,273,7.7,47.9,CU_TO_DEV
1717479763.6298223,273,0.0,47.9,CU_TO_DEV
1717479773.4868667,322,3.9,47.7,OCC_TO_CU
1717479773.4875185,322,0.0,47.7,OCC_TO_CU
1717479773.632274,273,15.5,47.9,CU_TO_DEV
1717479773.6349883,273,50.0,47.9,CU_TO_DEV
1717479783.490211,322,5.0,47.6,OCC_TO_CU
1717479783.49074,322,0.0,47.6,OCC_TO_CU
1717479783.6383014,273,8.8,47.9,CU_TO_DEV
1717479783.6418037,273,0.0,47.9,CU_TO_DEV
1717479793.5038536,322,4.3,47.6,OCC_TO_CU
1717479793.504618,322,100.0,47.6,OCC_TO_CU
1717479793.6428883,273,11.3,47.8,CU_TO_DEV
1717479793.648763,273,50.0,47.8,CU_TO_DEV
1717479803.5115664,322,3.8,47.7,OCC_TO_CU
1717479803.5147338,322,0.0,47.7,OCC_TO_CU
1717479803.64863,273,16.7,47.9,CU_TO_DEV
1717479803.6554735,273,0.0,47.9,CU_TO_DEV
1717479810.2604322,154,4.7,47.8,OCC_TO_CU
1717479810.4525647,241,14.5,48.0,CU_TO_DEV
1717479810.4592502,241,33.3,48.0,CU_TO_DEV
1717479813.5270283,322,3.9,47.7,OCC_TO_CU
1717479813.5301156,322,0.0,47.7,OCC_TO_CU
1717479813.6545308,273,14.3,47.9,CU_TO_DEV
1717479813.6653335,273,40.0,47.9,CU_TO_DEV
1717479823.534145,322,4.2,47.8,OCC_TO_CU
1717479823.5348177,322,0.0,47.8,OCC_TO_CU
1717479823.6666887,273,15.4,48.0,CU_TO_DEV
1717479823.669871,273,0.0,48.0,CU_TO_DEV
1717479833.548523,322,5.2,47.7,OCC_TO_CU
1717479833.5492663,322,100.0,47.7,OCC_TO_CU
1717479833.673364,273,16.0,47.9,CU_TO_DEV
1717479833.6738667,273,0.0,47.9,CU_TO_DEV
1717479843.567605,322,4.2,47.7,OCC_TO_CU
1717479843.568346,322,0.0,47.7,OCC_TO_CU
1717479843.6843052,273,91.3,47.9,CU_TO_DEV
1717479843.6849546,273,100.0,47.9,CU_TO_DEV
1717479853.5788102,322,3.8,47.7,OCC_TO_CU
1717479853.5794652,322,0.0,47.7,OCC_TO_CU
1717479853.6911213,273,18.2,47.9,CU_TO_DEV
1717479853.6912665,273,18.2,47.9,CU_TO_DEV
1717479860.3369627,154,4.2,47.9,OCC_TO_CU
1717479860.496761,241,24.6,48.0,CU_TO_DEV
1717479860.4968448,241,24.6,48.0,CU_TO_DEV
1717479863.591891,322,3.6,47.9,OCC_TO_CU
1717479863.6012528,322,25.0,47.9,OCC_TO_CU
1717479863.6990435,273,28.9,48.0,CU_TO_DEV
1717479863.6990836,273,28.9,48.0,CU_TO_DEV
1717479873.6050923,322,5.7,47.6,OCC_TO_CU
1717479873.6058586,322,0.0,47.6,OCC_TO_CU
1717479873.7094631,273,88.1,47.9,CU_TO_DEV
1717479873.7101839,273,0.0,47.9,CU_TO_DEV
1717479883.6135108,322,3.9,47.6,OCC_TO_CU
1717479883.625929,322,42.9,47.6,OCC_TO_CU
1717479883.717147,273,31.3,47.8,CU_TO_DEV
1717479883.7172554,273,31.3,47.8,CU_TO_DEV
1717479893.6418843,322,4.2,47.6,OCC_TO_CU
1717479893.642937,322,0.0,47.6,OCC_TO_CU
1717479893.723159,273,30.3,47.8,CU_TO_DEV
1717479893.7233398,273,30.3,47.8,CU_TO_DEV
1717479903.6357126,322,3.7,47.7,OCC_TO_CU
1717479903.636546,322,0.0,47.7,OCC_TO_CU
1717479903.7287927,273,21.1,47.9,CU_TO_DEV
1717479903.7288294,273,21.1,47.9,CU_TO_DEV
1717479910.4143715,154,4.3,47.9,OCC_TO_CU
1717479910.5327382,241,19.6,48.0,CU_TO_DEV
1717479910.532507,241,19.6,48.0,CU_TO_DEV
1717479913.647905,322,3.9,47.8,OCC_TO_CU
1717479913.6485395,322,0.0,47.8,OCC_TO_CU
1717479913.7352395,273,22.9,48.0,CU_TO_DEV
1717479913.7354712,273,22.9,48.0,CU_TO_DEV
1717479923.6738563,322,5.1,47.7,OCC_TO_CU
1717479923.674647,322,0.0,47.7,OCC_TO_CU
1717479923.7440083,273,28.6,47.9,CU_TO_DEV
1717479923.7438881,273,28.6,47.9,CU_TO_DEV
1717479933.6753018,322,3.8,47.8,OCC_TO_CU
1717479933.6759508,322,0.0,47.8,OCC_TO_CU
1717479933.749445,273,21.4,48.0,CU_TO_DEV
1717479933.749935,273,0.0,48.0,CU_TO_DEV
1717479943.6857522,322,3.7,47.8,OCC_TO_CU
1717479943.6873028,322,0.0,47.8,OCC_TO_CU
1717479943.7555807,273,88.5,48.0,CU_TO_DEV
1717479943.7564247,273,0.0,48.0,CU_TO_DEV
1717479953.695918,322,4.4,47.8,OCC_TO_CU
1717479953.696574,322,0.0,47.8,OCC_TO_CU
1717479953.7611094,273,28.0,48.0,CU_TO_DEV
1717479953.762106,273,0.0,48.0,CU_TO_DEV
1717479960.4836006,154,5.4,47.8,OCC_TO_CU
1717479960.566201,241,33.3,47.9,CU_TO_DEV
1717479960.5673301,241,0.0,47.9,CU_TO_DEV
1717479963.7048545,322,7.0,47.7,OCC_TO_CU
1717479963.7054174,322,0.0,47.7,OCC_TO_CU
1717479963.7696555,273,16.7,47.8,CU_TO_DEV
1717479963.7732813,273,0.0,47.8,CU_TO_DEV
1717479973.7222164,322,3.6,47.7,OCC_TO_CU
1717479973.7228866,322,0.0,47.7,OCC_TO_CU
1717479973.774792,273,30.0,47.9,CU_TO_DEV
1717479973.7775583,273,0.0,47.9,CU_TO_DEV
1717479983.74141,322,4.3,47.7,OCC_TO_CU
1717479983.742034,322,0.0,47.7,OCC_TO_CU
1717479983.7811701,273,28.6,47.9,CU_TO_DEV
1717479983.7822556,273,0.0,47.9,CU_TO_DEV
1717479993.738764,322,5.0,47.7,OCC_TO_CU
1717479993.7394717,322,0.0,47.7,OCC_TO_CU
1717479993.7871242,273,31.6,47.9,CU_TO_DEV
1717479993.787522,273,0.0,47.9,CU_TO_DEV
1717480003.7491765,322,4.0,47.7,OCC_TO_CU
1717480003.7505739,322,0.0,47.7,OCC_TO_CU
1717480003.7929652,273,43.8,47.9,CU_TO_DEV
1717480003.7930732,273,43.8,47.9,CU_TO_DEV
1717480010.5571098,154,5.7,47.9,OCC_TO_CU
1717480010.6022737,241,41.2,48.0,CU_TO_DEV
1717480010.6034048,241,0.0,48.0,CU_TO_DEV
1717480013.7847722,322,3.2,47.8,OCC_TO_CU
1717480013.7854261,322,0.0,47.8,OCC_TO_CU
1717480013.8044589,273,37.5,47.8,CU_TO_DEV
1717480013.8055413,273,100.0,47.8,CU_TO_DEV
1717480023.7786996,322,4.2,47.8,OCC_TO_CU
1717480023.7793794,322,0.0,47.8,OCC_TO_CU
1717480023.8128452,273,42.9,47.9,CU_TO_DEV
1717480023.812788,273,42.9,47.9,CU_TO_DEV
1717480033.7914634,322,4.0,47.8,OCC_TO_CU
1717480033.7923005,322,0.0,47.8,OCC_TO_CU
1717480033.8199532,273,53.8,47.9,CU_TO_DEV
1717480033.8196003,273,53.8,47.9,CU_TO_DEV
1717480043.8123035,322,4.6,47.7,OCC_TO_CU
1717480043.8129458,322,100.0,47.7,OCC_TO_CU
1717480043.8278716,273,40.0,47.7,CU_TO_DEV
1717480043.8287458,273,100.0,47.7,CU_TO_DEV
1717480053.8155577,322,4.9,47.7,OCC_TO_CU
1717480053.8218603,322,33.3,47.7,OCC_TO_CU
1717480053.8339975,273,80.0,47.7,CU_TO_DEV
1717480053.8358366,273,0.0,47.7,CU_TO_DEV
1717480060.430357,154,6.8,47.7,OCC_TO_CU
1717480060.4397416,241,0.0,47.7,CU_TO_DEV
1717480060.4403832,241,0.0,47.7,CU_TO_DEV
1717480063.8179097,322,3.9,47.7,OCC_TO_CU
1717480063.8185167,322,0.0,47.7,OCC_TO_CU
1717480063.8423479,273,50.0,47.8,CU_TO_DEV
1717480063.8426259,273,50.0,47.8,CU_TO_DEV
1717480073.830557,322,4.5,47.7,OCC_TO_CU
1717480073.8313808,322,0.0,47.7,OCC_TO_CU
1717480073.8502674,273,42.9,47.8,CU_TO_DEV
1717480073.850052,273,42.9,47.8,CU_TO_DEV
1717480083.8384354,322,4.2,47.8,OCC_TO_CU
1717480083.8395684,322,0.0,47.8,OCC_TO_CU
1717480083.8564844,273,50.0,47.8,CU_TO_DEV
1717480083.8562033,273,50.0,47.8,CU_TO_DEV
1717480093.8546274,322,4.2,47.8,OCC_TO_CU
1717480093.855461,322,0.0,47.8,OCC_TO_CU
1717480093.861957,273,33.3,47.8,CU_TO_DEV
1717480093.8636985,273,0.0,47.8,CU_TO_DEV
1717480103.8660495,322,5.5,47.8,OCC_TO_CU
1717480103.8668938,322,0.0,47.8,OCC_TO_CU
1717480103.8702016,273,0.0,47.8,CU_TO_DEV
1717480103.8704696,273,0.0,47.8,CU_TO_DEV
1717480110.712047,154,4.6,47.9,OCC_TO_CU
1717480110.873946,241,17.9,48.1,CU_TO_DEV
1717480110.8744583,241,0.0,48.1,CU_TO_DEV
1717480113.8755,322,6.1,47.8,OCC_TO_CU
1717480113.8763256,322,0.0,47.8,OCC_TO_CU
1717480113.8815787,273,50.0,47.8,CU_TO_DEV
1717480113.8813767,273,50.0,47.8,CU_TO_DEV
1717480123.8899035,322,4.8,47.7,OCC_TO_CU
1717480123.8907182,322,0.0,47.7,OCC_TO_CU
1717480124.087239,273,9.0,47.9,CU_TO_DEV
1717480124.0872993,273,9.0,47.9,CU_TO_DEV
1717480133.9010367,322,4.3,47.7,OCC_TO_CU
1717480133.9018815,322,0.0,47.7,OCC_TO_CU
1717480134.0927515,273,10.5,47.9,CU_TO_DEV
1717480134.0927987,273,10.5,47.9,CU_TO_DEV
1717480143.912923,322,4.3,47.7,OCC_TO_CU
1717480143.913724,322,0.0,47.7,OCC_TO_CU
1717480144.0980735,273,8.3,47.9,CU_TO_DEV
1717480144.098648,273,0.0,47.9,CU_TO_DEV
1717480153.9334042,322,5.3,47.7,OCC_TO_CU
1717480153.93445,322,0.0,47.7,OCC_TO_CU
1717480154.1059167,273,73.5,47.8,CU_TO_DEV
1717480154.1068406,273,0.0,47.8,CU_TO_DEV
1717480160.4767983,154,4.4,47.7,OCC_TO_CU
1717480160.5093384,241,50.0,47.8,CU_TO_DEV
1717480160.5097075,241,0.0,47.8,CU_TO_DEV
1717480163.9412954,322,3.7,47.7,OCC_TO_CU
1717480163.9420557,322,0.0,47.7,OCC_TO_CU
1717480164.1119766,273,12.9,47.9,CU_TO_DEV
1717480164.1122537,273,0.0,47.9,CU_TO_DEV
1717480173.9575806,322,4.4,47.7,OCC_TO_CU
1717480173.9583352,322,0.0,47.7,OCC_TO_CU
1717480174.118031,273,11.1,47.9,CU_TO_DEV
1717480174.1181781,273,11.1,47.9,CU_TO_DEV
1717480183.9581296,322,4.0,47.7,OCC_TO_CU
1717480183.9587927,322,0.0,47.7,OCC_TO_CU
1717480184.1245108,273,10.8,47.9,CU_TO_DEV
1717480184.1248343,273,100.0,47.9,CU_TO_DEV
1717480193.9836447,322,5.5,47.7,OCC_TO_CU
1717480193.9842656,322,0.0,47.7,OCC_TO_CU
1717480194.1309886,273,8.8,47.9,CU_TO_DEV
1717480194.130923,273,8.8,47.9,CU_TO_DEV
1717480203.9864233,322,4.9,47.6,OCC_TO_CU
1717480203.9885278,322,0.0,47.6,OCC_TO_CU
1717480204.14158,273,12.9,47.8,CU_TO_DEV
1717480204.1418896,273,0.0,47.8,CU_TO_DEV
1717480210.55089,154,4.2,47.8,OCC_TO_CU
1717480210.7455068,241,15.0,48.0,CU_TO_DEV
1717480210.7453094,241,15.0,48.0,CU_TO_DEV
1717480213.9975276,322,3.4,47.7,OCC_TO_CU
1717480213.9982567,322,0.0,47.7,OCC_TO_CU
1717480214.1478581,273,7.0,47.9,CU_TO_DEV
1717480214.1479273,273,7.0,47.9,CU_TO_DEV
1717480224.018053,322,4.0,47.8,OCC_TO_CU
1717480224.019291,322,0.0,47.8,OCC_TO_CU
1717480224.1536627,273,11.8,48.0,CU_TO_DEV
1717480224.1541448,273,0.0,48.0,CU_TO_DEV
1717480234.0310645,322,4.2,47.8,OCC_TO_CU
1717480234.0316947,322,0.0,47.8,OCC_TO_CU
1717480234.1589265,273,90.2,47.9,CU_TO_DEV
1717480234.1589818,273,90.2,47.9,CU_TO_DEV
1717480244.0373397,322,4.9,47.7,OCC_TO_CU
1717480244.0381124,322,0.0,47.7,OCC_TO_CU
1717480244.1651528,273,16.0,47.9,CU_TO_DEV
1717480244.1651099,273,16.0,47.9,CU_TO_DEV
1717480254.064424,322,4.0,47.7,OCC_TO_CU
1717480254.0652165,322,0.0,47.7,OCC_TO_CU
1717480254.1702402,273,20.9,47.9,CU_TO_DEV
1717480254.170298,273,20.9,47.9,CU_TO_DEV
1717480260.5307012,154,5.4,47.8,OCC_TO_CU
1717480260.5746431,241,41.2,47.8,CU_TO_DEV
1717480260.5742228,241,41.2,47.8,CU_TO_DEV
1717480264.0682826,322,3.9,47.7,OCC_TO_CU
1717480264.0690851,322,100.0,47.7,OCC_TO_CU
1717480264.177493,273,16.3,47.8,CU_TO_DEV
1717480264.1773736,273,16.7,47.8,CU_TO_DEV
1717480274.0778315,322,3.8,47.7,OCC_TO_CU
1717480274.078466,322,0.0,47.7,OCC_TO_CU
1717480274.1826158,273,20.5,47.9,CU_TO_DEV
1717480274.1825764,273,20.5,47.9,CU_TO_DEV
1717480284.1007068,322,5.1,47.7,OCC_TO_CU
1717480284.1012244,322,0.0,47.7,OCC_TO_CU
1717480284.187535,273,18.2,47.9,CU_TO_DEV
1717480284.1876833,273,18.2,47.9,CU_TO_DEV
1717480294.1043522,322,4.7,47.6,OCC_TO_CU
1717480294.1050372,322,100.0,47.6,OCC_TO_CU
1717480294.194591,273,20.6,47.8,CU_TO_DEV
1717480294.1965628,273,0.0,47.8,CU_TO_DEV
1717480304.1150677,322,4.2,47.7,OCC_TO_CU
1717480304.115811,322,0.0,47.7,OCC_TO_CU
1717480304.2008407,273,21.2,47.9,CU_TO_DEV
1717480304.2009296,273,21.2,47.9,CU_TO_DEV
1717480310.702847,154,4.8,47.9,OCC_TO_CU
1717480310.8045473,241,20.0,48.0,CU_TO_DEV
1717480310.8048067,241,100.0,48.0,CU_TO_DEV
1717480314.125251,322,3.5,47.8,OCC_TO_CU
1717480314.125899,322,0.0,47.8,OCC_TO_CU
1717480314.206912,273,21.9,47.9,CU_TO_DEV
1717480314.2072222,273,0.0,47.9,CU_TO_DEV
1717480324.1531835,322,4.1,47.7,OCC_TO_CU
1717480324.1538157,322,0.0,47.7,OCC_TO_CU
1717480324.2142727,273,0.0,47.9,CU_TO_DEV
1717480324.2134397,273,22.7,47.9,CU_TO_DEV
1717480334.1590912,322,5.1,47.8,OCC_TO_CU
1717480334.159882,322,0.0,47.8,OCC_TO_CU
1717480334.2210512,273,29.2,47.9,CU_TO_DEV
1717480334.2237058,273,0.0,47.9,CU_TO_DEV
1717480344.1963274,322,3.7,47.8,OCC_TO_CU
1717480344.1970062,322,0.0,47.8,OCC_TO_CU
1717480344.2263567,273,41.7,47.9,CU_TO_DEV
1717480344.228362,273,0.0,47.9,CU_TO_DEV
1717480354.1999378,322,4.2,47.9,OCC_TO_CU
1717480354.2005725,322,0.0,47.9,OCC_TO_CU
1717480354.2332246,273,71.4,47.9,CU_TO_DEV
1717480354.2368977,273,100.0,47.9,CU_TO_DEV
1717480360.8007865,154,6.9,47.9,OCC_TO_CU
1717480360.8411222,241,40.0,48.0,CU_TO_DEV
1717480360.8409238,241,40.0,48.0,CU_TO_DEV
1717480364.2060354,322,3.1,47.7,OCC_TO_CU
1717480364.2066882,322,0.0,47.7,OCC_TO_CU
1717480364.244181,273,40.0,47.9,CU_TO_DEV
1717480364.2439294,273,43.7,47.9,CU_TO_DEV
1717480374.2131367,322,5.8,47.6,OCC_TO_CU
1717480374.2137198,322,0.0,47.6,OCC_TO_CU
1717480374.2536767,273,31.3,47.7,CU_TO_DEV
1717480374.254364,273,0.0,47.7,CU_TO_DEV
1717480384.220551,322,4.1,47.6,OCC_TO_CU
1717480384.226118,322,50.0,47.6,OCC_TO_CU
1717480384.2593691,273,66.7,47.7,CU_TO_DEV
1717480384.2592592,273,71.4,47.8,CU_TO_DEV
1717480394.243455,322,4.0,47.6,OCC_TO_CU
1717480394.2441103,322,0.0,47.6,OCC_TO_CU
1717480394.266558,273,44.4,47.7,CU_TO_DEV
1717480394.267687,273,0.0,47.7,CU_TO_DEV
1717480404.24513,322,3.9,47.7,OCC_TO_CU
1717480404.245758,322,0.0,47.7,OCC_TO_CU
1717480404.2728329,273,45.5,47.7,CU_TO_DEV
1717480404.2729511,273,45.5,47.7,CU_TO_DEV
1717480410.8015106,154,4.2,47.9,OCC_TO_CU
1717480410.8766322,241,23.3,48.0,CU_TO_DEV
1717480410.877092,241,0.0,48.0,CU_TO_DEV
1717480414.2554455,322,3.7,47.8,OCC_TO_CU
1717480414.2585313,322,0.0,47.8,OCC_TO_CU
1717480414.2792327,273,50.0,47.9,CU_TO_DEV
1717480414.2799242,273,0.0,47.9,CU_TO_DEV
1717480424.2677312,322,4.4,47.7,OCC_TO_CU
1717480424.2688444,322,0.0,47.7,OCC_TO_CU
1717480424.2849388,273,50.0,47.7,CU_TO_DEV
1717480424.2859163,273,0.0,47.7,CU_TO_DEV
1717480434.280701,322,4.2,47.8,OCC_TO_CU
1717480434.2813845,322,0.0,47.8,OCC_TO_CU
1717480434.2923937,273,50.0,47.8,CU_TO_DEV
1717480434.2930799,273,100.0,47.8,CU_TO_DEV
1717480444.3097615,322,4.0,47.8,OCC_TO_CU
1717480444.3104448,322,0.0,47.8,OCC_TO_CU
1717480444.4985688,273,9.5,48.0,CU_TO_DEV
1717480444.4984217,273,9.5,48.0,CU_TO_DEV
1717480454.3304856,322,4.6,47.8,OCC_TO_CU
1717480454.3310053,322,0.0,47.8,OCC_TO_CU
1717480454.5056162,273,8.6,48.0,CU_TO_DEV
1717480454.5064595,273,0.0,48.0,CU_TO_DEV
1717480460.9255185,154,4.8,48.0,OCC_TO_CU
1717480461.110418,241,15.1,48.1,CU_TO_DEV
1717480461.110902,241,0.0,48.1,CU_TO_DEV
1717480464.3250406,322,9.2,47.7,OCC_TO_CU
1717480464.3256633,322,0.0,47.7,OCC_TO_CU
1717480464.5175657,273,6.7,47.9,CU_TO_DEV
1717480464.5178027,273,0.0,47.9,CU_TO_DEV
1717480474.3369691,322,3.9,47.7,OCC_TO_CU
1717480474.3384442,322,0.0,47.7,OCC_TO_CU
1717480474.522884,273,59.7,47.8,CU_TO_DEV
1717480474.5254645,273,0.0,47.8,CU_TO_DEV
1717480484.3539026,322,4.1,47.7,OCC_TO_CU
1717480484.354537,322,0.0,47.7,OCC_TO_CU
1717480484.5286264,273,10.1,47.8,CU_TO_DEV
1717480484.5298116,273,0.0,47.8,CU_TO_DEV
1717480494.3673277,322,4.1,47.6,OCC_TO_CU
1717480494.3680983,322,0.0,47.6,OCC_TO_CU
1717480494.5348444,273,14.5,47.9,CU_TO_DEV
1717480494.535297,273,0.0,47.9,CU_TO_DEV
1717480504.3751204,322,4.0,47.7,OCC_TO_CU
1717480504.3988042,322,55.6,47.8,OCC_TO_CU
1717480504.540041,273,19.6,48.0,CU_TO_DEV
1717480504.5399137,273,19.6,48.0,CU_TO_DEV
1717480511.928874,154,6.0,47.8,OCC_TO_CU
1717480511.9451246,241,33.3,47.8,CU_TO_DEV
1717480511.9448268,241,33.3,47.8,CU_TO_DEV
1717480514.4023237,322,3.5,47.8,OCC_TO_CU
1717480514.403114,322,0.0,47.8,OCC_TO_CU
1717480514.547296,273,12.3,47.9,CU_TO_DEV
1717480514.547836,273,0.0,47.9,CU_TO_DEV
1717480524.4168663,322,4.0,47.7,OCC_TO_CU
1717480524.4175112,322,0.0,47.7,OCC_TO_CU
1717480524.5529835,273,14.8,48.0,CU_TO_DEV
1717480524.5534556,273,0.0,48.0,CU_TO_DEV
1717480534.4330862,322,4.8,47.7,OCC_TO_CU
1717480534.4336362,322,0.0,47.7,OCC_TO_CU
1717480534.5581174,273,8.3,47.9,CU_TO_DEV
1717480534.5585241,273,0.0,47.9,CU_TO_DEV
1717480544.4316287,322,4.1,47.7,OCC_TO_CU
1717480544.4322839,322,0.0,47.7,OCC_TO_CU
1717480544.5629106,273,14.0,47.9,CU_TO_DEV
1717480544.562857,273,14.0,47.9,CU_TO_DEV
1717480554.4433105,322,5.3,47.7,OCC_TO_CU
1717480554.462761,322,42.9,47.8,OCC_TO_CU
1717480554.5680296,273,23.3,48.0,CU_TO_DEV
1717480554.5681086,273,23.3,48.0,CU_TO_DEV
1717480562.9260173,154,4.2,47.8,OCC_TO_CU
1717480562.973353,241,75.0,47.9,CU_TO_DEV
1717480562.976726,241,100.0,47.9,CU_TO_DEV
1717480564.500922,322,9.4,47.8,OCC_TO_CU
1717480564.5014527,322,0.0,47.8,OCC_TO_CU
1717480564.5746253,273,17.9,47.9,CU_TO_DEV
1717480564.57784,273,0.0,47.9,CU_TO_DEV
1717480574.4817424,322,4.0,47.7,OCC_TO_CU
1717480574.4874487,322,0.0,47.7,OCC_TO_CU
1717480574.579495,273,35.3,47.9,CU_TO_DEV
1717480574.5819504,273,0.0,47.9,CU_TO_DEV
1717480584.5014923,322,4.1,47.7,OCC_TO_CU
1717480584.502129,322,0.0,47.7,OCC_TO_CU
1717480584.586058,273,24.2,48.0,CU_TO_DEV
1717480584.5862358,273,24.2,48.0,CU_TO_DEV
1717480594.5041778,322,4.1,47.8,OCC_TO_CU
1717480594.5059533,322,50.0,47.8,OCC_TO_CU
1717480594.5917063,273,16.1,48.0,CU_TO_DEV
1717480594.5918496,273,16.1,48.0,CU_TO_DEV
1717480604.5137823,322,4.7,47.8,OCC_TO_CU
1717480604.5145254,322,0.0,47.8,OCC_TO_CU
1717480604.5978365,273,94.1,48.0,CU_TO_DEV
1717480604.5974097,273,94.1,48.0,CU_TO_DEV
1717480612.9956055,154,4.3,47.8,OCC_TO_CU
1717480613.0019696,241,0.0,47.8,CU_TO_DEV
1717480613.0043817,241,0.0,47.8,CU_TO_DEV
1717480614.5275326,322,10.5,47.7,OCC_TO_CU
1717480614.5280654,322,0.0,47.7,OCC_TO_CU
1717480614.6051974,273,19.4,47.9,CU_TO_DEV
1717480614.6084764,273,0.0,47.9,CU_TO_DEV
1717480624.5472667,322,3.8,47.7,OCC_TO_CU
1717480624.548545,322,0.0,47.7,OCC_TO_CU
1717480624.6104364,273,34.6,47.9,CU_TO_DEV
1717480624.6119068,273,0.0,47.9,CU_TO_DEV
1717480634.5600212,322,4.2,47.7,OCC_TO_CU
1717480634.5608113,322,100.0,47.7,OCC_TO_CU
1717480634.6158338,273,28.6,47.9,CU_TO_DEV
1717480634.6157582,273,27.3,47.9,CU_TO_DEV
1717480644.5705554,322,4.4,47.7,OCC_TO_CU
1717480644.5776591,322,33.3,47.7,OCC_TO_CU
1717480644.620943,273,66.7,47.9,CU_TO_DEV
1717480644.6214669,273,0.0,47.9,CU_TO_DEV
1717480654.593405,322,5.3,47.7,OCC_TO_CU
1717480654.5941434,322,0.0,47.7,OCC_TO_CU
1717480654.6273236,273,33.3,47.9,CU_TO_DEV
1717480654.628362,273,0.0,47.9,CU_TO_DEV
1717480663.0730343,154,4.5,47.7,OCC_TO_CU
1717480663.2320333,241,90.6,47.9,CU_TO_DEV
1717480663.232615,241,0.0,47.9,CU_TO_DEV
1717480664.6009474,322,2.9,47.8,OCC_TO_CU
1717480664.6059687,322,0.0,47.8,OCC_TO_CU
1717480664.6331968,273,54.5,47.9,CU_TO_DEV
1717480664.6340294,273,0.0,47.9,CU_TO_DEV
1717480674.607445,322,3.8,47.7,OCC_TO_CU
1717480674.6086907,322,50.0,47.7,OCC_TO_CU
1717480674.6393132,273,53.3,47.8,CU_TO_DEV
1717480674.641506,273,100.0,47.8,CU_TO_DEV
1717480684.623036,322,3.8,47.8,OCC_TO_CU
1717480684.6236346,322,0.0,47.8,OCC_TO_CU
1717480684.6463814,273,44.4,47.8,CU_TO_DEV
1717480684.6471868,273,0.0,47.8,CU_TO_DEV
1717480694.6489413,322,4.9,47.8,OCC_TO_CU
1717480694.6495707,322,0.0,47.8,OCC_TO_CU
1717480694.6518652,273,0.0,47.8,CU_TO_DEV
1717480694.6519082,273,0.0,47.8,CU_TO_DEV
1717480704.64548,322,4.9,47.7,OCC_TO_CU
1717480704.6461568,322,0.0,47.7,OCC_TO_CU
1717480704.65694,273,40.0,47.7,CU_TO_DEV
1717480704.6577394,273,0.0,47.7,CU_TO_DEV
1717480712.839694,154,4.3,47.8,OCC_TO_CU
1717480712.861714,241,62.5,47.8,CU_TO_DEV
1717480712.8630126,241,0.0,47.8,CU_TO_DEV
1717480714.6774135,322,4.3,47.9,OCC_TO_CU
1717480714.6780653,322,0.0,47.9,OCC_TO_CU
1717480714.8642066,273,26.3,48.0,CU_TO_DEV
1717480714.864567,273,0.0,48.0,CU_TO_DEV
1717480724.6739004,322,3.8,47.8,OCC_TO_CU
1717480724.6917927,322,42.9,47.9,OCC_TO_CU
1717480724.8713896,273,90.0,48.0,CU_TO_DEV
1717480724.8718772,273,0.0,48.0,CU_TO_DEV
1717480734.6947248,322,3.7,47.7,OCC_TO_CU
1717480734.6953967,322,0.0,47.7,OCC_TO_CU
1717480734.8785777,273,26.4,47.9,CU_TO_DEV
1717480734.8784938,273,26.4,47.9,CU_TO_DEV
1717480744.709641,322,4.5,47.7,OCC_TO_CU
1717480744.7102497,322,0.0,47.7,OCC_TO_CU
1717480744.8844903,273,20.9,47.9,CU_TO_DEV
1717480744.8845613,273,20.9,47.9,CU_TO_DEV
1717480754.7184293,322,3.6,47.8,OCC_TO_CU
1717480754.7244828,322,50.0,47.8,OCC_TO_CU
1717480754.8901732,273,42.4,48.0,CU_TO_DEV
1717480754.8907416,273,0.0,48.0,CU_TO_DEV
1717480762.917183,154,4.1,47.8,OCC_TO_CU
1717480763.0947382,241,8.7,48.0,CU_TO_DEV
1717480763.0946147,241,8.7,48.0,CU_TO_DEV
1717480764.7428067,322,3.2,47.9,OCC_TO_CU
1717480764.7438197,322,0.0,47.9,OCC_TO_CU
1717480764.8971152,273,91.9,48.0,CU_TO_DEV
1717480764.8987484,273,0.0,48.0,CU_TO_DEV
1717480774.7438009,322,3.7,47.8,OCC_TO_CU
1717480774.7450976,322,100.0,47.8,OCC_TO_CU
1717480774.9027736,273,19.7,48.0,CU_TO_DEV
1717480774.9038255,273,0.0,48.0,CU_TO_DEV
1717480784.759753,322,6.2,47.6,OCC_TO_CU
1717480784.760963,322,100.0,47.6,OCC_TO_CU
1717480784.9098501,273,21.1,47.8,CU_TO_DEV
1717480784.9107466,273,0.0,47.8,CU_TO_DEV
1717480794.7764723,322,4.1,47.7,OCC_TO_CU
1717480794.7772071,322,100.0,47.7,OCC_TO_CU
1717480794.9159997,273,22.6,47.9,CU_TO_DEV
1717480794.9158914,273,22.6,47.9,CU_TO_DEV
1717480804.7851,322,3.8,47.7,OCC_TO_CU
1717480804.7863781,322,0.0,47.7,OCC_TO_CU
1717480804.9215763,273,24.5,47.9,CU_TO_DEV
1717480804.9219,273,0.0,47.9,CU_TO_DEV
1717480812.9929717,154,4.7,47.8,OCC_TO_CU
1717480813.126319,241,15.1,48.0,CU_TO_DEV
1717480813.1268082,241,0.0,48.0,CU_TO_DEV
1717480814.8005073,322,3.4,47.9,OCC_TO_CU
1717480814.8011947,322,66.7,47.9,OCC_TO_CU
1717480814.9277246,273,22.9,48.0,CU_TO_DEV
1717480814.928104,273,0.0,48.0,CU_TO_DEV
1717480824.8116431,322,4.1,47.8,OCC_TO_CU
1717480824.8124037,322,0.0,47.8,OCC_TO_CU
1717480824.9349487,273,18.4,47.9,CU_TO_DEV
1717480824.9348102,273,18.4,47.9,CU_TO_DEV
1717480834.8396273,322,5.1,47.8,OCC_TO_CU
1717480834.8404386,322,0.0,47.8,OCC_TO_CU
1717480834.9406738,273,21.4,48.0,CU_TO_DEV
1717480834.9408615,273,21.4,48.0,CU_TO_DEV
1717480844.8305395,322,4.2,47.9,OCC_TO_CU
1717480844.8312998,322,0.0,47.9,OCC_TO_CU
1717480844.947061,273,28.3,48.1,CU_TO_DEV
1717480844.9476786,273,0.0,48.1,CU_TO_DEV
1717480854.8525722,322,4.0,47.9,OCC_TO_CU
1717480854.853243,322,0.0,47.9,OCC_TO_CU
1717480854.9529736,273,92.5,48.1,CU_TO_DEV
1717480854.9554656,273,0.0,48.1,CU_TO_DEV
1717480863.969245,154,5.1,47.7,OCC_TO_CU
1717480864.1603796,241,9.3,48.0,CU_TO_DEV
1717480864.1612506,241,0.0,48.0,CU_TO_DEV
1717480864.852961,322,14.2,47.9,OCC_TO_CU
1717480864.853482,322,0.0,47.9,OCC_TO_CU
1717480864.9652333,273,24.4,47.9,CU_TO_DEV
1717480864.965544,273,0.0,47.9,CU_TO_DEV
1717480874.8599925,322,5.3,47.6,OCC_TO_CU
1717480874.8606074,322,0.0,47.6,OCC_TO_CU
1717480874.971642,273,29.5,47.8,CU_TO_DEV
1717480874.972928,273,0.0,47.8,CU_TO_DEV
1717480884.8602583,322,3.8,47.6,OCC_TO_CU
1717480884.8609278,322,50.0,47.6,OCC_TO_CU
1717480884.9767575,273,27.9,47.8,CU_TO_DEV
1717480884.9767008,273,27.9,47.8,CU_TO_DEV
1717480894.8846045,322,3.9,47.7,OCC_TO_CU
1717480894.8852568,322,0.0,47.7,OCC_TO_CU
1717480894.9816222,273,35.1,47.9,CU_TO_DEV
1717480894.9822772,273,0.0,47.9,CU_TO_DEV
1717480904.8797684,322,3.6,47.7,OCC_TO_CU
1717480904.8806925,322,0.0,47.7,OCC_TO_CU
1717480904.9868474,273,39.0,47.9,CU_TO_DEV
1717480904.9867754,273,39.0,47.9,CU_TO_DEV
1717480914.020214,154,3.8,47.7,OCC_TO_CU
1717480914.1910782,241,13.2,48.0,CU_TO_DEV
1717480914.191404,241,0.0,48.0,CU_TO_DEV
1717480914.8821445,322,4.7,48.0,OCC_TO_CU
1717480914.88279,322,0.0,48.0,OCC_TO_CU
1717480914.9920728,273,34.0,48.0,CU_TO_DEV
1717480914.9925566,273,0.0,48.0,CU_TO_DEV
1717480924.8991778,322,5.0,47.7,OCC_TO_CU
1717480924.89982,322,0.0,47.7,OCC_TO_CU
1717480924.996632,273,38.5,47.9,CU_TO_DEV
1717480924.997295,273,0.0,47.9,CU_TO_DEV
1717480934.9028063,322,3.7,47.8,OCC_TO_CU
1717480934.9034107,322,0.0,47.8,OCC_TO_CU
1717480935.0019624,273,40.0,48.0,CU_TO_DEV
1717480935.0021303,273,40.0,48.0,CU_TO_DEV
1717480944.9476576,322,4.8,47.7,OCC_TO_CU
1717480944.9481883,322,0.0,47.7,OCC_TO_CU
1717480945.0079546,273,33.3,48.0,CU_TO_DEV
1717480945.0089755,273,100.0,48.0,CU_TO_DEV
1717480954.9258392,322,3.9,47.7,OCC_TO_CU
1717480954.9352407,322,40.0,47.7,OCC_TO_CU
1717480955.0143192,273,64.5,48.0,CU_TO_DEV
1717480955.0147526,273,0.0,48.0,CU_TO_DEV
1717480964.0789068,154,5.3,47.8,OCC_TO_CU
1717480964.219715,241,82.8,47.9,CU_TO_DEV
1717480964.2215598,241,0.0,47.9,CU_TO_DEV
1717480964.9390495,322,3.2,47.9,OCC_TO_CU
1717480964.9402502,322,0.0,47.9,OCC_TO_CU
1717480965.0207822,273,39.4,47.9,CU_TO_DEV
1717480965.022221,273,0.0,47.9,CU_TO_DEV
1717480974.9404738,322,4.7,47.6,OCC_TO_CU
1717480974.9410467,322,100.0,47.6,OCC_TO_CU
1717480975.030102,273,33.3,47.8,CU_TO_DEV
1717480975.0307238,273,0.0,47.8,CU_TO_DEV
1717480984.950247,322,3.5,47.7,OCC_TO_CU
1717480984.9508138,322,0.0,47.7,OCC_TO_CU
1717480985.0350053,273,45.7,47.8,CU_TO_DEV
1717480985.0350566,273,45.7,47.8,CU_TO_DEV
1717480994.979152,322,3.8,47.7,OCC_TO_CU
1717480994.9797964,322,0.0,47.7,OCC_TO_CU
1717480995.0401697,273,50.0,47.9,CU_TO_DEV
1717480995.0399663,273,50.0,47.9,CU_TO_DEV
1717481004.9745417,322,3.8,47.8,OCC_TO_CU
1717481004.97513,322,0.0,47.8,OCC_TO_CU
1717481005.045305,273,48.1,48.0,CU_TO_DEV
1717481005.0457191,273,0.0,48.0,CU_TO_DEV
1717481014.1380062,154,5.1,47.7,OCC_TO_CU
1717481014.2507877,241,14.3,47.9,CU_TO_DEV
1717481014.250644,241,14.3,47.9,CU_TO_DEV
1717481014.980712,322,4.8,48.0,OCC_TO_CU
1717481014.9970803,322,20.0,48.0,OCC_TO_CU
1717481015.0518527,273,76.2,48.0,CU_TO_DEV
1717481015.0520134,273,76.2,48.0,CU_TO_DEV
1717481024.997898,322,3.6,47.8,OCC_TO_CU
1717481024.9985213,322,0.0,47.8,OCC_TO_CU
1717481025.0568545,273,52.2,48.0,CU_TO_DEV
1717481025.0567656,273,52.2,48.0,CU_TO_DEV
1717481035.0035756,322,4.6,47.7,OCC_TO_CU
1717481035.0041475,322,0.0,47.7,OCC_TO_CU
1717481035.062002,273,50.0,47.9,CU_TO_DEV
1717481035.0623174,273,0.0,47.9,CU_TO_DEV
1717481045.0118408,322,3.9,47.8,OCC_TO_CU
1717481045.0148168,322,100.0,47.8,OCC_TO_CU
1717481045.0670502,273,0.0,47.8,CU_TO_DEV
1717481045.0666537,273,55.0,47.8,CU_TO_DEV
1717481055.0264685,322,5.3,47.8,OCC_TO_CU
1717481055.0279264,322,0.0,47.8,OCC_TO_CU
1717481055.0721254,273,47.1,47.8,CU_TO_DEV
1717481055.0726347,273,100.0,47.8,CU_TO_DEV
1717481064.2004435,154,4.1,47.8,OCC_TO_CU
1717481064.2773197,241,19.4,48.0,CU_TO_DEV
1717481064.2772114,241,19.4,48.0,CU_TO_DEV
1717481065.0434353,322,18.0,48.0,OCC_TO_CU
1717481065.0444126,322,0.0,48.0,OCC_TO_CU
1717481065.0784345,273,46.2,48.0,CU_TO_DEV
1717481065.07874,273,0.0,48.0,CU_TO_DEV
1717481075.0628395,322,4.5,47.8,OCC_TO_CU
1717481075.0642436,322,0.0,47.8,OCC_TO_CU
1717481075.0841358,273,0.0,47.8,CU_TO_DEV
1717481075.0837169,273,66.7,47.8,CU_TO_DEV
1717481085.0699377,322,3.9,47.8,OCC_TO_CU
1717481085.0722752,322,0.0,47.8,OCC_TO_CU
1717481085.0907469,273,62.5,47.8,CU_TO_DEV
1717481085.0917785,273,0.0,47.8,CU_TO_DEV
1717481095.0703542,322,4.1,47.8,OCC_TO_CU
1717481095.0710497,322,0.0,47.8,OCC_TO_CU
1717481095.0963495,273,70.0,47.9,CU_TO_DEV
1717481095.0977845,273,100.0,47.9,CU_TO_DEV
1717481105.0971715,322,5.9,47.7,OCC_TO_CU
1717481105.0984032,322,0.0,47.7,OCC_TO_CU
1717481105.101468,273,0.0,47.7,CU_TO_DEV
1717481105.103168,273,0.0,47.7,CU_TO_DEV
1717481114.2620792,154,4.7,47.6,OCC_TO_CU
1717481114.3065917,241,25.0,47.8,CU_TO_DEV
1717481114.309642,241,0.0,47.8,CU_TO_DEV
1717481115.107699,322,5.7,47.9,OCC_TO_CU
1717481115.108349,322,0.0,47.9,OCC_TO_CU
1717481115.1107006,273,100.0,47.9,CU_TO_DEV
1717481115.3075688,273,11.1,47.9,CU_TO_DEV
1717481125.1191864,322,4.0,47.7,OCC_TO_CU
1717481125.1201718,322,0.0,47.7,OCC_TO_CU
1717481125.3117614,273,13.0,47.9,CU_TO_DEV
1717481125.3148477,273,0.0,47.9,CU_TO_DEV
1717481135.153776,322,4.1,47.7,OCC_TO_CU
1717481135.15489,322,0.0,47.7,OCC_TO_CU
1717481135.3165247,273,12.3,48.0,CU_TO_DEV
1717481135.3187346,273,100.0,48.0,CU_TO_DEV
1717481145.1332295,322,5.4,47.7,OCC_TO_CU
1717481145.1340709,322,0.0,47.7,OCC_TO_CU
1717481145.3231168,273,10.7,48.0,CU_TO_DEV
1717481145.3252153,273,0.0,48.0,CU_TO_DEV
1717481155.1328433,322,4.0,47.7,OCC_TO_CU
1717481155.1338542,322,0.0,47.7,OCC_TO_CU
1717481155.3285725,273,11.5,48.0,CU_TO_DEV
1717481155.3291974,273,0.0,48.0,CU_TO_DEV
1717481164.3271096,154,4.1,47.8,OCC_TO_CU
1717481164.3333228,241,0.0,47.8,CU_TO_DEV
1717481164.3329391,241,50.0,47.8,CU_TO_DEV
1717481165.1609428,322,8.3,48.1,OCC_TO_CU
1717481165.1619046,322,0.0,48.1,OCC_TO_CU
1717481165.3348007,273,10.3,48.1,CU_TO_DEV
1717481165.335459,273,0.0,48.1,CU_TO_DEV
1717481175.1762924,322,5.0,47.8,OCC_TO_CU
1717481175.1774435,322,0.0,47.8,OCC_TO_CU
1717481175.3413444,273,13.6,48.0,CU_TO_DEV
1717481175.341432,273,13.6,48.0,CU_TO_DEV
1717481185.177808,322,4.2,47.8,OCC_TO_CU
1717481185.1788862,322,0.0,47.8,OCC_TO_CU
1717481185.346387,273,11.9,48.0,CU_TO_DEV
1717481185.3464441,273,11.9,48.0,CU_TO_DEV
1717481195.2105358,322,6.0,47.7,OCC_TO_CU
1717481195.2116172,322,0.0,47.7,OCC_TO_CU
1717481195.3517573,273,14.5,47.9,CU_TO_DEV
1717481195.3523705,273,0.0,47.9,CU_TO_DEV
1717481205.1966503,322,4.3,47.7,OCC_TO_CU
1717481205.1975443,322,0.0,47.7,OCC_TO_CU
1717481205.3567998,273,13.8,47.9,CU_TO_DEV
1717481205.356681,273,13.8,47.9,CU_TO_DEV
1717481214.3916016,154,4.1,47.8,OCC_TO_CU
1717481214.5615358,241,17.4,48.0,CU_TO_DEV
1717481214.5619845,241,0.0,48.0,CU_TO_DEV
1717481215.2661245,322,17.4,48.0,OCC_TO_CU
1717481215.266752,322,0.0,48.0,OCC_TO_CU
1717481215.3623843,273,10.5,48.0,CU_TO_DEV
1717481215.3627498,273,0.0,48.0,CU_TO_DEV
1717481225.2209733,322,4.1,47.7,OCC_TO_CU
1717481225.2220566,322,0.0,47.7,OCC_TO_CU
1717481225.3671916,273,16.7,47.9,CU_TO_DEV
1717481225.367699,273,0.0,47.9,CU_TO_DEV
1717481235.2313752,322,4.2,47.8,OCC_TO_CU
1717481235.2324352,322,0.0,47.8,OCC_TO_CU
1717481235.3727186,273,18.6,48.0,CU_TO_DEV
1717481235.3726509,273,18.6,48.0,CU_TO_DEV
1717481245.2554414,322,5.1,47.7,OCC_TO_CU
1717481245.2564692,322,0.0,47.7,OCC_TO_CU
1717481245.3776464,273,18.4,47.9,CU_TO_DEV
1717481245.3781023,273,0.0,47.9,CU_TO_DEV
1717481255.254738,322,4.1,47.8,OCC_TO_CU
1717481255.2553222,322,0.0,47.8,OCC_TO_CU
1717481255.3825054,273,12.0,48.0,CU_TO_DEV
1717481255.3824325,273,12.0,48.0,CU_TO_DEV
1717481264.4806504,154,4.3,47.8,OCC_TO_CU
1717481264.5871537,241,15.0,48.0,CU_TO_DEV
1717481264.5872345,241,15.0,48.0,CU_TO_DEV
1717481265.2607238,322,20.0,48.0,OCC_TO_CU
1717481265.2614589,322,0.0,48.0,OCC_TO_CU
1717481265.3880618,273,9.8,48.0,CU_TO_DEV
1717481265.3885055,273,0.0,48.0,CU_TO_DEV
1717481275.273268,322,4.8,47.7,OCC_TO_CU
1717481275.2738993,322,0.0,47.7,OCC_TO_CU
1717481275.393529,273,12.8,47.9,CU_TO_DEV
1717481275.3936732,273,12.8,47.9,CU_TO_DEV
1717481285.2996604,322,4.9,47.6,OCC_TO_CU
1717481285.3002121,322,0.0,47.6,OCC_TO_CU
1717481285.3985784,273,17.9,47.9,CU_TO_DEV
1717481285.3988006,273,0.0,47.9,CU_TO_DEV
1717481295.323001,322,3.9,47.7,OCC_TO_CU
1717481295.3236282,322,0.0,47.7,OCC_TO_CU
1717481295.4035866,273,25.0,47.9,CU_TO_DEV
1717481295.403632,273,25.0,47.9,CU_TO_DEV
1717481305.2972007,322,4.4,47.7,OCC_TO_CU
1717481305.297824,322,0.0,47.7,OCC_TO_CU
1717481305.4089038,273,18.2,47.9,CU_TO_DEV
1717481305.40885,273,18.2,47.9,CU_TO_DEV
1717481314.213153,154,4.0,47.7,OCC_TO_CU
1717481314.413481,241,12.8,48.0,CU_TO_DEV
1717481314.4137504,241,0.0,48.0,CU_TO_DEV
1717481315.3132448,322,5.6,48.0,OCC_TO_CU
1717481315.3144581,322,0.0,48.0,OCC_TO_CU
1717481315.4146624,273,17.5,48.0,CU_TO_DEV
1717481315.4147034,273,17.5,48.0,CU_TO_DEV
1717481325.3314235,322,4.2,47.8,OCC_TO_CU
1717481325.3320284,322,0.0,47.8,OCC_TO_CU
1717481325.4221752,273,24.3,48.1,CU_TO_DEV
1717481325.4222646,273,24.3,48.1,CU_TO_DEV
1717481335.3574128,322,5.0,47.8,OCC_TO_CU
1717481335.358055,322,0.0,47.8,OCC_TO_CU
1717481335.4299774,273,89.7,48.0,CU_TO_DEV
1717481335.4329507,273,100.0,48.0,CU_TO_DEV
1717481345.3502576,322,4.7,47.7,OCC_TO_CU
1717481345.3587115,322,25.0,47.7,OCC_TO_CU
1717481345.437418,273,38.7,47.9,CU_TO_DEV
1717481345.437507,273,38.7,47.9,CU_TO_DEV
1717481355.3620152,322,3.8,47.8,OCC_TO_CU
1717481355.3626573,322,0.0,47.8,OCC_TO_CU
1717481355.4434967,273,25.0,48.0,CU_TO_DEV
1717481355.443753,273,0.0,48.0,CU_TO_DEV
1717481364.2843227,154,4.9,47.7,OCC_TO_CU
1717481364.4482994,241,60.3,47.9,CU_TO_DEV
1717481364.4493582,241,100.0,47.9,CU_TO_DEV
1717481365.3750951,322,4.1,47.9,OCC_TO_CU
1717481365.3756003,322,0.0,47.9,OCC_TO_CU
1717481365.4492853,273,20.0,47.9,CU_TO_DEV
1717481365.450076,273,0.0,47.9,CU_TO_DEV
1717481385.39936,322,4.2,47.6,OCC_TO_CU
1717481385.4000022,322,0.0,47.6,OCC_TO_CU
1717481385.4597054,273,42.9,47.9,CU_TO_DEV
1717481385.4594789,273,40.9,47.9,CU_TO_DEV
1717481395.4067314,322,3.8,47.7,OCC_TO_CU
1717481395.4138565,322,33.3,47.7,OCC_TO_CU
1717481395.465375,273,63.2,47.9,CU_TO_DEV
1717481395.46575,273,0.0,47.9,CU_TO_DEV
1717481405.445194,322,4.1,47.8,OCC_TO_CU
1717481405.4473073,322,0.0,47.8,OCC_TO_CU
1717481405.4708376,273,75.0,47.8,CU_TO_DEV
1717481405.471454,273,0.0,47.8,CU_TO_DEV
1717481414.3567307,154,4.2,47.8,OCC_TO_CU
1717481414.4761992,241,14.6,48.0,CU_TO_DEV
1717481414.4764938,241,0.0,48.0,CU_TO_DEV
1717481415.4415483,322,3.7,48.0,OCC_TO_CU
1717481415.44238,322,0.0,48.0,OCC_TO_CU
1717481415.47716,273,60.0,48.1,CU_TO_DEV
1717481415.4775412,273,0.0,48.1,CU_TO_DEV
1717481425.4418228,322,4.8,47.8,OCC_TO_CU
1717481425.454347,322,60.0,47.8,OCC_TO_CU
1717481425.48813,273,81.8,47.9,CU_TO_DEV
1717481425.4906688,273,100.0,47.9,CU_TO_DEV
1717481435.4585218,322,4.0,47.9,OCC_TO_CU
1717481435.4591062,322,0.0,47.9,OCC_TO_CU
1717481435.4938202,273,46.2,48.1,CU_TO_DEV
1717481435.4961808,273,0.0,48.1,CU_TO_DEV
1717481445.46009,322,4.9,47.8,OCC_TO_CU
1717481445.4621873,322,50.0,47.8,OCC_TO_CU
1717481445.500508,273,53.3,48.0,CU_TO_DEV
1717481445.5020957,273,100.0,48.0,CU_TO_DEV
1717481455.479627,322,4.2,47.8,OCC_TO_CU
1717481455.4802814,322,0.0,47.8,OCC_TO_CU
1717481455.5061314,273,30.0,47.9,CU_TO_DEV
1717481455.5077627,273,0.0,47.9,CU_TO_DEV
1717481464.4249418,154,5.4,47.8,OCC_TO_CU
1717481464.5128074,241,17.1,48.0,CU_TO_DEV
1717481464.5127573,241,17.1,48.0,CU_TO_DEV
1717481465.4919362,322,15.7,48.0,OCC_TO_CU
1717481465.4926264,322,100.0,48.0,OCC_TO_CU
1717481465.514088,273,66.7,48.0,CU_TO_DEV
1717481465.5173113,273,100.0,48.0,CU_TO_DEV
1717481475.5123992,322,4.6,47.7,OCC_TO_CU
1717481475.5131109,322,0.0,47.7,OCC_TO_CU
1717481475.522801,273,0.0,47.7,CU_TO_DEV
1717481475.5233338,273,0.0,47.7,CU_TO_DEV
1717481485.5290093,322,4.0,47.7,OCC_TO_CU
1717481485.5301914,322,0.0,47.7,OCC_TO_CU
1717481485.534498,273,0.0,47.7,CU_TO_DEV
1717481485.535992,273,0.0,47.7,CU_TO_DEV
1717481495.518656,322,4.1,47.7,OCC_TO_CU
1717481495.5193195,322,0.0,47.7,OCC_TO_CU
1717481495.539934,273,62.5,47.7,CU_TO_DEV
1717481495.5453324,273,75.0,47.7,CU_TO_DEV
1717481505.5330842,322,4.2,47.8,OCC_TO_CU
1717481505.5337515,322,0.0,47.8,OCC_TO_CU
1717481505.5494478,273,50.0,47.8,CU_TO_DEV
1717481505.5511746,273,0.0,47.8,CU_TO_DEV
1717481514.492526,154,5.2,47.7,OCC_TO_CU
1717481514.5586944,241,30.8,47.9,CU_TO_DEV
1717481514.559548,241,0.0,47.9,CU_TO_DEV
1717481515.5290143,322,7.5,48.0,OCC_TO_CU
1717481515.530269,322,0.0,48.0,OCC_TO_CU
1717481515.5607653,273,54.5,48.0,CU_TO_DEV
1717481515.560843,273,54.5,48.0,CU_TO_DEV
1717481525.561076,322,4.7,47.7,OCC_TO_CU
1717481525.5672944,273,0.0,47.7,CU_TO_DEV
1717481525.5681634,273,0.0,47.7,CU_TO_DEV
1717481525.5769207,322,75.0,47.7,OCC_TO_CU
1717481525.76795,273,15.3,47.9,CU_TO_DEV
1717481525.7688665,273,0.0,47.9,CU_TO_DEV
1717481535.5645227,322,4.0,47.8,OCC_TO_CU
1717481535.5651243,322,100.0,47.8,OCC_TO_CU
1717481535.5752764,273,50.0,47.8,CU_TO_DEV
1717481535.5756407,273,0.0,47.8,CU_TO_DEV
1717481545.5750275,322,4.1,47.8,OCC_TO_CU
1717481545.575584,322,0.0,47.8,OCC_TO_CU
1717481545.582189,273,66.7,47.8,CU_TO_DEV
1717481545.5830107,273,0.0,47.8,CU_TO_DEV
1717481555.6011543,322,5.5,47.8,OCC_TO_CU
1717481555.602307,322,0.0,47.8,OCC_TO_CU
1717481555.78989,273,8.3,48.1,CU_TO_DEV
1717481555.7923055,273,0.0,48.1,CU_TO_DEV
1717481564.572093,154,4.2,47.8,OCC_TO_CU
1717481564.5952327,241,70.0,47.9,CU_TO_DEV
1717481564.5972636,241,100.0,47.9,CU_TO_DEV
1717481565.5926702,322,6.8,48.1,OCC_TO_CU
1717481565.5953417,322,0.0,48.1,OCC_TO_CU
1717481565.596348,273,0.0,48.1,CU_TO_DEV
1717481565.6008658,273,50.0,48.1,CU_TO_DEV
1717481575.59619,322,4.5,47.8,OCC_TO_CU
1717481575.6019404,273,50.0,47.8,CU_TO_DEV
1717481575.6031227,322,0.0,47.8,OCC_TO_CU
1717481575.6080728,273,100.0,47.8,CU_TO_DEV
1717481575.8026733,273,22.1,48.0,CU_TO_DEV
1717481585.6303482,322,3.7,47.8,OCC_TO_CU
1717481585.6333702,322,0.0,47.8,OCC_TO_CU
1717481585.8087175,273,11.4,48.1,CU_TO_DEV
1717481585.813896,273,0.0,48.1,CU_TO_DEV
1717481595.6358194,322,4.2,47.8,OCC_TO_CU
1717481595.6368542,322,100.0,47.8,OCC_TO_CU
1717481595.8143709,273,62.3,48.0,CU_TO_DEV
1717481595.8207388,273,50.0,48.0,CU_TO_DEV
1717481605.6441717,322,6.1,47.7,OCC_TO_CU
1717481605.6449497,322,100.0,47.7,OCC_TO_CU
1717481605.820006,273,14.3,47.9,CU_TO_DEV
1717481605.827339,273,0.0,47.9,CU_TO_DEV
1717481614.7410939,154,4.0,47.7,OCC_TO_CU
1717481614.825057,241,41.2,47.9,CU_TO_DEV
1717481614.8323376,241,0.0,47.9,CU_TO_DEV
1717481615.6543493,322,6.7,47.9,OCC_TO_CU
1717481615.6620429,322,33.3,47.9,OCC_TO_CU
1717481615.8266833,273,23.8,48.0,CU_TO_DEV
1717481615.8339763,273,40.0,48.0,CU_TO_DEV
1717481625.675144,322,4.2,47.7,OCC_TO_CU
1717481625.6759114,322,0.0,47.7,OCC_TO_CU
1717481625.8325765,273,14.3,48.0,CU_TO_DEV
1717481625.8406057,273,50.0,48.0,CU_TO_DEV
1717481635.668621,322,4.3,47.8,OCC_TO_CU
1717481635.6694243,322,0.0,47.8,OCC_TO_CU
1717481635.8378952,273,12.1,48.0,CU_TO_DEV
1717481635.8490055,273,40.0,48.0,CU_TO_DEV
1717481645.6784105,322,5.6,47.8,OCC_TO_CU
1717481645.6792116,322,0.0,47.8,OCC_TO_CU
1717481645.844691,273,10.8,48.0,CU_TO_DEV
1717481645.85772,273,20.0,48.0,CU_TO_DEV
1717481655.6969526,322,3.8,47.8,OCC_TO_CU
1717481655.6975887,322,0.0,47.8,OCC_TO_CU
1717481655.8515127,273,11.7,48.0,CU_TO_DEV
1717481655.865705,273,20.0,48.0,CU_TO_DEV
1717481665.6360502,154,4.1,47.9,OCC_TO_CU
1717481665.6618435,241,72.7,47.9,CU_TO_DEV
1717481665.6731765,241,60.0,48.0,CU_TO_DEV
1717481665.7234888,322,27.8,48.1,OCC_TO_CU
1717481665.724365,322,0.0,48.1,OCC_TO_CU
1717481665.8641088,273,89.1,48.1,CU_TO_DEV
1717481665.8748174,273,100.0,48.1,CU_TO_DEV
1717481675.73626,322,3.7,47.8,OCC_TO_CU
1717481675.7372346,322,0.0,47.8,OCC_TO_CU
1717481675.8730404,273,21.1,48.0,CU_TO_DEV
1717481675.8825035,273,0.0,48.0,CU_TO_DEV
1717481685.735144,322,4.9,47.8,OCC_TO_CU
1717481685.7423992,322,50.0,47.8,OCC_TO_CU
1717481685.880397,273,21.4,48.0,CU_TO_DEV
1717481685.8895729,273,0.0,48.0,CU_TO_DEV
1717481695.7354422,322,4.9,47.7,OCC_TO_CU
1717481695.7361903,322,0.0,47.7,OCC_TO_CU
1717481695.8853369,273,10.3,47.9,CU_TO_DEV
1717481695.8968084,273,40.0,47.9,CU_TO_DEV
1717481705.7690585,322,3.8,47.8,OCC_TO_CU
1717481705.769667,322,0.0,47.8,OCC_TO_CU
1717481705.8912177,273,18.4,48.0,CU_TO_DEV
1717481705.9023297,273,0.0,48.0,CU_TO_DEV
1717481715.7296727,154,5.1,47.7,OCC_TO_CU
1717481715.7781322,322,47.4,47.9,OCC_TO_CU
1717481715.7789366,322,0.0,47.9,OCC_TO_CU
1717481715.9017482,273,16.3,47.9,CU_TO_DEV
1717481715.9087615,273,50.0,47.9,CU_TO_DEV
1717481725.7749357,322,3.8,47.8,OCC_TO_CU
1717481725.775701,322,0.0,47.8,OCC_TO_CU
1717481725.9081104,273,17.0,48.0,CU_TO_DEV
1717481725.916244,273,0.0,48.0,CU_TO_DEV
1717481735.7849567,322,5.1,47.8,OCC_TO_CU
1717481735.7854998,322,0.0,47.8,OCC_TO_CU
1717481735.9139671,273,13.7,48.0,CU_TO_DEV
1717481735.921293,273,25.0,48.0,CU_TO_DEV
1717481745.805047,322,3.9,47.7,OCC_TO_CU
1717481745.8071828,322,0.0,47.7,OCC_TO_CU
1717481745.9200795,273,14.0,48.0,CU_TO_DEV
1717481745.9284172,273,0.0,48.0,CU_TO_DEV
1717481755.8142598,322,4.1,47.8,OCC_TO_CU
1717481755.8438106,322,53.8,47.9,OCC_TO_CU
1717481755.927129,273,30.0,48.0,CU_TO_DEV
1717481755.935708,273,0.0,48.0,CU_TO_DEV
1717481765.779695,154,3.9,47.8,OCC_TO_CU
1717481765.8328855,322,43.5,48.1,OCC_TO_CU
1717481765.8339615,322,0.0,48.1,OCC_TO_CU
1717481765.9336672,273,82.9,48.1,CU_TO_DEV
1717481765.9449,273,100.0,48.1,CU_TO_DEV
1717481775.8229008,322,4.9,47.8,OCC_TO_CU
1717481775.82608,322,0.0,47.8,OCC_TO_CU
1717481775.9439733,273,15.6,48.0,CU_TO_DEV
1717481775.9541316,273,25.0,48.0,CU_TO_DEV
1717481785.8364315,322,5.1,47.6,OCC_TO_CU
1717481785.8398113,322,50.0,47.6,OCC_TO_CU
1717481785.9504864,273,14.6,47.8,CU_TO_DEV
1717481785.9596062,273,33.3,47.8,CU_TO_DEV
1717481795.8695097,322,4.1,47.7,OCC_TO_CU
1717481795.8708494,322,0.0,47.7,OCC_TO_CU
1717481795.9568295,273,18.7,47.9,CU_TO_DEV
1717481795.965968,273,25.0,47.9,CU_TO_DEV
1717481805.8663034,322,4.2,47.7,OCC_TO_CU
1717481805.8672218,322,0.0,47.7,OCC_TO_CU
1717481805.9649465,273,16.7,48.0,CU_TO_DEV
1717481805.9723337,273,0.0,48.0,CU_TO_DEV
1717481815.8822367,322,4.1,47.8,OCC_TO_CU
1717481815.883285,322,0.0,47.8,OCC_TO_CU
1717481815.9725153,273,20.6,48.0,CU_TO_DEV
1717481815.9774592,273,0.0,48.0,CU_TO_DEV
1717481817.697277,154,5.5,48.0,OCC_TO_CU
1717481817.774275,241,34.4,48.1,CU_TO_DEV
1717481817.77865,241,0.0,48.1,CU_TO_DEV
1717481825.8993936,322,4.1,47.9,OCC_TO_CU
1717481825.9003305,322,0.0,47.9,OCC_TO_CU
1717481825.9797096,273,42.4,48.1,CU_TO_DEV
1717481825.9839768,273,0.0,48.1,CU_TO_DEV
1717481835.8954685,322,5.0,47.8,OCC_TO_CU
1717481835.896102,322,0.0,47.8,OCC_TO_CU
1717481835.9857273,273,20.0,48.0,CU_TO_DEV
1717481835.9900398,273,0.0,48.0,CU_TO_DEV
1717481845.9084604,322,4.4,47.8,OCC_TO_CU
1717481845.909143,322,100.0,47.8,OCC_TO_CU
1717481845.9928186,273,21.2,48.0,CU_TO_DEV
1717481845.9958172,273,0.0,48.0,CU_TO_DEV
1717481855.938465,322,4.8,47.7,OCC_TO_CU
1717481855.9391518,322,0.0,47.7,OCC_TO_CU
1717481856.0004709,273,29.2,47.9,CU_TO_DEV
1717481856.0009875,273,32.0,47.9,CU_TO_DEV
1717481865.9211924,322,4.4,47.8,OCC_TO_CU
1717481865.9219575,322,0.0,47.8,OCC_TO_CU
1717481866.0082924,273,84.8,48.0,CU_TO_DEV
1717481866.009012,273,100.0,48.0,CU_TO_DEV
1717481869.9086783,154,5.3,47.8,OCC_TO_CU
1717481870.0127409,241,10.3,48.0,CU_TO_DEV
1717481870.0143974,241,0.0,48.0,CU_TO_DEV
1717481875.931383,322,5.8,47.7,OCC_TO_CU
1717481875.9342282,322,0.0,47.7,OCC_TO_CU
1717481876.0164948,273,32.4,47.8,CU_TO_DEV
1717481876.0176775,273,0.0,47.8,CU_TO_DEV
1717481885.9484556,322,3.7,47.6,OCC_TO_CU
1717481885.94907,322,100.0,47.6,OCC_TO_CU
1717481886.0219555,273,19.2,47.9,CU_TO_DEV
1717481886.0218933,273,19.2,47.9,CU_TO_DEV
1717481895.9634562,322,4.3,47.5,OCC_TO_CU
1717481895.9641068,322,0.0,47.5,OCC_TO_CU
1717481896.0285344,273,25.0,47.7,CU_TO_DEV
1717481896.0321734,273,0.0,47.7,CU_TO_DEV
1717481905.9824297,322,4.1,47.6,OCC_TO_CU
1717481905.983082,322,0.0,47.6,OCC_TO_CU
1717481906.0374691,273,25.0,47.8,CU_TO_DEV
1717481906.0377076,273,23.8,47.8,CU_TO_DEV
1717481916.0974867,322,4.2,47.6,OCC_TO_CU
1717481916.100532,322,0.0,47.6,OCC_TO_CU
1717481916.2433634,273,14.0,47.8,CU_TO_DEV
1717481916.2434077,273,14.0,47.8,CU_TO_DEV
1717481921.8216028,154,5.7,47.6,OCC_TO_CU
1717481921.8476923,241,50.0,47.6,CU_TO_DEV
1717481921.8483994,241,0.0,47.6,CU_TO_DEV
1717481926.0432231,322,4.9,47.7,OCC_TO_CU
1717481926.044318,322,0.0,47.7,OCC_TO_CU
1717481926.0508003,273,66.7,47.7,CU_TO_DEV
1717481926.050915,273,66.7,47.7,CU_TO_DEV
1717481936.008225,322,4.5,47.5,OCC_TO_CU
1717481936.0087702,322,100.0,47.5,OCC_TO_CU
1717481936.058656,273,30.0,47.7,CU_TO_DEV
1717481936.0603354,273,0.0,47.7,CU_TO_DEV
1717481946.0240066,322,4.2,47.6,OCC_TO_CU
1717481946.0247416,322,50.0,47.6,OCC_TO_CU
1717481946.064428,273,40.0,47.8,CU_TO_DEV
1717481946.0649402,273,100.0,47.8,CU_TO_DEV
1717481956.027844,322,3.6,47.6,OCC_TO_CU
1717481956.0284927,322,0.0,47.6,OCC_TO_CU
1717481956.0709875,273,38.9,47.8,CU_TO_DEV
1717481956.070927,273,38.9,47.8,CU_TO_DEV
1717481966.0415864,322,5.2,47.6,OCC_TO_CU
1717481966.0421176,322,0.0,47.6,OCC_TO_CU
1717481966.080943,273,75.0,47.7,CU_TO_DEV
1717481966.0817997,273,0.0,47.7,CU_TO_DEV
1717481972.8227673,154,6.8,47.6,OCC_TO_CU
1717481972.8865132,241,36.4,47.7,CU_TO_DEV
1717481972.8871505,241,0.0,47.7,CU_TO_DEV
1717481976.0502942,322,3.9,47.6,OCC_TO_CU
1717481976.0509064,322,0.0,47.6,OCC_TO_CU
1717481976.0896192,273,31.2,47.7,CU_TO_DEV
1717481976.0894854,273,31.2,47.7,CU_TO_DEV
1717481986.066601,322,3.5,47.5,OCC_TO_CU
1717481986.072699,322,50.0,47.5,OCC_TO_CU
1717481986.095132,273,55.6,47.5,CU_TO_DEV
1717481986.0949912,273,55.6,47.5,CU_TO_DEV
1717481996.0685008,322,4.1,47.5,OCC_TO_CU
1717481996.0695794,322,50.0,47.5,OCC_TO_CU
1717481996.101381,273,41.7,47.7,CU_TO_DEV
1717481996.1020358,273,0.0,47.7,CU_TO_DEV
1717482006.078608,322,3.8,47.6,OCC_TO_CU
1717482006.0927577,322,57.1,47.6,OCC_TO_CU
1717482006.1083264,273,40.0,47.7,CU_TO_DEV
1717482006.1088457,273,100.0,47.7,CU_TO_DEV
1717482016.1081774,322,6.2,47.5,OCC_TO_CU
1717482016.1088853,322,100.0,47.5,OCC_TO_CU
1717482016.1168303,273,25.0,47.5,CU_TO_DEV
1717482016.1212387,273,100.0,47.5,CU_TO_DEV
1717482022.88894,154,4.3,47.6,OCC_TO_CU
1717482022.9204836,241,50.0,47.6,CU_TO_DEV
1717482022.9273248,241,33.3,47.6,CU_TO_DEV
1717482026.122395,322,4.5,47.6,OCC_TO_CU
1717482026.1230488,322,0.0,47.6,OCC_TO_CU
1717482026.1294744,273,50.0,47.6,CU_TO_DEV
1717482026.3229046,273,13.2,47.7,CU_TO_DEV
1717482036.1111286,322,4.4,47.6,OCC_TO_CU
1717482036.111774,322,0.0,47.6,OCC_TO_CU
1717482036.1295042,273,50.0,47.6,CU_TO_DEV
1717482036.1345267,273,50.0,47.6,CU_TO_DEV
1717482046.122055,322,4.2,47.6,OCC_TO_CU
1717482046.1227133,322,0.0,47.6,OCC_TO_CU
1717482046.1356926,273,40.0,47.6,CU_TO_DEV
1717482046.143818,273,66.7,47.6,CU_TO_DEV
1717482056.1433554,322,5.7,47.6,OCC_TO_CU
1717482056.1439743,322,0.0,47.6,OCC_TO_CU
1717482056.1525571,273,33.3,47.6,CU_TO_DEV
1717482056.3411558,273,12.2,47.8,CU_TO_DEV
1717482066.1933587,322,3.8,47.6,OCC_TO_CU
1717482066.1944404,322,0.0,47.6,OCC_TO_CU
1717482066.3472106,273,13.1,47.8,CU_TO_DEV
1717482066.3577385,273,25.0,47.8,CU_TO_DEV
1717482072.7978804,154,6.0,47.7,OCC_TO_CU
1717482072.9510784,241,8.9,47.8,CU_TO_DEV
1717482072.9634285,241,20.0,47.8,CU_TO_DEV
1717482076.1605926,322,4.4,47.7,OCC_TO_CU
1717482076.1616573,322,0.0,47.7,OCC_TO_CU
1717482076.16533,273,0.0,47.7,CU_TO_DEV
1717482076.3534641,273,12.5,47.8,CU_TO_DEV
1717482086.1708534,322,3.7,47.6,OCC_TO_CU
1717482086.1716306,322,0.0,47.6,OCC_TO_CU
1717482086.3594675,273,11.8,47.9,CU_TO_DEV
1717482086.3732197,273,60.0,47.9,CU_TO_DEV
1717482096.1787562,322,4.9,47.6,OCC_TO_CU
1717482096.1795385,322,0.0,47.6,OCC_TO_CU
1717482096.3649383,273,10.8,47.8,CU_TO_DEV
1717482096.3785949,273,20.0,47.8,CU_TO_DEV
1717482106.1836596,322,6.2,47.4,OCC_TO_CU
1717482106.1843019,322,0.0,47.4,OCC_TO_CU
1717482106.1876032,273,0.0,47.4,CU_TO_DEV
1717482106.3729293,273,14.7,47.6,CU_TO_DEV
1717482116.1980865,322,3.9,47.5,OCC_TO_CU
1717482116.1987197,322,0.0,47.5,OCC_TO_CU
1717482116.3784049,273,11.1,47.7,CU_TO_DEV
1717482116.3950715,273,28.6,47.7,CU_TO_DEV
1717482123.0350742,154,4.5,47.6,OCC_TO_CU
1717482123.1834621,241,13.6,47.8,CU_TO_DEV
1717482123.20001,241,37.5,47.8,CU_TO_DEV
1717482126.219042,322,4.3,47.6,OCC_TO_CU
1717482126.2196882,322,0.0,47.6,OCC_TO_CU
1717482126.385545,273,15.7,47.8,CU_TO_DEV
1717482126.4021356,273,28.6,47.8,CU_TO_DEV
1717482136.2199368,322,4.1,47.6,OCC_TO_CU
1717482136.2205963,322,0.0,47.6,OCC_TO_CU
1717482136.3925257,273,14.5,47.8,CU_TO_DEV
1717482136.4079762,273,28.6,47.8,CU_TO_DEV
1717482146.2301745,322,5.6,47.6,OCC_TO_CU
1717482146.2306852,322,0.0,47.6,OCC_TO_CU
1717482146.4016683,273,8.8,47.8,CU_TO_DEV
1717482146.413394,273,25.0,47.8,CU_TO_DEV
1717482156.2472894,322,4.0,47.7,OCC_TO_CU
1717482156.25312,322,50.0,47.7,OCC_TO_CU
1717482156.4067268,273,19.7,47.9,CU_TO_DEV
1717482156.4179852,273,0.0,47.9,CU_TO_DEV
1717482166.255132,322,4.3,47.7,OCC_TO_CU
1717482166.255798,322,0.0,47.7,OCC_TO_CU
1717482166.4128644,273,60.3,47.9,CU_TO_DEV
1717482166.4250083,273,100.0,47.9,CU_TO_DEV
1717482173.1011312,154,4.3,47.7,OCC_TO_CU
1717482173.2167976,241,15.6,47.9,CU_TO_DEV
1717482173.2297812,241,20.0,47.9,CU_TO_DEV
1717482176.2573678,322,4.2,47.7,OCC_TO_CU
1717482176.2581077,322,0.0,47.7,OCC_TO_CU
1717482176.4187858,273,10.9,47.8,CU_TO_DEV
1717482176.431516,273,33.3,47.8,CU_TO_DEV
1717482186.2691016,322,4.5,47.6,OCC_TO_CU
1717482186.269896,322,0.0,47.6,OCC_TO_CU
1717482186.426446,273,12.7,47.8,CU_TO_DEV
1717482186.436872,273,50.0,47.8,CU_TO_DEV
1717482196.2784994,322,5.2,47.5,OCC_TO_CU
1717482196.2823021,322,0.0,47.5,OCC_TO_CU
1717482196.4344864,273,10.2,47.8,CU_TO_DEV
1717482196.4436364,273,0.0,47.8,CU_TO_DEV
1717482206.3003438,322,4.6,47.6,OCC_TO_CU
1717482206.3243308,322,62.5,47.6,OCC_TO_CU
1717482206.4420485,273,93.9,47.8,CU_TO_DEV
1717482206.44909,273,100.0,47.8,CU_TO_DEV
1717482216.3050966,322,3.9,47.6,OCC_TO_CU
1717482216.3064504,322,0.0,47.6,OCC_TO_CU
1717482216.4496925,273,10.9,47.8,CU_TO_DEV
1717482216.4543614,273,0.0,47.8,CU_TO_DEV
1717482222.8651607,154,4.9,47.7,OCC_TO_CU
1717482223.0560558,241,15.8,47.9,CU_TO_DEV
1717482223.0574172,241,100.0,47.9,CU_TO_DEV
1717482226.3407593,322,4.1,47.6,OCC_TO_CU
1717482226.3413882,322,0.0,47.6,OCC_TO_CU
1717482226.4587667,273,13.0,47.8,CU_TO_DEV
1717482226.4596894,273,0.0,47.8,CU_TO_DEV
1717482236.3318517,322,5.4,47.6,OCC_TO_CU
1717482236.3324788,322,0.0,47.6,OCC_TO_CU
1717482236.464383,273,20.8,47.8,CU_TO_DEV
1717482236.464797,273,100.0,47.8,CU_TO_DEV
1717482246.3417213,322,3.5,47.6,OCC_TO_CU
1717482246.3532095,322,40.0,47.6,OCC_TO_CU
1717482246.469985,273,26.7,47.9,CU_TO_DEV
1717482246.4700356,273,26.7,47.9,CU_TO_DEV
1717482256.354576,322,4.1,47.7,OCC_TO_CU
1717482256.3555665,322,0.0,47.7,OCC_TO_CU
1717482256.4757686,273,18.4,47.9,CU_TO_DEV
1717482256.476259,273,0.0,47.9,CU_TO_DEV
1717482266.3706596,322,4.6,47.7,OCC_TO_CU
1717482266.3711493,322,0.0,47.7,OCC_TO_CU
1717482266.4814236,273,88.6,47.9,CU_TO_DEV
1717482266.4830008,273,0.0,47.9,CU_TO_DEV
1717482272.990867,154,4.8,47.7,OCC_TO_CU
1717482273.0855067,241,29.7,47.8,CU_TO_DEV
1717482273.087238,241,0.0,47.8,CU_TO_DEV
1717482276.400045,322,3.9,47.6,OCC_TO_CU
1717482276.4006867,322,100.0,47.6,OCC_TO_CU
1717482276.4893637,273,17.6,47.8,CU_TO_DEV
1717482276.4896348,273,0.0,47.8,CU_TO_DEV
1717482286.3863885,322,4.7,47.5,OCC_TO_CU
1717482286.3944151,322,25.0,47.5,OCC_TO_CU
1717482286.4955037,273,30.8,47.7,CU_TO_DEV
1717482286.495317,273,30.8,47.7,CU_TO_DEV
1717482296.3976622,322,4.1,47.6,OCC_TO_CU
1717482296.399747,322,0.0,47.6,OCC_TO_CU
1717482296.5016525,273,17.5,47.8,CU_TO_DEV
1717482296.501733,273,17.5,47.8,CU_TO_DEV
1717482306.4265544,322,4.1,47.7,OCC_TO_CU
1717482306.4298654,322,0.0,47.7,OCC_TO_CU
1717482306.5097876,273,28.1,47.9,CU_TO_DEV
1717482306.5104008,273,0.0,47.9,CU_TO_DEV
1717482316.430295,322,3.8,47.7,OCC_TO_CU
1717482316.4310927,322,0.0,47.7,OCC_TO_CU
1717482316.5162246,273,25.0,47.9,CU_TO_DEV
1717482316.5161736,273,25.0,47.9,CU_TO_DEV
1717482323.0245469,154,4.4,47.9,OCC_TO_CU
1717482323.1206102,241,30.8,48.0,CU_TO_DEV
1717482323.1206791,241,30.8,48.0,CU_TO_DEV
1717482326.4397104,322,7.2,47.8,OCC_TO_CU
1717482326.4402583,322,0.0,47.8,OCC_TO_CU
1717482326.524858,273,100.0,48.0,CU_TO_DEV
1717482326.5243163,273,90.6,48.0,CU_TO_DEV
1717482336.4730682,322,3.7,47.7,OCC_TO_CU
1717482336.4738653,322,0.0,47.7,OCC_TO_CU
1717482336.5314622,273,39.1,47.9,CU_TO_DEV
1717482336.5315886,273,39.1,47.9,CU_TO_DEV
1717482346.4718466,322,4.8,47.6,OCC_TO_CU
1717482346.4725442,322,0.0,47.6,OCC_TO_CU
1717482346.5380263,273,16.7,47.9,CU_TO_DEV
1717482346.53827,273,16.7,47.9,CU_TO_DEV
1717482356.4855692,322,3.8,47.7,OCC_TO_CU
1717482356.4864483,322,0.0,47.7,OCC_TO_CU
1717482356.5441644,273,36.4,47.9,CU_TO_DEV
1717482356.54425,273,36.4,47.9,CU_TO_DEV
1717482366.490114,322,4.0,47.7,OCC_TO_CU
1717482366.4953556,322,0.0,47.7,OCC_TO_CU
1717482366.5509007,273,90.9,47.9,CU_TO_DEV
1717482366.5517948,273,0.0,47.9,CU_TO_DEV
1717482373.0827203,154,7.4,47.6,OCC_TO_CU
1717482373.1558552,241,36.7,47.8,CU_TO_DEV
1717482373.157383,241,0.0,47.8,CU_TO_DEV
1717482376.5121906,322,6.4,48.5,OCC_TO_CU
1717482376.5129304,322,0.0,48.5,OCC_TO_CU
1717482376.557979,273,33.3,48.6,CU_TO_DEV
1717482376.559008,273,0.0,48.6,CU_TO_DEV
1717482386.511195,322,4.2,47.8,OCC_TO_CU
1717482386.5120223,322,0.0,47.8,OCC_TO_CU
1717482386.5637062,273,30.0,48.0,CU_TO_DEV
1717482386.5648232,273,0.0,48.0,CU_TO_DEV
1717482396.5196414,322,4.2,47.8,OCC_TO_CU
1717482396.5202992,322,0.0,47.8,OCC_TO_CU
1717482396.5705438,273,35.0,48.0,CU_TO_DEV
1717482396.5711577,273,0.0,48.0,CU_TO_DEV
1717482406.5370047,322,4.2,47.9,OCC_TO_CU
1717482406.538049,322,0.0,47.9,OCC_TO_CU
1717482406.5780835,273,40.0,48.0,CU_TO_DEV
1717482406.5781734,273,40.0,48.0,CU_TO_DEV
1717482416.548973,322,5.0,47.8,OCC_TO_CU
1717482416.5500011,322,0.0,47.8,OCC_TO_CU
1717482416.5853717,273,30.8,48.1,CU_TO_DEV
1717482416.5865047,273,0.0,48.1,CU_TO_DEV
1717482423.15692,154,4.1,47.9,OCC_TO_CU
1717482423.1915567,241,53.8,48.1,CU_TO_DEV
1717482423.1914551,241,53.8,48.1,CU_TO_DEV
1717482426.5554073,322,5.3,47.9,OCC_TO_CU
1717482426.5581207,322,0.0,47.9,OCC_TO_CU
1717482426.5941007,273,16.7,48.0,CU_TO_DEV
1717482426.5960915,273,0.0,48.0,CU_TO_DEV
1717482436.5676284,322,3.7,47.9,OCC_TO_CU
1717482436.5718033,322,0.0,47.9,OCC_TO_CU
1717482436.600251,273,36.4,48.0,CU_TO_DEV
1717482436.6007278,273,100.0,48.0,CU_TO_DEV
1717482446.607898,322,4.1,47.9,OCC_TO_CU
1717482446.6086516,322,0.0,47.9,OCC_TO_CU
1717482446.806798,273,56.3,48.0,CU_TO_DEV
1717482446.8072782,273,0.0,48.0,CU_TO_DEV
1717482456.6105614,322,3.7,47.8,OCC_TO_CU
1717482456.6112244,322,0.0,47.8,OCC_TO_CU
1717482456.6118956,273,0.0,47.8,CU_TO_DEV
1717482456.612345,273,0.0,47.8,CU_TO_DEV
1717482466.6108992,322,5.0,47.8,OCC_TO_CU
1717482466.6114109,322,0.0,47.8,OCC_TO_CU
1717482466.6193142,273,50.0,47.8,CU_TO_DEV
1717482466.6192553,273,50.0,47.8,CU_TO_DEV
1717482474.1420958,154,5.8,47.8,OCC_TO_CU
1717482474.2240467,241,37.5,47.9,CU_TO_DEV
1717482474.2246115,241,0.0,47.9,CU_TO_DEV
1717482476.636116,322,3.7,47.8,OCC_TO_CU
1717482476.6367002,322,0.0,47.8,OCC_TO_CU
1717482476.826289,273,9.3,47.9,CU_TO_DEV
1717482476.826777,273,0.0,47.9,CU_TO_DEV
1717482486.6377218,322,3.9,47.8,OCC_TO_CU
1717482486.6383266,322,0.0,47.8,OCC_TO_CU
1717482486.831793,273,9.0,48.0,CU_TO_DEV
1717482486.8317566,273,9.0,48.0,CU_TO_DEV
1717482496.6422448,322,3.8,47.8,OCC_TO_CU
1717482496.6428635,322,0.0,47.8,OCC_TO_CU
1717482496.8379965,273,10.3,48.0,CU_TO_DEV
1717482496.8381734,273,10.3,48.0,CU_TO_DEV
1717482506.647838,322,4.1,47.9,OCC_TO_CU
1717482506.6484675,322,0.0,47.9,OCC_TO_CU
1717482506.8435574,273,9.0,48.1,CU_TO_DEV
1717482506.8437247,273,9.0,48.1,CU_TO_DEV
1717482516.6710188,322,6.1,47.8,OCC_TO_CU
1717482516.6717136,322,0.0,47.8,OCC_TO_CU
1717482516.8511505,273,12.5,48.0,CU_TO_DEV
1717482516.8516092,273,0.0,48.0,CU_TO_DEV
1717482526.053145,154,3.9,47.8,OCC_TO_CU
1717482526.0572155,241,0.0,47.8,CU_TO_DEV
1717482526.0572596,241,0.0,47.8,CU_TO_DEV
1717482526.672793,322,7.7,48.0,OCC_TO_CU
1717482526.677806,322,0.0,48.0,OCC_TO_CU
1717482526.858468,273,14.1,48.0,CU_TO_DEV
1717482526.8585606,273,14.1,48.0,CU_TO_DEV
1717482536.6881278,322,4.1,47.9,OCC_TO_CU
1717482536.6887689,322,0.0,47.9,OCC_TO_CU
1717482536.864433,273,12.7,48.1,CU_TO_DEV
1717482536.864517,273,12.7,48.1,CU_TO_DEV
1717482546.7080004,322,3.9,47.9,OCC_TO_CU
1717482546.7086382,322,100.0,47.9,OCC_TO_CU
1717482546.8735714,273,10.8,48.1,CU_TO_DEV
1717482546.87362,273,10.8,48.1,CU_TO_DEV
1717482556.7166617,322,5.1,47.9,OCC_TO_CU
1717482556.717162,322,0.0,47.9,OCC_TO_CU
1717482556.8790648,273,9.4,48.1,CU_TO_DEV
1717482556.8794506,273,0.0,48.1,CU_TO_DEV
1717482566.7255418,322,4.0,47.9,OCC_TO_CU
1717482566.7373524,322,40.0,47.9,OCC_TO_CU
1717482566.8849032,273,22.4,48.2,CU_TO_DEV
1717482566.8849623,273,22.4,48.2,CU_TO_DEV
1717482576.7431738,322,5.5,47.8,OCC_TO_CU
1717482576.7438147,322,0.0,47.8,OCC_TO_CU
1717482576.8935378,273,12.1,48.0,CU_TO_DEV
1717482576.8986478,273,0.0,48.0,CU_TO_DEV
1717482577.1499972,154,13.1,48.0,OCC_TO_CU
1717482577.2943752,241,12.7,48.0,CU_TO_DEV
1717482577.2991698,241,0.0,48.0,CU_TO_DEV
1717482586.754022,322,4.1,47.8,OCC_TO_CU
1717482586.7546542,322,0.0,47.8,OCC_TO_CU
1717482586.89955,273,13.8,48.0,CU_TO_DEV
1717482586.9027426,273,0.0,48.0,CU_TO_DEV
1717482596.7603993,322,4.7,47.7,OCC_TO_CU
1717482596.7608922,322,100.0,47.7,OCC_TO_CU
1717482596.9055405,273,8.8,47.9,CU_TO_DEV
1717482596.9084709,273,0.0,47.9,CU_TO_DEV
1717482606.778131,322,5.1,47.7,OCC_TO_CU
1717482606.7787554,322,0.0,47.7,OCC_TO_CU
1717482606.9122736,273,15.1,47.9,CU_TO_DEV
1717482606.91633,273,50.0,47.9,CU_TO_DEV
1717482616.7850819,322,3.8,47.8,OCC_TO_CU
1717482616.7857196,322,0.0,47.8,OCC_TO_CU
1717482616.9177778,273,13.5,48.0,CU_TO_DEV
1717482616.9203622,273,0.0,48.0,CU_TO_DEV
1717482626.7938263,322,4.4,47.8,OCC_TO_CU
1717482626.799996,322,0.0,47.8,OCC_TO_CU
1717482626.9236996,273,32.0,48.0,CU_TO_DEV
1717482626.9256787,273,0.0,48.0,CU_TO_DEV
1717482627.1565516,154,14.9,48.1,OCC_TO_CU
1717482627.3247647,241,13.2,48.1,CU_TO_DEV
1717482627.3263438,241,0.0,48.1,CU_TO_DEV
1717482636.8039925,322,4.3,48.0,OCC_TO_CU
1717482636.8046243,322,100.0,48.0,OCC_TO_CU
1717482636.9307897,273,14.3,48.1,CU_TO_DEV
1717482636.9310565,273,0.0,48.1,CU_TO_DEV
1717482646.8181925,322,5.1,47.9,OCC_TO_CU
1717482646.818769,322,0.0,47.9,OCC_TO_CU
1717482646.937409,273,20.8,48.1,CU_TO_DEV
1717482646.9373724,273,20.8,48.1,CU_TO_DEV
1717482656.8311539,322,3.6,47.9,OCC_TO_CU
1717482656.8319273,322,0.0,47.9,OCC_TO_CU
1717482656.942518,273,15.9,48.1,CU_TO_DEV
1717482656.9427466,273,0.0,48.1,CU_TO_DEV
1717482666.8367355,322,4.0,47.9,OCC_TO_CU
1717482666.837632,322,0.0,47.9,OCC_TO_CU
1717482666.952995,273,93.5,48.2,CU_TO_DEV
1717482666.9533832,273,0.0,48.2,CU_TO_DEV
1717482676.8490198,322,3.8,47.9,OCC_TO_CU
1717482676.8496563,322,0.0,47.9,OCC_TO_CU
1717482676.9611626,273,90.9,48.1,CU_TO_DEV
1717482676.9620492,273,0.0,48.1,CU_TO_DEV
1717482677.1937401,154,14.1,48.0,OCC_TO_CU
1717482677.3625216,241,11.6,48.0,CU_TO_DEV
1717482677.3634305,241,0.0,48.0,CU_TO_DEV
1717482686.8588045,322,4.5,47.8,OCC_TO_CU
1717482686.8601818,322,0.0,47.8,OCC_TO_CU
1717482686.9682364,273,15.9,48.0,CU_TO_DEV
1717482686.9686406,273,0.0,48.0,CU_TO_DEV
1717482696.877035,322,4.9,47.7,OCC_TO_CU
1717482696.877943,322,0.0,47.7,OCC_TO_CU
1717482696.9737546,273,23.1,48.0,CU_TO_DEV
1717482696.9749887,273,0.0,48.0,CU_TO_DEV
1717482706.889903,322,3.9,47.8,OCC_TO_CU
1717482706.890597,322,0.0,47.8,OCC_TO_CU
1717482706.9789493,273,20.0,48.0,CU_TO_DEV
1717482706.9794462,273,0.0,48.0,CU_TO_DEV
1717482716.899412,322,4.0,47.8,OCC_TO_CU
1717482716.9002187,322,0.0,47.8,OCC_TO_CU
1717482716.984425,273,27.8,48.0,CU_TO_DEV
1717482716.9845786,273,27.8,48.0,CU_TO_DEV
1717482726.908609,322,4.0,47.8,OCC_TO_CU
1717482726.9095726,322,0.0,47.8,OCC_TO_CU
1717482726.990002,273,24.2,48.1,CU_TO_DEV
1717482726.990273,273,0.0,48.1,CU_TO_DEV
1717482727.2530437,154,11.5,48.1,OCC_TO_CU
1717482727.3909068,241,7.5,48.1,CU_TO_DEV
1717482727.3909903,241,7.5,48.1,CU_TO_DEV
1717482736.9442475,322,5.5,47.8,OCC_TO_CU
1717482736.944907,322,100.0,47.8,OCC_TO_CU
1717482736.9963305,273,25.0,48.0,CU_TO_DEV
1717482736.996823,273,100.0,48.0,CU_TO_DEV
1717482746.931152,322,4.0,47.9,OCC_TO_CU
1717482746.9633195,322,33.3,48.1,OCC_TO_CU
1717482747.0019321,273,40.0,48.1,CU_TO_DEV
1717482747.002024,273,40.0,48.1,CU_TO_DEV
1717482756.9489343,322,3.9,48.0,OCC_TO_CU
1717482756.9495032,322,0.0,48.0,OCC_TO_CU
1717482757.007633,273,19.0,48.2,CU_TO_DEV
1717482757.0080996,273,0.0,48.2,CU_TO_DEV
1717482766.95849,322,4.6,47.9,OCC_TO_CU
1717482766.9591374,322,0.0,47.9,OCC_TO_CU
1717482767.0196667,273,83.3,48.2,CU_TO_DEV
1717482767.020511,273,0.0,48.2,CU_TO_DEV
1717482776.9719346,322,4.4,47.9,OCC_TO_CU
1717482776.9725666,322,0.0,47.9,OCC_TO_CU
1717482777.0252845,273,33.3,48.1,CU_TO_DEV
1717482777.0256302,273,0.0,48.1,CU_TO_DEV
1717482778.2442658,154,7.9,48.0,OCC_TO_CU
1717482778.427172,241,11.1,48.2,CU_TO_DEV
1717482778.4277067,241,0.0,48.2,CU_TO_DEV
1717482786.9954562,322,4.8,47.9,OCC_TO_CU
1717482786.9960797,322,0.0,47.9,OCC_TO_CU
1717482787.0319974,273,40.0,48.1,CU_TO_DEV
1717482787.0328467,273,40.0,48.1,CU_TO_DEV
1717482796.9976947,322,4.2,47.9,OCC_TO_CU
1717482796.9985049,322,0.0,47.9,OCC_TO_CU
1717482797.0401247,273,37.5,48.1,CU_TO_DEV
1717482797.0399299,273,37.5,48.1,CU_TO_DEV
1717482807.0063872,322,4.1,48.0,OCC_TO_CU
1717482807.0125034,322,0.0,48.0,OCC_TO_CU
1717482807.0470214,273,92.9,48.1,CU_TO_DEV
1717482807.0487914,273,100.0,48.1,CU_TO_DEV
1717482817.0769606,322,4.5,48.0,OCC_TO_CU
1717482817.079051,322,0.0,48.0,OCC_TO_CU
1717482817.2524962,273,10.1,48.2,CU_TO_DEV
1717482817.2534223,273,0.0,48.2,CU_TO_DEV
1717482827.0377152,322,4.4,47.9,OCC_TO_CU
1717482827.0382366,322,0.0,47.9,OCC_TO_CU
1717482827.058239,273,44.4,48.0,CU_TO_DEV
1717482827.0581198,273,44.4,48.0,CU_TO_DEV
1717482829.5420015,154,10.4,48.0,OCC_TO_CU
1717482829.6619508,241,12.8,48.2,CU_TO_DEV
1717482829.6629505,241,0.0,48.2,CU_TO_DEV
1717482837.042528,322,4.1,48.0,OCC_TO_CU
1717482837.0432222,322,0.0,48.0,OCC_TO_CU
1717482837.0661077,273,44.4,48.0,CU_TO_DEV
1717482837.066173,273,44.4,48.0,CU_TO_DEV
1717482847.056239,322,4.7,47.9,OCC_TO_CU
1717482847.062625,322,0.0,47.9,OCC_TO_CU
1717482847.0711184,273,75.0,47.9,CU_TO_DEV
1717482847.0718248,273,0.0,47.9,CU_TO_DEV
1717482857.0720623,322,4.2,47.9,OCC_TO_CU
1717482857.0727046,322,100.0,47.9,OCC_TO_CU
1717482857.0789502,273,0.0,47.9,CU_TO_DEV
1717482857.0792325,273,0.0,47.9,CU_TO_DEV
1717482867.08345,322,4.4,48.1,OCC_TO_CU
1717482867.0844681,273,0.0,48.1,CU_TO_DEV
1717482867.0843008,273,0.0,48.1,CU_TO_DEV
1717482867.0841045,322,0.0,48.1,OCC_TO_CU
1717482867.2856083,273,15.6,48.3,CU_TO_DEV
1717482867.2855144,273,15.6,48.3,CU_TO_DEV
1717482877.0942154,322,6.0,48.0,OCC_TO_CU
1717482877.0949554,322,0.0,48.0,OCC_TO_CU
1717482877.2915263,273,11.4,48.1,CU_TO_DEV
1717482877.2924402,273,0.0,48.1,CU_TO_DEV
1717482879.3112807,154,6.1,48.1,OCC_TO_CU
1717482879.4937375,241,15.1,48.2,CU_TO_DEV
1717482879.4942052,241,0.0,48.2,CU_TO_DEV
1717482887.1108644,322,4.2,48.0,OCC_TO_CU
1717482887.1115308,322,0.0,48.0,OCC_TO_CU
1717482887.2983315,273,16.4,48.2,CU_TO_DEV
1717482887.2986872,273,0.0,48.2,CU_TO_DEV
