Timestamp,Data Size (bytes),CPU Usage (%),Memory Usage (%),Steps
1717514079.51649,170,0.0,14.1,OCC_TO_CU_UPDATE
1717514079.5166788,170,0.0,14.1,OCC_TO_CU_UPDATE
1717514079.7326677,170,12.2,14.2,OCC_TO_CU
1717514079.7332737,170,0.0,14.2,OCC_TO_CU
1717514079.7335825,170,0.0,14.2,OCC_TO_CU
1717514079.7337732,170,0.0,14.2,OCC_TO_CU
1717514079.7535522,232,36.0,14.2,DEV_TO_OCC
1717514079.9528897,232,12.8,14.3,DEV_TO_OCC
1717514080.968321,232,21.3,14.3,DEV_TO_OCC
1717514080.9733858,232,25.0,14.3,DEV_TO_OCC
1717514081.8905506,232,10.7,14.3,DEV_TO_OCC
1717514081.8915434,232,66.7,14.3,DEV_TO_OCC
1717514082.82096,232,3.9,14.3,DEV_TO_OCC
1717514082.8808649,232,19.4,14.3,DEV_TO_OCC
1717514083.7878084,232,2.8,14.2,DEV_TO_OCC
1717514083.8704193,232,7.1,14.2,DEV_TO_OCC
1717514084.7569027,232,3.0,14.2,DEV_TO_OCC
1717514084.9692037,232,4.3,14.2,DEV_TO_OCC
1717514085.8837602,232,3.7,14.2,DEV_TO_OCC
1717514085.884773,232,0.0,14.2,DEV_TO_OCC
1717514086.805247,232,3.6,14.2,DEV_TO_OCC
1717514086.8747704,232,8.3,14.2,DEV_TO_OCC
1717514088.034465,232,3.6,14.2,DEV_TO_OCC
1717514088.035426,232,66.7,14.2,DEV_TO_OCC
1717514088.9559672,232,3.4,14.1,DEV_TO_OCC
1717514088.9569657,232,0.0,14.1,DEV_TO_OCC
1717514089.7445118,338,3.1,14.1,OCC_TO_CU
1717514089.745481,338,0.0,14.1,OCC_TO_CU
1717514089.746319,338,0.0,14.1,OCC_TO_CU
1717514089.7471511,338,0.0,14.1,OCC_TO_CU
1717514089.7739928,232,43.8,14.1,DEV_TO_OCC
1717514089.9793985,232,8.8,14.1,DEV_TO_OCC
1717514090.798853,232,4.5,14.1,DEV_TO_OCC
1717514090.876328,232,5.3,14.1,DEV_TO_OCC
1717514092.028237,232,3.0,14.1,DEV_TO_OCC
1717514092.0292606,232,0.0,14.1,DEV_TO_OCC
1717514092.949606,232,6.2,14.2,DEV_TO_OCC
1717514092.95049,232,0.0,14.2,DEV_TO_OCC
1717514093.7363002,232,3.3,14.2,DEV_TO_OCC
1717514093.9733534,232,5.6,14.2,DEV_TO_OCC
1717514094.7927744,232,2.8,14.2,DEV_TO_OCC
1717514094.8820078,232,8.2,14.2,DEV_TO_OCC
1717514096.0216007,232,4.2,14.2,DEV_TO_OCC
1717514096.0225778,232,0.0,14.2,DEV_TO_OCC
1717514096.943743,232,5.2,14.2,DEV_TO_OCC
1717514096.9446852,232,0.0,14.2,DEV_TO_OCC
1717514097.864309,232,6.0,14.2,DEV_TO_OCC
1717514097.8817344,232,16.7,14.2,DEV_TO_OCC
1717514098.7862704,232,3.5,14.2,DEV_TO_OCC
1717514098.8821847,232,7.6,14.2,DEV_TO_OCC
1717514099.7557225,338,3.6,14.2,OCC_TO_CU
1717514099.7566245,338,0.0,14.2,OCC_TO_CU
1717514099.757579,338,0.0,14.2,OCC_TO_CU
1717514099.7586784,338,0.0,14.2,OCC_TO_CU
1717514099.836111,232,12.0,14.2,DEV_TO_OCC
1717514099.8836155,232,10.5,14.2,DEV_TO_OCC
1717514100.834022,232,4.1,14.2,DEV_TO_OCC
1717514101.0387886,232,4.8,14.2,DEV_TO_OCC
1717514101.8585348,232,3.1,14.2,DEV_TO_OCC
1717514101.8870432,232,63.3,14.2,DEV_TO_OCC
1717514102.7799265,232,3.4,14.2,DEV_TO_OCC
1717514102.9872088,232,5.2,14.2,DEV_TO_OCC
1717514104.008839,232,3.0,14.2,DEV_TO_OCC
1717514104.0097337,232,0.0,14.2,DEV_TO_OCC
1717514104.9310713,232,2.9,14.2,DEV_TO_OCC
1717514104.9324527,232,50.0,14.2,DEV_TO_OCC
1717514105.8524523,232,7.2,14.2,DEV_TO_OCC
1717514105.8881543,232,13.6,14.2,DEV_TO_OCC
1717514106.7973914,232,3.0,14.2,DEV_TO_OCC
1717514106.8897164,232,9.9,14.2,DEV_TO_OCC
1717514108.0027077,232,2.8,14.2,DEV_TO_OCC
1717514108.0037632,232,66.7,14.2,DEV_TO_OCC
1717514108.7649777,232,3.3,14.2,DEV_TO_OCC
1717514108.9244654,232,14.9,14.1,DEV_TO_OCC
1717514109.7679625,338,2.9,14.1,OCC_TO_CU
1717514109.7689397,338,0.0,14.1,OCC_TO_CU
1717514109.7699158,338,0.0,14.1,OCC_TO_CU
1717514109.7708933,338,0.0,14.1,OCC_TO_CU
1717514109.8047376,232,84.1,14.1,DEV_TO_OCC
1717514109.9001305,232,60.5,14.1,DEV_TO_OCC
1717514110.7675066,232,3.6,14.1,DEV_TO_OCC
1717514110.9723222,232,7.3,14.1,DEV_TO_OCC
1717514111.996267,232,3.2,14.1,DEV_TO_OCC
1717514111.9972613,232,0.0,14.1,DEV_TO_OCC
1717514112.9177506,232,3.4,14.1,DEV_TO_OCC
1717514112.9184034,232,0.0,14.1,DEV_TO_OCC
1717514113.8397353,232,2.8,14.1,DEV_TO_OCC
1717514113.895179,232,10.9,14.1,DEV_TO_OCC
1717514115.0683193,232,3.5,14.1,DEV_TO_OCC
1717514115.069275,232,0.0,14.1,DEV_TO_OCC
1717514116.0026197,232,3.8,14.1,DEV_TO_OCC
1717514116.0036209,232,100.0,14.1,DEV_TO_OCC
1717514116.9115882,232,3.2,14.1,DEV_TO_OCC
1717514116.9124224,232,0.0,14.1,DEV_TO_OCC
1717514117.833271,232,2.9,14.1,DEV_TO_OCC
1717514117.9044118,232,21.8,14.1,DEV_TO_OCC
1717514119.062425,232,2.4,14.1,DEV_TO_OCC
1717514119.0634675,232,100.0,14.1,DEV_TO_OCC
1717514119.7796845,338,3.5,14.1,OCC_TO_CU
1717514119.7807648,338,0.0,14.1,OCC_TO_CU
1717514119.781784,338,0.0,14.1,OCC_TO_CU
1717514119.7827213,338,0.0,14.1,OCC_TO_CU
1717514119.809362,232,32.3,14.1,DEV_TO_OCC
1717514119.8989754,232,5.5,14.1,DEV_TO_OCC
1717514120.9055,232,4.2,14.1,DEV_TO_OCC
1717514120.9064317,232,0.0,14.1,DEV_TO_OCC
1717514121.827044,232,4.8,14.1,DEV_TO_OCC
1717514121.9009514,232,8.9,14.1,DEV_TO_OCC
1717514123.0562332,232,3.1,14.1,DEV_TO_OCC
1717514123.0571222,232,0.0,14.1,DEV_TO_OCC
1717514123.932723,232,3.5,14.1,DEV_TO_OCC
1717514123.9336581,232,0.0,14.1,DEV_TO_OCC
1717514124.8991234,232,3.0,14.1,DEV_TO_OCC
1717514124.9048555,232,37.5,14.1,DEV_TO_OCC
1717514125.8204987,232,3.6,14.1,DEV_TO_OCC
1717514125.90663,232,2.0,14.1,DEV_TO_OCC
1717514127.0495481,232,3.0,14.1,DEV_TO_OCC
1717514127.05043,232,0.0,14.1,DEV_TO_OCC
1717514127.9712546,232,4.4,14.1,DEV_TO_OCC
1717514127.9722538,232,0.0,14.1,DEV_TO_OCC
1717514128.845397,232,3.3,14.1,DEV_TO_OCC
1717514128.9251995,232,13.1,14.1,DEV_TO_OCC
1717514129.7940013,338,2.9,14.1,OCC_TO_CU
1717514129.7949615,338,0.0,14.1,OCC_TO_CU
1717514129.7960048,338,100.0,14.1,OCC_TO_CU
1717514129.7970374,338,0.0,14.1,OCC_TO_CU
1717514129.8317056,232,22.5,14.1,DEV_TO_OCC
1717514129.9097197,232,5.4,14.1,DEV_TO_OCC
1717514131.0450943,232,3.7,14.1,DEV_TO_OCC
1717514131.0459664,232,0.0,14.1,DEV_TO_OCC
1717514131.96481,232,3.5,14.1,DEV_TO_OCC
1717514131.9656703,232,0.0,14.1,DEV_TO_OCC
1717514132.8943694,232,3.7,14.1,DEV_TO_OCC
1717514132.908654,232,16.7,14.1,DEV_TO_OCC
1717514133.8081548,232,2.6,14.1,DEV_TO_OCC
1717514134.0124433,232,4.6,14.1,DEV_TO_OCC
1717514134.9960086,232,3.0,14.1,DEV_TO_OCC
1717514134.9969568,232,0.0,14.1,DEV_TO_OCC
1717514135.9584413,232,3.6,14.1,DEV_TO_OCC
1717514135.9593341,232,75.0,14.1,DEV_TO_OCC
1717514136.9044523,232,3.1,14.1,DEV_TO_OCC
1717514136.911481,232,12.5,14.1,DEV_TO_OCC
1717514137.8018398,232,2.6,14.1,DEV_TO_OCC
1717514138.00613,232,8.9,14.1,DEV_TO_OCC
1717514138.8256683,232,3.2,14.1,DEV_TO_OCC
1717514138.912635,232,12.0,14.1,DEV_TO_OCC
1717514139.80802,338,3.0,14.1,OCC_TO_CU
1717514139.8090181,338,0.0,14.1,OCC_TO_CU
1717514139.8099554,338,0.0,14.1,OCC_TO_CU
1717514139.8110626,338,0.0,14.1,OCC_TO_CU
1717514139.822447,232,60.0,14.1,DEV_TO_OCC
1717514139.9156978,232,14.2,14.1,DEV_TO_OCC
1717514140.8746421,232,3.9,14.1,DEV_TO_OCC
1717514140.9562721,232,7.8,14.1,DEV_TO_OCC
1717514141.795631,232,2.9,14.1,DEV_TO_OCC
1717514143.0243294,232,3.1,14.1,DEV_TO_OCC
1717514143.0253255,232,0.0,14.1,DEV_TO_OCC
1717514143.9459605,232,3.4,14.1,DEV_TO_OCC
1717514143.9469447,232,0.0,14.1,DEV_TO_OCC
1717514144.8674402,232,3.0,14.1,DEV_TO_OCC
1717514144.8994482,232,13.2,14.1,DEV_TO_OCC
1717514145.78903,232,5.6,14.1,DEV_TO_OCC
1717514145.9936724,232,9.3,14.1,DEV_TO_OCC
1717514147.120225,232,3.3,14.1,DEV_TO_OCC
1717514147.1212258,232,0.0,14.1,DEV_TO_OCC
1717514147.9394197,232,4.1,14.1,DEV_TO_OCC
1717514147.9399607,232,0.0,14.1,DEV_TO_OCC
1717514148.861114,232,2.5,14.1,DEV_TO_OCC
1717514148.9019418,232,18.4,14.1,DEV_TO_OCC
1717514149.8198965,338,4.6,14.1,OCC_TO_CU
1717514149.820934,338,0.0,14.1,OCC_TO_CU
1717514149.8218348,338,0.0,14.1,OCC_TO_CU
1717514149.822829,338,0.0,14.1,OCC_TO_CU
1717514149.8523693,232,41.5,14.1,DEV_TO_OCC
1717514149.90348,232,7.9,14.1,DEV_TO_OCC
1717514151.0534167,232,3.5,14.1,DEV_TO_OCC
1717514151.054567,232,0.0,14.1,DEV_TO_OCC
1717514151.933532,232,3.7,14.1,DEV_TO_OCC
1717514151.9345818,232,0.0,14.1,DEV_TO_OCC
1717514152.854777,232,3.1,14.1,DEV_TO_OCC
1717514152.9080226,232,16.7,14.1,DEV_TO_OCC
1717514154.0839033,232,3.0,14.1,DEV_TO_OCC
1717514154.0848446,232,0.0,14.1,DEV_TO_OCC
1717514154.8722596,232,3.0,14.1,DEV_TO_OCC
1717514154.9067268,232,7.7,14.1,DEV_TO_OCC
1717514155.9271858,232,4.0,14.1,DEV_TO_OCC
1717514155.9281337,232,0.0,14.1,DEV_TO_OCC
1717514156.8485436,232,5.5,14.1,DEV_TO_OCC
1717514156.907156,232,12.9,14.1,DEV_TO_OCC
1717514158.0777173,232,3.3,14.1,DEV_TO_OCC
1717514158.0787823,232,0.0,14.1,DEV_TO_OCC
1717514159.0032148,232,3.7,14.1,DEV_TO_OCC
1717514159.0043147,232,0.0,14.1,DEV_TO_OCC
1717514159.817964,232,3.2,14.1,DEV_TO_OCC
1717514159.8316977,338,27.8,14.1,OCC_TO_CU
1717514159.8330932,338,0.0,14.1,OCC_TO_CU
1717514159.8349936,338,0.0,14.1,OCC_TO_CU
1717514159.8369033,338,80.0,14.1,OCC_TO_CU
1717514159.9101632,232,20.5,14.1,DEV_TO_OCC
1717514160.8431017,232,3.6,14.1,DEV_TO_OCC
1717514160.911807,232,14.3,14.1,DEV_TO_OCC
1717514162.0835617,232,2.9,14.1,DEV_TO_OCC
1717514162.0845823,232,0.0,14.1,DEV_TO_OCC
1717514162.993467,232,3.2,14.1,DEV_TO_OCC
1717514162.9943752,232,0.0,14.1,DEV_TO_OCC
1717514163.9151936,232,3.0,14.1,DEV_TO_OCC
1717514163.9161367,232,0.0,14.1,DEV_TO_OCC
1717514164.836135,232,2.7,14.1,DEV_TO_OCC
1717514164.913478,232,5.5,14.1,DEV_TO_OCC
1717514166.0649257,232,4.4,14.1,DEV_TO_OCC
1717514166.0658374,232,0.0,14.1,DEV_TO_OCC
1717514166.9867475,232,3.7,14.1,DEV_TO_OCC
1717514166.987685,232,50.0,14.1,DEV_TO_OCC
1717514167.9103212,232,3.2,14.1,DEV_TO_OCC
1717514167.915083,232,20.0,14.1,DEV_TO_OCC
1717514168.9322977,232,3.0,14.1,DEV_TO_OCC
1717514168.9334276,232,0.0,14.1,DEV_TO_OCC
1717514169.8398128,232,2.9,14.1,DEV_TO_OCC
1717514169.847663,338,0.0,14.1,OCC_TO_CU
1717514169.848689,338,0.0,14.1,OCC_TO_CU
1717514169.8498127,338,0.0,14.1,OCC_TO_CU
1717514169.850924,338,0.0,14.1,OCC_TO_CU
1717514169.917173,232,19.3,14.1,DEV_TO_OCC
1717514170.8781688,232,4.1,14.2,DEV_TO_OCC
1717514170.9178233,232,12.5,14.2,DEV_TO_OCC
1717514171.9030638,232,2.8,14.2,DEV_TO_OCC
1717514171.9187953,232,16.7,14.2,DEV_TO_OCC
1717514172.823444,232,2.8,14.2,DEV_TO_OCC
1717514172.9182599,232,15.8,14.2,DEV_TO_OCC
1717514173.7988403,232,2.5,14.2,DEV_TO_OCC
1717514173.9510756,232,5.6,14.2,DEV_TO_OCC
1717514174.9741206,232,6.0,14.1,DEV_TO_OCC
1717514174.9750857,232,0.0,14.1,DEV_TO_OCC
1717514175.8955667,232,4.1,14.2,DEV_TO_OCC
1717514175.9213307,232,6.5,14.2,DEV_TO_OCC
1717514176.8169935,232,3.3,14.2,DEV_TO_OCC
1717514177.023643,232,5.3,14.1,DEV_TO_OCC
1717514178.0461292,232,3.0,14.1,DEV_TO_OCC
1717514178.0469728,232,0.0,14.1,DEV_TO_OCC
1717514178.86479,232,10.9,14.1,DEV_TO_OCC
1717514178.927823,232,13.2,14.1,DEV_TO_OCC
1717514179.8623683,338,3.2,14.1,OCC_TO_CU
1717514179.8634288,338,66.7,14.1,OCC_TO_CU
1717514179.8645015,338,0.0,14.1,OCC_TO_CU
1717514179.8653345,338,0.0,14.1,OCC_TO_CU
1717514179.8910737,232,45.7,14.1,DEV_TO_OCC
1717514179.9216452,232,17.1,14.1,DEV_TO_OCC
1717514181.1182425,232,3.5,14.1,DEV_TO_OCC
1717514181.1191165,232,0.0,14.1,DEV_TO_OCC
1717514182.039891,232,3.3,14.1,DEV_TO_OCC
1717514182.040823,232,0.0,14.1,DEV_TO_OCC
1717514182.9612975,232,10.6,14.1,DEV_TO_OCC
1717514182.9623415,232,0.0,14.1,DEV_TO_OCC
1717514183.8830874,232,3.5,14.1,DEV_TO_OCC
1717514183.928832,232,13.0,14.1,DEV_TO_OCC
1717514185.1122,232,2.6,14.1,DEV_TO_OCC
1717514185.1132798,232,0.0,14.1,DEV_TO_OCC
1717514185.8007224,232,3.4,14.1,DEV_TO_OCC
1717514186.0399177,232,9.0,14.1,DEV_TO_OCC
1717514186.9549813,232,3.6,14.1,DEV_TO_OCC
1717514186.9558551,232,66.7,14.1,DEV_TO_OCC
1717514187.8765767,232,3.2,14.1,DEV_TO_OCC
1717514187.9345376,232,14.3,14.1,DEV_TO_OCC
1717514189.1170747,232,2.8,14.1,DEV_TO_OCC
1717514189.1179576,232,0.0,14.1,DEV_TO_OCC
1717514189.876026,338,3.2,14.1,OCC_TO_CU
1717514189.877237,338,0.0,14.1,OCC_TO_CU
1717514189.8784208,338,0.0,14.1,OCC_TO_CU
1717514189.8795888,338,100.0,14.1,OCC_TO_CU
1717514189.9009135,232,29.2,14.1,DEV_TO_OCC
1717514189.934152,232,23.7,14.1,DEV_TO_OCC
1717514190.955459,232,4.5,14.1,DEV_TO_OCC
1717514190.956047,232,0.0,14.1,DEV_TO_OCC
1717514191.8703485,232,3.0,14.1,DEV_TO_OCC
1717514191.9355927,232,12.7,14.1,DEV_TO_OCC
1717514193.0994315,232,3.6,14.1,DEV_TO_OCC
1717514193.100472,232,0.0,14.1,DEV_TO_OCC
1717514193.9184058,232,3.3,14.1,DEV_TO_OCC
1717514193.9333766,232,22.2,14.1,DEV_TO_OCC
1717514194.8397543,232,3.1,14.1,DEV_TO_OCC
1717514194.9334884,232,4.5,14.1,DEV_TO_OCC
1717514195.9247003,232,4.5,14.1,DEV_TO_OCC
1717514195.9346924,232,9.1,14.1,DEV_TO_OCC
1717514197.0932903,232,3.0,14.1,DEV_TO_OCC
1717514197.094275,232,0.0,14.1,DEV_TO_OCC
1717514198.0147667,232,3.7,14.1,DEV_TO_OCC
1717514198.0157502,232,50.0,14.1,DEV_TO_OCC
1717514198.9363062,232,3.2,14.1,DEV_TO_OCC
1717514198.9372168,232,0.0,14.1,DEV_TO_OCC
1717514199.8576193,232,5.6,14.1,DEV_TO_OCC
1717514199.8899784,338,17.1,14.1,OCC_TO_CU
1717514199.891215,338,75.0,14.1,OCC_TO_CU
1717514199.8921404,338,0.0,14.1,OCC_TO_CU
1717514199.892907,338,0.0,14.1,OCC_TO_CU
1717514199.9344842,232,23.4,14.1,DEV_TO_OCC
1717514200.8131967,232,3.7,14.1,DEV_TO_OCC
1717514200.9847107,232,10.2,14.1,DEV_TO_OCC
1717514202.0101836,232,3.6,14.1,DEV_TO_OCC
1717514202.0111518,232,0.0,14.1,DEV_TO_OCC
1717514202.9298182,232,3.6,14.1,DEV_TO_OCC
1717514202.9390624,232,25.0,14.1,DEV_TO_OCC
1717514203.8515792,232,3.7,14.1,DEV_TO_OCC
1717514203.9454026,232,11.2,14.1,DEV_TO_OCC
1717514205.0811832,232,2.7,14.1,DEV_TO_OCC
1717514205.081812,232,0.0,14.1,DEV_TO_OCC
1717514206.0019486,232,3.4,14.1,DEV_TO_OCC
1717514206.002841,232,0.0,14.1,DEV_TO_OCC
1717514206.924924,232,4.4,14.1,DEV_TO_OCC
1717514206.9411874,232,31.6,14.1,DEV_TO_OCC
1717514207.8452103,232,2.8,14.1,DEV_TO_OCC
1717514207.9478347,232,16.5,14.1,DEV_TO_OCC
1717514209.0742397,232,2.8,14.1,DEV_TO_OCC
1717514209.075124,232,0.0,14.1,DEV_TO_OCC
1717514209.9038725,338,2.8,14.1,OCC_TO_CU
1717514209.9051409,338,0.0,14.1,OCC_TO_CU
1717514209.906326,338,0.0,14.1,OCC_TO_CU
1717514209.9075472,338,100.0,14.1,OCC_TO_CU
1717514209.9236357,232,35.0,14.1,DEV_TO_OCC
1717514209.945517,232,34.6,14.1,DEV_TO_OCC
1717514210.9170816,232,3.7,14.1,DEV_TO_OCC
1717514210.9467247,232,25.7,14.1,DEV_TO_OCC
1717514211.83908,232,3.0,14.1,DEV_TO_OCC
1717514212.0433064,232,5.3,14.1,DEV_TO_OCC
1717514213.0685613,232,2.9,14.1,DEV_TO_OCC
1717514213.0695965,232,0.0,14.1,DEV_TO_OCC
1717514213.9894922,232,3.3,14.1,DEV_TO_OCC
1717514213.9904213,232,0.0,14.1,DEV_TO_OCC
1717514214.9120681,232,3.3,14.1,DEV_TO_OCC
1717514214.9474497,232,9.5,14.1,DEV_TO_OCC
1717514215.991249,232,3.8,14.1,DEV_TO_OCC
1717514215.9919972,232,0.0,14.1,DEV_TO_OCC
1717514216.8564608,232,3.2,14.1,DEV_TO_OCC
1717514216.9490042,232,10.6,14.1,DEV_TO_OCC
1717514217.9894402,232,3.5,14.1,DEV_TO_OCC
1717514217.9906151,232,0.0,14.1,DEV_TO_OCC
1717514218.915245,232,3.7,14.1,DEV_TO_OCC
1717514218.9507117,232,11.9,14.1,DEV_TO_OCC
1717514219.9167173,338,3.1,14.1,OCC_TO_CU
1717514219.9178097,338,0.0,14.1,OCC_TO_CU
1717514219.918808,338,0.0,14.1,OCC_TO_CU
1717514219.9198518,338,100.0,14.1,OCC_TO_CU
1717514219.9562087,232,79.1,14.1,DEV_TO_OCC
1717514219.9620926,232,28.6,14.1,DEV_TO_OCC
1717514221.0588927,232,5.3,14.1,DEV_TO_OCC
1717514221.059793,232,33.3,14.1,DEV_TO_OCC
1717514221.9849472,232,2.9,14.1,DEV_TO_OCC
1717514221.986019,232,0.0,14.1,DEV_TO_OCC
1717514222.9047081,232,3.6,14.1,DEV_TO_OCC
1717514222.956223,232,9.4,14.1,DEV_TO_OCC
1717514224.1308928,232,2.8,14.1,DEV_TO_OCC
1717514224.1318421,232,100.0,14.1,DEV_TO_OCC
1717514225.050439,232,3.6,14.1,DEV_TO_OCC
1717514225.051142,232,0.0,14.1,DEV_TO_OCC
1717514225.9714427,232,3.0,14.1,DEV_TO_OCC
1717514225.9718432,232,0.0,14.1,DEV_TO_OCC
1717514226.8930078,232,3.2,14.1,DEV_TO_OCC
1717514226.9639726,232,10.6,14.1,DEV_TO_OCC
1717514228.1212146,232,2.8,14.1,DEV_TO_OCC
1717514228.122069,232,0.0,14.1,DEV_TO_OCC
1717514229.0426636,232,2.8,14.1,DEV_TO_OCC
1717514229.043643,232,66.7,14.1,DEV_TO_OCC
1717514229.9311407,338,2.8,14.1,OCC_TO_CU
1717514229.9322338,338,50.0,14.1,OCC_TO_CU
1717514229.9333055,338,0.0,14.1,OCC_TO_CU
1717514229.9343526,338,0.0,14.1,OCC_TO_CU
1717514229.9631608,232,35.1,14.1,DEV_TO_OCC
1717514229.9644978,232,0.0,14.1,DEV_TO_OCC
1717514230.8858848,232,3.5,14.1,DEV_TO_OCC
1717514230.958509,232,14.6,14.1,DEV_TO_OCC
1717514231.9101164,232,3.2,14.1,DEV_TO_OCC
1717514231.963353,232,12.3,14.1,DEV_TO_OCC
1717514233.0363271,232,3.8,14.1,DEV_TO_OCC
1717514233.037465,232,0.0,14.1,DEV_TO_OCC
1717514233.9583561,232,3.0,14.1,DEV_TO_OCC
1717514233.9630597,232,33.3,14.1,DEV_TO_OCC
1717514234.8794336,232,5.4,14.1,DEV_TO_OCC
1717514234.9642158,232,4.9,14.1,DEV_TO_OCC
1717514236.1090522,232,3.9,14.2,DEV_TO_OCC
1717514236.109865,232,0.0,14.2,DEV_TO_OCC
1717514237.0301294,232,3.8,14.2,DEV_TO_OCC
1717514237.0310662,232,0.0,14.2,DEV_TO_OCC
1717514237.9514806,232,3.6,14.1,DEV_TO_OCC
1717514237.9636192,232,25.0,14.1,DEV_TO_OCC
1717514238.8756273,232,3.2,14.1,DEV_TO_OCC
1717514238.9648795,232,10.3,14.1,DEV_TO_OCC
1717514239.8971264,232,3.6,14.2,DEV_TO_OCC
1717514239.9456913,338,3.6,14.1,OCC_TO_CU
1717514239.9464698,338,0.0,14.1,OCC_TO_CU
1717514239.9471781,338,0.0,14.1,OCC_TO_CU
1717514239.9477682,338,100.0,14.1,OCC_TO_CU
1717514239.9816906,232,37.2,14.2,DEV_TO_OCC
1717514241.0235338,232,3.7,14.2,DEV_TO_OCC
1717514241.0240555,232,0.0,14.2,DEV_TO_OCC
1717514241.9456913,232,4.4,14.2,DEV_TO_OCC
1717514241.966306,232,20.0,14.2,DEV_TO_OCC
1717514242.8667207,232,7.0,14.1,DEV_TO_OCC
1717514243.0754542,232,5.6,14.1,DEV_TO_OCC
1717514244.0958688,232,3.2,14.1,DEV_TO_OCC
1717514244.0970864,232,0.0,14.1,DEV_TO_OCC
1717514245.017758,232,2.7,14.1,DEV_TO_OCC
1717514245.0189767,232,0.0,14.1,DEV_TO_OCC
1717514245.9387815,232,2.8,14.1,DEV_TO_OCC
1717514245.969509,232,28.2,14.1,DEV_TO_OCC
1717514246.8605988,232,2.9,14.1,DEV_TO_OCC
1717514247.0650928,232,5.7,14.1,DEV_TO_OCC
1717514248.089518,232,3.3,14.1,DEV_TO_OCC
1717514248.090404,232,0.0,14.1,DEV_TO_OCC
1717514249.1193273,232,3.0,14.1,DEV_TO_OCC
1717514249.120297,232,0.0,14.1,DEV_TO_OCC
1717514249.932652,232,2.8,14.1,DEV_TO_OCC
1717514249.955856,338,14.8,14.1,OCC_TO_CU
1717514249.9569788,338,0.0,14.1,OCC_TO_CU
1717514249.958629,338,0.0,14.1,OCC_TO_CU
1717514249.9597137,338,100.0,14.1,OCC_TO_CU
1717514249.9906862,232,78.8,14.1,DEV_TO_OCC
1717514251.162406,232,5.4,14.1,DEV_TO_OCC
1717514251.1633825,232,75.0,14.1,DEV_TO_OCC
1717514252.0831144,232,3.2,14.1,DEV_TO_OCC
1717514252.0841413,232,50.0,14.1,DEV_TO_OCC
1717514253.0081077,232,3.2,14.1,DEV_TO_OCC
1717514253.0090144,232,0.0,14.1,DEV_TO_OCC
1717514253.9264681,232,3.3,14.1,DEV_TO_OCC
1717514253.979999,232,9.2,14.1,DEV_TO_OCC
1717514254.950164,232,3.0,14.1,DEV_TO_OCC
1717514254.9910328,232,16.0,14.1,DEV_TO_OCC
1717514256.077032,232,4.0,14.1,DEV_TO_OCC
1717514256.0779436,232,0.0,14.1,DEV_TO_OCC
1717514256.9984019,232,10.3,14.1,DEV_TO_OCC
1717514256.9998152,232,75.0,14.1,DEV_TO_OCC
1717514257.9221048,232,3.4,14.1,DEV_TO_OCC
1717514258.0142305,232,6.3,14.1,DEV_TO_OCC
1717514259.1492276,232,3.2,14.1,DEV_TO_OCC
1717514259.150233,232,0.0,14.1,DEV_TO_OCC
1717514259.9693716,338,2.7,14.1,OCC_TO_CU
1717514259.970368,338,0.0,14.1,OCC_TO_CU
1717514259.971327,338,100.0,14.1,OCC_TO_CU
1717514259.9722662,338,0.0,14.1,OCC_TO_CU
1717514260.0014477,232,28.1,14.1,DEV_TO_OCC
1717514260.0070662,232,60.0,14.1,DEV_TO_OCC
1717514260.9996352,232,4.5,14.1,DEV_TO_OCC
1717514261.0007303,232,0.0,14.1,DEV_TO_OCC
1717514261.8686905,232,3.7,14.1,DEV_TO_OCC
1717514262.0159426,232,7.3,14.1,DEV_TO_OCC
1717514263.1429777,232,4.2,14.1,DEV_TO_OCC
1717514263.1439476,232,100.0,14.1,DEV_TO_OCC
1717514264.0642395,232,5.3,14.1,DEV_TO_OCC
1717514264.065229,232,0.0,14.1,DEV_TO_OCC
1717514264.9855716,232,3.3,14.1,DEV_TO_OCC
1717514264.9859364,232,0.0,14.1,DEV_TO_OCC
1717514265.9090898,232,3.3,14.1,DEV_TO_OCC
1717514265.9851632,232,10.9,14.1,DEV_TO_OCC
1717514267.0422308,232,4.2,14.1,DEV_TO_OCC
1717514267.0430505,232,0.0,14.1,DEV_TO_OCC
1717514267.9557598,232,4.8,14.1,DEV_TO_OCC
1717514267.9869041,232,5.7,14.1,DEV_TO_OCC
1717514268.9795244,232,3.0,14.1,DEV_TO_OCC
1717514268.9849489,232,33.3,14.1,DEV_TO_OCC
1717514269.9016106,232,2.9,14.1,DEV_TO_OCC
1717514269.982551,338,6.2,14.1,OCC_TO_CU
1717514269.983642,338,75.0,14.1,OCC_TO_CU
1717514269.984628,338,0.0,14.1,OCC_TO_CU
1717514269.9857605,338,0.0,14.1,OCC_TO_CU
1717514270.0126517,232,26.7,14.1,DEV_TO_OCC
1717514271.1393688,232,4.1,14.1,DEV_TO_OCC
1717514271.1404657,232,0.0,14.1,DEV_TO_OCC
1717514272.0519414,232,3.2,14.1,DEV_TO_OCC
1717514272.0532017,232,0.0,14.1,DEV_TO_OCC
1717514272.9733355,232,3.4,14.1,DEV_TO_OCC
1717514272.9879754,232,22.2,14.1,DEV_TO_OCC
1717514273.8947108,232,3.0,14.1,DEV_TO_OCC
1717514273.991121,232,9.3,14.1,DEV_TO_OCC
1717514275.1323164,232,3.0,14.1,DEV_TO_OCC
1717514275.1331546,232,0.0,14.1,DEV_TO_OCC
1717514275.9486344,232,3.4,14.1,DEV_TO_OCC
1717514275.9983063,232,7.1,14.1,DEV_TO_OCC
1717514276.9741607,232,3.9,14.1,DEV_TO_OCC
1717514277.0009706,232,15.6,14.1,DEV_TO_OCC
1717514277.8887742,232,4.5,14.1,DEV_TO_OCC
1717514278.093481,232,5.4,14.1,DEV_TO_OCC
1717514279.1179674,232,3.2,14.1,DEV_TO_OCC
1717514279.1189792,232,0.0,14.1,DEV_TO_OCC
1717514279.9363046,232,3.3,14.1,DEV_TO_OCC
1717514279.9958603,232,11.1,14.1,DEV_TO_OCC
1717514279.9973764,338,0.0,14.1,OCC_TO_CU
1717514279.9983199,338,0.0,14.1,OCC_TO_CU
1717514279.999109,338,0.0,14.1,OCC_TO_CU
1717514280.0002964,338,66.7,14.1,OCC_TO_CU
1717514280.9603815,232,4.2,14.1,DEV_TO_OCC
1717514280.9955559,232,11.9,14.1,DEV_TO_OCC
1717514282.189481,232,4.4,14.1,DEV_TO_OCC
1717514282.1904652,232,0.0,14.1,DEV_TO_OCC
1717514283.1112242,232,4.0,14.1,DEV_TO_OCC
1717514283.1121778,232,0.0,14.1,DEV_TO_OCC
1717514284.0325427,232,5.0,14.1,DEV_TO_OCC
1717514284.0334258,232,0.0,14.1,DEV_TO_OCC
1717514284.8947172,232,3.2,14.1,DEV_TO_OCC
1717514285.0042071,232,32.8,14.1,DEV_TO_OCC
1717514286.1831205,232,5.1,14.2,DEV_TO_OCC
1717514286.184419,232,50.0,14.2,DEV_TO_OCC
1717514287.1045976,232,3.4,14.2,DEV_TO_OCC
1717514287.1055927,232,0.0,14.2,DEV_TO_OCC
1717514288.6409054,232,4.2,14.2,DEV_TO_OCC
1717514288.6418183,232,0.0,14.2,DEV_TO_OCC
1717514288.9475698,232,3.9,14.2,DEV_TO_OCC
1717514289.0113788,232,9.1,14.2,DEV_TO_OCC
1717514290.0117517,338,2.7,14.2,OCC_TO_CU
1717514290.0127108,338,0.0,14.2,OCC_TO_CU
1717514290.0135684,338,0.0,14.2,OCC_TO_CU
1717514290.0143561,338,0.0,14.2,OCC_TO_CU
1717514290.0313287,232,50.0,14.2,DEV_TO_OCC
1717514290.0323505,232,0.0,14.2,DEV_TO_OCC
1717514291.0984757,232,3.6,14.2,DEV_TO_OCC
1717514291.0993943,232,50.0,14.2,DEV_TO_OCC
1717514292.0212367,232,3.5,14.2,DEV_TO_OCC
1717514292.0221636,232,0.0,14.2,DEV_TO_OCC
1717514292.941126,232,3.6,14.2,DEV_TO_OCC
1717514293.0051715,232,5.3,14.2,DEV_TO_OCC
1717514294.170489,232,5.7,14.2,DEV_TO_OCC
1717514294.1714458,232,50.0,14.2,DEV_TO_OCC
1717514295.0920527,232,3.5,14.2,DEV_TO_OCC
1717514295.0926247,232,0.0,14.2,DEV_TO_OCC
1717514296.0138535,232,2.3,14.2,DEV_TO_OCC
1717514296.014957,232,0.0,14.2,DEV_TO_OCC
1717514296.9353826,232,3.4,14.2,DEV_TO_OCC
1717514297.0073733,232,9.2,14.2,DEV_TO_OCC
1717514298.1643393,232,3.3,14.2,DEV_TO_OCC
1717514298.1654904,232,0.0,14.1,DEV_TO_OCC
1717514299.0858722,232,3.0,14.2,DEV_TO_OCC
1717514299.0870504,232,0.0,14.2,DEV_TO_OCC
1717514300.0240712,232,3.1,14.2,DEV_TO_OCC
1717514300.0239632,338,3.1,14.2,OCC_TO_CU
1717514300.0260742,338,0.0,14.2,OCC_TO_CU
1717514300.0272255,338,100.0,14.2,OCC_TO_CU
1717514300.0284057,338,0.0,14.2,OCC_TO_CU
1717514300.0756114,232,26.3,14.2,DEV_TO_OCC
1717514300.9291105,232,2.3,14.2,DEV_TO_OCC
1717514301.133316,232,7.0,14.2,DEV_TO_OCC
1717514302.1580498,232,2.8,14.2,DEV_TO_OCC
1717514302.1590006,232,0.0,14.2,DEV_TO_OCC
1717514302.9775665,232,3.7,14.2,DEV_TO_OCC
1717514303.1814973,232,4.9,14.2,DEV_TO_OCC
1717514304.0008757,232,3.3,14.2,DEV_TO_OCC
1717514304.1042063,232,6.5,14.2,DEV_TO_OCC
1717514304.9228342,232,3.2,14.2,DEV_TO_OCC
1717514305.1270528,232,8.1,14.2,DEV_TO_OCC
1717514306.1523006,232,3.4,14.2,DEV_TO_OCC
1717514306.1532571,232,0.0,14.2,DEV_TO_OCC
1717514307.0733254,232,3.4,14.2,DEV_TO_OCC
1717514307.083104,232,25.0,14.2,DEV_TO_OCC
1717514307.8922002,232,4.0,14.2,DEV_TO_OCC
1717514308.199714,232,3.5,14.2,DEV_TO_OCC
1717514308.924946,232,3.3,14.2,DEV_TO_OCC
1717514309.120966,232,4.7,14.2,DEV_TO_OCC
1717514310.03574,338,3.0,14.2,OCC_TO_CU
1717514310.0367534,338,0.0,14.2,OCC_TO_CU
1717514310.0378313,338,0.0,14.2,OCC_TO_CU
1717514310.0388818,338,0.0,14.2,OCC_TO_CU
1717514310.069369,232,47.2,14.2,DEV_TO_OCC
1717514310.0978415,232,29.7,14.2,DEV_TO_OCC
1717514311.0668108,232,5.7,14.2,DEV_TO_OCC
1717514311.086873,232,16.7,14.2,DEV_TO_OCC
1717514311.9885933,232,3.1,14.2,DEV_TO_OCC
1717514312.1932104,232,6.5,14.2,DEV_TO_OCC
1717514313.2176147,232,3.2,14.2,DEV_TO_OCC
1717514313.218547,232,0.0,14.2,DEV_TO_OCC
1717514313.934232,232,4.1,14.2,DEV_TO_OCC
1717514314.138979,232,4.8,14.2,DEV_TO_OCC
1717514315.060911,232,3.3,14.2,DEV_TO_OCC
1717514315.120181,232,8.5,14.2,DEV_TO_OCC
1717514315.9828596,232,3.4,14.1,DEV_TO_OCC
1717514316.187124,232,8.9,14.1,DEV_TO_OCC
1717514317.223702,232,3.8,14.1,DEV_TO_OCC
1717514317.2249234,232,0.0,14.1,DEV_TO_OCC
1717514318.1333067,232,4.2,14.1,DEV_TO_OCC
1717514318.134143,232,0.0,14.1,DEV_TO_OCC
1717514319.0548902,232,3.5,14.1,DEV_TO_OCC
1717514319.096903,232,15.1,14.1,DEV_TO_OCC
1717514319.976056,232,2.9,14.1,DEV_TO_OCC
1717514320.0488296,338,14.4,14.1,OCC_TO_CU
1717514320.0496955,338,0.0,14.1,OCC_TO_CU
1717514320.050633,338,0.0,14.1,OCC_TO_CU
1717514320.0516508,338,100.0,14.1,OCC_TO_CU
1717514320.0906048,232,47.8,14.1,DEV_TO_OCC
1717514321.2051697,232,3.7,14.1,DEV_TO_OCC
1717514321.2061534,232,0.0,14.1,DEV_TO_OCC
1717514321.9223936,232,2.8,14.1,DEV_TO_OCC
1717514322.126154,232,6.5,14.1,DEV_TO_OCC
1717514322.9145052,232,3.5,14.1,DEV_TO_OCC
1717514323.151249,232,4.5,14.1,DEV_TO_OCC
1717514323.9699316,232,3.8,14.1,DEV_TO_OCC
1717514324.1742845,232,6.0,14.1,DEV_TO_OCC
1717514325.1989207,232,2.9,14.1,DEV_TO_OCC
1717514325.2000225,232,50.0,14.1,DEV_TO_OCC
1717514326.1198804,232,3.9,14.1,DEV_TO_OCC
1717514326.1201854,232,0.0,14.1,DEV_TO_OCC
1717514327.0418634,232,2.7,14.1,DEV_TO_OCC
1717514327.1323802,232,29.2,14.1,DEV_TO_OCC
1717514328.068222,232,2.8,14.1,DEV_TO_OCC
1717514328.167636,232,60.3,14.1,DEV_TO_OCC
1717514329.299928,232,4.3,14.1,DEV_TO_OCC
1717514329.3008091,232,0.0,14.1,DEV_TO_OCC
1717514330.0597167,338,3.6,14.1,OCC_TO_CU
1717514330.0605593,338,0.0,14.1,OCC_TO_CU
1717514330.061252,338,0.0,14.1,OCC_TO_CU
1717514330.0619183,338,0.0,14.1,OCC_TO_CU
1717514330.1198735,232,18.6,14.1,DEV_TO_OCC
1717514330.1208773,232,0.0,14.1,DEV_TO_OCC
1717514331.0355382,232,3.7,14.1,DEV_TO_OCC
1717514331.1034255,232,16.0,14.1,DEV_TO_OCC
1717514331.9568772,232,3.1,14.1,DEV_TO_OCC
1717514332.1795413,232,5.2,14.1,DEV_TO_OCC
1717514333.1864927,232,3.8,14.1,DEV_TO_OCC
1717514333.1875386,232,50.0,14.1,DEV_TO_OCC
1717514334.1078928,232,3.1,14.1,DEV_TO_OCC
1717514334.108944,232,0.0,14.1,DEV_TO_OCC
1717514335.0291348,232,3.4,14.1,DEV_TO_OCC
1717514335.1037173,232,8.9,14.1,DEV_TO_OCC
1717514335.9510524,232,2.5,14.1,DEV_TO_OCC
1717514336.1555166,232,4.9,14.1,DEV_TO_OCC
1717514337.1800814,232,3.0,14.1,DEV_TO_OCC
1717514337.1811147,232,0.0,14.1,DEV_TO_OCC
1717514338.1013672,232,3.0,14.1,DEV_TO_OCC
1717514338.1065316,232,16.7,14.1,DEV_TO_OCC
1717514339.0231006,232,3.5,14.1,DEV_TO_OCC
1717514339.108234,232,8.7,14.1,DEV_TO_OCC
1717514340.055598,232,3.2,14.1,DEV_TO_OCC
1717514340.0717142,338,5.3,14.1,OCC_TO_CU
1717514340.072153,338,0.0,14.1,OCC_TO_CU
1717514340.0725381,338,0.0,14.1,OCC_TO_CU
1717514340.072982,338,0.0,14.1,OCC_TO_CU
1717514340.1182,232,79.2,14.1,DEV_TO_OCC
1717514341.2760386,232,4.1,14.1,DEV_TO_OCC
1717514341.2770112,232,0.0,14.1,DEV_TO_OCC
1717514342.0952504,232,3.4,14.1,DEV_TO_OCC
1717514342.1065638,232,23.1,14.1,DEV_TO_OCC
1717514343.1238928,232,3.4,14.1,DEV_TO_OCC
1717514343.1248543,232,0.0,14.1,DEV_TO_OCC
1717514343.9456954,232,3.3,14.1,DEV_TO_OCC
1717514344.143082,232,5.0,14.1,DEV_TO_OCC
1717514345.1673505,232,3.0,14.1,DEV_TO_OCC
1717514345.1683118,232,0.0,14.1,DEV_TO_OCC
1717514346.0885851,232,3.4,14.1,DEV_TO_OCC
1717514346.110298,232,30.8,14.1,DEV_TO_OCC
1717514347.0102537,232,3.4,14.1,DEV_TO_OCC
1717514347.214784,232,6.0,14.1,DEV_TO_OCC
1717514348.2401285,232,3.3,14.1,DEV_TO_OCC
1717514348.2410963,232,0.0,14.1,DEV_TO_OCC
1717514349.1610985,232,3.0,14.1,DEV_TO_OCC
1717514349.1621132,232,0.0,14.1,DEV_TO_OCC
1717514350.0822725,232,3.1,14.1,DEV_TO_OCC
1717514350.0834918,338,66.7,14.1,OCC_TO_CU
1717514350.0839262,338,0.0,14.1,OCC_TO_CU
1717514350.0842896,338,0.0,14.1,OCC_TO_CU
1717514350.0846825,338,0.0,14.1,OCC_TO_CU
1717514350.1097596,232,24.1,14.1,DEV_TO_OCC
1717514351.0043623,232,3.4,14.1,DEV_TO_OCC
1717514351.2085006,232,10.5,14.1,DEV_TO_OCC
1717514352.2331116,232,3.0,14.1,DEV_TO_OCC
1717514352.2340465,232,0.0,14.1,DEV_TO_OCC
1717514353.15483,232,3.3,14.1,DEV_TO_OCC
1717514353.1558497,232,100.0,14.1,DEV_TO_OCC
1717514353.9295664,232,3.8,14.1,DEV_TO_OCC
1717514354.224213,232,5.0,14.1,DEV_TO_OCC
1717514354.997911,232,2.9,14.1,DEV_TO_OCC
1717514355.1605449,232,4.6,14.1,DEV_TO_OCC
1717514356.226951,232,4.1,14.1,DEV_TO_OCC
1717514356.227936,232,100.0,14.1,DEV_TO_OCC
1717514357.1482162,232,6.3,14.1,DEV_TO_OCC
1717514357.1492438,232,0.0,14.1,DEV_TO_OCC
1717514358.082011,232,4.0,14.1,DEV_TO_OCC
1717514358.124706,232,14.8,14.1,DEV_TO_OCC
1717514358.9915483,232,3.0,14.1,DEV_TO_OCC
1717514359.1964276,232,3.7,14.1,DEV_TO_OCC
1717514360.095044,338,3.2,14.1,OCC_TO_CU
1717514360.0957458,338,50.0,14.1,OCC_TO_CU
1717514360.0963607,338,0.0,14.1,OCC_TO_CU
1717514360.0968506,338,0.0,14.1,OCC_TO_CU
1717514360.1305711,232,29.3,14.1,DEV_TO_OCC
1717514360.1323671,232,50.0,14.1,DEV_TO_OCC
1717514361.1419775,232,4.1,14.1,DEV_TO_OCC
1717514361.1423979,232,0.0,14.1,DEV_TO_OCC
1717514362.0645905,232,3.0,14.1,DEV_TO_OCC
1717514362.1346602,232,8.3,14.1,DEV_TO_OCC
1717514362.9850898,232,3.8,14.1,DEV_TO_OCC
1717514363.1899319,232,4.9,14.1,DEV_TO_OCC
1717514364.2140636,232,3.3,14.1,DEV_TO_OCC
1717514364.214962,232,0.0,14.1,DEV_TO_OCC
1717514365.1360328,232,2.9,14.1,DEV_TO_OCC
1717514365.1370564,232,0.0,14.1,DEV_TO_OCC
1717514366.057133,232,3.7,14.1,DEV_TO_OCC
1717514366.1281035,232,18.0,14.1,DEV_TO_OCC
1717514366.9790456,232,2.9,14.1,DEV_TO_OCC
1717514367.1836624,232,5.3,14.1,DEV_TO_OCC
1717514368.207779,232,3.2,14.1,DEV_TO_OCC
1717514368.208747,232,0.0,14.1,DEV_TO_OCC
1717514369.1293395,232,3.2,14.1,DEV_TO_OCC
1717514369.1793833,232,43.3,14.1,DEV_TO_OCC
1717514370.0509953,232,2.7,14.1,DEV_TO_OCC
1717514370.1075935,338,8.6,14.1,OCC_TO_CU
1717514370.1086142,338,0.0,14.1,OCC_TO_CU
1717514370.1094527,338,0.0,14.1,OCC_TO_CU
1717514370.1103716,338,0.0,14.1,OCC_TO_CU
1717514370.1450331,232,35.7,14.1,DEV_TO_OCC
1717514370.9725738,232,7.4,14.1,DEV_TO_OCC
1717514371.1768448,232,9.7,14.1,DEV_TO_OCC
1717514372.2014346,232,2.7,14.1,DEV_TO_OCC
1717514372.2022362,232,0.0,14.1,DEV_TO_OCC
1717514373.1230965,232,3.9,14.1,DEV_TO_OCC
1717514373.1336157,232,16.7,14.1,DEV_TO_OCC
1717514374.0485632,232,3.4,14.1,DEV_TO_OCC
1717514374.1341624,232,7.7,14.1,DEV_TO_OCC
1717514375.0720658,232,3.1,14.1,DEV_TO_OCC
1717514375.1666863,232,4.4,14.1,DEV_TO_OCC
1717514376.200353,232,3.6,14.1,DEV_TO_OCC
1717514376.2010355,232,0.0,14.1,DEV_TO_OCC
1717514377.018511,232,3.1,14.1,DEV_TO_OCC
1717514377.2242389,232,5.6,14.1,DEV_TO_OCC
1717514378.042099,232,3.8,14.1,DEV_TO_OCC
1717514378.136961,232,6.1,14.1,DEV_TO_OCC
1717514379.3379164,232,3.0,14.1,DEV_TO_OCC
1717514379.3396654,232,75.0,14.1,DEV_TO_OCC
1717514380.1200235,338,3.3,14.1,OCC_TO_CU
1717514380.1209602,338,0.0,14.1,OCC_TO_CU
1717514380.1218705,338,0.0,14.1,OCC_TO_CU
1717514380.1227822,338,0.0,14.1,OCC_TO_CU
1717514380.1444068,232,37.0,14.1,DEV_TO_OCC
1717514380.1532707,232,45.5,14.1,DEV_TO_OCC
1717514381.1153493,232,7.3,14.1,DEV_TO_OCC
1717514381.1399305,232,21.4,14.1,DEV_TO_OCC
1717514382.038123,232,3.9,14.1,DEV_TO_OCC
1717514382.2397597,232,6.2,14.1,DEV_TO_OCC
1717514383.2624278,232,3.3,14.1,DEV_TO_OCC
1717514383.2637565,232,100.0,14.1,DEV_TO_OCC
1717514384.136321,232,3.6,14.1,DEV_TO_OCC
1717514384.143791,232,36.4,14.1,DEV_TO_OCC
1717514384.960017,232,3.4,14.1,DEV_TO_OCC
1717514385.211403,232,6.3,14.1,DEV_TO_OCC
1717514386.0266883,232,4.8,14.1,DEV_TO_OCC
1717514386.2304819,232,6.5,14.1,DEV_TO_OCC
1717514387.055845,232,3.0,14.1,DEV_TO_OCC
1717514387.1431432,232,6.7,14.1,DEV_TO_OCC
1717514388.176314,232,4.1,14.1,DEV_TO_OCC
1717514388.1774817,232,0.0,14.1,DEV_TO_OCC
1717514389.0977252,232,3.2,14.1,DEV_TO_OCC
1717514389.1482022,232,12.9,14.1,DEV_TO_OCC
1717514390.0195093,232,2.9,14.1,DEV_TO_OCC
1717514390.1317565,338,10.3,14.1,OCC_TO_CU
1717514390.1326838,338,0.0,14.1,OCC_TO_CU
1717514390.1335285,338,0.0,14.1,OCC_TO_CU
1717514390.134467,338,0.0,14.1,OCC_TO_CU
1717514390.1502645,232,55.0,14.1,DEV_TO_OCC
1717514391.2502608,232,4.3,14.1,DEV_TO_OCC
1717514391.2511384,232,0.0,14.1,DEV_TO_OCC
1717514392.1700237,232,3.2,14.1,DEV_TO_OCC
1717514392.1709116,232,0.0,14.1,DEV_TO_OCC
1717514393.0916626,232,3.9,14.1,DEV_TO_OCC
1717514393.1541598,232,9.3,14.1,DEV_TO_OCC
1717514394.0130925,232,3.2,14.1,DEV_TO_OCC
1717514394.2185757,232,4.1,14.1,DEV_TO_OCC
1717514395.2419415,232,3.6,14.1,DEV_TO_OCC
1717514395.242929,232,0.0,14.1,DEV_TO_OCC
1717514396.163016,232,3.6,14.1,DEV_TO_OCC
1717514396.1669118,232,20.0,14.1,DEV_TO_OCC
1717514397.0850065,232,2.7,14.1,DEV_TO_OCC
1717514397.1570103,232,9.1,14.1,DEV_TO_OCC
1717514398.0068052,232,3.5,14.1,DEV_TO_OCC
1717514398.2111301,232,4.5,14.1,DEV_TO_OCC
1717514399.2358003,232,3.1,14.1,DEV_TO_OCC
1717514399.2366686,232,0.0,14.1,DEV_TO_OCC
1717514399.9768677,232,11.4,14.1,DEV_TO_OCC
1717514400.1437383,338,10.2,14.1,OCC_TO_CU
1717514400.1447387,338,0.0,14.1,OCC_TO_CU
1717514400.145579,338,0.0,14.1,OCC_TO_CU
1717514400.1464093,338,0.0,14.1,OCC_TO_CU
1717514400.1746716,232,51.4,14.1,DEV_TO_OCC
1717514401.078904,232,4.4,14.1,DEV_TO_OCC
1717514401.1674416,232,14.5,14.1,DEV_TO_OCC
1717514402.0016866,232,3.3,14.1,DEV_TO_OCC
1717514402.2226985,232,7.0,14.1,DEV_TO_OCC
1717514403.2298105,232,3.2,14.1,DEV_TO_OCC
1717514403.2309608,232,0.0,14.1,DEV_TO_OCC
1717514404.1513133,232,3.6,14.1,DEV_TO_OCC
1717514404.16377,232,25.0,14.1,DEV_TO_OCC
1717514405.0762925,232,3.2,14.1,DEV_TO_OCC
1717514405.2775009,232,2.5,14.1,DEV_TO_OCC
1717514405.9944324,232,2.8,14.1,DEV_TO_OCC
1717514406.1986477,232,7.3,14.1,DEV_TO_OCC
1717514407.2234979,232,4.7,14.1,DEV_TO_OCC
1717514407.2244906,232,0.0,14.1,DEV_TO_OCC
1717514408.1450338,232,3.5,14.1,DEV_TO_OCC
1717514408.165364,232,23.1,14.1,DEV_TO_OCC
1717514409.0667546,232,3.1,14.1,DEV_TO_OCC
1717514409.1683218,232,5.0,14.1,DEV_TO_OCC
1717514410.15575,338,5.3,14.1,OCC_TO_CU
1717514410.156659,338,0.0,14.1,OCC_TO_CU
1717514410.1575353,338,0.0,14.1,OCC_TO_CU
1717514410.1583793,338,0.0,14.1,OCC_TO_CU
1717514410.1827757,232,29.6,14.1,DEV_TO_OCC
1717514410.1887047,232,70.0,14.1,DEV_TO_OCC
1717514411.2236564,232,4.3,14.1,DEV_TO_OCC
1717514411.2242591,232,0.0,14.1,DEV_TO_OCC
1717514412.1388512,232,2.5,14.1,DEV_TO_OCC
1717514412.1709447,232,15.4,14.1,DEV_TO_OCC
1717514413.060059,232,3.8,14.1,DEV_TO_OCC
1717514413.2647083,232,3.7,14.1,DEV_TO_OCC
1717514414.2895145,232,4.5,14.1,DEV_TO_OCC
1717514414.2904453,232,0.0,14.1,DEV_TO_OCC
1717514414.9759998,232,3.6,14.1,DEV_TO_OCC
1717514415.2103078,232,6.0,14.1,DEV_TO_OCC
1717514416.1322463,232,3.2,14.1,DEV_TO_OCC
1717514416.1717758,232,21.3,14.1,DEV_TO_OCC
1717514417.054091,232,4.0,14.1,DEV_TO_OCC
1717514417.2642667,232,7.0,14.1,DEV_TO_OCC
1717514418.2826202,232,3.4,14.1,DEV_TO_OCC
1717514418.2835321,232,66.7,14.1,DEV_TO_OCC
1717514419.204403,232,3.1,14.1,DEV_TO_OCC
1717514419.2053638,232,0.0,14.1,DEV_TO_OCC
1717514420.1258414,232,2.9,14.1,DEV_TO_OCC
1717514420.1677856,338,13.5,14.1,OCC_TO_CU
1717514420.1688943,338,0.0,14.1,OCC_TO_CU
1717514420.16995,338,0.0,14.1,OCC_TO_CU
1717514420.1709213,338,0.0,14.1,OCC_TO_CU
1717514420.1916537,232,44.4,14.1,DEV_TO_OCC
1717514421.0478342,232,3.6,14.1,DEV_TO_OCC
1717514421.2516072,232,9.8,14.1,DEV_TO_OCC
1717514422.0716503,232,3.0,14.1,DEV_TO_OCC
1717514422.276183,232,4.5,14.1,DEV_TO_OCC
1717514423.1982167,232,3.3,14.1,DEV_TO_OCC
1717514423.19914,232,0.0,14.1,DEV_TO_OCC
1717514424.119428,232,3.4,14.1,DEV_TO_OCC
1717514424.1835496,232,7.8,14.1,DEV_TO_OCC
1717514425.0410213,232,3.0,14.1,DEV_TO_OCC
1717514425.2457075,232,5.3,14.1,DEV_TO_OCC
1717514426.2704036,232,3.2,14.1,DEV_TO_OCC
1717514426.2713234,232,50.0,14.1,DEV_TO_OCC
1717514427.1919339,232,2.6,14.1,DEV_TO_OCC
1717514427.1928744,232,0.0,14.1,DEV_TO_OCC
1717514428.113521,232,4.3,14.1,DEV_TO_OCC
1717514428.1834946,232,8.3,14.1,DEV_TO_OCC
1717514429.047717,232,2.9,14.1,DEV_TO_OCC
1717514429.3419597,232,3.1,14.1,DEV_TO_OCC
1717514429.9862669,232,3.4,14.1,DEV_TO_OCC
1717514430.1800482,338,8.8,14.1,OCC_TO_CU
1717514430.1813238,338,0.0,14.1,OCC_TO_CU
1717514430.1825912,338,0.0,14.1,OCC_TO_CU
1717514430.1838288,338,50.0,14.1,OCC_TO_CU
1717514430.2189412,232,26.8,14.1,DEV_TO_OCC
1717514431.0920572,232,2.8,14.1,DEV_TO_OCC
1717514431.184028,232,6.4,14.1,DEV_TO_OCC
1717514431.992578,232,4.0,14.1,DEV_TO_OCC
1717514432.2091732,232,3.1,14.1,DEV_TO_OCC
1717514433.0298593,232,4.2,14.1,DEV_TO_OCC
1717514433.2397666,232,5.9,14.1,DEV_TO_OCC
1717514434.0527096,232,3.7,14.1,DEV_TO_OCC
1717514434.2570465,232,4.5,14.1,DEV_TO_OCC
1717514435.1794913,232,2.5,14.1,DEV_TO_OCC
1717514435.1853952,232,16.7,14.1,DEV_TO_OCC
1717514436.100699,232,3.3,14.1,DEV_TO_OCC
1717514436.1876705,232,8.6,14.1,DEV_TO_OCC
1717514437.0229533,232,4.9,14.1,DEV_TO_OCC
1717514437.227325,232,4.9,14.1,DEV_TO_OCC
1717514438.046688,232,3.5,14.1,DEV_TO_OCC
1717514438.2509463,232,3.7,14.1,DEV_TO_OCC
1717514439.1849694,232,3.1,14.1,DEV_TO_OCC
1717514439.1929162,232,30.0,14.1,DEV_TO_OCC
1717514440.0948803,232,3.8,14.1,DEV_TO_OCC
1717514440.1892548,232,7.0,14.1,DEV_TO_OCC
1717514440.1916587,338,75.0,14.1,OCC_TO_CU
1717514440.1926348,338,0.0,14.1,OCC_TO_CU
1717514440.193361,338,0.0,14.1,OCC_TO_CU
1717514440.1943898,338,0.0,14.1,OCC_TO_CU
1717514441.3233907,232,4.4,14.2,DEV_TO_OCC
1717514441.3244073,232,0.0,14.2,DEV_TO_OCC
1717514442.2476494,232,4.3,14.2,DEV_TO_OCC
1717514442.2480898,232,0.0,14.2,DEV_TO_OCC
1717514443.1664345,232,4.1,14.2,DEV_TO_OCC
1717514443.1951628,232,14.7,14.2,DEV_TO_OCC
1717514444.0884676,232,3.5,14.2,DEV_TO_OCC
1717514444.2925189,232,3.7,14.2,DEV_TO_OCC
1717514445.273679,232,3.1,14.2,DEV_TO_OCC
1717514445.274804,232,0.0,14.2,DEV_TO_OCC
1717514446.0019581,232,3.4,14.2,DEV_TO_OCC
1717514446.2387886,232,5.2,14.2,DEV_TO_OCC
1717514447.1602557,232,5.2,14.1,DEV_TO_OCC
1717514447.1944191,232,12.2,14.1,DEV_TO_OCC
1717514448.0820153,232,3.1,14.1,DEV_TO_OCC
1717514448.2865813,232,4.5,14.1,DEV_TO_OCC
1717514449.3109262,232,3.2,14.1,DEV_TO_OCC
1717514449.3118534,232,66.7,14.1,DEV_TO_OCC
1717514450.203935,338,3.4,14.1,OCC_TO_CU
1717514450.2048671,338,0.0,14.1,OCC_TO_CU
1717514450.2058134,338,0.0,14.1,OCC_TO_CU
1717514450.2066665,338,0.0,14.1,OCC_TO_CU
1717514450.2173584,232,61.5,14.1,DEV_TO_OCC
1717514450.2187188,232,0.0,14.1,DEV_TO_OCC
1717514451.1541193,232,6.8,14.1,DEV_TO_OCC
1717514451.1980743,232,14.5,14.1,DEV_TO_OCC
1717514452.0766513,232,4.4,14.1,DEV_TO_OCC
1717514452.2808166,232,5.3,14.1,DEV_TO_OCC
1717514453.304464,232,6.0,14.1,DEV_TO_OCC
1717514453.3056767,232,0.0,14.1,DEV_TO_OCC
1717514454.2323034,232,3.7,14.1,DEV_TO_OCC
1717514454.233411,232,0.0,14.1,DEV_TO_OCC
1717514455.1478312,232,3.5,14.1,DEV_TO_OCC
1717514455.215575,232,8.5,14.1,DEV_TO_OCC
1717514456.06916,232,3.0,14.1,DEV_TO_OCC
1717514456.2735915,232,6.6,14.1,DEV_TO_OCC
1717514457.2981815,232,3.2,14.1,DEV_TO_OCC
1717514457.2990468,232,0.0,14.1,DEV_TO_OCC
1717514458.2201927,232,3.8,14.1,DEV_TO_OCC
1717514458.2216508,232,0.0,14.1,DEV_TO_OCC
1717514459.2438054,232,3.6,14.1,DEV_TO_OCC
1717514459.244793,232,0.0,14.1,DEV_TO_OCC
1717514460.0868804,232,3.7,14.1,DEV_TO_OCC
1717514460.2180774,338,3.8,14.1,OCC_TO_CU
1717514460.2190278,338,0.0,14.1,OCC_TO_CU
1717514460.2208536,338,100.0,14.1,OCC_TO_CU
1717514460.2218158,338,0.0,14.1,OCC_TO_CU
1717514460.2496176,232,48.6,14.1,DEV_TO_OCC
1717514461.012486,232,3.1,14.1,DEV_TO_OCC
1717514461.2916453,232,8.8,14.1,DEV_TO_OCC
1717514462.2134316,232,2.5,14.1,DEV_TO_OCC
1717514462.2144427,232,0.0,14.1,DEV_TO_OCC
1717514463.1357918,232,3.7,14.1,DEV_TO_OCC
1717514463.2064528,232,7.2,14.1,DEV_TO_OCC
1717514464.056869,232,3.0,14.1,DEV_TO_OCC
1717514464.260958,232,5.3,14.1,DEV_TO_OCC
1717514465.285862,232,3.1,14.1,DEV_TO_OCC
1717514465.286844,232,0.0,14.1,DEV_TO_OCC
1717514466.309341,232,4.0,14.1,DEV_TO_OCC
1717514466.3098078,232,0.0,14.1,DEV_TO_OCC
1717514467.129432,232,2.7,14.1,DEV_TO_OCC
1717514467.21066,232,8.2,14.1,DEV_TO_OCC
1717514468.0505657,232,3.9,14.1,DEV_TO_OCC
1717514468.2550135,232,4.5,14.1,DEV_TO_OCC
1717514469.279537,232,8.8,14.1,DEV_TO_OCC
1717514469.280489,232,0.0,14.1,DEV_TO_OCC
1717514470.201028,232,3.7,14.1,DEV_TO_OCC
1717514470.2101614,232,20.0,14.1,DEV_TO_OCC
1717514470.2317924,338,29.6,14.1,OCC_TO_CU
1717514470.2329116,338,0.0,14.1,OCC_TO_CU
1717514470.2344317,338,0.0,14.1,OCC_TO_CU
1717514470.236228,338,66.7,14.1,OCC_TO_CU
1717514471.1226995,232,6.9,14.1,DEV_TO_OCC
1717514471.2110407,232,5.8,14.1,DEV_TO_OCC
1717514472.0441477,232,3.9,14.1,DEV_TO_OCC
1717514472.2485,232,5.2,14.1,DEV_TO_OCC
1717514473.272906,232,3.7,14.1,DEV_TO_OCC
1717514473.2738454,232,0.0,14.1,DEV_TO_OCC
1717514474.0922382,232,3.3,14.1,DEV_TO_OCC
1717514474.2968047,232,3.7,14.1,DEV_TO_OCC
1717514475.1161685,232,3.7,14.1,DEV_TO_OCC
1717514475.213543,232,4.4,14.1,DEV_TO_OCC
1717514476.03774,232,2.9,14.1,DEV_TO_OCC
1717514476.242353,232,6.5,14.1,DEV_TO_OCC
1717514477.0622892,232,4.1,14.1,DEV_TO_OCC
1717514477.2665691,232,4.9,14.1,DEV_TO_OCC
1717514478.1882532,232,4.0,14.1,DEV_TO_OCC
1717514478.2677639,232,4.3,14.1,DEV_TO_OCC
1717514479.1100152,232,3.4,14.1,DEV_TO_OCC
1717514479.3145447,232,4.1,14.1,DEV_TO_OCC
1717514480.1339884,232,2.8,14.1,DEV_TO_OCC
1717514480.2204473,232,6.7,14.1,DEV_TO_OCC
1717514480.2477393,338,25.7,14.1,OCC_TO_CU
1717514480.248644,338,0.0,14.1,OCC_TO_CU
1717514480.2494934,338,0.0,14.1,OCC_TO_CU
1717514480.2504675,338,0.0,14.1,OCC_TO_CU
1717514481.2603645,232,3.7,14.1,DEV_TO_OCC
1717514481.261186,232,0.0,14.1,DEV_TO_OCC
1717514482.1825342,232,4.2,14.1,DEV_TO_OCC
1717514482.2227957,232,8.5,14.1,DEV_TO_OCC
1717514483.104249,232,4.4,14.1,DEV_TO_OCC
1717514483.3095748,232,4.9,14.1,DEV_TO_OCC
1717514484.3325691,232,3.7,14.1,DEV_TO_OCC
1717514484.3335996,232,0.0,14.1,DEV_TO_OCC
1717514485.2541378,232,3.5,14.1,DEV_TO_OCC
1717514485.2551012,232,0.0,14.1,DEV_TO_OCC
1717514486.1758182,232,3.0,14.1,DEV_TO_OCC
1717514486.2261188,232,6.8,14.1,DEV_TO_OCC
1717514487.0973854,232,3.5,14.1,DEV_TO_OCC
1717514487.301671,232,4.5,14.1,DEV_TO_OCC
1717514488.3263936,232,3.0,14.1,DEV_TO_OCC
1717514488.327417,232,100.0,14.1,DEV_TO_OCC
1717514489.2477965,232,3.7,14.1,DEV_TO_OCC
1717514489.2487872,232,0.0,14.1,DEV_TO_OCC
1717514490.1694133,232,5.1,14.1,DEV_TO_OCC
1717514490.2355034,232,11.1,14.1,DEV_TO_OCC
1717514490.2605069,338,23.3,14.1,OCC_TO_CU
1717514490.2622175,338,0.0,14.1,OCC_TO_CU
1717514490.2634544,338,75.0,14.1,OCC_TO_CU
1717514490.2644055,338,0.0,14.1,OCC_TO_CU
1717514491.1077344,232,9.0,14.1,DEV_TO_OCC
1717514491.2331257,232,4.7,14.1,DEV_TO_OCC
1717514492.1150959,232,3.8,14.1,DEV_TO_OCC
1717514492.2311447,232,7.7,14.1,DEV_TO_OCC
1717514493.232791,232,3.7,14.1,DEV_TO_OCC
1717514493.2339165,232,0.0,14.1,DEV_TO_OCC
1717514494.1631467,232,3.8,14.1,DEV_TO_OCC
1717514494.2304635,232,6.3,14.1,DEV_TO_OCC
1717514495.0847104,232,4.2,14.1,DEV_TO_OCC
1717514495.2893627,232,4.1,14.1,DEV_TO_OCC
1717514496.3133333,232,4.2,14.1,DEV_TO_OCC
1717514496.3138194,232,0.0,14.1,DEV_TO_OCC
1717514497.2353613,232,2.8,14.1,DEV_TO_OCC
1717514497.2363842,232,0.0,14.1,DEV_TO_OCC
1717514498.1567001,232,5.0,14.1,DEV_TO_OCC
1717514498.2301023,232,7.9,14.1,DEV_TO_OCC
1717514499.0863914,232,3.5,14.1,DEV_TO_OCC
1717514499.2370515,232,5.0,14.1,DEV_TO_OCC
1717514500.2740915,338,3.7,14.1,OCC_TO_CU
1717514500.2753606,338,66.7,14.1,OCC_TO_CU
1717514500.2765303,338,0.0,14.1,OCC_TO_CU
1717514500.2776425,338,0.0,14.1,OCC_TO_CU
1717514500.290463,232,9.1,14.1,DEV_TO_OCC
1717514500.2914524,232,75.0,14.1,DEV_TO_OCC
1717514501.1264002,232,3.5,14.1,DEV_TO_OCC
1717514501.3307083,232,9.7,14.1,DEV_TO_OCC
1717514502.1505408,232,2.6,14.1,DEV_TO_OCC
1717514502.23863,232,6.6,14.1,DEV_TO_OCC
1717514503.072316,232,4.7,14.1,DEV_TO_OCC
1717514503.2788262,232,2.9,14.1,DEV_TO_OCC
1717514504.0961244,232,3.5,14.1,DEV_TO_OCC
1717514504.3007157,232,4.5,14.1,DEV_TO_OCC
1717514505.2234526,232,3.4,14.1,DEV_TO_OCC
1717514505.2347963,232,8.3,14.1,DEV_TO_OCC
1717514506.1442409,232,3.0,14.1,DEV_TO_OCC
1717514506.2351854,232,5.6,14.1,DEV_TO_OCC
1717514507.0656533,232,4.0,14.1,DEV_TO_OCC
1717514507.2705626,232,4.9,14.1,DEV_TO_OCC
1717514508.0898092,232,4.1,14.1,DEV_TO_OCC
1717514508.2953296,232,5.2,14.1,DEV_TO_OCC
1717514509.216188,232,3.1,14.1,DEV_TO_OCC
1717514509.2380302,232,12.0,14.1,DEV_TO_OCC
1717514510.1380875,232,2.4,14.1,DEV_TO_OCC
1717514510.2889333,338,6.0,14.1,OCC_TO_CU
1717514510.2901707,338,0.0,14.1,OCC_TO_CU
1717514510.2919865,338,50.0,14.1,OCC_TO_CU
1717514510.2929773,338,0.0,14.1,OCC_TO_CU
1717514510.3112304,232,40.9,14.1,DEV_TO_OCC
1717514511.3668818,232,4.8,14.1,DEV_TO_OCC
1717514511.3673732,232,50.0,14.1,DEV_TO_OCC
1717514512.0836723,232,3.0,14.1,DEV_TO_OCC
1717514512.2881465,232,4.1,14.1,DEV_TO_OCC
1717514513.2100935,232,3.9,14.1,DEV_TO_OCC
1717514513.2419662,232,21.4,14.1,DEV_TO_OCC
1717514514.1317296,232,3.4,14.1,DEV_TO_OCC
1717514514.3360405,232,4.1,14.1,DEV_TO_OCC
1717514515.361173,232,2.9,14.1,DEV_TO_OCC
1717514515.3620646,232,0.0,14.1,DEV_TO_OCC
1717514516.2822702,232,3.4,14.1,DEV_TO_OCC
1717514516.283231,232,75.0,14.1,DEV_TO_OCC
1717514517.2055407,232,3.0,14.1,DEV_TO_OCC
1717514517.24324,232,11.1,14.1,DEV_TO_OCC
1717514518.1253505,232,3.4,14.2,DEV_TO_OCC
1717514518.3298273,232,3.7,14.1,DEV_TO_OCC
1717514519.354384,232,3.3,14.1,DEV_TO_OCC
1717514519.3553746,232,100.0,14.1,DEV_TO_OCC
1717514520.275812,232,3.4,14.2,DEV_TO_OCC
1717514520.27671,232,0.0,14.2,DEV_TO_OCC
1717514520.3037455,338,21.2,14.1,OCC_TO_CU
1717514520.3043888,338,0.0,14.1,OCC_TO_CU
1717514520.3049493,338,0.0,14.2,OCC_TO_CU
1717514520.3057797,338,0.0,14.1,OCC_TO_CU
1717514521.1981213,232,3.6,14.2,DEV_TO_OCC
1717514521.2523365,232,13.4,14.2,DEV_TO_OCC
1717514522.0821333,232,7.5,14.1,DEV_TO_OCC
1717514522.32397,232,4.8,14.1,DEV_TO_OCC
1717514523.3481188,232,4.1,14.1,DEV_TO_OCC
1717514523.3490512,232,0.0,14.1,DEV_TO_OCC
1717514524.269733,232,3.5,14.1,DEV_TO_OCC
1717514524.270691,232,0.0,14.1,DEV_TO_OCC
1717514525.1912508,232,3.5,14.1,DEV_TO_OCC
1717514525.2554598,232,6.7,14.1,DEV_TO_OCC
1717514526.1126142,232,3.1,14.1,DEV_TO_OCC
1717514526.3170807,232,5.3,14.1,DEV_TO_OCC
1717514527.3418257,232,5.8,14.1,DEV_TO_OCC
1717514527.3431602,232,0.0,14.1,DEV_TO_OCC
1717514528.2634325,232,6.3,14.1,DEV_TO_OCC
1717514528.2643843,232,0.0,14.1,DEV_TO_OCC
1717514529.184887,232,3.0,14.1,DEV_TO_OCC
1717514529.2532823,232,10.6,14.1,DEV_TO_OCC
1717514530.1112242,232,3.1,14.1,DEV_TO_OCC
1717514530.3110547,232,3.4,14.1,DEV_TO_OCC
1717514530.3156414,338,33.3,14.1,OCC_TO_CU
1717514530.316669,338,0.0,14.1,OCC_TO_CU
1717514530.3176618,338,0.0,14.1,OCC_TO_CU
1717514530.3187122,338,0.0,14.1,OCC_TO_CU
1717514531.3380964,232,6.2,14.1,DEV_TO_OCC
1717514531.3384593,232,0.0,14.1,DEV_TO_OCC
1717514532.2603147,232,3.2,14.1,DEV_TO_OCC
1717514532.2612238,232,0.0,14.1,DEV_TO_OCC
1717514533.1806314,232,3.4,14.1,DEV_TO_OCC
1717514533.255011,232,8.9,14.1,DEV_TO_OCC
1717514534.1042247,232,3.4,14.1,DEV_TO_OCC
1717514534.3103294,232,2.9,14.1,DEV_TO_OCC
1717514535.3322456,232,3.3,14.1,DEV_TO_OCC
1717514535.3331325,232,0.0,14.1,DEV_TO_OCC
1717514536.2540402,232,3.4,14.1,DEV_TO_OCC
1717514536.2568145,232,50.0,14.1,DEV_TO_OCC
1717514537.1739216,232,3.9,14.1,DEV_TO_OCC
1717514537.2598307,232,7.8,14.1,DEV_TO_OCC
1717514538.0950243,232,3.7,14.1,DEV_TO_OCC
1717514538.2992382,232,4.1,14.1,DEV_TO_OCC
1717514539.3227074,232,8.3,14.1,DEV_TO_OCC
1717514539.3236434,232,66.7,14.1,DEV_TO_OCC
1717514540.2441916,232,3.3,14.1,DEV_TO_OCC
1717514540.2623312,232,10.0,14.1,DEV_TO_OCC
1717514540.32779,338,13.7,14.1,OCC_TO_CU
1717514540.3287241,338,0.0,14.1,OCC_TO_CU
1717514540.329798,338,0.0,14.1,OCC_TO_CU
1717514540.331185,338,100.0,14.1,OCC_TO_CU
1717514541.16775,232,4.5,14.1,DEV_TO_OCC
1717514541.2597067,232,4.6,14.1,DEV_TO_OCC
1717514542.087673,232,4.4,14.1,DEV_TO_OCC
1717514542.292011,232,4.1,14.1,DEV_TO_OCC
1717514543.3164735,232,3.7,14.1,DEV_TO_OCC
1717514543.3173294,232,0.0,14.1,DEV_TO_OCC
1717514544.2381084,232,3.2,14.1,DEV_TO_OCC
1717514544.2653553,232,22.2,14.1,DEV_TO_OCC
1717514545.1597037,232,3.4,14.1,DEV_TO_OCC
1717514545.3639462,232,3.7,14.1,DEV_TO_OCC
1717514546.3881457,232,4.0,14.1,DEV_TO_OCC
1717514546.3885655,232,0.0,14.1,DEV_TO_OCC
1717514547.3108315,232,2.6,14.1,DEV_TO_OCC
1717514547.312005,232,66.7,14.1,DEV_TO_OCC
1717514548.2317455,232,4.3,14.1,DEV_TO_OCC
1717514548.265578,232,12.2,14.1,DEV_TO_OCC
1717514549.1919122,232,3.0,14.1,DEV_TO_OCC
1717514549.2668967,232,4.5,14.1,DEV_TO_OCC
1717514550.3427975,338,2.6,14.1,OCC_TO_CU
1717514550.3437703,338,100.0,14.1,OCC_TO_CU
1717514550.3445191,338,0.0,14.1,OCC_TO_CU
1717514550.3452156,338,0.0,14.1,OCC_TO_CU
1717514550.3732262,232,39.4,14.1,DEV_TO_OCC
1717514550.3750083,232,0.0,14.1,DEV_TO_OCC
1717514551.3040335,232,2.9,14.1,DEV_TO_OCC
1717514551.3049788,232,0.0,14.1,DEV_TO_OCC
1717514552.2255998,232,3.5,14.1,DEV_TO_OCC
1717514552.2689636,232,9.8,14.1,DEV_TO_OCC
1717514553.1470432,232,4.1,14.1,DEV_TO_OCC
1717514553.2693725,232,5.4,14.1,DEV_TO_OCC
1717514554.3771973,232,3.4,14.1,DEV_TO_OCC
1717514554.3781457,232,0.0,14.1,DEV_TO_OCC
1717514555.2975965,232,5.4,14.1,DEV_TO_OCC
1717514555.2985234,232,0.0,14.1,DEV_TO_OCC
1717514556.2189112,232,3.3,14.1,DEV_TO_OCC
1717514556.2740176,232,6.2,14.1,DEV_TO_OCC
1717514557.1409192,232,4.0,14.1,DEV_TO_OCC
1717514557.345441,232,4.1,14.1,DEV_TO_OCC
1717514558.3697827,232,3.9,14.1,DEV_TO_OCC
1717514558.370727,232,0.0,14.1,DEV_TO_OCC
1717514559.2974815,232,3.2,14.1,DEV_TO_OCC
1717514559.2986004,232,0.0,14.1,DEV_TO_OCC
1717514560.2128444,232,3.3,14.1,DEV_TO_OCC
1717514560.2837088,232,11.4,14.1,DEV_TO_OCC
1717514560.355748,338,11.5,14.1,OCC_TO_CU
1717514560.3566358,338,0.0,14.1,OCC_TO_CU
1717514560.35771,338,0.0,14.1,OCC_TO_CU
1717514560.3587215,338,0.0,14.1,OCC_TO_CU
1717514561.134533,232,9.0,14.1,DEV_TO_OCC
1717514561.352461,232,3.8,14.1,DEV_TO_OCC
1717514562.3632326,232,3.3,14.1,DEV_TO_OCC
1717514562.364164,232,0.0,14.1,DEV_TO_OCC
1717514563.2848706,232,5.0,14.1,DEV_TO_OCC
1717514563.2858045,232,0.0,14.1,DEV_TO_OCC
1717514564.2068138,232,3.1,14.1,DEV_TO_OCC
1717514564.2756002,232,6.2,14.1,DEV_TO_OCC
1717514565.1281729,232,3.8,14.1,DEV_TO_OCC
1717514565.332649,232,3.7,14.1,DEV_TO_OCC
1717514566.0863755,232,3.6,14.1,DEV_TO_OCC
1717514566.3568816,232,4.0,14.1,DEV_TO_OCC
1717514567.2790093,232,3.4,14.1,DEV_TO_OCC
1717514567.2801182,232,50.0,14.1,DEV_TO_OCC
1717514568.0981991,232,4.0,14.1,DEV_TO_OCC
1717514568.3024275,232,5.7,14.1,DEV_TO_OCC
1717514569.121959,232,5.4,14.1,DEV_TO_OCC
1717514569.3263397,232,4.9,14.1,DEV_TO_OCC
1717514570.3509648,232,3.2,14.1,DEV_TO_OCC
1717514570.3519595,232,0.0,14.1,DEV_TO_OCC
1717514570.36767,338,36.4,14.1,OCC_TO_CU
1717514570.3683522,338,0.0,14.1,OCC_TO_CU
1717514570.369017,338,0.0,14.1,OCC_TO_CU
1717514570.3702495,338,0.0,14.1,OCC_TO_CU
1717514571.2726858,232,3.4,14.1,DEV_TO_OCC
1717514571.2808256,232,27.3,14.1,DEV_TO_OCC
1717514572.1938825,232,4.1,14.1,DEV_TO_OCC
1717514572.2815747,232,7.5,14.1,DEV_TO_OCC
1717514573.1156473,232,3.9,14.1,DEV_TO_OCC
1717514573.3206918,232,4.5,14.1,DEV_TO_OCC
1717514574.3582318,232,3.0,14.1,DEV_TO_OCC
1717514574.3591478,232,0.0,14.1,DEV_TO_OCC
1717514575.2660725,232,3.2,14.1,DEV_TO_OCC
1717514575.282381,232,23.8,14.1,DEV_TO_OCC
1717514576.18777,232,3.2,14.1,DEV_TO_OCC
1717514576.2836232,232,7.8,14.1,DEV_TO_OCC
1717514577.4243977,232,3.8,14.1,DEV_TO_OCC
1717514577.4256613,232,0.0,14.1,DEV_TO_OCC
1717514578.338058,232,4.7,14.1,DEV_TO_OCC
1717514578.3391123,232,0.0,14.1,DEV_TO_OCC
1717514579.260122,232,3.5,14.1,DEV_TO_OCC
1717514579.2888956,232,9.1,14.1,DEV_TO_OCC
1717514580.181351,232,3.2,14.1,DEV_TO_OCC
1717514580.3797455,338,3.8,14.1,OCC_TO_CU
1717514580.380927,338,0.0,14.1,OCC_TO_CU
1717514580.3819957,338,0.0,14.1,OCC_TO_CU
1717514580.3828306,338,0.0,14.1,OCC_TO_CU
1717514580.4042397,232,44.8,14.1,DEV_TO_OCC
1717514581.4100413,232,3.6,14.1,DEV_TO_OCC
1717514581.4103768,232,0.0,14.1,DEV_TO_OCC
1717514582.1268985,232,2.8,14.1,DEV_TO_OCC
1717514582.3314555,232,4.9,14.1,DEV_TO_OCC
1717514583.1125782,232,3.7,14.1,DEV_TO_OCC
1717514583.3558104,232,4.4,14.1,DEV_TO_OCC
1717514584.1751585,232,5.9,14.1,DEV_TO_OCC
1717514584.3796513,232,4.1,14.1,DEV_TO_OCC
1717514585.4041755,232,3.5,14.1,DEV_TO_OCC
1717514585.4050565,232,0.0,14.1,DEV_TO_OCC
1717514586.3255827,232,3.3,14.2,DEV_TO_OCC
1717514586.326678,232,0.0,14.2,DEV_TO_OCC
1717514587.2475471,232,3.6,14.2,DEV_TO_OCC
1717514587.2908592,232,8.0,14.2,DEV_TO_OCC
1717514588.168721,232,4.0,14.2,DEV_TO_OCC
1717514588.3731022,232,3.7,14.1,DEV_TO_OCC
1717514589.3978426,232,2.5,14.1,DEV_TO_OCC
1717514589.3987756,232,0.0,14.1,DEV_TO_OCC
1717514590.320206,232,2.7,14.1,DEV_TO_OCC
1717514590.3214223,232,0.0,14.1,DEV_TO_OCC
1717514590.3940797,338,15.7,14.1,OCC_TO_CU
1717514590.3949544,338,0.0,14.1,OCC_TO_CU
1717514590.3958766,338,100.0,14.1,OCC_TO_CU
1717514590.3968658,338,0.0,14.1,OCC_TO_CU
1717514591.2406588,232,4.6,14.2,DEV_TO_OCC
1717514591.3078556,232,6.3,14.2,DEV_TO_OCC
1717514592.1626318,232,3.7,14.2,DEV_TO_OCC
1717514592.3673053,232,6.0,14.2,DEV_TO_OCC
1717514593.3916283,232,3.4,14.2,DEV_TO_OCC
1717514593.3925276,232,0.0,14.2,DEV_TO_OCC
1717514594.2133515,232,7.5,14.1,DEV_TO_OCC
1717514594.2982273,232,7.8,14.1,DEV_TO_OCC
1717514595.238493,232,3.6,14.2,DEV_TO_OCC
1717514595.3021305,232,7.9,14.2,DEV_TO_OCC
1717514596.1561086,232,3.3,14.2,DEV_TO_OCC
1717514596.3604982,232,3.7,14.1,DEV_TO_OCC
1717514597.3848104,232,3.6,14.2,DEV_TO_OCC
1717514597.3857555,232,0.0,14.2,DEV_TO_OCC
1717514598.306603,232,4.6,14.1,DEV_TO_OCC
1717514598.307528,232,100.0,14.1,DEV_TO_OCC
1717514599.1255016,232,3.7,14.1,DEV_TO_OCC
1717514599.3305497,232,3.7,14.1,DEV_TO_OCC
1717514600.1639898,232,3.3,14.1,DEV_TO_OCC
1717514600.354351,232,3.9,14.1,DEV_TO_OCC
1717514600.4077404,338,12.5,14.1,OCC_TO_CU
1717514600.4085793,338,0.0,14.1,OCC_TO_CU
1717514600.4096012,338,0.0,14.1,OCC_TO_CU
1717514600.410542,338,0.0,14.1,OCC_TO_CU
1717514601.3789673,232,4.1,14.1,DEV_TO_OCC
1717514601.3799796,232,66.7,14.1,DEV_TO_OCC
1717514602.3000135,232,3.9,14.2,DEV_TO_OCC
1717514602.304636,232,0.0,14.2,DEV_TO_OCC
1717514603.2217076,232,3.0,14.2,DEV_TO_OCC
1717514603.3096914,232,7.5,14.2,DEV_TO_OCC
1717514604.1432035,232,3.3,14.2,DEV_TO_OCC
1717514604.3586693,232,4.3,14.2,DEV_TO_OCC
1717514605.37221,232,3.0,14.2,DEV_TO_OCC
1717514605.3733652,232,0.0,14.2,DEV_TO_OCC
1717514606.2938428,232,9.3,14.1,DEV_TO_OCC
1717514606.3049052,232,31.2,14.1,DEV_TO_OCC
1717514607.215448,232,3.9,14.1,DEV_TO_OCC
1717514607.3059053,232,6.5,14.1,DEV_TO_OCC
1717514608.1368654,232,4.2,14.1,DEV_TO_OCC
1717514608.3414192,232,3.7,14.1,DEV_TO_OCC
1717514609.3664517,232,2.6,14.1,DEV_TO_OCC
1717514609.367393,232,66.7,14.1,DEV_TO_OCC
1717514610.239455,232,3.5,14.1,DEV_TO_OCC
1717514610.3085246,232,6.2,14.1,DEV_TO_OCC
1717514610.419708,338,8.2,14.1,OCC_TO_CU
1717514610.4206777,338,0.0,14.1,OCC_TO_CU
1717514610.4216502,338,0.0,14.1,OCC_TO_CU
1717514610.422554,338,0.0,14.1,OCC_TO_CU
1717514611.2094345,232,12.5,14.1,DEV_TO_OCC
1717514611.4136956,232,3.3,14.1,DEV_TO_OCC
1717514612.2358,232,5.5,14.1,DEV_TO_OCC
1717514612.3107612,232,7.7,14.1,DEV_TO_OCC
1717514613.2370174,232,4.0,14.1,DEV_TO_OCC
1717514613.3175843,232,7.4,14.1,DEV_TO_OCC
1717514614.1787374,232,3.4,14.1,DEV_TO_OCC
1717514614.3833697,232,4.9,14.1,DEV_TO_OCC
1717514615.2031603,232,2.8,14.1,DEV_TO_OCC
1717514615.4076173,232,4.1,14.1,DEV_TO_OCC
1717514616.4319232,232,3.3,14.1,DEV_TO_OCC
1717514616.4329035,232,0.0,14.1,DEV_TO_OCC
1717514617.3536885,232,3.6,14.1,DEV_TO_OCC
1717514617.3546221,232,0.0,14.1,DEV_TO_OCC
1717514618.27521,232,3.4,14.1,DEV_TO_OCC
1717514618.3171568,232,8.3,14.1,DEV_TO_OCC
1717514619.1976845,232,2.9,14.1,DEV_TO_OCC
1717514619.4011908,232,3.7,14.1,DEV_TO_OCC
1717514620.4327946,232,3.0,14.1,DEV_TO_OCC
1717514620.4343817,232,0.0,14.1,DEV_TO_OCC
1717514620.4335775,338,0.0,14.1,OCC_TO_CU
1717514620.4362402,338,66.7,14.1,OCC_TO_CU
1717514620.4371417,338,0.0,14.1,OCC_TO_CU
1717514620.437993,338,0.0,14.1,OCC_TO_CU
1717514621.3475387,232,3.9,14.1,DEV_TO_OCC
1717514621.3485038,232,0.0,14.1,DEV_TO_OCC
1717514622.2688584,232,3.5,14.1,DEV_TO_OCC
1717514622.325803,232,10.3,14.1,DEV_TO_OCC
1717514623.1904137,232,4.0,14.1,DEV_TO_OCC
1717514623.3954477,232,5.6,14.1,DEV_TO_OCC
1717514624.4193544,232,3.1,14.1,DEV_TO_OCC
1717514624.4206228,232,0.0,14.1,DEV_TO_OCC
1717514625.3408325,232,3.1,14.1,DEV_TO_OCC
1717514625.3416958,232,0.0,14.1,DEV_TO_OCC
1717514626.2626603,232,3.1,14.1,DEV_TO_OCC
1717514626.328946,232,7.5,14.1,DEV_TO_OCC
1717514627.1840708,232,3.9,14.1,DEV_TO_OCC
1717514627.3890877,232,4.5,14.1,DEV_TO_OCC
1717514628.440077,232,3.0,14.1,DEV_TO_OCC
1717514628.4411952,232,0.0,14.1,DEV_TO_OCC
1717514629.2368298,232,3.4,14.1,DEV_TO_OCC
1717514629.3272235,232,9.0,14.1,DEV_TO_OCC
1717514630.2564378,232,3.8,14.1,DEV_TO_OCC
1717514630.3272047,232,4.9,14.1,DEV_TO_OCC
1717514630.4489353,338,6.2,14.1,OCC_TO_CU
1717514630.4499202,338,0.0,14.1,OCC_TO_CU
1717514630.45092,338,0.0,14.1,OCC_TO_CU
1717514630.452013,338,66.7,14.1,OCC_TO_CU
1717514631.177651,232,3.9,14.1,DEV_TO_OCC
1717514631.3822942,232,4.9,14.1,DEV_TO_OCC
1717514632.4069235,232,4.1,14.1,DEV_TO_OCC
1717514632.407877,232,50.0,14.1,DEV_TO_OCC
1717514633.3303273,232,4.6,14.1,DEV_TO_OCC
1717514633.3314433,232,66.7,14.1,DEV_TO_OCC
1717514634.2501097,232,3.0,14.1,DEV_TO_OCC
1717514634.3296928,232,7.4,14.1,DEV_TO_OCC
1717514635.171659,232,3.2,14.1,DEV_TO_OCC
1717514635.3762553,232,2.9,14.1,DEV_TO_OCC
1717514636.400483,232,2.5,14.1,DEV_TO_OCC
1717514636.4015322,232,0.0,14.1,DEV_TO_OCC
1717514637.3218138,232,3.8,14.1,DEV_TO_OCC
1717514637.3283453,232,25.0,14.1,DEV_TO_OCC
1717514638.243944,232,3.9,14.1,DEV_TO_OCC
1717514638.3316803,232,8.4,14.1,DEV_TO_OCC
1717514639.165262,232,3.1,14.1,DEV_TO_OCC
1717514639.369649,232,4.9,14.1,DEV_TO_OCC
1717514640.1889153,232,3.8,14.1,DEV_TO_OCC
1717514640.3939886,232,4.5,14.1,DEV_TO_OCC
1717514640.4597342,338,9.0,14.1,OCC_TO_CU
1717514640.460727,338,0.0,14.1,OCC_TO_CU
1717514640.461555,338,0.0,14.1,OCC_TO_CU
1717514640.46235,338,0.0,14.1,OCC_TO_CU
1717514641.315698,232,11.5,14.1,DEV_TO_OCC
1717514641.3302417,232,17.6,14.1,DEV_TO_OCC
1717514642.2372873,232,4.0,14.1,DEV_TO_OCC
1717514642.334252,232,6.9,14.1,DEV_TO_OCC
1717514643.4664881,232,3.4,14.1,DEV_TO_OCC
1717514643.4675107,232,100.0,14.1,DEV_TO_OCC
1717514644.2447565,232,3.0,14.1,DEV_TO_OCC
1717514644.3398485,232,7.8,14.1,DEV_TO_OCC
1717514645.2070053,232,3.7,14.1,DEV_TO_OCC
1717514645.4116297,232,3.3,14.1,DEV_TO_OCC
1717514646.2309651,232,3.0,14.1,DEV_TO_OCC
1717514646.444307,232,4.7,14.1,DEV_TO_OCC
1717514647.4599242,232,3.6,14.1,DEV_TO_OCC
1717514647.460771,232,0.0,14.1,DEV_TO_OCC
1717514648.381534,232,6.0,14.1,DEV_TO_OCC
1717514648.3823342,232,0.0,14.1,DEV_TO_OCC
1717514649.3033245,232,3.6,14.1,DEV_TO_OCC
1717514649.365755,232,7.9,14.1,DEV_TO_OCC
1717514650.224806,232,3.0,14.2,DEV_TO_OCC
1717514650.4453323,232,4.2,14.2,DEV_TO_OCC
1717514650.4721959,338,23.5,14.2,OCC_TO_CU
1717514650.4733253,338,0.0,14.2,OCC_TO_CU
1717514650.4743023,338,0.0,14.2,OCC_TO_CU
1717514650.4754372,338,100.0,14.2,OCC_TO_CU
1717514651.4537957,232,3.7,14.2,DEV_TO_OCC
1717514651.4548485,232,0.0,14.2,DEV_TO_OCC
1717514652.3752122,232,4.5,14.2,DEV_TO_OCC
1717514652.3762968,232,0.0,14.2,DEV_TO_OCC
1717514653.2969265,232,3.8,14.2,DEV_TO_OCC
1717514653.357906,232,40.5,14.1,DEV_TO_OCC
1717514654.2182221,232,2.8,14.1,DEV_TO_OCC
1717514654.42853,232,5.1,14.1,DEV_TO_OCC
1717514655.4477232,232,3.5,14.1,DEV_TO_OCC
1717514655.4485679,232,0.0,14.1,DEV_TO_OCC
1717514656.369007,232,3.0,14.1,DEV_TO_OCC
1717514656.3700068,232,0.0,14.1,DEV_TO_OCC
1717514657.290711,232,3.8,14.1,DEV_TO_OCC
1717514657.3522282,232,6.9,14.1,DEV_TO_OCC
1717514658.2121918,232,4.3,14.1,DEV_TO_OCC
1717514658.4165792,232,3.3,14.1,DEV_TO_OCC
1717514659.4410357,232,2.8,14.1,DEV_TO_OCC
1717514659.4420836,232,0.0,14.1,DEV_TO_OCC
1717514660.2599492,232,3.0,14.2,DEV_TO_OCC
1717514660.3465576,232,7.6,14.2,DEV_TO_OCC
1717514660.4839692,338,22.6,14.1,OCC_TO_CU
1717514660.484879,338,0.0,14.1,OCC_TO_CU
1717514660.486851,338,0.0,14.1,OCC_TO_CU
1717514660.4878674,338,75.0,14.1,OCC_TO_CU
1717514661.2843034,232,4.1,14.1,DEV_TO_OCC
1717514661.3503408,232,5.2,14.1,DEV_TO_OCC
1717514662.238022,232,4.0,14.1,DEV_TO_OCC
1717514662.4102066,232,4.9,14.1,DEV_TO_OCC
1717514663.436976,232,3.4,14.1,DEV_TO_OCC
1717514663.4381473,232,0.0,14.1,DEV_TO_OCC
1717514664.3588223,232,3.8,14.1,DEV_TO_OCC
1717514664.360119,232,50.0,14.1,DEV_TO_OCC
1717514665.277956,232,3.4,14.1,DEV_TO_OCC
1717514665.3506076,232,6.9,14.1,DEV_TO_OCC
1717514666.1997685,232,3.8,14.1,DEV_TO_OCC
1717514666.4081068,232,3.6,14.1,DEV_TO_OCC
1717514667.4284303,232,3.9,14.1,DEV_TO_OCC
1717514667.4295866,232,0.0,14.1,DEV_TO_OCC
1717514668.350214,232,3.8,14.1,DEV_TO_OCC
1717514668.3554928,232,37.5,14.1,DEV_TO_OCC
1717514669.2713556,232,5.1,14.1,DEV_TO_OCC
1717514669.3542106,232,4.1,14.1,DEV_TO_OCC
1717514670.1949158,232,3.5,14.1,DEV_TO_OCC
1717514670.3978996,232,4.9,14.1,DEV_TO_OCC
1717514670.4988887,338,8.2,14.2,OCC_TO_CU
1717514670.500017,338,66.7,14.2,OCC_TO_CU
1717514670.5008965,338,0.0,14.2,OCC_TO_CU
1717514670.5016944,338,0.0,14.2,OCC_TO_CU
1717514671.422059,232,3.3,14.2,DEV_TO_OCC
1717514671.4229827,232,0.0,14.2,DEV_TO_OCC
1717514672.3438575,232,4.4,14.2,DEV_TO_OCC
1717514672.3571901,232,13.3,14.2,DEV_TO_OCC
1717514673.2741425,232,4.3,14.2,DEV_TO_OCC
1717514673.3547552,232,64.4,14.2,DEV_TO_OCC
1717514674.1870975,232,4.3,14.1,DEV_TO_OCC
1717514674.494024,232,3.8,14.1,DEV_TO_OCC
1717514675.2108474,232,3.7,14.1,DEV_TO_OCC
1717514675.415567,232,4.9,14.1,DEV_TO_OCC
1717514676.338236,232,3.0,14.1,DEV_TO_OCC
1717514676.3570888,232,21.7,14.1,DEV_TO_OCC
1717514677.25913,232,4.3,14.1,DEV_TO_OCC
1717514677.4664516,232,4.0,14.1,DEV_TO_OCC
1717514678.6164203,232,2.9,14.1,DEV_TO_OCC
1717514678.617318,232,0.0,14.1,DEV_TO_OCC
1717514679.4096417,232,3.4,14.1,DEV_TO_OCC
1717514679.410597,232,0.0,14.1,DEV_TO_OCC
1717514680.3313105,232,4.1,14.1,DEV_TO_OCC
1717514680.3652356,232,16.7,14.1,DEV_TO_OCC
1717514680.5128756,338,5.7,14.1,OCC_TO_CU
1717514680.5137427,338,0.0,14.1,OCC_TO_CU
1717514680.5145507,338,0.0,14.1,OCC_TO_CU
1717514680.5154457,338,100.0,14.1,OCC_TO_CU
1717514681.2527816,232,5.4,14.1,DEV_TO_OCC
1717514681.3677306,232,7.2,14.1,DEV_TO_OCC
1717514682.4817512,232,3.6,14.1,DEV_TO_OCC
1717514682.4826539,232,0.0,14.1,DEV_TO_OCC
1717514683.4032567,232,3.6,14.1,DEV_TO_OCC
1717514683.4041843,232,0.0,14.1,DEV_TO_OCC
1717514684.2221072,232,3.6,14.1,DEV_TO_OCC
1717514684.4326727,232,5.9,14.1,DEV_TO_OCC
1717514685.246484,232,3.6,14.1,DEV_TO_OCC
1717514685.4508371,232,11.2,14.1,DEV_TO_OCC
1717514686.4774466,232,3.2,14.1,DEV_TO_OCC
1717514686.478616,232,0.0,14.1,DEV_TO_OCC
1717514687.5061383,232,3.7,14.1,DEV_TO_OCC
1717514687.5070715,232,0.0,14.1,DEV_TO_OCC
1717514688.3206046,232,5.5,14.1,DEV_TO_OCC
1717514688.3794646,232,11.0,14.1,DEV_TO_OCC
1717514689.5525768,232,2.8,14.1,DEV_TO_OCC
1717514689.55359,232,0.0,14.1,DEV_TO_OCC
1717514690.2671757,232,5.0,14.1,DEV_TO_OCC
1717514690.470927,232,3.3,14.1,DEV_TO_OCC
1717514690.523749,338,5.0,14.1,OCC_TO_CU
1717514690.52469,338,0.0,14.1,OCC_TO_CU
1717514690.525651,338,0.0,14.1,OCC_TO_CU
1717514690.5266438,338,0.0,14.1,OCC_TO_CU
1717514691.3928223,232,4.5,14.1,DEV_TO_OCC
1717514691.3940165,232,0.0,14.1,DEV_TO_OCC
1717514692.3164246,232,3.7,14.1,DEV_TO_OCC
1717514692.3784904,232,9.3,14.1,DEV_TO_OCC
1717514693.2354093,232,4.6,14.1,DEV_TO_OCC
1717514693.4398313,232,2.5,14.1,DEV_TO_OCC
1717514694.4636438,232,3.2,14.1,DEV_TO_OCC
1717514694.4644961,232,0.0,14.1,DEV_TO_OCC
1717514695.384552,232,5.3,14.1,DEV_TO_OCC
1717514695.3854346,232,0.0,14.1,DEV_TO_OCC
1717514696.3059378,232,3.8,14.1,DEV_TO_OCC
1717514696.3820355,232,22.2,14.1,DEV_TO_OCC
1717514697.2283933,232,4.4,14.1,DEV_TO_OCC
1717514697.4321578,232,4.1,14.1,DEV_TO_OCC
1717514698.4564505,232,4.2,14.1,DEV_TO_OCC
1717514698.4574044,232,0.0,14.1,DEV_TO_OCC
1717514699.3848138,232,2.9,14.1,DEV_TO_OCC
1717514699.3861012,232,0.0,14.1,DEV_TO_OCC
1717514700.301064,232,3.0,14.1,DEV_TO_OCC
1717514700.3790781,232,5.4,14.1,DEV_TO_OCC
1717514700.5360038,338,6.4,14.1,OCC_TO_CU
1717514700.5370429,338,0.0,14.1,OCC_TO_CU
1717514700.5379746,338,0.0,14.1,OCC_TO_CU
1717514700.5388336,338,0.0,14.1,OCC_TO_CU
1717514701.2212632,232,4.7,14.1,DEV_TO_OCC
1717514701.435109,232,4.7,14.1,DEV_TO_OCC
1717514702.4501786,232,3.9,14.1,DEV_TO_OCC
1717514702.4510784,232,0.0,14.1,DEV_TO_OCC
1717514703.3719022,232,3.8,14.1,DEV_TO_OCC
1717514703.3817549,232,25.0,14.1,DEV_TO_OCC
1717514704.2934022,232,3.4,14.1,DEV_TO_OCC
1717514704.3835993,232,7.3,14.1,DEV_TO_OCC
1717514705.216741,232,3.3,14.1,DEV_TO_OCC
1717514705.4196882,232,4.5,14.1,DEV_TO_OCC
1717514706.4440935,232,3.1,14.1,DEV_TO_OCC
1717514706.4450028,232,0.0,14.1,DEV_TO_OCC
1717514707.3654792,232,4.6,14.1,DEV_TO_OCC
1717514707.3849902,232,20.0,14.1,DEV_TO_OCC
1717514708.2874122,232,4.1,14.1,DEV_TO_OCC
1717514708.385289,232,3.5,14.1,DEV_TO_OCC
1717514709.516092,232,3.2,14.1,DEV_TO_OCC
1717514709.5171015,232,0.0,14.1,DEV_TO_OCC
1717514710.438924,232,2.9,14.2,DEV_TO_OCC
1717514710.439887,232,100.0,14.2,DEV_TO_OCC
1717514710.5479019,338,10.6,14.2,OCC_TO_CU
1717514710.5488496,338,0.0,14.2,OCC_TO_CU
1717514710.5497394,338,0.0,14.2,OCC_TO_CU
1717514710.550615,338,0.0,14.2,OCC_TO_CU
1717514711.3589327,232,5.0,14.2,DEV_TO_OCC
1717514711.3909564,232,10.5,14.2,DEV_TO_OCC
1717514712.2806082,232,4.2,14.2,DEV_TO_OCC
1717514712.485559,232,4.9,14.2,DEV_TO_OCC
1717514713.5098288,232,3.4,14.2,DEV_TO_OCC
1717514713.510854,232,0.0,14.2,DEV_TO_OCC
1717514714.4315522,232,3.4,14.2,DEV_TO_OCC
1717514714.4324503,232,0.0,14.2,DEV_TO_OCC
1717514715.3601375,232,3.2,14.2,DEV_TO_OCC
1717514715.3916767,232,66.7,14.2,DEV_TO_OCC
1717514716.2743814,232,3.7,14.1,DEV_TO_OCC
1717514716.479146,232,4.5,14.1,DEV_TO_OCC
1717514717.5035655,232,3.8,14.1,DEV_TO_OCC
1717514717.5048065,232,0.0,14.1,DEV_TO_OCC
1717514718.4252787,232,4.1,14.1,DEV_TO_OCC
1717514718.4262202,232,0.0,14.1,DEV_TO_OCC
1717514719.3467047,232,3.3,14.1,DEV_TO_OCC
1717514719.3940294,232,10.2,14.1,DEV_TO_OCC
1717514720.2680576,232,2.9,14.1,DEV_TO_OCC
1717514720.5159895,232,3.4,14.1,DEV_TO_OCC
1717514720.5597694,338,17.0,14.1,OCC_TO_CU
1717514720.5608737,338,0.0,14.1,OCC_TO_CU
1717514720.5619674,338,0.0,14.1,OCC_TO_CU
1717514720.5630538,338,0.0,14.1,OCC_TO_CU
1717514721.292167,232,4.7,14.1,DEV_TO_OCC
1717514721.4965985,232,3.3,14.1,DEV_TO_OCC
1717514722.419013,232,4.3,14.1,DEV_TO_OCC
1717514722.419994,232,50.0,14.1,DEV_TO_OCC
1717514723.4514742,232,3.7,14.1,DEV_TO_OCC
1717514723.4523714,232,0.0,14.1,DEV_TO_OCC
1717514724.2625105,232,3.3,14.1,DEV_TO_OCC
1717514724.466559,232,3.7,14.1,DEV_TO_OCC
1717514725.4921448,232,5.0,14.1,DEV_TO_OCC
1717514725.4930341,232,0.0,14.1,DEV_TO_OCC
1717514726.4123957,232,2.7,14.1,DEV_TO_OCC
1717514726.4133353,232,0.0,14.1,DEV_TO_OCC
1717514727.3340473,232,6.4,14.1,DEV_TO_OCC
1717514727.4084768,232,9.8,14.1,DEV_TO_OCC
1717514728.255536,232,4.0,14.1,DEV_TO_OCC
1717514728.4608743,232,2.9,14.1,DEV_TO_OCC
1717514729.2795067,232,2.8,14.1,DEV_TO_OCC
1717514729.4853132,232,3.7,14.1,DEV_TO_OCC
1717514730.2367332,232,3.2,14.1,DEV_TO_OCC
1717514730.5082426,232,4.3,14.1,DEV_TO_OCC
1717514730.5658257,338,11.8,14.1,OCC_TO_CU
1717514730.5670407,338,0.0,14.1,OCC_TO_CU
1717514730.568285,338,100.0,14.1,OCC_TO_CU
1717514730.5694947,338,0.0,14.1,OCC_TO_CU
1717514731.5361698,232,4.3,14.1,DEV_TO_OCC
1717514732.238318,232,4.5,14.1,DEV_TO_OCC
1717514732.45386,232,5.3,14.1,DEV_TO_OCC
1717514733.2403276,232,3.8,14.1,DEV_TO_OCC
1717514733.4781048,232,2.5,14.1,DEV_TO_OCC
1717514734.399909,232,3.3,14.1,DEV_TO_OCC
1717514734.4034238,232,40.0,14.1,DEV_TO_OCC
1717514735.4280884,232,3.0,14.1,DEV_TO_OCC
1717514735.4289913,232,0.0,14.1,DEV_TO_OCC
1717514736.2428777,232,5.5,14.1,DEV_TO_OCC
1717514736.4474857,232,4.5,14.1,DEV_TO_OCC
1717514737.4721303,232,3.6,14.1,DEV_TO_OCC
1717514737.4730551,232,0.0,14.1,DEV_TO_OCC
1717514738.2910433,232,4.1,14.1,DEV_TO_OCC
1717514738.5031843,232,4.0,14.1,DEV_TO_OCC
1717514739.317718,232,2.7,14.1,DEV_TO_OCC
1717514739.4079492,232,7.3,14.1,DEV_TO_OCC
1717514740.5440807,232,2.9,14.1,DEV_TO_OCC
1717514740.545158,232,0.0,14.1,DEV_TO_OCC
1717514740.5797553,338,22.7,14.1,OCC_TO_CU
1717514740.5806713,338,0.0,14.1,OCC_TO_CU
1717514740.5817418,338,0.0,14.1,OCC_TO_CU
1717514740.5827384,338,0.0,14.1,OCC_TO_CU
1717514741.465696,232,4.4,14.1,DEV_TO_OCC
1717514741.466741,232,0.0,14.1,DEV_TO_OCC
1717514742.3874736,232,4.6,14.2,DEV_TO_OCC
1717514742.4120548,232,16.7,14.2,DEV_TO_OCC
1717514743.3088095,232,10.7,14.1,DEV_TO_OCC
1717514743.5133123,232,5.3,14.1,DEV_TO_OCC
1717514744.5378084,232,3.3,14.1,DEV_TO_OCC
1717514744.5389926,232,0.0,14.1,DEV_TO_OCC
1717514745.4600208,232,3.8,14.1,DEV_TO_OCC
1717514745.4609988,232,0.0,14.1,DEV_TO_OCC
1717514746.384003,232,3.2,14.1,DEV_TO_OCC
1717514746.4829824,232,6.7,14.1,DEV_TO_OCC
1717514747.3025875,232,4.3,14.1,DEV_TO_OCC
1717514747.507811,232,4.8,14.1,DEV_TO_OCC
1717514748.6399388,232,3.4,14.1,DEV_TO_OCC
1717514748.6411138,232,0.0,14.1,DEV_TO_OCC
1717514749.4530885,232,4.0,14.1,DEV_TO_OCC
1717514749.4541292,232,0.0,14.1,DEV_TO_OCC
1717514750.3747108,232,3.5,14.1,DEV_TO_OCC
1717514750.4148958,232,16.0,14.1,DEV_TO_OCC
1717514750.5917974,338,4.8,14.1,OCC_TO_CU
1717514750.592929,338,0.0,14.1,OCC_TO_CU
1717514750.5940688,338,0.0,14.1,OCC_TO_CU
1717514750.5952077,338,75.0,14.1,OCC_TO_CU
1717514751.3070004,232,4.6,14.1,DEV_TO_OCC
1717514751.5012453,232,5.1,14.1,DEV_TO_OCC
1717514752.553533,232,4.1,14.1,DEV_TO_OCC
1717514752.5546837,232,0.0,14.1,DEV_TO_OCC
1717514753.4466555,232,5.2,14.1,DEV_TO_OCC
1717514753.4477592,232,66.7,14.1,DEV_TO_OCC
1717514754.3682096,232,4.1,14.1,DEV_TO_OCC
1717514754.4225695,232,4.8,14.1,DEV_TO_OCC
1717514755.2902732,232,3.5,14.1,DEV_TO_OCC
1717514755.4946723,232,4.9,14.1,DEV_TO_OCC
1717514756.631705,232,3.3,14.1,DEV_TO_OCC
1717514756.6321642,232,0.0,14.1,DEV_TO_OCC
1717514757.4403064,232,5.1,14.1,DEV_TO_OCC
1717514757.441174,232,0.0,14.1,DEV_TO_OCC
1717514758.3619838,232,4.5,14.1,DEV_TO_OCC
1717514758.429539,232,6.2,14.1,DEV_TO_OCC
1717514759.283856,232,3.1,14.1,DEV_TO_OCC
1717514759.488039,232,3.7,14.1,DEV_TO_OCC
1717514760.3085809,232,3.9,14.1,DEV_TO_OCC
1717514760.5130525,232,4.5,14.1,DEV_TO_OCC
1717514760.6069381,338,7.2,14.1,OCC_TO_CU
1717514760.608149,338,50.0,14.1,OCC_TO_CU
1717514760.6092837,338,0.0,14.1,OCC_TO_CU
1717514760.6103814,338,0.0,14.1,OCC_TO_CU
1717514761.4533882,232,4.3,14.1,DEV_TO_OCC
1717514761.5095608,232,10.1,14.1,DEV_TO_OCC
1717514762.3557324,232,4.5,14.1,DEV_TO_OCC
1717514762.4307218,232,6.7,14.1,DEV_TO_OCC
1717514763.2771654,232,4.6,14.1,DEV_TO_OCC
1717514763.481789,232,4.5,14.1,DEV_TO_OCC
1717514764.5062191,232,3.2,14.1,DEV_TO_OCC
1717514764.507377,232,80.0,14.1,DEV_TO_OCC
1717514765.530241,232,3.0,14.1,DEV_TO_OCC
1717514765.5313687,232,50.0,14.1,DEV_TO_OCC
1717514766.3197434,232,2.8,14.1,DEV_TO_OCC
1717514766.451447,232,6.8,14.1,DEV_TO_OCC
1717514767.2713835,232,4.2,14.1,DEV_TO_OCC
1717514767.4776285,232,3.3,14.1,DEV_TO_OCC
1717514768.4998841,232,3.6,14.1,DEV_TO_OCC
1717514768.5008578,232,0.0,14.1,DEV_TO_OCC
1717514769.318923,232,2.9,14.1,DEV_TO_OCC
1717514769.5237236,232,5.6,14.1,DEV_TO_OCC
1717514770.3435047,232,3.2,14.1,DEV_TO_OCC
1717514770.4325864,232,5.7,14.1,DEV_TO_OCC
1717514770.6215665,338,4.9,14.1,OCC_TO_CU
1717514770.6224952,338,0.0,14.1,OCC_TO_CU
1717514770.6235123,338,100.0,14.1,OCC_TO_CU
1717514770.624623,338,0.0,14.1,OCC_TO_CU
1717514771.579377,232,4.0,14.1,DEV_TO_OCC
1717514771.5803814,232,0.0,14.1,DEV_TO_OCC
1717514772.4936347,232,4.3,14.1,DEV_TO_OCC
1717514772.4947197,232,0.0,14.1,DEV_TO_OCC
1717514773.4166727,232,6.2,14.1,DEV_TO_OCC
1717514773.434563,232,21.7,14.1,DEV_TO_OCC
1717514774.2518413,232,3.4,14.1,DEV_TO_OCC
1717514774.5413654,232,4.6,14.1,DEV_TO_OCC
1717514775.5658567,232,3.0,14.1,DEV_TO_OCC
1717514775.5668213,232,0.0,14.1,DEV_TO_OCC
1717514776.4936144,232,3.2,14.1,DEV_TO_OCC
1717514776.4944677,232,0.0,14.1,DEV_TO_OCC
1717514777.5119762,232,3.9,14.1,DEV_TO_OCC
1717514777.5128968,232,0.0,14.1,DEV_TO_OCC
1717514778.3311388,232,3.6,14.1,DEV_TO_OCC
1717514778.5348766,232,3.7,14.1,DEV_TO_OCC
1717514779.25664,232,3.2,14.1,DEV_TO_OCC
1717514779.4565752,232,4.2,14.1,DEV_TO_OCC
1717514780.2574341,232,3.3,14.1,DEV_TO_OCC
1717514780.481833,232,5.5,14.1,DEV_TO_OCC
1717514780.636028,338,4.4,14.1,OCC_TO_CU
1717514780.6370778,338,0.0,14.1,OCC_TO_CU
1717514780.6389892,338,0.0,14.1,OCC_TO_CU
1717514780.6400766,338,100.0,14.1,OCC_TO_CU
1717514781.4025733,232,6.7,14.1,DEV_TO_OCC
1717514781.4420652,232,6.4,14.1,DEV_TO_OCC
1717514782.324248,232,3.5,14.1,DEV_TO_OCC
1717514782.5288324,232,3.7,14.1,DEV_TO_OCC
1717514783.5533898,232,3.9,14.1,DEV_TO_OCC
1717514783.5543158,232,0.0,14.1,DEV_TO_OCC
1717514784.4748862,232,3.3,14.1,DEV_TO_OCC
1717514784.476135,232,66.7,14.1,DEV_TO_OCC
1717514785.2938802,232,3.8,14.1,DEV_TO_OCC
1717514785.4986532,232,4.9,14.1,DEV_TO_OCC
1717514786.3180377,232,3.5,14.1,DEV_TO_OCC
1717514786.5225263,232,6.4,14.1,DEV_TO_OCC
1717514787.5470543,232,3.6,14.1,DEV_TO_OCC
1717514787.548271,232,50.0,14.1,DEV_TO_OCC
1717514788.46848,232,4.5,14.1,DEV_TO_OCC
1717514788.4693263,232,0.0,14.1,DEV_TO_OCC
1717514789.3901558,232,3.4,14.1,DEV_TO_OCC
1717514789.4589767,232,10.6,14.1,DEV_TO_OCC
1717514790.3115044,232,3.5,14.1,DEV_TO_OCC
1717514790.516126,232,3.7,14.1,DEV_TO_OCC
1717514790.64783,338,8.2,14.1,OCC_TO_CU
1717514790.6491172,338,0.0,14.1,OCC_TO_CU
1717514790.6503532,338,0.0,14.1,OCC_TO_CU
1717514790.6516137,338,80.0,14.1,OCC_TO_CU
1717514791.6439116,232,7.9,14.1,DEV_TO_OCC
1717514791.6449842,232,0.0,14.1,DEV_TO_OCC
1717514792.462215,232,3.0,14.1,DEV_TO_OCC
1717514792.4633694,232,66.7,14.1,DEV_TO_OCC
1717514793.3880148,232,3.3,14.1,DEV_TO_OCC
1717514793.450843,232,5.4,14.1,DEV_TO_OCC
1717514794.3053248,232,3.1,14.1,DEV_TO_OCC
1717514794.5098913,232,4.5,14.1,DEV_TO_OCC
1717514795.5344071,232,3.6,14.1,DEV_TO_OCC
1717514795.5355577,232,66.7,14.1,DEV_TO_OCC
1717514796.4560647,232,5.1,14.1,DEV_TO_OCC
1717514796.4573166,232,0.0,14.1,DEV_TO_OCC
1717514797.3801303,232,4.1,14.1,DEV_TO_OCC
1717514797.4560163,232,7.7,14.1,DEV_TO_OCC
1717514798.2990863,232,4.2,14.1,DEV_TO_OCC
1717514798.5035772,232,4.5,14.1,DEV_TO_OCC
1717514799.5288844,232,2.9,14.1,DEV_TO_OCC
1717514799.5298102,232,0.0,14.1,DEV_TO_OCC
1717514800.4496143,232,3.6,14.1,DEV_TO_OCC
1717514800.453412,232,25.0,14.1,DEV_TO_OCC
1717514800.659752,338,5.2,14.1,OCC_TO_CU
1717514800.6606371,338,0.0,14.1,OCC_TO_CU
1717514800.661665,338,0.0,14.1,OCC_TO_CU
1717514800.6626894,338,0.0,14.1,OCC_TO_CU
1717514801.3713396,232,7.6,14.1,DEV_TO_OCC
1717514801.4539888,232,5.2,14.1,DEV_TO_OCC
1717514802.2945564,232,3.6,14.1,DEV_TO_OCC
1717514802.4972749,232,4.1,14.1,DEV_TO_OCC
1717514803.5226595,232,3.6,14.1,DEV_TO_OCC
1717514803.5237298,232,50.0,14.1,DEV_TO_OCC
1717514804.4430811,232,3.0,14.1,DEV_TO_OCC
1717514804.4559608,232,18.8,14.1,DEV_TO_OCC
1717514805.3647776,232,3.8,14.1,DEV_TO_OCC
1717514805.4571888,232,5.4,14.1,DEV_TO_OCC
1717514806.5938628,232,3.0,14.1,DEV_TO_OCC
1717514806.594906,232,0.0,14.1,DEV_TO_OCC
1717514807.5150726,232,3.1,14.1,DEV_TO_OCC
1717514807.5160797,232,0.0,14.1,DEV_TO_OCC
1717514808.441796,232,3.5,14.1,DEV_TO_OCC
1717514808.4562542,232,27.8,14.1,DEV_TO_OCC
1717514809.3586192,232,4.5,14.1,DEV_TO_OCC
1717514809.4603293,232,8.8,14.1,DEV_TO_OCC
1717514810.587384,232,3.0,14.1,DEV_TO_OCC
1717514810.5884974,232,0.0,14.1,DEV_TO_OCC
1717514810.671734,338,9.0,14.1,OCC_TO_CU
1717514810.6728935,338,0.0,14.1,OCC_TO_CU
1717514810.673909,338,0.0,14.1,OCC_TO_CU
1717514810.6748946,338,0.0,14.1,OCC_TO_CU
1717514811.508897,232,4.3,14.1,DEV_TO_OCC
1717514811.5098093,232,0.0,14.1,DEV_TO_OCC
1717514812.3281076,232,3.8,14.1,DEV_TO_OCC
1717514812.532488,232,3.3,14.1,DEV_TO_OCC
1717514813.3541734,232,4.9,14.1,DEV_TO_OCC
1717514813.5564482,232,6.5,14.1,DEV_TO_OCC
1717514814.5835483,232,8.2,14.1,DEV_TO_OCC
1717514814.5844808,232,0.0,14.1,DEV_TO_OCC
1717514815.502592,232,3.6,14.1,DEV_TO_OCC
1717514815.5037813,232,50.0,14.1,DEV_TO_OCC
1717514816.4257607,232,3.6,14.1,DEV_TO_OCC
1717514816.4646652,232,14.3,14.1,DEV_TO_OCC
1717514817.346355,232,3.7,14.1,DEV_TO_OCC
1717514817.5505693,232,4.5,14.1,DEV_TO_OCC
1717514818.5801287,232,3.4,14.1,DEV_TO_OCC
1717514818.5815554,232,0.0,14.1,DEV_TO_OCC
1717514819.4962428,232,3.7,14.1,DEV_TO_OCC
1717514819.4973867,232,0.0,14.1,DEV_TO_OCC
1717514820.3154178,232,3.9,14.1,DEV_TO_OCC
1717514820.5218709,232,3.7,14.1,DEV_TO_OCC
1717514820.6862285,338,7.1,14.1,OCC_TO_CU
1717514820.6871755,338,0.0,14.1,OCC_TO_CU
1717514820.688077,338,100.0,14.1,OCC_TO_CU
1717514820.6888893,338,0.0,14.1,OCC_TO_CU
1717514821.3408794,232,4.9,14.1,DEV_TO_OCC
1717514821.544153,232,4.1,14.1,DEV_TO_OCC
1717514822.5683653,232,3.7,14.1,DEV_TO_OCC
1717514822.5692778,232,0.0,14.1,DEV_TO_OCC
1717514823.4979806,232,4.1,14.1,DEV_TO_OCC
1717514823.5350866,232,13.3,14.1,DEV_TO_OCC
1717514824.411691,232,3.2,14.1,DEV_TO_OCC
1717514824.4777577,232,7.7,14.1,DEV_TO_OCC
1717514825.3331714,232,3.5,14.1,DEV_TO_OCC
1717514825.538629,232,4.5,14.1,DEV_TO_OCC
1717514826.5618773,232,2.8,14.1,DEV_TO_OCC
1717514826.5627153,232,0.0,14.1,DEV_TO_OCC
1717514827.2923627,232,4.5,14.1,DEV_TO_OCC
1717514827.586936,232,3.7,14.1,DEV_TO_OCC
1717514828.413399,232,4.7,14.1,DEV_TO_OCC
1717514828.473001,232,5.7,14.1,DEV_TO_OCC
1717514829.3279767,232,3.8,14.1,DEV_TO_OCC
1717514829.5314891,232,3.7,14.1,DEV_TO_OCC
1717514830.5561252,232,3.6,14.1,DEV_TO_OCC
1717514830.5570369,232,0.0,14.1,DEV_TO_OCC
1717514830.6999784,338,6.4,14.1,OCC_TO_CU
1717514830.7011077,338,0.0,14.1,OCC_TO_CU
1717514830.7020857,338,0.0,14.1,OCC_TO_CU
1717514830.703096,338,0.0,14.1,OCC_TO_CU
1717514831.4777777,232,6.6,14.1,DEV_TO_OCC
1717514831.478695,232,0.0,14.1,DEV_TO_OCC
1717514832.399048,232,4.3,14.1,DEV_TO_OCC
1717514832.4765162,232,10.5,14.1,DEV_TO_OCC
1717514833.3207707,232,4.3,14.1,DEV_TO_OCC
1717514833.525164,232,4.5,14.1,DEV_TO_OCC
1717514834.549828,232,2.9,14.1,DEV_TO_OCC
1717514834.5509524,232,0.0,14.1,DEV_TO_OCC
1717514835.4714043,232,3.0,14.1,DEV_TO_OCC
1717514835.4790487,232,12.5,14.1,DEV_TO_OCC
1717514836.400278,232,3.5,14.1,DEV_TO_OCC
1717514836.4795277,232,9.4,14.1,DEV_TO_OCC
1717514837.3219314,232,3.6,14.1,DEV_TO_OCC
1717514837.5250924,232,5.3,14.1,DEV_TO_OCC
1717514838.5433462,232,5.8,14.1,DEV_TO_OCC
1717514838.5442579,232,0.0,14.1,DEV_TO_OCC
1717514839.4649143,232,2.7,14.1,DEV_TO_OCC
1717514839.4814856,232,15.8,14.1,DEV_TO_OCC
1717514840.386617,232,4.0,14.1,DEV_TO_OCC
1717514840.481603,232,9.3,14.1,DEV_TO_OCC
1717514840.7117696,338,3.6,14.1,OCC_TO_CU
1717514840.7127542,338,0.0,14.1,OCC_TO_CU
1717514840.7136912,338,0.0,14.1,OCC_TO_CU
1717514840.7146184,338,0.0,14.1,OCC_TO_CU
1717514841.615515,232,4.1,14.1,DEV_TO_OCC
1717514841.6166642,232,0.0,14.1,DEV_TO_OCC
1717514842.54819,232,3.8,14.1,DEV_TO_OCC
1717514842.549132,232,0.0,14.1,DEV_TO_OCC
1717514843.3583152,232,4.6,14.1,DEV_TO_OCC
1717514843.564026,232,4.5,14.1,DEV_TO_OCC
1717514844.382617,232,3.2,14.1,DEV_TO_OCC
1717514844.5869608,232,12.2,14.1,DEV_TO_OCC
1717514845.6119452,232,3.3,14.1,DEV_TO_OCC
1717514845.6129634,232,0.0,14.1,DEV_TO_OCC
1717514846.5333898,232,3.1,14.1,DEV_TO_OCC
1717514846.5343723,232,0.0,14.1,DEV_TO_OCC
1717514847.4547193,232,4.3,14.1,DEV_TO_OCC
1717514847.5310328,232,8.6,14.1,DEV_TO_OCC
1717514848.3761108,232,4.3,14.1,DEV_TO_OCC
1717514848.5805058,232,2.9,14.1,DEV_TO_OCC
1717514849.6058064,232,2.8,14.1,DEV_TO_OCC
1717514849.606727,232,0.0,14.1,DEV_TO_OCC
1717514850.423374,232,3.6,14.1,DEV_TO_OCC
1717514850.488043,232,6.6,14.1,DEV_TO_OCC
1717514850.7238877,338,4.6,14.1,OCC_TO_CU
1717514850.7250156,338,0.0,14.1,OCC_TO_CU
1717514850.7260036,338,0.0,14.1,OCC_TO_CU
1717514850.7270744,338,0.0,14.1,OCC_TO_CU
1717514851.343511,232,4.4,14.1,DEV_TO_OCC
1717514851.5505216,232,5.6,14.1,DEV_TO_OCC
1717514852.367758,232,3.8,14.1,DEV_TO_OCC
1717514852.5720048,232,4.5,14.1,DEV_TO_OCC
1717514853.391468,232,4.7,14.1,DEV_TO_OCC
1717514853.4904318,232,5.9,14.1,DEV_TO_OCC
1717514854.518314,232,3.1,14.1,DEV_TO_OCC
1717514854.519517,232,50.0,14.1,DEV_TO_OCC
1717514855.4395416,232,3.5,14.1,DEV_TO_OCC
1717514855.5010269,232,6.9,14.1,DEV_TO_OCC
1717514856.4644115,232,2.9,14.1,DEV_TO_OCC
1717514856.492497,232,17.1,14.1,DEV_TO_OCC
1717514857.5904016,232,3.5,14.1,DEV_TO_OCC
1717514857.5915625,232,100.0,14.1,DEV_TO_OCC
1717514858.4093618,232,3.8,14.1,DEV_TO_OCC
1717514858.4938705,232,7.9,14.1,DEV_TO_OCC
1717514859.4334223,232,2.8,14.1,DEV_TO_OCC
1717514859.5005932,232,11.0,14.1,DEV_TO_OCC
1717514860.3550754,232,2.9,14.1,DEV_TO_OCC
1717514860.559655,232,5.6,14.1,DEV_TO_OCC
1717514860.7383704,338,6.5,14.1,OCC_TO_CU
1717514860.7394032,338,75.0,14.1,OCC_TO_CU
1717514860.7403288,338,0.0,14.1,OCC_TO_CU
1717514860.7412176,338,0.0,14.1,OCC_TO_CU
1717514861.584115,232,8.0,14.1,DEV_TO_OCC
1717514861.5853293,232,0.0,14.1,DEV_TO_OCC
1717514862.5058346,232,3.5,14.1,DEV_TO_OCC
1717514862.506736,232,0.0,14.1,DEV_TO_OCC
1717514863.4273274,232,4.1,14.1,DEV_TO_OCC
1717514863.5008795,232,8.0,14.1,DEV_TO_OCC
1717514864.3487449,232,7.4,14.1,DEV_TO_OCC
1717514864.5533,232,4.9,14.1,DEV_TO_OCC
1717514865.577762,232,3.2,14.1,DEV_TO_OCC
1717514865.578637,232,0.0,14.1,DEV_TO_OCC
1717514866.3966959,232,5.6,14.1,DEV_TO_OCC
1717514866.503461,232,9.2,14.1,DEV_TO_OCC
1717514867.420941,232,4.4,14.1,DEV_TO_OCC
1717514867.5059302,232,6.9,14.1,DEV_TO_OCC
1717514868.3430715,232,5.2,14.1,DEV_TO_OCC
1717514868.5471401,232,3.7,14.1,DEV_TO_OCC
1717514869.3267117,232,4.0,14.1,DEV_TO_OCC
1717514869.5763254,232,4.0,14.1,DEV_TO_OCC
1717514870.7523868,338,2.4,14.1,OCC_TO_CU
1717514870.7533221,338,0.0,14.1,OCC_TO_CU
1717514870.7543063,338,0.0,14.1,OCC_TO_CU
1717514870.7553258,338,100.0,14.1,OCC_TO_CU
1717514870.795332,232,24.5,14.1,DEV_TO_OCC
1717514870.7990785,232,0.0,14.1,DEV_TO_OCC
1717514871.4181116,232,3.0,14.1,DEV_TO_OCC
1717514871.504667,232,6.7,14.1,DEV_TO_OCC
1717514872.32985,232,3.5,14.1,DEV_TO_OCC
1717514872.6468499,232,7.8,14.2,DEV_TO_OCC
1717514873.3612607,232,5.5,14.2,DEV_TO_OCC
1717514873.5643966,232,4.9,14.2,DEV_TO_OCC
1717514874.3253658,232,3.3,14.2,DEV_TO_OCC
1717514874.5887432,232,4.1,14.2,DEV_TO_OCC
1717514875.4082088,232,4.0,14.2,DEV_TO_OCC
1717514875.5067604,232,4.3,14.2,DEV_TO_OCC
1717514876.3302083,232,3.1,14.2,DEV_TO_OCC
1717514876.5342224,232,6.0,14.2,DEV_TO_OCC
1717514877.5602205,232,4.1,14.2,DEV_TO_OCC
1717514877.5611167,232,0.0,14.2,DEV_TO_OCC
1717514878.4799635,232,4.4,14.2,DEV_TO_OCC
1717514879.4016266,232,2.7,14.2,DEV_TO_OCC
1717514879.4531276,232,8.2,14.2,DEV_TO_OCC
1717514880.4277134,232,3.3,14.2,DEV_TO_OCC
1717514880.4549005,232,12.5,14.2,DEV_TO_OCC
1717514880.763902,338,4.9,14.2,OCC_TO_CU
1717514880.7649684,338,0.0,14.2,OCC_TO_CU
1717514880.7660522,338,0.0,14.2,OCC_TO_CU
1717514880.767217,338,75.0,14.2,OCC_TO_CU
1717514881.5521948,232,3.4,14.2,DEV_TO_OCC
1717514881.553068,232,0.0,14.2,DEV_TO_OCC
1717514882.4739487,232,11.6,14.1,DEV_TO_OCC
1717514882.4748523,232,0.0,14.1,DEV_TO_OCC
1717514883.3954856,232,4.4,14.1,DEV_TO_OCC
1717514883.458206,232,9.3,14.1,DEV_TO_OCC
1717514884.62441,232,3.1,14.1,DEV_TO_OCC
1717514884.6255846,232,0.0,14.1,DEV_TO_OCC
1717514885.5459797,232,3.2,14.1,DEV_TO_OCC
1717514885.5468805,232,0.0,14.1,DEV_TO_OCC
1717514886.4684901,232,5.3,14.1,DEV_TO_OCC
1717514886.4695756,232,0.0,14.1,DEV_TO_OCC
1717514887.3895183,232,4.1,14.1,DEV_TO_OCC
1717514887.4530697,232,9.1,14.1,DEV_TO_OCC
1717514888.3705893,232,4.8,14.1,DEV_TO_OCC
1717514888.4528913,232,7.1,14.1,DEV_TO_OCC
1717514889.5401967,232,3.4,14.1,DEV_TO_OCC
1717514889.5412312,232,0.0,14.1,DEV_TO_OCC
1717514890.4615438,232,3.0,14.1,DEV_TO_OCC
1717514890.4624407,232,0.0,14.1,DEV_TO_OCC
1717514890.776642,338,5.5,14.1,OCC_TO_CU
1717514890.77795,338,0.0,14.1,OCC_TO_CU
1717514890.7789884,338,0.0,14.1,OCC_TO_CU
1717514890.7800195,338,75.0,14.1,OCC_TO_CU
1717514891.383038,232,5.1,14.1,DEV_TO_OCC
1717514891.4557834,232,10.0,14.1,DEV_TO_OCC
1717514892.6121087,232,3.6,14.1,DEV_TO_OCC
1717514892.6132076,232,0.0,14.1,DEV_TO_OCC
1717514893.548964,232,4.5,14.1,DEV_TO_OCC
1717514893.5500169,232,0.0,14.1,DEV_TO_OCC
1717514894.4553964,232,4.6,14.2,DEV_TO_OCC
1717514894.4563353,232,0.0,14.2,DEV_TO_OCC
1717514895.376606,232,4.7,14.2,DEV_TO_OCC
1717514895.458905,232,6.1,14.2,DEV_TO_OCC
1717514896.6058865,232,2.8,14.2,DEV_TO_OCC
1717514896.6071842,232,75.0,14.2,DEV_TO_OCC
1717514897.5272758,232,3.3,14.2,DEV_TO_OCC
1717514897.528388,232,0.0,14.2,DEV_TO_OCC
1717514898.4494886,232,4.1,14.2,DEV_TO_OCC
1717514898.4583476,232,27.3,14.2,DEV_TO_OCC
1717514899.3705359,232,3.7,14.2,DEV_TO_OCC
1717514899.4592273,232,7.5,14.1,DEV_TO_OCC
1717514900.5997777,232,3.0,14.1,DEV_TO_OCC
1717514900.6009595,232,0.0,14.1,DEV_TO_OCC
1717514900.789464,338,4.0,14.2,OCC_TO_CU
1717514900.7904546,338,0.0,14.2,OCC_TO_CU
1717514900.791467,338,100.0,14.2,OCC_TO_CU
1717514900.7924533,338,0.0,14.2,OCC_TO_CU
1717514901.5209386,232,4.4,14.2,DEV_TO_OCC
1717514901.5218282,232,0.0,14.2,DEV_TO_OCC
1717514902.442554,232,6.1,14.1,DEV_TO_OCC
1717514902.4615803,232,24.0,14.1,DEV_TO_OCC
1717514903.3642302,232,4.5,14.1,DEV_TO_OCC
1717514903.4623787,232,3.5,14.1,DEV_TO_OCC
1717514904.3878565,232,3.3,14.1,DEV_TO_OCC
1717514904.4635818,232,6.7,14.1,DEV_TO_OCC
1717514905.5147157,232,3.5,14.1,DEV_TO_OCC
1717514905.5157173,232,66.7,14.1,DEV_TO_OCC
1717514906.4361653,232,3.3,14.1,DEV_TO_OCC
1717514906.465552,232,9.1,14.1,DEV_TO_OCC
1717514907.676841,232,3.8,14.1,DEV_TO_OCC
1717514907.6777446,232,0.0,14.1,DEV_TO_OCC
1717514908.5870104,232,5.2,14.1,DEV_TO_OCC
1717514908.5879774,232,66.7,14.1,DEV_TO_OCC
1717514909.5088427,232,2.9,14.1,DEV_TO_OCC
1717514909.509737,232,0.0,14.1,DEV_TO_OCC
1717514910.4299421,232,4.5,14.1,DEV_TO_OCC
1717514910.4962296,232,9.8,14.2,DEV_TO_OCC
1717514910.800011,338,3.1,14.2,OCC_TO_CU
1717514910.8012064,338,0.0,14.2,OCC_TO_CU
1717514910.8023431,338,0.0,14.2,OCC_TO_CU
1717514910.8034837,338,80.0,14.2,OCC_TO_CU
1717514911.6658359,232,3.2,14.2,DEV_TO_OCC
1717514911.6667473,232,0.0,14.2,DEV_TO_OCC
1717514912.5804377,232,3.8,14.1,DEV_TO_OCC
1717514912.5814013,232,0.0,14.1,DEV_TO_OCC
1717514913.5070672,232,4.2,14.2,DEV_TO_OCC
1717514913.5080223,232,66.7,14.2,DEV_TO_OCC
1717514914.4238498,232,3.4,14.2,DEV_TO_OCC
1717514914.474942,232,5.1,14.2,DEV_TO_OCC
1717514915.6529214,232,3.4,14.2,DEV_TO_OCC
1717514915.6538718,232,0.0,14.2,DEV_TO_OCC
1717514916.4834583,232,3.2,14.2,DEV_TO_OCC
1717514916.4846976,232,0.0,14.2,DEV_TO_OCC
1717514917.357661,232,3.6,14.2,DEV_TO_OCC
1717514917.4956098,232,6.5,14.2,DEV_TO_OCC
1717514918.4183686,232,3.9,14.2,DEV_TO_OCC
1717514918.4810047,232,6.8,14.2,DEV_TO_OCC
1717514919.4460413,232,3.6,14.2,DEV_TO_OCC
1717514919.4766672,232,13.5,14.2,DEV_TO_OCC
1717514920.5679395,232,3.4,14.2,DEV_TO_OCC
1717514920.5690844,232,0.0,14.2,DEV_TO_OCC
1717514920.81471,338,5.1,14.2,OCC_TO_CU
1717514920.815758,338,0.0,14.2,OCC_TO_CU
1717514920.8167698,338,0.0,14.2,OCC_TO_CU
1717514920.817821,338,0.0,14.2,OCC_TO_CU
1717514921.4896548,232,3.2,14.2,DEV_TO_OCC
1717514921.4906137,232,0.0,14.2,DEV_TO_OCC
1717514922.4112086,232,4.3,14.2,DEV_TO_OCC
1717514922.478025,232,32.9,14.2,DEV_TO_OCC
1717514923.6402028,232,3.7,14.2,DEV_TO_OCC
1717514923.64105,232,0.0,14.2,DEV_TO_OCC
1717514924.5616293,232,5.6,14.2,DEV_TO_OCC
1717514924.5625622,232,0.0,14.2,DEV_TO_OCC
1717514925.4833403,232,4.5,14.2,DEV_TO_OCC
1717514925.4845452,232,0.0,14.2,DEV_TO_OCC
1717514926.4044685,232,3.2,14.2,DEV_TO_OCC
1717514926.482537,232,5.5,14.2,DEV_TO_OCC
1717514927.748443,232,3.7,14.2,DEV_TO_OCC
1717514927.749303,232,0.0,14.2,DEV_TO_OCC
1717514928.5562155,232,4.5,14.2,DEV_TO_OCC
1717514928.5571587,232,0.0,14.2,DEV_TO_OCC
1717514929.476794,232,3.7,14.2,DEV_TO_OCC
1717514929.4959993,232,17.4,14.2,DEV_TO_OCC
1717514930.3982663,232,2.6,14.2,DEV_TO_OCC
1717514930.48344,232,10.4,14.2,DEV_TO_OCC
1717514930.8280034,338,3.9,14.2,OCC_TO_CU
1717514930.8289428,338,0.0,14.2,OCC_TO_CU
1717514930.8299162,338,0.0,14.2,OCC_TO_CU
1717514930.8308687,338,0.0,14.2,OCC_TO_CU
1717514931.627548,232,7.1,14.2,DEV_TO_OCC
1717514931.6284475,232,0.0,14.2,DEV_TO_OCC
1717514932.5492692,232,4.4,14.2,DEV_TO_OCC
1717514932.5501664,232,0.0,14.2,DEV_TO_OCC
1717514933.4709256,232,6.0,14.1,DEV_TO_OCC
1717514933.4863534,232,16.7,14.1,DEV_TO_OCC
1717514934.3923278,232,4.0,14.1,DEV_TO_OCC
1717514934.4903655,232,6.0,14.1,DEV_TO_OCC
1717514935.620942,232,3.1,14.1,DEV_TO_OCC
1717514935.6281848,232,40.0,14.1,DEV_TO_OCC
1717514936.5442772,232,3.0,14.1,DEV_TO_OCC
1717514936.6296647,232,7.9,14.1,DEV_TO_OCC
1717514937.7719405,232,3.5,14.1,DEV_TO_OCC
1717514937.7728953,232,0.0,14.1,DEV_TO_OCC
1717514938.6934192,232,4.5,14.1,DEV_TO_OCC
1717514938.6945927,232,0.0,14.1,DEV_TO_OCC
1717514939.6164377,232,3.1,14.1,DEV_TO_OCC
1717514939.6345634,232,20.0,14.1,DEV_TO_OCC
1717514940.561524,232,3.6,14.1,DEV_TO_OCC
1717514940.647752,232,7.8,14.1,DEV_TO_OCC
1717514940.842251,338,4.3,14.1,OCC_TO_CU
1717514940.8433342,338,80.0,14.1,OCC_TO_CU
1717514940.8442788,338,0.0,14.1,OCC_TO_CU
1717514940.8452744,338,0.0,14.1,OCC_TO_CU
1717514941.7652524,232,2.9,14.1,DEV_TO_OCC
1717514941.7661438,232,0.0,14.1,DEV_TO_OCC
1717514942.687125,232,4.2,14.2,DEV_TO_OCC
1717514942.6881375,232,50.0,14.2,DEV_TO_OCC
1717514943.6083562,232,4.1,14.2,DEV_TO_OCC
1717514943.6385393,232,19.4,14.2,DEV_TO_OCC
1717514944.5305042,232,3.5,14.2,DEV_TO_OCC
1717514944.7346308,232,6.5,14.2,DEV_TO_OCC
1717514945.759209,232,2.9,14.1,DEV_TO_OCC
1717514945.7602372,232,0.0,14.1,DEV_TO_OCC
1717514946.6827478,232,3.2,14.1,DEV_TO_OCC
1717514946.6838086,232,75.0,14.1,DEV_TO_OCC
1717514947.6019847,232,3.5,14.2,DEV_TO_OCC
1717514947.6403553,232,18.2,14.2,DEV_TO_OCC
1717514948.5337996,232,4.9,14.2,DEV_TO_OCC
1717514948.7283208,232,5.2,14.2,DEV_TO_OCC
1717514949.5476303,232,3.1,14.2,DEV_TO_OCC
1717514949.6382728,232,9.3,14.2,DEV_TO_OCC
1717514950.6744356,232,2.3,14.2,DEV_TO_OCC
1717514950.6753812,232,100.0,14.2,DEV_TO_OCC
1717514950.8563807,338,6.0,14.2,OCC_TO_CU
1717514950.8574076,338,0.0,14.2,OCC_TO_CU
1717514950.8582509,338,0.0,14.2,OCC_TO_CU
1717514950.8590555,338,0.0,14.2,OCC_TO_CU
1717514951.596198,232,11.4,14.1,DEV_TO_OCC
1717514951.6411624,232,16.1,14.1,DEV_TO_OCC
1717514952.517338,232,5.3,14.1,DEV_TO_OCC
1717514952.72503,232,5.2,14.1,DEV_TO_OCC
1717514953.7463357,232,3.7,14.1,DEV_TO_OCC
1717514953.7472718,232,66.7,14.1,DEV_TO_OCC
1717514954.668231,232,3.2,14.1,DEV_TO_OCC
1717514954.6692317,232,0.0,14.1,DEV_TO_OCC
1717514955.589705,232,3.3,14.1,DEV_TO_OCC
1717514955.6532552,232,12.8,14.1,DEV_TO_OCC
1717514956.8194933,232,2.9,14.1,DEV_TO_OCC
1717514956.8204815,232,0.0,14.1,DEV_TO_OCC
1717514957.7401404,232,3.7,14.1,DEV_TO_OCC
1717514957.7410421,232,0.0,14.1,DEV_TO_OCC
1717514958.6616344,232,3.9,14.1,DEV_TO_OCC
1717514958.6625001,232,0.0,14.1,DEV_TO_OCC
1717514959.5832176,232,3.5,14.1,DEV_TO_OCC
1717514959.6470103,232,5.3,14.1,DEV_TO_OCC
1717514960.8125324,232,3.1,14.1,DEV_TO_OCC
1717514960.813467,232,0.0,14.1,DEV_TO_OCC
1717514960.8678267,338,14.1,14.1,OCC_TO_CU
1717514960.8688529,338,0.0,14.1,OCC_TO_CU
1717514960.869714,338,0.0,14.1,OCC_TO_CU
1717514960.870698,338,0.0,14.1,OCC_TO_CU
1717514961.7339358,232,4.6,14.1,DEV_TO_OCC
1717514961.7348464,232,0.0,14.1,DEV_TO_OCC
1717514962.5526938,232,6.2,14.1,DEV_TO_OCC
1717514962.6494644,232,6.9,14.1,DEV_TO_OCC
1717514963.8842268,232,3.6,14.1,DEV_TO_OCC
1717514963.8854823,232,0.0,14.1,DEV_TO_OCC
1717514964.6334078,232,3.6,14.1,DEV_TO_OCC
1717514964.661607,232,25.7,14.1,DEV_TO_OCC
1717514965.7281752,232,3.6,14.1,DEV_TO_OCC
1717514965.7293658,232,0.0,14.1,DEV_TO_OCC
1717514966.6490798,232,3.3,14.1,DEV_TO_OCC
1717514966.6536543,232,20.0,14.1,DEV_TO_OCC
1717514967.5792205,232,3.1,14.1,DEV_TO_OCC
1717514967.6527147,232,9.2,14.1,DEV_TO_OCC
1717514968.7998497,232,3.8,14.1,DEV_TO_OCC
1717514968.8010144,232,0.0,14.1,DEV_TO_OCC
1717514969.7219245,232,3.6,14.1,DEV_TO_OCC
1717514969.7229316,232,0.0,14.1,DEV_TO_OCC
1717514970.5400813,232,3.4,14.1,DEV_TO_OCC
1717514970.7448566,232,5.3,14.1,DEV_TO_OCC
1717514970.8799744,338,6.1,14.1,OCC_TO_CU
1717514970.8808596,338,0.0,14.1,OCC_TO_CU
1717514970.8817325,338,0.0,14.1,OCC_TO_CU
1717514970.882688,338,0.0,14.1,OCC_TO_CU
1717514971.5640721,232,4.4,14.2,DEV_TO_OCC
1717514971.6553621,232,5.6,14.2,DEV_TO_OCC
1717514972.590768,232,3.6,14.2,DEV_TO_OCC
1717514972.6661468,232,9.0,14.2,DEV_TO_OCC
1717514973.61221,232,4.0,14.2,DEV_TO_OCC
1717514973.6586912,232,9.1,14.2,DEV_TO_OCC
1717514974.636736,232,3.1,14.2,DEV_TO_OCC
1717514974.660504,232,25.0,14.2,DEV_TO_OCC
1717514975.5581532,232,3.2,14.2,DEV_TO_OCC
1717514975.7626972,232,5.6,14.2,DEV_TO_OCC
1717514976.7874959,232,4.2,14.1,DEV_TO_OCC
1717514976.7884011,232,0.0,14.1,DEV_TO_OCC
1717514977.7085168,232,3.9,14.1,DEV_TO_OCC
1717514977.709486,232,0.0,14.1,DEV_TO_OCC
1717514978.630368,232,3.2,14.1,DEV_TO_OCC
1717514978.6662917,232,22.2,14.1,DEV_TO_OCC
1717514979.5520484,232,3.4,14.1,DEV_TO_OCC
1717514979.7562413,232,5.3,14.1,DEV_TO_OCC
1717514980.5758235,232,3.8,14.1,DEV_TO_OCC
1717514980.6702247,232,7.1,14.1,DEV_TO_OCC
1717514980.891827,338,12.0,14.1,OCC_TO_CU
1717514980.8922508,338,0.0,14.1,OCC_TO_CU
1717514980.8928015,338,0.0,14.1,OCC_TO_CU
1717514980.8932269,338,0.0,14.1,OCC_TO_CU
1717514981.7093806,232,3.1,14.1,DEV_TO_OCC
1717514981.7102528,232,0.0,14.1,DEV_TO_OCC
1717514982.6257558,232,4.0,14.2,DEV_TO_OCC
1717514982.668365,232,18.2,14.1,DEV_TO_OCC
1717514983.8530378,232,3.2,14.2,DEV_TO_OCC
1717514983.8540065,232,0.0,14.2,DEV_TO_OCC
1717514984.7745159,232,3.1,14.2,DEV_TO_OCC
1717514984.775415,232,100.0,14.2,DEV_TO_OCC
1717514985.6959083,232,3.4,14.1,DEV_TO_OCC
1717514985.69677,232,0.0,14.1,DEV_TO_OCC
1717514986.6174679,232,3.3,14.1,DEV_TO_OCC
1717514986.6787367,232,9.5,14.1,DEV_TO_OCC
1717514987.8465037,232,2.9,14.2,DEV_TO_OCC
1717514987.8474348,232,100.0,14.2,DEV_TO_OCC
1717514988.7682314,232,4.7,14.2,DEV_TO_OCC
1717514988.7690945,232,0.0,14.2,DEV_TO_OCC
1717514989.6898315,232,3.2,14.2,DEV_TO_OCC
1717514989.6908302,232,0.0,14.2,DEV_TO_OCC
1717514990.6111975,232,3.0,14.2,DEV_TO_OCC
1717514990.6760426,232,8.1,14.2,DEV_TO_OCC
1717514990.903718,338,3.7,14.2,OCC_TO_CU
1717514990.904574,338,0.0,14.2,OCC_TO_CU
1717514990.906741,338,0.0,14.2,OCC_TO_CU
1717514990.9078891,338,66.7,14.2,OCC_TO_CU
1717514991.840125,232,4.9,14.2,DEV_TO_OCC
1717514991.8410563,232,0.0,14.2,DEV_TO_OCC
1717514992.762073,232,3.9,14.2,DEV_TO_OCC
1717514992.763007,232,0.0,14.2,DEV_TO_OCC
1717514993.6833248,232,4.5,14.2,DEV_TO_OCC
1717514993.6844225,232,0.0,14.2,DEV_TO_OCC
1717514994.605079,232,2.9,14.2,DEV_TO_OCC
1717514994.6761804,232,4.8,14.2,DEV_TO_OCC
1717514995.6288397,232,3.1,14.2,DEV_TO_OCC
1717514995.6881604,232,11.1,14.2,DEV_TO_OCC
1717514996.755967,232,2.7,14.2,DEV_TO_OCC
1717514996.756916,232,0.0,14.2,DEV_TO_OCC
1717514997.6771398,232,3.6,14.2,DEV_TO_OCC
1717514997.6810071,232,50.0,14.2,DEV_TO_OCC
1717514998.6009226,232,3.4,14.2,DEV_TO_OCC
1717514998.6784213,232,11.6,14.2,DEV_TO_OCC
1717514999.5826929,232,3.1,14.2,DEV_TO_OCC
1717514999.727455,232,6.3,14.2,DEV_TO_OCC
1717515000.7517927,232,3.1,14.2,DEV_TO_OCC
1717515000.7527795,232,0.0,14.2,DEV_TO_OCC
1717515000.9157414,338,22.1,14.2,OCC_TO_CU
1717515000.9168038,338,0.0,14.2,OCC_TO_CU
1717515000.9176054,338,0.0,14.2,OCC_TO_CU
1717515000.9183621,338,0.0,14.2,OCC_TO_CU
1717515001.6737432,232,12.6,14.1,DEV_TO_OCC
1717515001.680463,232,37.5,14.1,DEV_TO_OCC
1717515002.5964024,232,4.2,14.1,DEV_TO_OCC
1717515002.6817832,232,7.9,14.1,DEV_TO_OCC
1717515003.6162257,232,3.8,14.1,DEV_TO_OCC
1717515003.6818388,232,9.2,14.1,DEV_TO_OCC
1717515004.744898,232,3.2,14.1,DEV_TO_OCC
1717515004.74624,232,0.0,14.1,DEV_TO_OCC
1717515005.6657867,232,3.9,14.1,DEV_TO_OCC
1717515005.6875677,232,23.1,14.1,DEV_TO_OCC
1717515006.5870473,232,2.7,14.1,DEV_TO_OCC
1717515006.7933655,232,4.9,14.1,DEV_TO_OCC
1717515007.6102057,232,4.0,14.1,DEV_TO_OCC
1717515007.6860979,232,9.0,14.1,DEV_TO_OCC
1717515008.7366407,232,3.7,14.1,DEV_TO_OCC
1717515008.7375243,232,0.0,14.1,DEV_TO_OCC
1717515009.6582632,232,4.9,14.1,DEV_TO_OCC
1717515009.68764,232,20.0,14.1,DEV_TO_OCC
1717515010.5797353,232,3.0,14.1,DEV_TO_OCC
1717515010.690983,232,8.3,14.1,DEV_TO_OCC
1717515010.9284563,338,4.9,14.1,OCC_TO_CU
1717515010.9294608,338,0.0,14.1,OCC_TO_CU
1717515010.9304016,338,0.0,14.1,OCC_TO_CU
1717515010.931336,338,100.0,14.1,OCC_TO_CU
1717515011.8086169,232,3.6,14.1,DEV_TO_OCC
1717515011.8096178,232,0.0,14.1,DEV_TO_OCC
1717515012.73264,232,4.2,14.1,DEV_TO_OCC
1717515012.7335465,232,0.0,14.1,DEV_TO_OCC
1717515013.651845,232,3.9,14.2,DEV_TO_OCC
1717515013.6882565,232,18.2,14.2,DEV_TO_OCC
1717515014.573412,232,3.6,14.1,DEV_TO_OCC
1717515014.778109,232,5.6,14.2,DEV_TO_OCC
1717515015.8029735,232,3.6,14.2,DEV_TO_OCC
1717515015.8039546,232,50.0,14.2,DEV_TO_OCC
1717515016.7239716,232,2.6,14.1,DEV_TO_OCC
1717515016.7248228,232,0.0,14.1,DEV_TO_OCC
1717515017.6456091,232,4.2,14.1,DEV_TO_OCC
1717515017.6918538,232,17.9,14.1,DEV_TO_OCC
1717515018.8763058,232,3.7,14.1,DEV_TO_OCC
1717515018.8772082,232,0.0,14.1,DEV_TO_OCC
1717515019.797452,232,2.9,14.1,DEV_TO_OCC
1717515019.7983286,232,0.0,14.1,DEV_TO_OCC
1717515020.7191443,232,3.5,14.1,DEV_TO_OCC
1717515020.7204428,232,50.0,14.1,DEV_TO_OCC
1717515020.9424982,338,3.0,14.1,OCC_TO_CU
1717515020.9437006,338,66.7,14.1,OCC_TO_CU
1717515020.9454927,338,0.0,14.1,OCC_TO_CU
1717515020.9466548,338,0.0,14.1,OCC_TO_CU
1717515021.6394777,232,4.5,14.1,DEV_TO_OCC
1717515021.7170672,232,4.4,14.1,DEV_TO_OCC
1717515022.8684864,232,3.2,14.1,DEV_TO_OCC
1717515022.8694327,232,0.0,14.1,DEV_TO_OCC
1717515023.7897804,232,11.1,14.1,DEV_TO_OCC
1717515023.7906988,232,0.0,14.1,DEV_TO_OCC
1717515024.7116697,232,4.0,14.1,DEV_TO_OCC
1717515024.712616,232,0.0,14.1,DEV_TO_OCC
1717515025.6332934,232,3.1,14.1,DEV_TO_OCC
1717515025.6974154,232,11.7,14.1,DEV_TO_OCC
1717515026.8621001,232,2.7,14.1,DEV_TO_OCC
1717515026.8632734,232,100.0,14.1,DEV_TO_OCC
1717515027.791916,232,4.5,14.1,DEV_TO_OCC
1717515027.792827,232,0.0,14.1,DEV_TO_OCC
1717515028.7183018,232,4.3,14.1,DEV_TO_OCC
1717515028.7229311,232,42.9,14.1,DEV_TO_OCC
1717515029.6268556,232,4.0,14.1,DEV_TO_OCC
1717515029.7186835,232,8.2,14.1,DEV_TO_OCC
1717515030.8557923,232,2.8,14.1,DEV_TO_OCC
1717515030.856711,232,0.0,14.1,DEV_TO_OCC
1717515030.9581003,338,4.2,14.1,OCC_TO_CU
1717515030.9590182,338,0.0,14.1,OCC_TO_CU
1717515030.9599721,338,100.0,14.1,OCC_TO_CU
1717515030.9609313,338,0.0,14.1,OCC_TO_CU
1717515031.7772813,232,4.9,14.1,DEV_TO_OCC
1717515031.778279,232,0.0,14.1,DEV_TO_OCC
1717515032.6987247,232,3.5,14.1,DEV_TO_OCC
1717515032.7028039,232,25.0,14.1,DEV_TO_OCC
1717515033.624689,232,3.4,14.1,DEV_TO_OCC
1717515033.7031212,232,13.3,14.1,DEV_TO_OCC
1717515034.8527718,232,3.0,14.1,DEV_TO_OCC
1717515034.8537216,232,0.0,14.1,DEV_TO_OCC
1717515035.772007,232,3.8,14.1,DEV_TO_OCC
1717515035.7729173,232,0.0,14.1,DEV_TO_OCC
1717515036.6927547,232,3.1,14.1,DEV_TO_OCC
1717515036.7054143,232,26.7,14.1,DEV_TO_OCC
1717515037.6142128,232,4.0,14.1,DEV_TO_OCC
1717515037.706357,232,10.6,14.1,DEV_TO_OCC
1717515038.843474,232,5.5,14.1,DEV_TO_OCC
1717515038.8444328,232,0.0,14.1,DEV_TO_OCC
1717515039.7645338,232,3.2,14.1,DEV_TO_OCC
1717515039.765625,232,0.0,14.1,DEV_TO_OCC
1717515040.6862805,232,3.8,14.1,DEV_TO_OCC
1717515040.7098348,232,23.3,14.1,DEV_TO_OCC
1717515040.971736,338,3.8,14.1,OCC_TO_CU
1717515040.9727507,338,0.0,14.1,OCC_TO_CU
1717515040.9738061,338,0.0,14.1,OCC_TO_CU
1717515040.9748936,338,0.0,14.1,OCC_TO_CU
1717515041.607678,232,10.7,14.1,DEV_TO_OCC
1717515041.7099361,232,7.4,14.1,DEV_TO_OCC
1717515042.8367214,232,3.1,14.1,DEV_TO_OCC
1717515042.8380709,232,0.0,14.1,DEV_TO_OCC
1717515043.7583752,232,2.8,14.1,DEV_TO_OCC
1717515043.759596,232,75.0,14.1,DEV_TO_OCC
1717515044.6800432,232,2.8,14.1,DEV_TO_OCC
1717515044.7149608,232,19.0,14.1,DEV_TO_OCC
1717515045.9089515,232,3.2,14.1,DEV_TO_OCC
1717515045.9102197,232,0.0,14.1,DEV_TO_OCC
1717515046.8304026,232,3.4,14.1,DEV_TO_OCC
1717515046.8315802,232,75.0,14.1,DEV_TO_OCC
1717515047.6494803,232,4.5,14.1,DEV_TO_OCC
1717515047.7450259,232,27.6,14.1,DEV_TO_OCC
1717515048.6739998,232,3.3,14.1,DEV_TO_OCC
1717515048.714159,232,16.3,14.1,DEV_TO_OCC
1717515049.9027588,232,2.7,14.1,DEV_TO_OCC
1717515049.9037244,232,50.0,14.1,DEV_TO_OCC
1717515050.8240747,232,3.9,14.1,DEV_TO_OCC
1717515050.8249598,232,0.0,14.1,DEV_TO_OCC
1717515050.9839091,338,6.9,14.1,OCC_TO_CU
1717515050.9849863,338,0.0,14.1,OCC_TO_CU
1717515050.985996,338,0.0,14.1,OCC_TO_CU
1717515050.9868374,338,0.0,14.1,OCC_TO_CU
1717515051.7463412,232,3.5,14.1,DEV_TO_OCC
1717515051.7472742,232,75.0,14.1,DEV_TO_OCC
1717515052.593856,232,3.2,14.1,DEV_TO_OCC
1717515052.7694225,232,7.5,14.1,DEV_TO_OCC
1717515053.6926372,232,3.6,14.1,DEV_TO_OCC
1717515053.721141,232,17.6,14.1,DEV_TO_OCC
1717515054.8193974,232,3.3,14.1,DEV_TO_OCC
1717515054.8203084,232,0.0,14.1,DEV_TO_OCC
1717515055.739408,232,3.4,14.1,DEV_TO_OCC
1717515055.7403224,232,0.0,14.1,DEV_TO_OCC
1717515056.6606169,232,3.4,14.1,DEV_TO_OCC
1717515056.7354915,232,12.1,14.1,DEV_TO_OCC
1717515057.8907726,232,3.9,14.1,DEV_TO_OCC
1717515057.8918006,232,50.0,14.1,DEV_TO_OCC
1717515058.811811,232,4.0,14.1,DEV_TO_OCC
1717515058.8128114,232,0.0,14.1,DEV_TO_OCC
1717515059.7350547,232,2.9,14.1,DEV_TO_OCC
1717515059.7361417,232,66.7,14.1,DEV_TO_OCC
1717515060.6653254,232,3.1,14.1,DEV_TO_OCC
1717515060.7396505,232,9.1,14.1,DEV_TO_OCC
1717515060.9957576,338,3.9,14.1,OCC_TO_CU
1717515060.9966466,338,0.0,14.1,OCC_TO_CU
1717515060.997673,338,0.0,14.1,OCC_TO_CU
1717515060.9987724,338,0.0,14.1,OCC_TO_CU
1717515061.8838434,232,3.0,14.1,DEV_TO_OCC
1717515061.8850474,232,0.0,14.1,DEV_TO_OCC
1717515062.8055646,232,4.3,14.1,DEV_TO_OCC
1717515062.806428,232,0.0,14.1,DEV_TO_OCC
1717515063.727097,232,4.2,14.2,DEV_TO_OCC
1717515063.7296498,232,50.0,14.2,DEV_TO_OCC
1717515064.648196,232,3.8,14.2,DEV_TO_OCC
1717515064.7288542,232,6.2,14.2,DEV_TO_OCC
1717515065.8774283,232,3.3,14.2,DEV_TO_OCC
1717515065.8783987,232,0.0,14.2,DEV_TO_OCC
1717515066.824151,232,4.3,14.2,DEV_TO_OCC
1717515066.8254652,232,0.0,14.2,DEV_TO_OCC
1717515067.723803,232,3.8,14.2,DEV_TO_OCC
1717515067.7290518,232,16.7,14.2,DEV_TO_OCC
1717515068.6426723,232,4.4,14.2,DEV_TO_OCC
1717515068.730736,232,27.6,14.1,DEV_TO_OCC
1717515069.8710704,232,2.7,14.1,DEV_TO_OCC
1717515069.871973,232,0.0,14.1,DEV_TO_OCC
1717515070.792614,232,3.8,14.1,DEV_TO_OCC
1717515070.793636,232,0.0,14.1,DEV_TO_OCC
1717515071.0100744,338,6.1,14.1,OCC_TO_CU
1717515071.011049,338,0.0,14.1,OCC_TO_CU
1717515071.011928,338,100.0,14.1,OCC_TO_CU
1717515071.0129359,338,0.0,14.1,OCC_TO_CU
1717515071.7141826,232,4.0,14.1,DEV_TO_OCC
1717515071.7313094,232,41.7,14.1,DEV_TO_OCC
1717515072.6361835,232,3.3,14.1,DEV_TO_OCC
1717515072.7336102,232,7.7,14.2,DEV_TO_OCC
1717515073.8658662,232,4.0,14.2,DEV_TO_OCC
1717515073.8668234,232,0.0,14.2,DEV_TO_OCC
1717515074.6835864,232,3.2,14.2,DEV_TO_OCC
1717515074.7517262,232,7.4,14.2,DEV_TO_OCC
1717515075.7079723,232,3.1,14.1,DEV_TO_OCC
1717515075.7386553,232,18.9,14.1,DEV_TO_OCC
1717515076.6296394,232,2.8,14.2,DEV_TO_OCC
1717515076.8341603,232,4.9,14.2,DEV_TO_OCC
1717515077.8586335,232,4.2,14.1,DEV_TO_OCC
1717515077.8597968,232,50.0,14.1,DEV_TO_OCC
1717515078.780143,232,5.0,14.2,DEV_TO_OCC
1717515078.7810068,232,0.0,14.2,DEV_TO_OCC
1717515079.70343,232,3.6,14.2,DEV_TO_OCC
1717515079.740833,232,13.6,14.2,DEV_TO_OCC
1717515080.932281,232,2.9,14.2,DEV_TO_OCC
1717515080.9331734,232,0.0,14.2,DEV_TO_OCC
1717515081.0241096,338,7.3,14.2,OCC_TO_CU
1717515081.025107,338,0.0,14.2,OCC_TO_CU
1717515081.0259197,338,0.0,14.2,OCC_TO_CU
1717515081.0267234,338,0.0,14.2,OCC_TO_CU
1717515081.8522081,232,3.9,14.2,DEV_TO_OCC
1717515081.8531976,232,0.0,14.2,DEV_TO_OCC
1717515082.789933,232,3.5,14.2,DEV_TO_OCC
1717515082.7909431,232,0.0,14.2,DEV_TO_OCC
1717515083.6952157,232,7.7,14.1,DEV_TO_OCC
1717515083.7387164,232,14.8,14.1,DEV_TO_OCC
1717515084.9247246,232,4.2,14.1,DEV_TO_OCC
1717515084.9258,232,0.0,14.1,DEV_TO_OCC
1717515085.8458867,232,3.5,14.1,DEV_TO_OCC
1717515085.8468957,232,0.0,14.1,DEV_TO_OCC
1717515086.6649928,232,3.5,14.1,DEV_TO_OCC
1717515086.7431865,232,11.2,14.1,DEV_TO_OCC
1717515087.6891396,232,3.3,14.1,DEV_TO_OCC
1717515087.7531195,232,10.4,14.1,DEV_TO_OCC
1717515088.918056,232,3.7,14.1,DEV_TO_OCC
1717515088.9189587,232,0.0,14.1,DEV_TO_OCC
1717515089.840173,232,3.1,14.1,DEV_TO_OCC
1717515089.841223,232,0.0,14.1,DEV_TO_OCC
1717515090.6586614,232,3.9,14.1,DEV_TO_OCC
1717515090.744249,232,5.9,14.1,DEV_TO_OCC
1717515091.0358493,338,3.7,14.1,OCC_TO_CU
1717515091.036858,338,0.0,14.1,OCC_TO_CU
1717515091.0379097,338,0.0,14.1,OCC_TO_CU
1717515091.038806,338,0.0,14.1,OCC_TO_CU
1717515091.6830518,232,4.4,14.1,DEV_TO_OCC
1717515091.74749,232,9.1,14.1,DEV_TO_OCC
1717515092.9121418,232,3.2,14.1,DEV_TO_OCC
1717515092.9132566,232,0.0,14.1,DEV_TO_OCC
1717515093.8333244,232,4.5,14.1,DEV_TO_OCC
1717515093.8345494,232,0.0,14.1,DEV_TO_OCC
1717515094.755051,232,3.7,14.1,DEV_TO_OCC
1717515094.7562997,232,50.0,14.1,DEV_TO_OCC
1717515095.6764553,232,12.5,14.1,DEV_TO_OCC
1717515095.7523549,232,8.9,14.1,DEV_TO_OCC
1717515096.9058278,232,3.2,14.1,DEV_TO_OCC
1717515096.9067583,232,0.0,14.1,DEV_TO_OCC
1717515097.6285782,232,4.7,14.1,DEV_TO_OCC
1717515097.826714,232,5.9,14.1,DEV_TO_OCC
1717515098.7485187,232,3.9,14.1,DEV_TO_OCC
1717515098.7524402,232,25.0,14.1,DEV_TO_OCC
1717515099.6703007,232,2.7,14.1,DEV_TO_OCC
1717515099.7514944,232,11.1,14.1,DEV_TO_OCC
1717515100.8994873,232,3.3,14.1,DEV_TO_OCC
1717515100.9005368,232,0.0,14.1,DEV_TO_OCC
1717515101.047749,338,5.1,14.1,OCC_TO_CU
1717515101.0488868,338,0.0,14.1,OCC_TO_CU
1717515101.0497189,338,0.0,14.1,OCC_TO_CU
1717515101.050401,338,0.0,14.1,OCC_TO_CU
1717515101.820623,232,4.2,14.1,DEV_TO_OCC
1717515101.8215406,232,0.0,14.1,DEV_TO_OCC
1717515102.7503073,232,3.9,14.1,DEV_TO_OCC
1717515102.7550793,232,33.3,14.1,DEV_TO_OCC
1717515103.6639066,232,4.8,14.1,DEV_TO_OCC
1717515103.753949,232,7.5,14.1,DEV_TO_OCC
1717515104.8928645,232,2.8,14.1,DEV_TO_OCC
1717515104.893813,232,0.0,14.1,DEV_TO_OCC
1717515105.7122602,232,4.0,14.1,DEV_TO_OCC
1717515105.7591352,232,15.5,14.1,DEV_TO_OCC
1717515106.7364714,232,3.0,14.1,DEV_TO_OCC
1717515106.756592,232,20.8,14.1,DEV_TO_OCC
1717515107.6591763,232,2.9,14.1,DEV_TO_OCC
1717515107.759673,232,5.1,14.1,DEV_TO_OCC
1717515108.8913894,232,3.6,14.1,DEV_TO_OCC
1717515108.892315,232,0.0,14.1,DEV_TO_OCC
1717515109.9103198,232,3.2,14.1,DEV_TO_OCC
1717515109.9112573,232,66.7,14.1,DEV_TO_OCC
1717515110.7296383,232,3.9,14.1,DEV_TO_OCC
1717515110.7618616,232,20.5,14.1,DEV_TO_OCC
1717515111.0598931,338,4.2,14.1,OCC_TO_CU
1717515111.061008,338,0.0,14.1,OCC_TO_CU
1717515111.0620327,338,0.0,14.1,OCC_TO_CU
1717515111.0629432,338,0.0,14.1,OCC_TO_CU
1717515111.9585228,232,4.4,14.1,DEV_TO_OCC
1717515111.9593637,232,100.0,14.1,DEV_TO_OCC
1717515112.8802438,232,4.0,14.1,DEV_TO_OCC
1717515112.8814297,232,0.0,14.1,DEV_TO_OCC
1717515113.801844,232,4.2,14.2,DEV_TO_OCC
1717515113.8027585,232,0.0,14.2,DEV_TO_OCC
1717515114.7241,232,3.8,14.1,DEV_TO_OCC
1717515114.7634184,232,22.0,14.2,DEV_TO_OCC
1717515115.9524179,232,3.2,14.2,DEV_TO_OCC
1717515115.9533567,232,0.0,14.2,DEV_TO_OCC
1717515116.8738332,232,3.3,14.1,DEV_TO_OCC
1717515116.8748507,232,0.0,14.1,DEV_TO_OCC
1717515117.6926227,232,5.3,14.1,DEV_TO_OCC
1717515117.7636251,232,10.3,14.2,DEV_TO_OCC
1717515118.7172682,232,4.0,14.2,DEV_TO_OCC
1717515118.7762918,232,7.2,14.2,DEV_TO_OCC
1717515119.6445742,232,2.7,14.2,DEV_TO_OCC
1717515119.8434143,232,6.2,14.2,DEV_TO_OCC
1717515120.86755,232,3.6,14.2,DEV_TO_OCC
1717515120.8684204,232,0.0,14.2,DEV_TO_OCC
1717515121.0741498,338,5.7,14.2,OCC_TO_CU
1717515121.0756962,338,80.0,14.2,OCC_TO_CU
1717515121.0766857,338,0.0,14.2,OCC_TO_CU
1717515121.0776036,338,0.0,14.2,OCC_TO_CU
1717515121.7911856,232,7.7,14.1,DEV_TO_OCC
1717515121.792108,232,0.0,14.1,DEV_TO_OCC
1717515122.7145252,232,3.8,14.2,DEV_TO_OCC
1717515122.7758975,232,13.2,14.2,DEV_TO_OCC
1717515123.940007,232,4.7,14.2,DEV_TO_OCC
1717515123.9408724,232,0.0,14.2,DEV_TO_OCC
1717515124.891644,232,3.6,14.1,DEV_TO_OCC
1717515124.8925412,232,0.0,14.1,DEV_TO_OCC
1717515125.782982,232,4.0,14.1,DEV_TO_OCC
1717515125.7840612,232,66.7,14.1,DEV_TO_OCC
1717515126.7049024,232,5.0,14.1,DEV_TO_OCC
1717515126.7721677,232,11.0,14.1,DEV_TO_OCC
1717515127.947787,232,3.5,14.1,DEV_TO_OCC
1717515127.94872,232,0.0,14.1,DEV_TO_OCC
1717515128.8551326,232,4.1,14.1,DEV_TO_OCC
1717515128.8560786,232,66.7,14.1,DEV_TO_OCC
1717515129.7765353,232,3.6,14.1,DEV_TO_OCC
1717515129.7774558,232,0.0,14.1,DEV_TO_OCC
1717515130.6992347,232,2.9,14.1,DEV_TO_OCC
1717515130.774629,232,11.0,14.1,DEV_TO_OCC
1717515131.0876818,338,4.8,14.1,OCC_TO_CU
1717515131.0886936,338,0.0,14.1,OCC_TO_CU
1717515131.0896058,338,0.0,14.1,OCC_TO_CU
1717515131.0904832,338,0.0,14.1,OCC_TO_CU
1717515131.9269705,232,3.4,14.1,DEV_TO_OCC
1717515131.9279058,232,66.7,14.1,DEV_TO_OCC
1717515132.7461658,232,3.0,14.1,DEV_TO_OCC
1717515132.7758453,232,25.6,14.1,DEV_TO_OCC
1717515133.7702415,232,3.9,14.2,DEV_TO_OCC
1717515133.7747784,232,40.0,14.2,DEV_TO_OCC
1717515134.6917593,232,3.0,14.1,DEV_TO_OCC
1717515134.7760978,232,9.9,14.1,DEV_TO_OCC
1717515135.920782,232,3.1,14.1,DEV_TO_OCC
1717515135.921674,232,0.0,14.1,DEV_TO_OCC
1717515136.8425996,232,2.6,14.1,DEV_TO_OCC
1717515136.8436098,232,50.0,14.1,DEV_TO_OCC
1717515137.7638676,232,5.4,14.1,DEV_TO_OCC
1717515137.7782524,232,27.8,14.1,DEV_TO_OCC
1717515138.6855998,232,4.0,14.1,DEV_TO_OCC
1717515138.7793643,232,8.8,14.1,DEV_TO_OCC
1717515139.914864,232,2.7,14.1,DEV_TO_OCC
1717515139.9158726,232,0.0,14.1,DEV_TO_OCC
1717515140.8389385,232,3.7,14.1,DEV_TO_OCC
1717515140.8399777,232,50.0,14.1,DEV_TO_OCC
1717515141.1000047,338,5.4,14.1,OCC_TO_CU
1717515141.1011791,338,0.0,14.1,OCC_TO_CU
1717515141.1028683,338,0.0,14.1,OCC_TO_CU
1717515141.1037953,338,66.7,14.1,OCC_TO_CU
1717515141.7575805,232,4.5,14.1,DEV_TO_OCC
1717515141.7877114,232,18.4,14.1,DEV_TO_OCC
1717515142.666139,232,3.5,14.1,DEV_TO_OCC
1717515142.8841567,232,3.8,14.1,DEV_TO_OCC
1717515143.9091048,232,3.8,14.1,DEV_TO_OCC
1717515143.9100156,232,0.0,14.1,DEV_TO_OCC
1717515144.8298097,232,3.8,14.1,DEV_TO_OCC
1717515144.8307984,232,0.0,14.1,DEV_TO_OCC
1717515145.8537793,232,4.0,14.1,DEV_TO_OCC
1717515145.8547115,232,0.0,14.1,DEV_TO_OCC
1717515146.98488,232,2.6,14.1,DEV_TO_OCC
1717515146.9859016,232,0.0,14.1,DEV_TO_OCC
1717515147.7607436,232,4.6,14.1,DEV_TO_OCC
1717515147.787527,232,18.7,14.1,DEV_TO_OCC
1717515148.8238585,232,3.6,14.1,DEV_TO_OCC
1717515148.8247302,232,0.0,14.1,DEV_TO_OCC
1717515149.772474,232,2.8,14.1,DEV_TO_OCC
1717515149.821413,232,11.9,14.1,DEV_TO_OCC
1717515150.974218,232,3.0,14.1,DEV_TO_OCC
1717515150.975192,232,75.0,14.1,DEV_TO_OCC
1717515151.1117244,338,6.7,14.1,OCC_TO_CU
1717515151.1125088,338,0.0,14.1,OCC_TO_CU
1717515151.113313,338,0.0,14.1,OCC_TO_CU
1717515151.1140213,338,0.0,14.1,OCC_TO_CU
1717515151.6904817,232,4.1,14.1,DEV_TO_OCC
1717515151.895382,232,6.4,14.1,DEV_TO_OCC
1717515152.817386,232,4.9,14.2,DEV_TO_OCC
1717515152.818576,232,0.0,14.2,DEV_TO_OCC
1717515153.7000053,232,4.5,14.2,DEV_TO_OCC
1717515153.8410676,232,7.6,14.2,DEV_TO_OCC
1717515154.9699466,232,3.0,14.2,DEV_TO_OCC
1717515154.9707742,232,0.0,14.2,DEV_TO_OCC
1717515155.8917327,232,3.5,14.2,DEV_TO_OCC
1717515155.892674,232,0.0,14.2,DEV_TO_OCC
1717515156.9180832,232,2.9,14.2,DEV_TO_OCC
1717515156.9189951,232,0.0,14.2,DEV_TO_OCC
1717515157.7346902,232,3.4,14.2,DEV_TO_OCC
1717515157.8019152,232,33.8,14.2,DEV_TO_OCC
1717515158.9641893,232,3.3,14.2,DEV_TO_OCC
1717515158.9651277,232,0.0,14.2,DEV_TO_OCC
1717515159.8853605,232,3.2,14.2,DEV_TO_OCC
1717515159.886206,232,0.0,14.2,DEV_TO_OCC
1717515160.8074756,232,3.2,14.2,DEV_TO_OCC
1717515160.8313258,232,21.4,14.2,DEV_TO_OCC
1717515161.1240115,338,5.1,14.2,OCC_TO_CU
1717515161.1251605,338,0.0,14.2,OCC_TO_CU
1717515161.1262665,338,0.0,14.2,OCC_TO_CU
1717515161.1273975,338,75.0,14.2,OCC_TO_CU
1717515161.7323573,232,11.3,14.1,DEV_TO_OCC
1717515161.8010073,232,11.8,14.1,DEV_TO_OCC
1717515162.9557216,232,3.6,14.1,DEV_TO_OCC
1717515162.9565737,232,0.0,14.1,DEV_TO_OCC
1717515163.6788306,232,4.2,14.1,DEV_TO_OCC
1717515163.8761773,232,5.1,14.1,DEV_TO_OCC
1717515164.7984538,232,3.5,14.1,DEV_TO_OCC
1717515164.8031297,232,40.0,14.1,DEV_TO_OCC
1717515165.7199004,232,3.7,14.1,DEV_TO_OCC
1717515165.8041873,232,7.8,14.1,DEV_TO_OCC
1717515166.948833,232,2.8,14.1,DEV_TO_OCC
1717515166.9497313,232,0.0,14.1,DEV_TO_OCC
1717515167.683402,232,4.8,14.1,DEV_TO_OCC
1717515167.870135,232,35.1,14.1,DEV_TO_OCC
1717515168.792264,232,4.2,14.1,DEV_TO_OCC
1717515168.806157,232,20.0,14.1,DEV_TO_OCC
1717515169.7137265,232,3.5,14.1,DEV_TO_OCC
1717515169.8085344,232,7.0,14.1,DEV_TO_OCC
1717515170.9429142,232,2.7,14.1,DEV_TO_OCC
1717515170.9439406,232,66.7,14.1,DEV_TO_OCC
1717515171.1357906,338,5.7,14.1,OCC_TO_CU
1717515171.1363604,338,0.0,14.1,OCC_TO_CU
1717515171.1369388,338,0.0,14.1,OCC_TO_CU
1717515171.1373382,338,0.0,14.1,OCC_TO_CU
1717515171.8664846,232,3.4,14.1,DEV_TO_OCC
1717515171.8675678,232,66.7,14.1,DEV_TO_OCC
1717515172.7858326,232,3.4,14.1,DEV_TO_OCC
1717515172.8094218,232,30.0,14.1,DEV_TO_OCC
1717515173.7074919,232,4.3,14.1,DEV_TO_OCC
1717515173.9117038,232,3.3,14.1,DEV_TO_OCC
1717515174.9362242,232,2.8,14.1,DEV_TO_OCC
1717515174.9372694,232,0.0,14.1,DEV_TO_OCC
1717515175.857897,232,3.6,14.1,DEV_TO_OCC
1717515175.8588452,232,0.0,14.1,DEV_TO_OCC
1717515176.7793167,232,3.6,14.1,DEV_TO_OCC
1717515176.8135614,232,12.8,14.1,DEV_TO_OCC
1717515178.0082836,232,3.6,14.1,DEV_TO_OCC
1717515178.0086207,232,0.0,14.1,DEV_TO_OCC
1717515178.6881416,232,3.1,14.1,DEV_TO_OCC
1717515178.9296768,232,3.8,14.1,DEV_TO_OCC
1717515179.861982,232,3.0,14.1,DEV_TO_OCC
1717515179.8667207,232,40.0,14.1,DEV_TO_OCC
1717515180.7726147,232,5.5,14.1,DEV_TO_OCC
1717515180.817082,232,11.1,14.1,DEV_TO_OCC
1717515181.1477256,338,3.3,14.1,OCC_TO_CU
1717515181.1487105,338,0.0,14.1,OCC_TO_CU
1717515181.1496167,338,0.0,14.1,OCC_TO_CU
1717515181.1505136,338,0.0,14.1,OCC_TO_CU
1717515182.0023022,232,3.6,14.1,DEV_TO_OCC
1717515182.0032468,232,80.0,14.1,DEV_TO_OCC
1717515182.9279015,232,4.0,14.1,DEV_TO_OCC
1717515182.9288583,232,0.0,14.1,DEV_TO_OCC
1717515183.8451738,232,3.6,14.1,DEV_TO_OCC
1717515183.8460507,232,0.0,14.1,DEV_TO_OCC
1717515184.7667177,232,2.9,14.1,DEV_TO_OCC
1717515184.8251889,232,8.8,14.1,DEV_TO_OCC
1717515185.995797,232,4.0,14.1,DEV_TO_OCC
1717515185.9969885,232,0.0,14.1,DEV_TO_OCC
1717515186.9173439,232,2.9,14.1,DEV_TO_OCC
1717515186.9185584,232,0.0,14.1,DEV_TO_OCC
1717515187.6948736,232,4.2,14.1,DEV_TO_OCC
1717515187.8389478,232,5.3,14.1,DEV_TO_OCC
1717515188.760471,232,4.5,14.1,DEV_TO_OCC
1717515188.9650266,232,13.9,14.1,DEV_TO_OCC
1717515189.9895055,232,2.9,14.1,DEV_TO_OCC
1717515189.9905605,232,0.0,14.1,DEV_TO_OCC
1717515190.9109492,232,3.5,14.1,DEV_TO_OCC
1717515190.9119213,232,100.0,14.1,DEV_TO_OCC
1717515191.16003,338,4.7,14.1,OCC_TO_CU
1717515191.1610231,338,0.0,14.1,OCC_TO_CU
1717515191.1618114,338,0.0,14.1,OCC_TO_CU
1717515191.1626248,338,0.0,14.1,OCC_TO_CU
1717515191.8326125,232,4.9,14.1,DEV_TO_OCC
1717515191.8337557,232,0.0,14.1,DEV_TO_OCC
1717515192.7543764,232,3.5,14.1,DEV_TO_OCC
1717515192.8231614,232,14.0,14.1,DEV_TO_OCC
1717515193.9007585,232,4.3,14.2,DEV_TO_OCC
1717515193.9016473,232,0.0,14.2,DEV_TO_OCC
1717515194.9046643,232,5.3,14.1,DEV_TO_OCC
1717515194.9055936,232,0.0,14.1,DEV_TO_OCC
1717515195.8267395,232,3.6,14.1,DEV_TO_OCC
1717515195.8278122,232,66.7,14.1,DEV_TO_OCC
1717515196.7480557,232,3.4,14.1,DEV_TO_OCC
1717515196.8260894,232,6.6,14.1,DEV_TO_OCC
1717515197.9767246,232,3.5,14.1,DEV_TO_OCC
1717515197.9775255,232,0.0,14.1,DEV_TO_OCC
1717515198.898948,232,4.0,14.1,DEV_TO_OCC
1717515198.9002786,232,66.7,14.1,DEV_TO_OCC
1717515199.8199818,232,3.5,14.1,DEV_TO_OCC
1717515199.8277707,232,33.3,14.1,DEV_TO_OCC
1717515200.7415068,232,3.2,14.1,DEV_TO_OCC
1717515200.8257303,232,11.5,14.1,DEV_TO_OCC
1717515201.1720746,338,4.8,14.1,OCC_TO_CU
1717515201.173102,338,0.0,14.1,OCC_TO_CU
1717515201.1740475,338,0.0,14.1,OCC_TO_CU
1717515201.1750145,338,0.0,14.1,OCC_TO_CU
1717515201.97233,232,4.4,14.1,DEV_TO_OCC
1717515201.9733546,232,0.0,14.1,DEV_TO_OCC
1717515202.8921514,232,4.3,14.1,DEV_TO_OCC
1717515202.8932066,232,0.0,14.1,DEV_TO_OCC
1717515203.8135448,232,3.9,14.1,DEV_TO_OCC
1717515203.8311436,232,28.6,14.1,DEV_TO_OCC
1717515204.7352753,232,2.8,14.1,DEV_TO_OCC
1717515204.837044,232,7.4,14.1,DEV_TO_OCC
1717515205.7599258,232,3.5,14.1,DEV_TO_OCC
1717515205.8355174,232,5.6,14.1,DEV_TO_OCC
1717515206.7832303,232,2.7,14.1,DEV_TO_OCC
1717515206.847752,232,10.4,14.1,DEV_TO_OCC
1717515207.8331614,232,3.1,14.1,DEV_TO_OCC
1717515207.8624456,232,23.7,14.1,DEV_TO_OCC
1717515209.0655634,232,3.9,14.1,DEV_TO_OCC
1717515209.066577,232,0.0,14.1,DEV_TO_OCC
1717515209.7531357,232,5.2,14.1,DEV_TO_OCC
1717515209.8377104,232,32.0,14.1,DEV_TO_OCC
1717515210.879744,232,2.9,14.1,DEV_TO_OCC
1717515210.8809414,232,0.0,14.1,DEV_TO_OCC
1717515211.1863737,338,3.3,14.1,OCC_TO_CU
1717515211.1875074,338,75.0,14.1,OCC_TO_CU
1717515211.188542,338,0.0,14.1,OCC_TO_CU
1717515211.1895418,338,0.0,14.1,OCC_TO_CU
1717515211.8011134,232,5.2,14.1,DEV_TO_OCC
1717515211.8419888,232,12.5,14.1,DEV_TO_OCC
1717515213.0301518,232,3.7,14.1,DEV_TO_OCC
1717515213.0310493,232,0.0,14.1,DEV_TO_OCC
1717515213.746719,232,4.2,14.1,DEV_TO_OCC
1717515213.8450387,232,6.8,14.1,DEV_TO_OCC
1717515214.8731177,232,3.0,14.1,DEV_TO_OCC
1717515214.8743215,232,0.0,14.1,DEV_TO_OCC
1717515215.7954235,232,3.9,14.1,DEV_TO_OCC
1717515215.8416665,232,16.1,14.1,DEV_TO_OCC
1717515217.0479734,232,3.1,14.1,DEV_TO_OCC
1717515217.0490637,232,0.0,14.1,DEV_TO_OCC
1717515217.945116,232,3.6,14.1,DEV_TO_OCC
1717515217.9459915,232,0.0,14.1,DEV_TO_OCC
1717515218.8669298,232,3.6,14.1,DEV_TO_OCC
1717515218.8679705,232,66.7,14.1,DEV_TO_OCC
1717515219.7884958,232,3.3,14.1,DEV_TO_OCC
1717515219.85123,232,10.3,14.1,DEV_TO_OCC
1717515221.0179694,232,3.0,14.1,DEV_TO_OCC
1717515221.0188797,232,0.0,14.1,DEV_TO_OCC
1717515221.2007198,338,6.8,14.1,OCC_TO_CU
1717515221.2019248,338,0.0,14.1,OCC_TO_CU
1717515221.2027202,338,0.0,14.1,OCC_TO_CU
1717515221.2036326,338,66.7,14.1,OCC_TO_CU
1717515221.9390922,232,5.0,14.1,DEV_TO_OCC
1717515221.9401288,232,100.0,14.1,DEV_TO_OCC
1717515222.8607152,232,3.7,14.1,DEV_TO_OCC
1717515222.8616924,232,0.0,14.1,DEV_TO_OCC
1717515223.7821956,232,4.3,14.1,DEV_TO_OCC
1717515223.8519187,232,12.5,14.1,DEV_TO_OCC
1717515224.8109622,232,2.6,14.1,DEV_TO_OCC
1717515224.8492856,232,20.8,14.1,DEV_TO_OCC
1717515225.9330518,232,3.2,14.1,DEV_TO_OCC
1717515225.9340382,232,0.0,14.1,DEV_TO_OCC
1717515226.956499,232,3.0,14.1,DEV_TO_OCC
1717515226.957415,232,0.0,14.1,DEV_TO_OCC
1717515227.7759142,232,4.5,14.1,DEV_TO_OCC
1717515227.8511584,232,4.7,14.1,DEV_TO_OCC
1717515229.0049257,232,3.6,14.1,DEV_TO_OCC
1717515229.0059342,232,0.0,14.1,DEV_TO_OCC
1717515229.9265118,232,3.4,14.1,DEV_TO_OCC
1717515229.9274573,232,50.0,14.1,DEV_TO_OCC
1717515230.8480492,232,3.4,14.1,DEV_TO_OCC
1717515230.8517768,232,40.0,14.1,DEV_TO_OCC
1717515231.2147973,338,3.9,14.1,OCC_TO_CU
1717515231.2159107,338,0.0,14.1,OCC_TO_CU
1717515231.2168667,338,0.0,14.1,OCC_TO_CU
1717515231.2179573,338,0.0,14.1,OCC_TO_CU
1717515231.769446,232,8.6,14.1,DEV_TO_OCC
1717515231.8524172,232,10.9,14.1,DEV_TO_OCC
1717515232.7309415,232,3.6,14.1,DEV_TO_OCC
1717515232.8954859,232,6.5,14.1,DEV_TO_OCC
1717515233.9331229,232,3.5,14.1,DEV_TO_OCC
1717515233.9340937,232,0.0,14.1,DEV_TO_OCC
1717515234.8430872,232,2.9,14.1,DEV_TO_OCC
1717515234.8564658,232,26.7,14.1,DEV_TO_OCC
1717515235.7632427,232,3.7,14.1,DEV_TO_OCC
1717515235.8583295,232,6.2,14.1,DEV_TO_OCC
1717515236.995889,232,2.7,14.1,DEV_TO_OCC
1717515236.996838,232,0.0,14.1,DEV_TO_OCC
1717515237.9143171,232,9.2,14.1,DEV_TO_OCC
1717515237.9153655,232,75.0,14.1,DEV_TO_OCC
1717515238.8355095,232,6.0,14.1,DEV_TO_OCC
1717515238.8657877,232,17.1,14.1,DEV_TO_OCC
1717515239.7567322,232,3.7,14.1,DEV_TO_OCC
1717515239.9346845,232,5.6,14.1,DEV_TO_OCC
1717515240.9076567,232,3.4,14.1,DEV_TO_OCC
1717515240.9086506,232,0.0,14.1,DEV_TO_OCC
1717515241.2291477,338,5.7,14.1,OCC_TO_CU
1717515241.2301166,338,0.0,14.1,OCC_TO_CU
1717515241.231092,338,0.0,14.1,OCC_TO_CU
1717515241.2321851,338,66.7,14.1,OCC_TO_CU
1717515241.9096882,232,7.0,14.1,DEV_TO_OCC
1717515241.9106846,232,0.0,14.1,DEV_TO_OCC
1717515242.829036,232,3.7,14.1,DEV_TO_OCC
1717515242.894602,232,9.1,14.1,DEV_TO_OCC
1717515243.750808,232,4.7,14.1,DEV_TO_OCC
1717515243.9629202,232,4.7,14.1,DEV_TO_OCC
1717515244.9795392,232,3.7,14.1,DEV_TO_OCC
1717515244.980309,232,0.0,14.1,DEV_TO_OCC
1717515245.9056807,232,3.2,14.1,DEV_TO_OCC
1717515245.906777,232,0.0,14.1,DEV_TO_OCC
1717515246.8226213,232,3.6,14.1,DEV_TO_OCC
1717515246.8828416,232,11.1,14.1,DEV_TO_OCC
1717515247.846981,232,4.0,14.1,DEV_TO_OCC
1717515247.8784375,232,28.6,14.1,DEV_TO_OCC
1717515248.9733822,232,4.3,14.1,DEV_TO_OCC
1717515248.9743667,232,0.0,14.1,DEV_TO_OCC
1717515249.895501,232,3.8,14.1,DEV_TO_OCC
1717515249.896434,232,0.0,14.1,DEV_TO_OCC
1717515250.816403,232,3.9,14.1,DEV_TO_OCC
1717515250.8800821,232,7.9,14.1,DEV_TO_OCC
1717515251.2436583,338,3.2,14.1,OCC_TO_CU
1717515251.2450225,338,0.0,14.1,OCC_TO_CU
1717515251.246035,338,0.0,14.1,OCC_TO_CU
1717515251.246871,338,0.0,14.1,OCC_TO_CU
1717515252.0457191,232,4.0,14.1,DEV_TO_OCC
1717515252.046716,232,0.0,14.1,DEV_TO_OCC
1717515252.9668715,232,4.6,14.1,DEV_TO_OCC
1717515252.9677234,232,100.0,14.1,DEV_TO_OCC
1717515253.786147,232,3.6,14.1,DEV_TO_OCC
1717515253.9911785,232,6.8,14.1,DEV_TO_OCC
1717515254.810121,232,3.4,14.1,DEV_TO_OCC
1717515254.8853133,232,13.7,14.1,DEV_TO_OCC
1717515255.8508618,232,3.5,14.1,DEV_TO_OCC
1717515255.8933718,232,21.8,14.1,DEV_TO_OCC
1717515256.9606402,232,2.8,14.1,DEV_TO_OCC
1717515256.9615707,232,0.0,14.1,DEV_TO_OCC
1717515257.8824844,232,3.3,14.1,DEV_TO_OCC
1717515257.8884604,232,33.3,14.1,DEV_TO_OCC
1717515258.8037784,232,4.6,14.1,DEV_TO_OCC
1717515259.009108,232,5.2,14.1,DEV_TO_OCC
1717515259.8280935,232,3.0,14.1,DEV_TO_OCC
1717515259.8916438,232,6.8,14.1,DEV_TO_OCC
1717515260.954349,232,3.2,14.1,DEV_TO_OCC
1717515260.9554584,232,66.7,14.1,DEV_TO_OCC
1717515261.2582288,338,3.9,14.1,OCC_TO_CU
1717515261.259317,338,66.7,14.1,OCC_TO_CU
1717515261.260304,338,0.0,14.1,OCC_TO_CU
1717515261.2613943,338,0.0,14.1,OCC_TO_CU
1717515261.7734032,232,9.0,14.1,DEV_TO_OCC
1717515261.9822557,232,4.8,14.1,DEV_TO_OCC
1717515262.803423,232,4.0,14.1,DEV_TO_OCC
1717515262.8948457,232,7.3,14.1,DEV_TO_OCC
1717515264.0265958,232,3.9,14.1,DEV_TO_OCC
1717515264.0275633,232,66.7,14.1,DEV_TO_OCC
1717515264.9666824,232,3.1,14.1,DEV_TO_OCC
1717515264.9692774,232,0.0,14.1,DEV_TO_OCC
1717515265.7670348,232,4.4,14.1,DEV_TO_OCC
1717515265.9720578,232,4.1,14.1,DEV_TO_OCC
1717515266.791628,232,2.8,14.1,DEV_TO_OCC
1717515267.1237686,232,9.3,14.1,DEV_TO_OCC
1717515268.0198727,232,5.2,14.1,DEV_TO_OCC
1717515268.0202875,232,0.0,14.1,DEV_TO_OCC
1717515268.9424994,232,2.6,14.1,DEV_TO_OCC
1717515268.9434252,232,66.7,14.1,DEV_TO_OCC
1717515269.8632488,232,3.3,14.1,DEV_TO_OCC
1717515269.9036727,232,16.7,14.1,DEV_TO_OCC
1717515270.7583256,232,3.2,14.1,DEV_TO_OCC
1717515270.9896195,232,4.0,14.1,DEV_TO_OCC
1717515271.2716846,338,10.0,14.1,OCC_TO_CU
1717515271.2725368,338,0.0,14.1,OCC_TO_CU
1717515271.2733605,338,0.0,14.1,OCC_TO_CU
1717515271.274352,338,0.0,14.1,OCC_TO_CU
1717515271.808721,232,5.1,14.1,DEV_TO_OCC
1717515271.9035292,232,7.8,14.1,DEV_TO_OCC
1717515272.9360642,232,2.9,14.1,DEV_TO_OCC
1717515272.9369657,232,0.0,14.1,DEV_TO_OCC
1717515273.8632164,232,4.1,14.1,DEV_TO_OCC
1717515273.9188647,232,9.2,14.1,DEV_TO_OCC
1717515274.7790678,232,3.3,14.1,DEV_TO_OCC
1717515274.983108,232,6.1,14.1,DEV_TO_OCC
1717515276.007845,232,4.4,14.1,DEV_TO_OCC
1717515276.0090249,232,0.0,14.1,DEV_TO_OCC
1717515276.929431,232,3.0,14.1,DEV_TO_OCC
1717515276.9307396,232,0.0,14.1,DEV_TO_OCC
1717515277.7747533,232,7.0,14.1,DEV_TO_OCC
1717515278.0554132,232,7.7,14.1,DEV_TO_OCC
1717515278.874741,232,2.7,14.1,DEV_TO_OCC
1717515278.9100988,232,16.3,14.1,DEV_TO_OCC
1717515280.0012908,232,3.1,14.1,DEV_TO_OCC
1717515280.0024073,232,0.0,14.1,DEV_TO_OCC
1717515280.9234776,232,4.1,14.1,DEV_TO_OCC
1717515280.9244344,232,0.0,14.1,DEV_TO_OCC
1717515281.2855573,338,5.5,14.1,OCC_TO_CU
1717515281.2865753,338,0.0,14.1,OCC_TO_CU
1717515281.287483,338,80.0,14.1,OCC_TO_CU
1717515281.2883356,338,0.0,14.1,OCC_TO_CU
1717515281.8445232,232,4.8,14.1,DEV_TO_OCC
1717515281.9128869,232,8.6,14.1,DEV_TO_OCC
1717515283.0739598,232,3.9,14.1,DEV_TO_OCC
1717515283.07508,232,0.0,14.1,DEV_TO_OCC
1717515284.0059087,232,3.5,14.1,DEV_TO_OCC
1717515284.0067558,232,0.0,14.1,DEV_TO_OCC
1717515284.8234482,232,3.4,14.1,DEV_TO_OCC
1717515284.9153962,232,5.6,14.1,DEV_TO_OCC
1717515285.7713435,232,3.7,14.1,DEV_TO_OCC
1717515285.9404554,232,3.5,14.1,DEV_TO_OCC
1717515287.0670435,232,2.6,14.1,DEV_TO_OCC
1717515287.0679278,232,66.7,14.1,DEV_TO_OCC
1717515287.9891493,232,5.1,14.1,DEV_TO_OCC
1717515287.989663,232,0.0,14.1,DEV_TO_OCC
1717515288.9104722,232,3.1,14.1,DEV_TO_OCC
1717515288.9180267,232,33.3,14.1,DEV_TO_OCC
1717515289.8322232,232,3.2,14.1,DEV_TO_OCC
1717515289.9170785,232,8.7,14.1,DEV_TO_OCC
1717515291.061111,232,3.3,14.1,DEV_TO_OCC
1717515291.0620337,232,0.0,14.1,DEV_TO_OCC
1717515291.2959764,338,4.0,14.1,OCC_TO_CU
1717515291.2969165,338,0.0,14.1,OCC_TO_CU
1717515291.2978346,338,0.0,14.1,OCC_TO_CU
1717515291.2988715,338,0.0,14.1,OCC_TO_CU
1717515291.9825408,232,4.4,14.1,DEV_TO_OCC
1717515291.9836197,232,66.7,14.1,DEV_TO_OCC
1717515292.9045727,232,3.8,14.1,DEV_TO_OCC
1717515292.9188766,232,23.5,14.1,DEV_TO_OCC
1717515293.8257089,232,4.1,14.1,DEV_TO_OCC
1717515293.9199705,232,5.4,14.1,DEV_TO_OCC
1717515295.0548737,232,4.7,14.1,DEV_TO_OCC
1717515295.055809,232,50.0,14.1,DEV_TO_OCC
1717515295.9776268,232,3.2,14.1,DEV_TO_OCC
1717515295.9784763,232,0.0,14.1,DEV_TO_OCC
1717515296.897616,232,3.6,14.1,DEV_TO_OCC
1717515296.9396062,232,17.3,14.1,DEV_TO_OCC
1717515297.819496,232,3.9,14.1,DEV_TO_OCC
1717515298.0254242,232,8.6,14.1,DEV_TO_OCC
1717515299.048303,232,2.4,14.1,DEV_TO_OCC
1717515299.0493712,232,0.0,14.1,DEV_TO_OCC
1717515299.970235,232,2.7,14.1,DEV_TO_OCC
1717515299.9711475,232,0.0,14.1,DEV_TO_OCC
1717515300.891668,232,3.2,14.1,DEV_TO_OCC
1717515300.926138,232,19.0,14.1,DEV_TO_OCC
1717515301.3077412,338,5.6,14.1,OCC_TO_CU
1717515301.308598,338,0.0,14.1,OCC_TO_CU
1717515301.3093998,338,0.0,14.1,OCC_TO_CU
1717515301.3102424,338,0.0,14.1,OCC_TO_CU
1717515301.8132544,232,4.7,14.1,DEV_TO_OCC
1717515302.017786,232,5.3,14.1,DEV_TO_OCC
1717515303.0415168,232,3.7,14.2,DEV_TO_OCC
1717515303.0419292,232,0.0,14.2,DEV_TO_OCC
1717515303.9638178,232,2.5,14.1,DEV_TO_OCC
1717515303.9647663,232,0.0,14.1,DEV_TO_OCC
1717515304.8850608,232,3.3,14.1,DEV_TO_OCC
1717515304.93035,232,11.3,14.1,DEV_TO_OCC
1717515305.8068595,232,4.3,14.1,DEV_TO_OCC
1717515306.0128388,232,4.9,14.1,DEV_TO_OCC
1717515306.8526936,232,3.1,14.1,DEV_TO_OCC
1717515306.9329522,232,6.3,14.1,DEV_TO_OCC
1717515307.9576087,232,3.3,14.2,DEV_TO_OCC
1717515307.9585016,232,0.0,14.2,DEV_TO_OCC
1717515308.8789744,232,6.1,14.1,DEV_TO_OCC
1717515308.9377763,232,66.2,14.1,DEV_TO_OCC
1717515310.107604,232,6.3,14.1,DEV_TO_OCC
1717515310.1081772,232,0.0,14.1,DEV_TO_OCC
1717515311.0316918,232,3.0,14.1,DEV_TO_OCC
1717515311.0326042,232,0.0,14.1,DEV_TO_OCC
1717515311.3213072,338,4.9,14.1,OCC_TO_CU
1717515311.322377,338,0.0,14.1,OCC_TO_CU
1717515311.3235974,338,100.0,14.1,OCC_TO_CU
1717515311.3249295,338,0.0,14.1,OCC_TO_CU
1717515311.8582442,232,3.3,14.1,DEV_TO_OCC
1717515311.9348164,232,9.7,14.1,DEV_TO_OCC
1717515312.8749337,232,3.5,14.1,DEV_TO_OCC
1717515312.93672,232,10.5,14.1,DEV_TO_OCC
1717515314.1059458,232,3.9,14.1,DEV_TO_OCC
1717515314.1067638,232,0.0,14.1,DEV_TO_OCC
1717515315.0255709,232,3.1,14.1,DEV_TO_OCC
1717515315.026606,232,0.0,14.1,DEV_TO_OCC
1717515316.0521417,232,3.3,14.1,DEV_TO_OCC
1717515316.0530355,232,0.0,14.1,DEV_TO_OCC
1717515316.868209,232,3.5,14.1,DEV_TO_OCC
1717515316.9398973,232,8.2,14.1,DEV_TO_OCC
1717515318.0966733,232,3.8,14.1,DEV_TO_OCC
1717515318.0976598,232,0.0,14.1,DEV_TO_OCC
1717515319.0173962,232,5.5,14.1,DEV_TO_OCC
1717515319.0183468,232,0.0,14.1,DEV_TO_OCC
1717515319.9388332,232,3.4,14.1,DEV_TO_OCC
1717515319.943411,232,42.9,14.1,DEV_TO_OCC
1717515320.8602262,232,3.1,14.1,DEV_TO_OCC
1717515320.9464328,232,8.7,14.1,DEV_TO_OCC
1717515321.3360786,338,3.0,14.1,OCC_TO_CU
1717515321.3371282,338,0.0,14.1,OCC_TO_CU
1717515321.3380535,338,0.0,14.1,OCC_TO_CU
1717515321.3390763,338,0.0,14.1,OCC_TO_CU
1717515322.08875,232,4.2,14.1,DEV_TO_OCC
1717515322.0897005,232,0.0,14.1,DEV_TO_OCC
1717515322.8474388,232,6.7,14.1,DEV_TO_OCC
1717515322.942971,232,5.3,14.1,DEV_TO_OCC
1717515323.9318762,232,3.6,14.1,DEV_TO_OCC
1717515323.944854,232,35.3,14.1,DEV_TO_OCC
1717515324.854489,232,3.3,14.1,DEV_TO_OCC
1717515324.9462497,232,11.4,14.1,DEV_TO_OCC
1717515326.0826457,232,3.8,14.1,DEV_TO_OCC
1717515326.083727,232,66.7,14.1,DEV_TO_OCC
1717515327.0076067,232,2.8,14.1,DEV_TO_OCC
1717515327.009019,232,0.0,14.1,DEV_TO_OCC
1717515327.9258819,232,3.8,14.1,DEV_TO_OCC
1717515327.9473183,232,26.9,14.1,DEV_TO_OCC
1717515328.8486986,232,4.3,14.1,DEV_TO_OCC
1717515329.2171464,232,5.0,14.1,DEV_TO_OCC
1717515330.0763543,232,2.9,14.1,DEV_TO_OCC
1717515330.0771859,232,0.0,14.1,DEV_TO_OCC
1717515331.0139453,232,2.5,14.1,DEV_TO_OCC
1717515331.0148082,232,0.0,14.1,DEV_TO_OCC
1717515331.3504932,338,4.2,14.1,OCC_TO_CU
1717515331.3514888,338,66.7,14.1,OCC_TO_CU
1717515331.352461,338,0.0,14.1,OCC_TO_CU
1717515331.353361,338,0.0,14.1,OCC_TO_CU
1717515331.817851,232,3.4,14.1,DEV_TO_OCC
1717515332.032779,232,6.5,14.1,DEV_TO_OCC
1717515332.8469734,232,3.2,14.1,DEV_TO_OCC
1717515333.0754492,232,7.2,14.1,DEV_TO_OCC
1717515334.0708623,232,3.8,14.1,DEV_TO_OCC
1717515334.0718904,232,0.0,14.1,DEV_TO_OCC
1717515334.9918513,232,3.2,14.1,DEV_TO_OCC
1717515334.992959,232,0.0,14.1,DEV_TO_OCC
1717515335.915096,232,3.4,14.1,DEV_TO_OCC
1717515335.9540343,232,15.2,14.1,DEV_TO_OCC
1717515336.8348472,232,2.6,14.1,DEV_TO_OCC
1717515337.040738,232,12.4,14.1,DEV_TO_OCC
1717515338.0638447,232,4.9,14.1,DEV_TO_OCC
1717515338.064807,232,0.0,14.1,DEV_TO_OCC
1717515339.0894108,232,3.3,14.1,DEV_TO_OCC
1717515339.0902984,232,0.0,14.1,DEV_TO_OCC
1717515339.906848,232,3.1,14.1,DEV_TO_OCC
1717515339.9663923,232,12.5,14.1,DEV_TO_OCC
1717515340.8284771,232,3.4,14.1,DEV_TO_OCC
1717515341.03292,232,5.7,14.1,DEV_TO_OCC
1717515341.3643577,338,3.5,14.1,OCC_TO_CU
1717515341.3653615,338,0.0,14.1,OCC_TO_CU
1717515341.3663025,338,0.0,14.1,OCC_TO_CU
1717515341.3673897,338,100.0,14.1,OCC_TO_CU
1717515341.8548915,232,3.8,14.1,DEV_TO_OCC
1717515342.0573037,232,4.6,14.1,DEV_TO_OCC
1717515342.9788797,232,3.0,14.1,DEV_TO_OCC
1717515342.9797246,232,100.0,14.1,DEV_TO_OCC
1717515343.9004028,232,3.3,14.1,DEV_TO_OCC
1717515343.9670522,232,10.1,14.1,DEV_TO_OCC
1717515345.130221,232,2.9,14.1,DEV_TO_OCC
1717515345.1306627,232,0.0,14.1,DEV_TO_OCC
1717515346.0512753,232,4.6,14.1,DEV_TO_OCC
1717515346.0522764,232,0.0,14.1,DEV_TO_OCC
1717515346.826616,232,3.2,14.1,DEV_TO_OCC
1717515347.0789049,232,5.6,14.1,DEV_TO_OCC
1717515347.8942037,232,4.4,14.1,DEV_TO_OCC
1717515347.9622674,232,7.5,14.1,DEV_TO_OCC
1717515349.123207,232,3.8,14.1,DEV_TO_OCC
1717515349.1240988,232,0.0,14.1,DEV_TO_OCC
1717515350.0452576,232,5.4,14.1,DEV_TO_OCC
1717515350.0463893,232,0.0,14.1,DEV_TO_OCC
1717515350.9665632,232,3.1,14.1,DEV_TO_OCC
1717515350.9675553,232,100.0,14.1,DEV_TO_OCC
1717515351.378716,338,4.1,14.1,OCC_TO_CU
1717515351.3797169,338,100.0,14.1,OCC_TO_CU
1717515351.3806968,338,0.0,14.1,OCC_TO_CU
1717515351.381612,338,0.0,14.1,OCC_TO_CU
1717515351.8877146,232,6.6,14.1,DEV_TO_OCC
1717515351.9681017,232,9.3,14.1,DEV_TO_OCC
1717515353.1173298,232,3.8,14.1,DEV_TO_OCC
1717515353.1182518,232,0.0,14.1,DEV_TO_OCC
1717515354.0446477,232,3.3,14.1,DEV_TO_OCC
1717515354.045579,232,0.0,14.1,DEV_TO_OCC
1717515354.8575456,232,3.0,14.1,DEV_TO_OCC
1717515355.0642354,232,5.7,14.1,DEV_TO_OCC
1717515355.8815467,232,3.7,14.1,DEV_TO_OCC
1717515355.9682312,232,9.5,14.1,DEV_TO_OCC
1717515356.9074373,232,2.8,14.1,DEV_TO_OCC
1717515356.9691806,232,13.3,14.1,DEV_TO_OCC
1717515358.0319107,232,3.8,14.1,DEV_TO_OCC
1717515358.0323577,232,0.0,14.1,DEV_TO_OCC
1717515358.9538207,232,2.6,14.1,DEV_TO_OCC
1717515358.9731739,232,17.4,14.1,DEV_TO_OCC
1717515359.8753045,232,3.2,14.1,DEV_TO_OCC
1717515360.0800316,232,6.5,14.1,DEV_TO_OCC
1717515361.1048584,232,2.5,14.1,DEV_TO_OCC
1717515361.105753,232,0.0,14.1,DEV_TO_OCC
1717515361.392598,338,4.7,14.1,OCC_TO_CU
1717515361.393611,338,0.0,14.1,OCC_TO_CU
1717515361.3944447,338,0.0,14.1,OCC_TO_CU
1717515361.3952396,338,100.0,14.1,OCC_TO_CU
1717515361.9232385,232,4.7,14.1,DEV_TO_OCC
1717515361.9863846,232,2.8,14.1,DEV_TO_OCC
1717515362.8473995,232,4.2,14.1,DEV_TO_OCC
1717515363.0614843,232,8.6,14.1,DEV_TO_OCC
1717515363.871271,232,3.1,14.1,DEV_TO_OCC
1717515364.0738895,232,4.6,14.1,DEV_TO_OCC
1717515365.0981593,232,2.8,14.1,DEV_TO_OCC
1717515365.0984952,232,0.0,14.1,DEV_TO_OCC
1717515366.019826,232,3.0,14.1,DEV_TO_OCC
1717515366.0208006,232,0.0,14.1,DEV_TO_OCC
1717515366.9415865,232,2.9,14.1,DEV_TO_OCC
1717515366.9817712,232,16.7,14.1,DEV_TO_OCC
1717515367.8626566,232,3.6,14.1,DEV_TO_OCC
1717515367.9790637,232,7.2,14.1,DEV_TO_OCC
1717515369.0918555,232,4.3,14.1,DEV_TO_OCC
1717515369.0927432,232,0.0,14.1,DEV_TO_OCC
1717515370.0379522,232,3.1,14.1,DEV_TO_OCC
1717515370.0394344,232,80.0,14.1,DEV_TO_OCC
1717515370.9416602,232,2.8,14.1,DEV_TO_OCC
1717515370.9947405,232,16.4,14.1,DEV_TO_OCC
1717515371.406277,338,3.5,14.1,OCC_TO_CU
1717515371.4073691,338,66.7,14.1,OCC_TO_CU
1717515371.4084678,338,0.0,14.1,OCC_TO_CU
1717515371.409551,338,0.0,14.1,OCC_TO_CU
1717515371.8562546,232,5.0,14.1,DEV_TO_OCC
1717515372.0608788,232,4.5,14.1,DEV_TO_OCC
1717515373.0853477,232,3.8,14.1,DEV_TO_OCC
1717515373.086281,232,0.0,14.1,DEV_TO_OCC
1717515374.0069203,232,3.3,14.1,DEV_TO_OCC
1717515374.0080738,232,66.7,14.1,DEV_TO_OCC
1717515375.0332465,232,2.8,14.1,DEV_TO_OCC
1717515375.0342305,232,0.0,14.1,DEV_TO_OCC
1717515375.8545578,232,3.0,14.1,DEV_TO_OCC
1717515376.0561771,232,5.4,14.1,DEV_TO_OCC
1717515377.0790448,232,3.2,14.1,DEV_TO_OCC
1717515377.0801432,232,50.0,14.1,DEV_TO_OCC
1717515377.898221,232,4.1,14.2,DEV_TO_OCC
1717515377.9859164,232,9.5,14.2,DEV_TO_OCC
1717515378.9223251,232,3.7,14.2,DEV_TO_OCC
1717515378.98797,232,11.2,14.2,DEV_TO_OCC
1717515379.8439138,232,2.9,14.2,DEV_TO_OCC
1717515380.050248,232,12.2,14.2,DEV_TO_OCC
1717515381.0727751,232,3.0,14.2,DEV_TO_OCC
1717515381.0739055,232,0.0,14.2,DEV_TO_OCC
1717515381.419748,338,22.7,14.1,OCC_TO_CU
1717515381.420732,338,0.0,14.1,OCC_TO_CU
1717515381.421694,338,0.0,14.1,OCC_TO_CU
1717515381.4226844,338,0.0,14.1,OCC_TO_CU
1717515381.899828,232,6.3,14.1,DEV_TO_OCC
1717515381.9981709,232,6.9,14.1,DEV_TO_OCC
1717515382.9160154,232,3.5,14.1,DEV_TO_OCC
1717515382.9911466,232,13.3,14.1,DEV_TO_OCC
1717515384.1449947,232,3.5,14.1,DEV_TO_OCC
1717515384.1459677,232,0.0,14.1,DEV_TO_OCC
1717515385.0665815,232,3.4,14.1,DEV_TO_OCC
1717515385.0674555,232,100.0,14.1,DEV_TO_OCC
1717515386.101404,232,5.6,14.1,DEV_TO_OCC
1717515386.102301,232,0.0,14.1,DEV_TO_OCC
1717515387.0160875,232,2.8,14.1,DEV_TO_OCC
1717515387.0170543,232,0.0,14.1,DEV_TO_OCC
1717515388.1449902,232,4.5,14.1,DEV_TO_OCC
1717515388.1459148,232,0.0,14.1,DEV_TO_OCC
1717515389.0762122,232,3.5,14.1,DEV_TO_OCC
1717515389.1250832,232,12.1,14.1,DEV_TO_OCC
1717515389.9816415,232,3.0,14.1,DEV_TO_OCC
1717515389.9958503,232,33.3,14.1,DEV_TO_OCC
1717515390.903076,232,3.9,14.1,DEV_TO_OCC
1717515390.996871,232,8.1,14.1,DEV_TO_OCC
1717515391.431976,338,3.8,14.1,OCC_TO_CU
1717515391.4331908,338,0.0,14.1,OCC_TO_CU
1717515391.4342108,338,0.0,14.1,OCC_TO_CU
1717515391.4351828,338,0.0,14.1,OCC_TO_CU
1717515391.9293683,232,4.2,14.1,DEV_TO_OCC
1717515391.994128,232,12.5,14.1,DEV_TO_OCC
1717515392.851086,232,4.2,14.1,DEV_TO_OCC
1717515393.0546253,232,9.1,14.1,DEV_TO_OCC
1717515393.844741,232,3.6,14.1,DEV_TO_OCC
1717515394.0797775,232,6.7,14.1,DEV_TO_OCC
1717515394.898506,232,2.6,14.1,DEV_TO_OCC
1717515395.0011475,232,9.6,14.1,DEV_TO_OCC
1717515396.1270685,232,2.4,14.1,DEV_TO_OCC
1717515396.127921,232,66.7,14.1,DEV_TO_OCC
1717515397.0541177,232,2.6,14.1,DEV_TO_OCC
1717515397.0552533,232,80.0,14.1,DEV_TO_OCC
1717515397.9780216,232,4.1,14.1,DEV_TO_OCC
1717515398.0038872,232,31.3,14.1,DEV_TO_OCC
1717515398.8907137,232,3.5,14.1,DEV_TO_OCC
1717515399.2018273,232,5.6,14.1,DEV_TO_OCC
1717515400.1194701,232,4.1,14.1,DEV_TO_OCC
1717515400.120256,232,0.0,14.1,DEV_TO_OCC
1717515401.041371,232,3.1,14.1,DEV_TO_OCC
1717515401.042327,232,0.0,14.1,DEV_TO_OCC
1717515401.4455385,338,3.7,14.1,OCC_TO_CU
1717515401.4465656,338,0.0,14.1,OCC_TO_CU
1717515401.4474905,338,80.0,14.1,OCC_TO_CU
1717515401.4484484,338,0.0,14.1,OCC_TO_CU
1717515401.9717493,232,4.4,14.1,DEV_TO_OCC
1717515402.0244927,232,51.6,14.1,DEV_TO_OCC
1717515402.8850625,232,3.7,14.1,DEV_TO_OCC
1717515403.2997847,232,6.4,14.1,DEV_TO_OCC
1717515404.113319,232,3.2,14.1,DEV_TO_OCC
1717515404.114352,232,0.0,14.1,DEV_TO_OCC
1717515404.9322462,232,3.4,14.1,DEV_TO_OCC
1717515405.0062242,232,12.4,14.1,DEV_TO_OCC
1717515405.9565823,232,3.3,14.1,DEV_TO_OCC
1717515406.017813,232,13.5,14.1,DEV_TO_OCC
1717515406.9916637,232,3.2,14.1,DEV_TO_OCC
1717515407.0129302,232,26.9,14.1,DEV_TO_OCC
1717515407.8763385,232,3.1,14.1,DEV_TO_OCC
1717515408.1066678,232,8.7,14.1,DEV_TO_OCC
1717515409.0508294,232,4.9,14.1,DEV_TO_OCC
1717515409.0516832,232,100.0,14.1,DEV_TO_OCC
1717515409.9505424,232,3.1,14.1,DEV_TO_OCC
1717515410.013951,232,12.8,14.1,DEV_TO_OCC
1717515410.872118,232,3.3,14.1,DEV_TO_OCC
1717515411.0774105,232,5.6,14.1,DEV_TO_OCC
1717515411.4596267,338,3.5,14.1,OCC_TO_CU
1717515411.4605463,338,0.0,14.1,OCC_TO_CU
1717515411.4615493,338,0.0,14.1,OCC_TO_CU
1717515411.4625702,338,0.0,14.1,OCC_TO_CU
1717515411.899507,232,4.4,14.1,DEV_TO_OCC
1717515412.1003819,232,6.2,14.1,DEV_TO_OCC
1717515412.9384525,232,4.4,14.1,DEV_TO_OCC
1717515413.0108542,232,15.3,14.1,DEV_TO_OCC
1717515413.9438927,232,3.3,14.1,DEV_TO_OCC
1717515414.01376,232,6.3,14.1,DEV_TO_OCC
1717515415.173197,232,3.2,14.1,DEV_TO_OCC
1717515415.1741586,232,0.0,14.1,DEV_TO_OCC
1717515416.0950735,232,3.1,14.1,DEV_TO_OCC
1717515416.09604,232,50.0,14.1,DEV_TO_OCC
1717515417.0161312,232,2.6,14.1,DEV_TO_OCC
1717515417.0170481,232,0.0,14.1,DEV_TO_OCC
1717515417.9377398,232,8.6,14.1,DEV_TO_OCC
1717515418.01409,232,17.0,14.1,DEV_TO_OCC
1717515419.1667416,232,3.2,14.1,DEV_TO_OCC
1717515419.1678019,232,0.0,14.1,DEV_TO_OCC
1717515420.088453,232,3.2,14.1,DEV_TO_OCC
1717515420.0887105,232,0.0,14.1,DEV_TO_OCC
1717515420.9073954,232,3.2,14.1,DEV_TO_OCC
1717515421.112031,232,6.5,14.1,DEV_TO_OCC
1717515421.4739242,338,3.7,14.1,OCC_TO_CU
1717515421.4749558,338,0.0,14.1,OCC_TO_CU
1717515421.4759967,338,75.0,14.1,OCC_TO_CU
1717515421.477071,338,0.0,14.1,OCC_TO_CU
1717515421.9311588,232,6.4,14.1,DEV_TO_OCC
1717515422.01676,232,10.4,14.1,DEV_TO_OCC
1717515423.1606886,232,3.9,14.1,DEV_TO_OCC
1717515423.161824,232,0.0,14.1,DEV_TO_OCC
1717515423.9956503,232,3.0,14.1,DEV_TO_OCC
1717515424.0309398,232,15.0,14.1,DEV_TO_OCC
1717515425.0034533,232,2.8,14.1,DEV_TO_OCC
1717515425.0195935,232,19.0,14.1,DEV_TO_OCC
1717515425.92519,232,3.7,14.1,DEV_TO_OCC
1717515426.0201848,232,7.9,14.1,DEV_TO_OCC
1717515427.1542866,232,3.2,14.1,DEV_TO_OCC
1717515427.1554945,232,75.0,14.1,DEV_TO_OCC
1717515428.079904,232,4.6,14.1,DEV_TO_OCC
1717515428.080949,232,0.0,14.1,DEV_TO_OCC
1717515428.9972255,232,6.2,14.1,DEV_TO_OCC
1717515429.0253098,232,29.4,14.1,DEV_TO_OCC
1717515429.9189215,232,2.4,14.1,DEV_TO_OCC
1717515430.1376643,232,7.6,14.1,DEV_TO_OCC
1717515431.1478062,232,2.6,14.1,DEV_TO_OCC
1717515431.149083,232,0.0,14.1,DEV_TO_OCC
1717515431.487739,338,4.0,14.1,OCC_TO_CU
1717515431.488644,338,0.0,14.1,OCC_TO_CU
1717515431.4894612,338,0.0,14.1,OCC_TO_CU
1717515431.4903276,338,0.0,14.1,OCC_TO_CU
1717515431.9716513,232,5.3,14.1,DEV_TO_OCC
1717515432.0312126,232,11.1,14.1,DEV_TO_OCC
1717515432.9907043,232,3.7,14.1,DEV_TO_OCC
1717515433.0269387,232,38.0,14.1,DEV_TO_OCC
1717515433.9124947,232,2.8,14.1,DEV_TO_OCC
1717515434.1169908,232,4.9,14.1,DEV_TO_OCC
1717515435.1414,232,3.3,14.1,DEV_TO_OCC
1717515435.1420884,232,0.0,14.1,DEV_TO_OCC
1717515435.9602287,232,3.1,14.1,DEV_TO_OCC
1717515436.027373,232,8.8,14.1,DEV_TO_OCC
1717515436.984058,232,4.4,14.1,DEV_TO_OCC
1717515437.0338244,232,18.6,14.1,DEV_TO_OCC
1717515437.9063358,232,3.8,14.1,DEV_TO_OCC
1717515438.1105986,232,10.7,14.1,DEV_TO_OCC
1717515438.8887825,232,3.1,14.1,DEV_TO_OCC
1717515439.1349921,232,6.4,14.1,DEV_TO_OCC
1717515440.0567598,232,3.4,14.1,DEV_TO_OCC
1717515440.057697,232,0.0,14.1,DEV_TO_OCC
1717515440.978666,232,3.5,14.1,DEV_TO_OCC
1717515441.0385783,232,11.3,14.1,DEV_TO_OCC
1717515441.50156,338,3.8,14.1,OCC_TO_CU
1717515441.5025651,338,0.0,14.1,OCC_TO_CU
1717515441.5036826,338,100.0,14.1,OCC_TO_CU
1717515441.5048685,338,0.0,14.1,OCC_TO_CU
1717515441.8999305,232,5.3,14.1,DEV_TO_OCC
1717515442.1042087,232,4.9,14.1,DEV_TO_OCC
1717515443.1289527,232,3.5,14.1,DEV_TO_OCC
1717515443.1298833,232,0.0,14.1,DEV_TO_OCC
1717515444.050797,232,4.1,14.1,DEV_TO_OCC
1717515444.0517652,232,50.0,14.1,DEV_TO_OCC
1717515444.971845,232,2.6,14.1,DEV_TO_OCC
1717515445.033963,232,7.0,14.1,DEV_TO_OCC
1717515445.8935502,232,3.3,14.1,DEV_TO_OCC
1717515446.0981824,232,6.1,14.1,DEV_TO_OCC
1717515447.123038,232,3.0,14.1,DEV_TO_OCC
1717515447.1241152,232,66.7,14.1,DEV_TO_OCC
1717515448.1481814,232,4.3,14.2,DEV_TO_OCC
1717515448.1490767,232,0.0,14.2,DEV_TO_OCC
1717515448.8957732,232,3.9,14.2,DEV_TO_OCC
1717515449.237639,232,4.2,14.1,DEV_TO_OCC
1717515450.1949072,232,3.5,14.1,DEV_TO_OCC
1717515450.1958447,232,50.0,14.1,DEV_TO_OCC
1717515451.1165853,232,2.9,14.1,DEV_TO_OCC
1717515451.1173816,232,0.0,14.1,DEV_TO_OCC
1717515451.5159087,338,21.1,14.1,OCC_TO_CU
1717515451.5169258,338,0.0,14.1,OCC_TO_CU
1717515451.518008,338,0.0,14.1,OCC_TO_CU
1717515451.5190735,338,0.0,14.1,OCC_TO_CU
1717515451.935481,232,6.8,14.1,DEV_TO_OCC
1717515452.1418562,232,4.5,14.1,DEV_TO_OCC
1717515452.9606245,232,3.3,14.1,DEV_TO_OCC
1717515453.0489438,232,18.9,14.1,DEV_TO_OCC
1717515453.8849719,232,2.7,14.1,DEV_TO_OCC
1717515454.0976424,232,6.3,14.1,DEV_TO_OCC
1717515454.9070532,232,3.6,14.1,DEV_TO_OCC
1717515455.1093621,232,8.9,14.1,DEV_TO_OCC
1717515456.0317085,232,2.6,14.1,DEV_TO_OCC
1717515456.0451639,232,20.0,14.1,DEV_TO_OCC
1717515456.9673789,232,3.6,14.1,DEV_TO_OCC
1717515457.04803,232,10.3,14.1,DEV_TO_OCC
1717515458.1823804,232,4.0,14.1,DEV_TO_OCC
1717515458.18331,232,50.0,14.1,DEV_TO_OCC
1717515459.103799,232,3.9,14.1,DEV_TO_OCC
1717515459.1049416,232,0.0,14.1,DEV_TO_OCC
1717515460.0251384,232,2.9,14.1,DEV_TO_OCC
1717515460.0495174,232,21.4,14.1,DEV_TO_OCC
1717515460.946951,232,3.4,14.1,DEV_TO_OCC
1717515461.1512218,232,5.3,14.1,DEV_TO_OCC
1717515461.5305321,338,3.1,14.1,OCC_TO_CU
1717515461.5323963,338,50.0,14.1,OCC_TO_CU
1717515461.5336957,338,0.0,14.1,OCC_TO_CU
1717515461.5351627,338,0.0,14.1,OCC_TO_CU
1717515461.972691,232,5.3,14.1,DEV_TO_OCC
1717515462.0473907,232,12.1,14.1,DEV_TO_OCC
1717515463.0974596,232,4.0,14.1,DEV_TO_OCC
1717515463.0983565,232,0.0,14.1,DEV_TO_OCC
1717515464.0184908,232,3.4,14.1,DEV_TO_OCC
1717515464.0502467,232,18.9,14.1,DEV_TO_OCC
1717515464.9402847,232,2.8,14.1,DEV_TO_OCC
1717515465.1447573,232,8.6,14.1,DEV_TO_OCC
1717515466.0393064,232,9.6,14.1,DEV_TO_OCC
1717515466.0534403,232,20.0,14.1,DEV_TO_OCC
1717515467.0416212,232,3.7,14.1,DEV_TO_OCC
1717515467.0624328,232,13.6,14.1,DEV_TO_OCC
1717515467.9120214,232,3.1,14.1,DEV_TO_OCC
1717515468.0525975,232,10.8,14.1,DEV_TO_OCC
1717515468.936408,232,2.7,14.1,DEV_TO_OCC
1717515469.1018207,232,5.7,14.1,DEV_TO_OCC
1717515470.1653578,232,3.5,14.1,DEV_TO_OCC
1717515470.1662638,232,0.0,14.1,DEV_TO_OCC
1717515471.086793,232,2.5,14.1,DEV_TO_OCC
1717515471.0879047,232,66.7,14.1,DEV_TO_OCC
1717515471.5461242,338,3.5,14.1,OCC_TO_CU
1717515471.5471425,338,0.0,14.1,OCC_TO_CU
1717515471.5481787,338,66.7,14.1,OCC_TO_CU
1717515471.5490205,338,0.0,14.1,OCC_TO_CU
1717515472.0081973,232,10.1,14.1,DEV_TO_OCC
1717515472.0706973,232,6.8,14.1,DEV_TO_OCC
1717515472.929773,232,3.7,14.1,DEV_TO_OCC
1717515473.1341672,232,7.2,14.1,DEV_TO_OCC
1717515474.15841,232,3.1,14.1,DEV_TO_OCC
1717515474.1592681,232,75.0,14.1,DEV_TO_OCC
1717515475.078715,232,2.9,14.1,DEV_TO_OCC
1717515475.0795352,232,100.0,14.1,DEV_TO_OCC
1717515475.9999163,232,3.1,14.1,DEV_TO_OCC
1717515476.0646083,232,10.3,14.1,DEV_TO_OCC
1717515476.921419,232,2.5,14.1,DEV_TO_OCC
1717515477.1266115,232,4.9,14.1,DEV_TO_OCC
1717515478.1503236,232,4.5,14.1,DEV_TO_OCC
1717515478.151188,232,0.0,14.1,DEV_TO_OCC
1717515479.072317,232,3.5,14.1,DEV_TO_OCC
1717515479.07332,232,0.0,14.1,DEV_TO_OCC
1717515479.9030864,232,3.5,14.1,DEV_TO_OCC
1717515480.0975623,232,7.7,14.1,DEV_TO_OCC
1717515481.2296965,232,2.4,14.1,DEV_TO_OCC
1717515481.2306354,232,0.0,14.1,DEV_TO_OCC
1717515481.5599098,338,5.2,14.1,OCC_TO_CU
1717515481.5610614,338,0.0,14.1,OCC_TO_CU
1717515481.562324,338,0.0,14.1,OCC_TO_CU
1717515481.5633667,338,80.0,14.1,OCC_TO_CU
1717515481.940813,232,6.6,14.1,DEV_TO_OCC
1717515482.1437535,232,5.0,14.1,DEV_TO_OCC
1717515483.065742,232,4.5,14.1,DEV_TO_OCC
1717515483.0667048,232,0.0,14.1,DEV_TO_OCC
1717515484.0069342,232,3.2,14.2,DEV_TO_OCC
1717515484.062965,232,9.1,14.1,DEV_TO_OCC
1717515485.0131269,232,2.5,14.1,DEV_TO_OCC
1717515485.0706468,232,49.3,14.1,DEV_TO_OCC
1717515486.1387038,232,2.7,14.1,DEV_TO_OCC
1717515486.139621,232,100.0,14.1,DEV_TO_OCC
1717515487.0596461,232,2.8,14.1,DEV_TO_OCC
1717515487.064956,232,16.7,14.1,DEV_TO_OCC
1717515487.9810555,232,3.5,14.1,DEV_TO_OCC
1717515488.0652075,232,19.8,14.1,DEV_TO_OCC
1717515489.210307,232,2.8,14.1,DEV_TO_OCC
1717515489.2114203,232,100.0,14.1,DEV_TO_OCC
1717515490.1316435,232,3.7,14.1,DEV_TO_OCC
1717515490.1322904,232,0.0,14.1,DEV_TO_OCC
1717515491.0752478,232,2.7,14.1,DEV_TO_OCC
1717515491.1339927,232,14.3,14.1,DEV_TO_OCC
1717515491.574556,338,3.4,14.1,OCC_TO_CU
1717515491.575678,338,50.0,14.1,OCC_TO_CU
1717515491.576787,338,0.0,14.1,OCC_TO_CU
1717515491.577893,338,0.0,14.1,OCC_TO_CU
1717515491.9746325,232,9.7,14.1,DEV_TO_OCC
1717515492.0685863,232,9.6,14.1,DEV_TO_OCC
1717515493.2038589,232,3.0,14.1,DEV_TO_OCC
1717515493.2049682,232,0.0,14.1,DEV_TO_OCC
1717515494.0102398,232,3.8,14.1,DEV_TO_OCC
1717515494.0850055,232,10.2,14.1,DEV_TO_OCC
1717515494.9140265,232,5.1,14.1,DEV_TO_OCC
1717515495.1509676,232,9.4,14.1,DEV_TO_OCC
1717515495.968422,232,2.9,14.1,DEV_TO_OCC
1717515496.1796956,232,4.8,14.1,DEV_TO_OCC
1717515497.1973796,232,2.6,14.1,DEV_TO_OCC
1717515497.1983669,232,0.0,14.1,DEV_TO_OCC
1717515498.1193087,232,4.9,14.1,DEV_TO_OCC
1717515498.1202598,232,0.0,14.1,DEV_TO_OCC
1717515498.9544482,232,3.3,14.1,DEV_TO_OCC
1717515499.11541,232,9.1,14.1,DEV_TO_OCC
1717515499.9622974,232,2.7,14.1,DEV_TO_OCC
1717515500.0738738,232,8.1,14.1,DEV_TO_OCC
1717515501.1912634,232,2.5,14.1,DEV_TO_OCC
1717515501.1922872,232,0.0,14.1,DEV_TO_OCC
1717515501.5879025,338,3.4,14.1,OCC_TO_CU
1717515501.5888546,338,0.0,14.1,OCC_TO_CU
1717515501.589663,338,0.0,14.1,OCC_TO_CU
1717515501.5904658,338,0.0,14.1,OCC_TO_CU
1717515502.0101123,232,4.6,14.1,DEV_TO_OCC
1717515502.076063,232,11.3,14.1,DEV_TO_OCC
1717515503.033825,232,5.9,14.1,DEV_TO_OCC
1717515503.0766597,232,7.8,14.1,DEV_TO_OCC
1717515503.956075,232,2.9,14.1,DEV_TO_OCC
1717515504.1602762,232,6.9,14.1,DEV_TO_OCC
1717515505.1848922,232,2.8,14.1,DEV_TO_OCC
1717515505.1857908,232,0.0,14.1,DEV_TO_OCC
1717515506.1066246,232,3.4,14.1,DEV_TO_OCC
1717515506.1076055,232,100.0,14.1,DEV_TO_OCC
1717515507.1308126,232,2.9,14.1,DEV_TO_OCC
1717515507.131724,232,0.0,14.1,DEV_TO_OCC
1717515508.2569008,232,3.7,14.1,DEV_TO_OCC
1717515508.2579331,232,0.0,14.1,DEV_TO_OCC
1717515509.21932,232,3.6,14.1,DEV_TO_OCC
1717515509.2202272,232,0.0,14.1,DEV_TO_OCC
1717515510.0997727,232,3.5,14.1,DEV_TO_OCC
1717515510.1002018,232,0.0,14.1,DEV_TO_OCC
1717515511.057282,232,2.3,14.1,DEV_TO_OCC
1717515511.104168,232,17.2,14.1,DEV_TO_OCC
1717515511.599755,338,3.7,14.1,OCC_TO_CU
1717515511.6008427,338,0.0,14.1,OCC_TO_CU
1717515511.6018536,338,0.0,14.1,OCC_TO_CU
1717515511.602887,338,0.0,14.1,OCC_TO_CU
1717515512.0471532,232,4.1,14.1,DEV_TO_OCC
1717515512.081881,232,21.4,14.1,DEV_TO_OCC
1717515513.1722116,232,3.4,14.1,DEV_TO_OCC
1717515513.1734467,232,0.0,14.1,DEV_TO_OCC
1717515513.991563,232,3.6,14.1,DEV_TO_OCC
1717515514.0844116,232,10.2,14.1,DEV_TO_OCC
1717515514.9917762,232,3.0,14.1,DEV_TO_OCC
1717515515.0885377,232,9.7,14.1,DEV_TO_OCC
1717515516.2442777,232,2.8,14.1,DEV_TO_OCC
1717515516.2451668,232,0.0,14.1,DEV_TO_OCC
1717515517.1911132,232,2.8,14.1,DEV_TO_OCC
1717515517.1920805,232,100.0,14.1,DEV_TO_OCC
1717515518.0891833,232,11.4,14.1,DEV_TO_OCC
1717515518.0931604,232,50.0,14.1,DEV_TO_OCC
1717515518.949795,232,3.7,14.1,DEV_TO_OCC
1717515519.1107383,232,11.0,14.1,DEV_TO_OCC
1717515520.2380495,232,4.6,14.1,DEV_TO_OCC
1717515520.2389555,232,0.0,14.1,DEV_TO_OCC
1717515521.1599195,232,3.1,14.1,DEV_TO_OCC
1717515521.1610246,232,0.0,14.1,DEV_TO_OCC
1717515521.6142418,338,4.0,14.1,OCC_TO_CU
1717515521.6153998,338,75.0,14.1,OCC_TO_CU
1717515521.6164122,338,0.0,14.1,OCC_TO_CU
1717515521.6173081,338,0.0,14.1,OCC_TO_CU
1717515521.9805305,232,4.4,14.1,DEV_TO_OCC
1717515522.1850355,232,5.7,14.1,DEV_TO_OCC
1717515523.002375,232,6.8,14.1,DEV_TO_OCC
1717515523.0899456,232,17.6,14.1,DEV_TO_OCC
1717515524.2334244,232,3.4,14.1,DEV_TO_OCC
1717515524.2343698,232,0.0,14.1,DEV_TO_OCC
1717515525.1530573,232,4.1,14.1,DEV_TO_OCC
1717515525.1541162,232,0.0,14.1,DEV_TO_OCC
1717515526.0748572,232,2.4,14.1,DEV_TO_OCC
1717515526.0934741,232,23.8,14.1,DEV_TO_OCC
1717515526.9960983,232,3.0,14.1,DEV_TO_OCC
1717515527.0940685,232,5.2,14.1,DEV_TO_OCC
1717515528.2253227,232,4.6,14.1,DEV_TO_OCC
1717515528.2262132,232,0.0,14.1,DEV_TO_OCC
1717515529.146719,232,3.8,14.1,DEV_TO_OCC
1717515529.1475492,232,66.7,14.1,DEV_TO_OCC
1717515530.0899343,232,2.9,14.1,DEV_TO_OCC
1717515530.0991712,232,25.0,14.1,DEV_TO_OCC
1717515530.9902012,232,3.0,14.1,DEV_TO_OCC
1717515531.1990345,232,6.3,14.1,DEV_TO_OCC
1717515531.6285036,338,3.3,14.1,OCC_TO_CU
1717515531.6295187,338,0.0,14.1,OCC_TO_CU
1717515531.6303992,338,0.0,14.1,OCC_TO_CU
1717515531.6314926,338,80.0,14.1,OCC_TO_CU
1717515532.0161588,232,5.5,14.1,DEV_TO_OCC
1717515532.0963397,232,10.3,14.1,DEV_TO_OCC
1717515533.1409438,232,3.7,14.1,DEV_TO_OCC
1717515533.1418314,232,0.0,14.1,DEV_TO_OCC
1717515534.0623217,232,4.1,14.1,DEV_TO_OCC
1717515534.0979736,232,18.6,14.1,DEV_TO_OCC
1717515534.983364,232,3.0,14.1,DEV_TO_OCC
1717515535.1885352,232,6.4,14.1,DEV_TO_OCC
1717515536.2129447,232,2.5,14.1,DEV_TO_OCC
1717515536.2139316,232,0.0,14.1,DEV_TO_OCC
1717515537.135197,232,3.4,14.1,DEV_TO_OCC
1717515537.1361473,232,0.0,14.1,DEV_TO_OCC
1717515538.0558715,232,4.6,14.2,DEV_TO_OCC
1717515538.0970826,232,12.8,14.2,DEV_TO_OCC
1717515538.977708,232,2.7,14.2,DEV_TO_OCC
1717515539.184067,232,7.2,14.2,DEV_TO_OCC
1717515539.9588435,232,3.1,14.2,DEV_TO_OCC
1717515540.2077963,232,7.0,14.2,DEV_TO_OCC
1717515541.1281164,232,4.8,14.1,DEV_TO_OCC
1717515541.1289797,232,0.0,14.1,DEV_TO_OCC
1717515541.635763,338,4.3,14.1,OCC_TO_CU
1717515541.636646,338,0.0,14.1,OCC_TO_CU
1717515541.6374483,338,0.0,14.1,OCC_TO_CU
1717515541.6383643,338,0.0,14.1,OCC_TO_CU
1717515542.0495667,232,10.5,14.1,DEV_TO_OCC
1717515542.112761,232,9.5,14.1,DEV_TO_OCC
1717515543.2788594,232,3.9,14.1,DEV_TO_OCC
1717515543.2798576,232,50.0,14.1,DEV_TO_OCC
1717515544.0107574,232,3.0,14.1,DEV_TO_OCC
1717515544.1077428,232,11.8,14.1,DEV_TO_OCC
1717515545.1223876,232,3.4,14.1,DEV_TO_OCC
1717515545.123052,232,0.0,14.1,DEV_TO_OCC
1717515546.0434906,232,3.2,14.1,DEV_TO_OCC
1717515546.1143901,232,8.2,14.1,DEV_TO_OCC
1717515547.2724705,232,2.6,14.1,DEV_TO_OCC
1717515547.2734914,232,0.0,14.1,DEV_TO_OCC
1717515548.1942089,232,4.5,14.1,DEV_TO_OCC
1717515548.1950872,232,0.0,14.1,DEV_TO_OCC
1717515549.1161115,232,6.5,14.1,DEV_TO_OCC
1717515549.1170535,232,0.0,14.1,DEV_TO_OCC
1717515550.041858,232,3.1,14.1,DEV_TO_OCC
1717515550.111465,232,19.8,14.1,DEV_TO_OCC
1717515551.0629785,232,3.1,14.1,DEV_TO_OCC
1717515551.117233,232,55.7,14.1,DEV_TO_OCC
1717515551.6414287,338,2.1,14.1,OCC_TO_CU
1717515551.642475,338,0.0,14.1,OCC_TO_CU
1717515551.6433725,338,100.0,14.1,OCC_TO_CU
1717515551.6444702,338,0.0,14.1,OCC_TO_CU
1717515551.9844315,232,5.4,14.1,DEV_TO_OCC
1717515552.1879694,232,6.5,14.1,DEV_TO_OCC
1717515553.2152636,232,3.4,14.1,DEV_TO_OCC
1717515553.2164407,232,0.0,14.1,DEV_TO_OCC
1717515554.0308852,232,3.9,14.1,DEV_TO_OCC
1717515554.1230433,232,9.8,14.1,DEV_TO_OCC
1717515555.2599277,232,2.6,14.1,DEV_TO_OCC
1717515555.2608535,232,0.0,14.1,DEV_TO_OCC
1717515556.182718,232,2.9,14.1,DEV_TO_OCC
1717515556.1836681,232,66.7,14.1,DEV_TO_OCC
1717515557.002081,232,2.2,14.1,DEV_TO_OCC
1717515557.2071183,232,4.1,14.1,DEV_TO_OCC
1717515558.024165,232,4.6,14.1,DEV_TO_OCC
1717515558.114907,232,4.8,14.1,DEV_TO_OCC
1717515559.2536993,232,3.2,14.1,DEV_TO_OCC
1717515559.2545612,232,0.0,14.1,DEV_TO_OCC
1717515560.175244,232,3.1,14.1,DEV_TO_OCC
1717515560.176129,232,0.0,14.1,DEV_TO_OCC
1717515560.9941235,232,3.3,14.1,DEV_TO_OCC
1717515561.2017043,232,5.7,14.1,DEV_TO_OCC
1717515561.656007,338,3.5,14.1,OCC_TO_CU
1717515561.6570096,338,0.0,14.1,OCC_TO_CU
1717515561.6580174,338,0.0,14.1,OCC_TO_CU
1717515561.6589406,338,0.0,14.1,OCC_TO_CU
1717515562.0184238,232,4.4,14.1,DEV_TO_OCC
1717515562.2247307,232,5.6,14.1,DEV_TO_OCC
1717515563.2475,232,3.7,14.1,DEV_TO_OCC
1717515563.2485502,232,0.0,14.1,DEV_TO_OCC
1717515564.1689594,232,3.6,14.2,DEV_TO_OCC
1717515564.1699321,232,0.0,14.2,DEV_TO_OCC
1717515564.9894917,232,3.2,14.1,DEV_TO_OCC
1717515565.1955411,232,6.0,14.2,DEV_TO_OCC
1717515566.0122223,232,3.2,14.2,DEV_TO_OCC
1717515566.219744,232,5.2,14.2,DEV_TO_OCC
1717515567.2408319,232,2.8,14.1,DEV_TO_OCC
1717515567.241788,232,0.0,14.1,DEV_TO_OCC
1717515568.162607,232,7.6,14.1,DEV_TO_OCC
1717515568.1634934,232,66.7,14.1,DEV_TO_OCC
1717515569.0939717,232,3.8,14.1,DEV_TO_OCC
1717515569.1319962,232,20.8,14.1,DEV_TO_OCC
1717515570.005469,232,3.2,14.1,DEV_TO_OCC
1717515570.2105448,232,6.9,14.1,DEV_TO_OCC
1717515571.2386415,232,2.7,14.1,DEV_TO_OCC
1717515571.2395496,232,100.0,14.1,DEV_TO_OCC
1717515571.6703756,338,3.3,14.1,OCC_TO_CU
1717515571.6717956,338,50.0,14.1,OCC_TO_CU
1717515571.6730123,338,0.0,14.1,OCC_TO_CU
1717515571.6741507,338,0.0,14.1,OCC_TO_CU
1717515572.0554552,232,4.8,14.1,DEV_TO_OCC
1717515572.1247113,232,9.8,14.1,DEV_TO_OCC
1717515573.0777946,232,4.7,14.1,DEV_TO_OCC
1717515573.1479988,232,11.6,14.1,DEV_TO_OCC
1717515573.99944,232,3.5,14.1,DEV_TO_OCC
1717515574.20634,232,4.5,14.1,DEV_TO_OCC
1717515575.2291763,232,2.8,14.1,DEV_TO_OCC
1717515575.230131,232,0.0,14.1,DEV_TO_OCC
1717515576.0052567,232,3.2,14.1,DEV_TO_OCC
1717515576.1496053,232,5.8,14.1,DEV_TO_OCC
1717515577.07205,232,2.5,14.1,DEV_TO_OCC
1717515577.13679,232,36.8,14.1,DEV_TO_OCC
1717515578.300463,232,3.7,14.1,DEV_TO_OCC
1717515578.3014345,232,0.0,14.1,DEV_TO_OCC
1717515579.2221422,232,4.3,14.1,DEV_TO_OCC
1717515579.2231607,232,0.0,14.1,DEV_TO_OCC
1717515580.1435592,232,5.8,14.1,DEV_TO_OCC
1717515580.1444378,232,0.0,14.1,DEV_TO_OCC
1717515581.0653238,232,2.6,14.1,DEV_TO_OCC
1717515581.1306744,232,11.5,14.1,DEV_TO_OCC
1717515581.684321,338,2.9,14.1,OCC_TO_CU
1717515581.6853814,338,0.0,14.1,OCC_TO_CU
1717515581.6863425,338,0.0,14.1,OCC_TO_CU
1717515581.687364,338,80.0,14.1,OCC_TO_CU
1717515582.0910058,232,4.8,14.1,DEV_TO_OCC
1717515582.1311228,232,12.5,14.1,DEV_TO_OCC
1717515583.2158237,232,3.8,14.1,DEV_TO_OCC
1717515583.2168808,232,0.0,14.1,DEV_TO_OCC
1717515584.1373503,232,3.8,14.1,DEV_TO_OCC
1717515584.138251,232,0.0,14.1,DEV_TO_OCC
1717515584.9840198,232,3.2,14.1,DEV_TO_OCC
1717515585.1640382,232,5.1,14.1,DEV_TO_OCC
1717515586.2877493,232,2.9,14.1,DEV_TO_OCC
1717515586.2891507,232,0.0,14.1,DEV_TO_OCC
1717515587.209493,232,2.8,14.1,DEV_TO_OCC
1717515587.2107499,232,0.0,14.1,DEV_TO_OCC
1717515588.131001,232,4.5,14.2,DEV_TO_OCC
1717515588.1347928,232,40.0,14.2,DEV_TO_OCC
1717515589.0524642,232,11.1,14.1,DEV_TO_OCC
1717515589.134728,232,10.1,14.1,DEV_TO_OCC
1717515590.2870066,232,3.2,14.1,DEV_TO_OCC
1717515590.2882812,232,66.7,14.1,DEV_TO_OCC
1717515591.2036142,232,2.9,14.1,DEV_TO_OCC
1717515591.204664,232,0.0,14.1,DEV_TO_OCC
1717515591.6971896,338,3.7,14.1,OCC_TO_CU
1717515591.6981936,338,0.0,14.1,OCC_TO_CU
1717515591.7000031,338,50.0,14.1,OCC_TO_CU
1717515591.7009296,338,0.0,14.1,OCC_TO_CU
1717515592.0243206,232,5.4,14.1,DEV_TO_OCC
1717515592.2289453,232,4.9,14.1,DEV_TO_OCC
1717515593.0460744,232,4.7,14.1,DEV_TO_OCC
1717515593.137767,232,7.2,14.1,DEV_TO_OCC
1717515594.2754228,232,3.2,14.1,DEV_TO_OCC
1717515594.2763693,232,0.0,14.1,DEV_TO_OCC
1717515595.1967862,232,3.1,14.1,DEV_TO_OCC
1717515595.1980066,232,0.0,14.1,DEV_TO_OCC
1717515596.1187305,232,3.3,14.1,DEV_TO_OCC
1717515596.1409957,232,25.9,14.1,DEV_TO_OCC
1717515597.0422244,232,2.7,14.1,DEV_TO_OCC
1717515597.143549,232,7.4,14.1,DEV_TO_OCC
1717515598.2687957,232,4.5,14.1,DEV_TO_OCC
1717515598.2697456,232,0.0,14.1,DEV_TO_OCC
1717515599.191521,232,3.7,14.1,DEV_TO_OCC
1717515599.192368,232,0.0,14.1,DEV_TO_OCC
1717515599.9954352,232,3.4,14.1,DEV_TO_OCC
1717515600.3212848,232,5.6,14.1,DEV_TO_OCC
1717515601.0338037,232,2.8,14.1,DEV_TO_OCC
1717515601.240315,232,4.9,14.1,DEV_TO_OCC
1717515601.7118728,338,2.8,14.1,OCC_TO_CU
1717515601.7127762,338,0.0,14.1,OCC_TO_CU
1717515601.713606,338,0.0,14.1,OCC_TO_CU
1717515601.7144744,338,0.0,14.1,OCC_TO_CU
1717515602.0588377,232,5.1,14.1,DEV_TO_OCC
1717515602.1445184,232,8.8,14.1,DEV_TO_OCC
1717515603.184885,232,4.5,14.1,DEV_TO_OCC
1717515603.1860309,232,0.0,14.1,DEV_TO_OCC
1717515604.105617,232,3.5,14.1,DEV_TO_OCC
1717515604.1473296,232,18.9,14.1,DEV_TO_OCC
1717515605.0275261,232,3.9,14.1,DEV_TO_OCC
1717515605.2338998,232,7.3,14.1,DEV_TO_OCC
1717515606.2562656,232,3.0,14.1,DEV_TO_OCC
1717515606.2572176,232,0.0,14.1,DEV_TO_OCC
1717515607.0773618,232,2.9,14.1,DEV_TO_OCC
1717515607.1474793,232,11.8,14.1,DEV_TO_OCC
1717515608.1015587,232,5.7,14.1,DEV_TO_OCC
1717515608.1596174,232,11.4,14.1,DEV_TO_OCC
1717515609.0210097,232,3.1,14.1,DEV_TO_OCC
1717515609.2285988,232,3.3,14.1,DEV_TO_OCC
1717515610.2557597,232,3.7,14.1,DEV_TO_OCC
1717515610.2567046,232,0.0,14.1,DEV_TO_OCC
1717515611.1717863,232,2.9,14.1,DEV_TO_OCC
1717515611.1726887,232,0.0,14.1,DEV_TO_OCC
1717515611.7237153,338,3.2,14.1,OCC_TO_CU
1717515611.7247188,338,0.0,14.1,OCC_TO_CU
1717515611.725649,338,0.0,14.1,OCC_TO_CU
1717515611.7265542,338,0.0,14.1,OCC_TO_CU
1717515612.0928137,232,13.0,14.1,DEV_TO_OCC
1717515612.1571233,232,10.3,14.1,DEV_TO_OCC
1717515613.3221235,232,3.2,14.1,DEV_TO_OCC
1717515613.3229263,232,0.0,14.1,DEV_TO_OCC
1717515614.2439008,232,5.7,14.1,DEV_TO_OCC
1717515614.2450168,232,0.0,14.1,DEV_TO_OCC
1717515615.1651642,232,4.6,14.1,DEV_TO_OCC
1717515615.165939,232,0.0,14.1,DEV_TO_OCC
1717515616.0870154,232,2.9,14.1,DEV_TO_OCC
1717515616.1563637,232,11.8,14.1,DEV_TO_OCC
1717515617.3160563,232,2.5,14.1,DEV_TO_OCC
1717515617.316995,232,0.0,14.1,DEV_TO_OCC
1717515618.2373307,232,4.3,14.1,DEV_TO_OCC
1717515618.2383125,232,0.0,14.1,DEV_TO_OCC
1717515619.1592042,232,4.1,14.1,DEV_TO_OCC
1717515619.1602218,232,0.0,14.1,DEV_TO_OCC
1717515620.0819206,232,2.4,14.1,DEV_TO_OCC
1717515620.1593623,232,6.5,14.1,DEV_TO_OCC
1717515621.3100116,232,2.6,14.1,DEV_TO_OCC
1717515621.3111157,232,0.0,14.1,DEV_TO_OCC
1717515621.7377484,338,9.6,14.1,OCC_TO_CU
1717515621.7386281,338,0.0,14.1,OCC_TO_CU
1717515621.7393239,338,100.0,14.1,OCC_TO_CU
1717515621.7401168,338,0.0,14.1,OCC_TO_CU
1717515622.029167,232,6.4,14.1,DEV_TO_OCC
1717515622.230627,232,6.6,14.1,DEV_TO_OCC
1717515623.155198,232,4.3,14.1,DEV_TO_OCC
1717515623.1604235,232,28.6,14.1,DEV_TO_OCC
1717515624.0111978,232,3.9,14.1,DEV_TO_OCC
1717515624.15979,232,7.3,14.1,DEV_TO_OCC
1717515625.3052976,232,3.3,14.1,DEV_TO_OCC
1717515625.306266,232,0.0,14.1,DEV_TO_OCC
1717515626.227764,232,3.2,14.1,DEV_TO_OCC
1717515626.2287507,232,0.0,14.1,DEV_TO_OCC
1717515627.148668,232,2.9,14.1,DEV_TO_OCC
1717515627.1615453,232,25.0,14.1,DEV_TO_OCC
1717515628.0697536,232,4.8,14.1,DEV_TO_OCC
1717515628.161908,232,4.6,14.1,DEV_TO_OCC
1717515629.0416687,232,3.1,14.1,DEV_TO_OCC
1717515629.2161043,232,6.7,14.1,DEV_TO_OCC
1717515630.026888,232,3.2,14.1,DEV_TO_OCC
1717515630.2198653,232,6.0,14.1,DEV_TO_OCC
1717515631.1403742,232,2.7,14.1,DEV_TO_OCC
1717515631.165261,232,21.4,14.1,DEV_TO_OCC
1717515631.7479875,338,3.1,14.1,OCC_TO_CU
1717515631.7490199,338,0.0,14.1,OCC_TO_CU
1717515631.7500637,338,0.0,14.1,OCC_TO_CU
1717515631.750954,338,0.0,14.1,OCC_TO_CU
1717515632.062075,232,4.6,14.1,DEV_TO_OCC
1717515632.268959,232,4.5,14.1,DEV_TO_OCC
1717515633.2911322,232,3.8,14.1,DEV_TO_OCC
1717515633.2924337,232,0.0,14.1,DEV_TO_OCC
1717515634.1120393,232,3.5,14.1,DEV_TO_OCC
1717515634.170849,232,8.5,14.1,DEV_TO_OCC
1717515635.2366035,232,3.1,14.1,DEV_TO_OCC
1717515635.2375548,232,0.0,14.1,DEV_TO_OCC
1717515636.055803,232,2.6,14.1,DEV_TO_OCC
1717515636.262798,232,3.3,14.1,DEV_TO_OCC
1717515637.026201,232,4.8,14.1,DEV_TO_OCC
1717515637.3091338,232,4.4,14.1,DEV_TO_OCC
1717515638.2056377,232,4.8,14.1,DEV_TO_OCC
1717515638.2066128,232,0.0,14.1,DEV_TO_OCC
1717515639.1278045,232,4.2,14.1,DEV_TO_OCC
1717515639.1748316,232,15.5,14.1,DEV_TO_OCC
1717515640.0486865,232,3.3,14.1,DEV_TO_OCC
1717515640.2564077,232,6.0,14.1,DEV_TO_OCC
1717515641.277729,232,2.9,14.1,DEV_TO_OCC
1717515641.278843,232,0.0,14.1,DEV_TO_OCC
1717515641.7621396,338,4.1,14.1,OCC_TO_CU
1717515641.7630408,338,0.0,14.1,OCC_TO_CU
1717515641.7639825,338,100.0,14.1,OCC_TO_CU
1717515641.764877,338,0.0,14.1,OCC_TO_CU
1717515642.1994677,232,10.7,14.1,DEV_TO_OCC
1717515642.200479,232,0.0,14.1,DEV_TO_OCC
1717515643.1209748,232,4.2,14.1,DEV_TO_OCC
1717515643.1849945,232,9.2,14.1,DEV_TO_OCC
1717515644.3501675,232,3.6,14.1,DEV_TO_OCC
1717515644.351116,232,0.0,14.1,DEV_TO_OCC
1717515645.27142,232,2.8,14.1,DEV_TO_OCC
1717515645.2723,232,0.0,14.1,DEV_TO_OCC
1717515646.19305,232,3.3,14.1,DEV_TO_OCC
1717515646.1943808,232,0.0,14.1,DEV_TO_OCC
1717515647.4356728,232,3.0,14.1,DEV_TO_OCC
1717515647.4369702,232,0.0,14.1,DEV_TO_OCC
1717515648.343784,232,3.9,14.1,DEV_TO_OCC
1717515648.3449576,232,0.0,14.1,DEV_TO_OCC
1717515649.2653735,232,3.4,14.1,DEV_TO_OCC
1717515649.2665286,232,0.0,14.1,DEV_TO_OCC
1717515650.1866865,232,3.0,14.1,DEV_TO_OCC
1717515650.187597,232,50.0,14.1,DEV_TO_OCC
1717515651.416145,232,3.2,14.1,DEV_TO_OCC
1717515651.4171169,232,0.0,14.1,DEV_TO_OCC
1717515651.7760005,338,3.5,14.1,OCC_TO_CU
1717515651.7770243,338,0.0,14.1,OCC_TO_CU
1717515651.7780778,338,0.0,14.1,OCC_TO_CU
1717515651.7791245,338,0.0,14.1,OCC_TO_CU
1717515652.2350564,232,4.9,14.1,DEV_TO_OCC
1717515652.236102,232,66.7,14.1,DEV_TO_OCC
1717515653.156479,232,4.8,14.1,DEV_TO_OCC
1717515653.1796637,232,34.4,14.1,DEV_TO_OCC
1717515654.180699,232,2.8,14.1,DEV_TO_OCC
1717515654.1815946,232,0.0,14.1,DEV_TO_OCC
1717515655.409497,232,3.3,14.1,DEV_TO_OCC
1717515655.4104187,232,0.0,14.1,DEV_TO_OCC
1717515656.331837,232,5.1,14.1,DEV_TO_OCC
1717515656.3330686,232,0.0,14.1,DEV_TO_OCC
1717515657.252851,232,2.7,14.1,DEV_TO_OCC
1717515657.254129,232,0.0,14.1,DEV_TO_OCC
1717515658.1813824,232,4.4,14.1,DEV_TO_OCC
1717515658.1861236,232,0.0,14.1,DEV_TO_OCC
1717515659.4035254,232,3.2,14.1,DEV_TO_OCC
1717515659.4044645,232,0.0,14.1,DEV_TO_OCC
1717515660.3248699,232,3.6,14.1,DEV_TO_OCC
1717515660.3259063,232,0.0,14.1,DEV_TO_OCC
1717515661.2465427,232,10.3,14.1,DEV_TO_OCC
1717515661.2475204,232,75.0,14.1,DEV_TO_OCC
1717515661.7904377,338,3.1,14.1,OCC_TO_CU
1717515661.7915413,338,66.7,14.1,OCC_TO_CU
1717515661.7923877,338,0.0,14.1,OCC_TO_CU
1717515661.7931736,338,0.0,14.1,OCC_TO_CU
1717515662.271113,232,4.4,14.1,DEV_TO_OCC
1717515662.2720501,232,0.0,14.1,DEV_TO_OCC
1717515663.3976543,232,3.8,14.1,DEV_TO_OCC
1717515663.3985877,232,0.0,14.1,DEV_TO_OCC
1717515664.31912,232,3.8,14.1,DEV_TO_OCC
1717515664.3200629,232,50.0,14.1,DEV_TO_OCC
1717515665.2402456,232,4.6,14.1,DEV_TO_OCC
1717515665.2412083,232,0.0,14.1,DEV_TO_OCC
1717515666.1649835,232,2.8,14.1,DEV_TO_OCC
1717515666.191051,232,24.2,14.1,DEV_TO_OCC
1717515667.3915699,232,2.8,14.1,DEV_TO_OCC
1717515667.3924913,232,0.0,14.1,DEV_TO_OCC
1717515668.212156,232,5.0,14.1,DEV_TO_OCC
1717515668.2132788,232,0.0,14.1,DEV_TO_OCC
1717515669.239896,232,3.1,14.1,DEV_TO_OCC
1717515669.2411091,232,0.0,14.1,DEV_TO_OCC
1717515670.2582872,232,3.1,14.1,DEV_TO_OCC
1717515670.2594647,232,75.0,14.1,DEV_TO_OCC
1717515671.384968,232,2.9,14.1,DEV_TO_OCC
1717515671.3859196,232,0.0,14.1,DEV_TO_OCC
1717515671.804165,338,4.4,14.1,OCC_TO_CU
1717515671.805023,338,0.0,14.1,OCC_TO_CU
1717515671.8059194,338,0.0,14.1,OCC_TO_CU
1717515671.8068607,338,0.0,14.1,OCC_TO_CU
1717515672.2116613,232,4.9,14.1,DEV_TO_OCC
1717515672.213018,232,0.0,14.1,DEV_TO_OCC
1717515673.2287416,232,3.9,14.1,DEV_TO_OCC
1717515673.2299294,232,0.0,14.1,DEV_TO_OCC
1717515674.460182,232,3.3,14.1,DEV_TO_OCC
1717515674.4610512,232,0.0,14.1,DEV_TO_OCC
1717515675.1394384,232,3.9,14.1,DEV_TO_OCC
1717515675.2007923,232,8.2,14.1,DEV_TO_OCC
1717515676.3002317,232,3.0,14.1,DEV_TO_OCC
1717515676.3012137,232,0.0,14.1,DEV_TO_OCC
1717515677.22163,232,2.6,14.1,DEV_TO_OCC
1717515677.222627,232,0.0,14.1,DEV_TO_OCC
1717515678.4502301,232,4.5,14.1,DEV_TO_OCC
1717515678.4513674,232,75.0,14.1,DEV_TO_OCC
1717515679.178775,232,3.8,14.1,DEV_TO_OCC
1717515679.2012422,232,16.0,14.1,DEV_TO_OCC
1717515680.2935638,232,3.1,14.1,DEV_TO_OCC
1717515680.294566,232,0.0,14.1,DEV_TO_OCC
1717515681.2150686,232,3.0,14.1,DEV_TO_OCC
1717515681.2160997,232,50.0,14.1,DEV_TO_OCC
1717515681.8179536,338,3.2,14.1,OCC_TO_CU
1717515681.8188498,338,0.0,14.1,OCC_TO_CU
1717515681.820955,338,80.0,14.1,OCC_TO_CU
1717515681.8220162,338,0.0,14.1,OCC_TO_CU
1717515682.2394357,232,11.8,14.1,DEV_TO_OCC
1717515682.2404938,232,0.0,14.1,DEV_TO_OCC
1717515683.3656023,232,3.4,14.1,DEV_TO_OCC
1717515683.3665597,232,0.0,14.1,DEV_TO_OCC
1717515684.2875063,232,4.0,14.1,DEV_TO_OCC
1717515684.2884126,232,0.0,14.1,DEV_TO_OCC
1717515685.208493,232,3.8,14.1,DEV_TO_OCC
1717515685.209609,232,0.0,14.1,DEV_TO_OCC
1717515686.4379203,232,2.9,14.1,DEV_TO_OCC
1717515686.4389946,232,0.0,14.1,DEV_TO_OCC
1717515687.3591633,232,3.5,14.1,DEV_TO_OCC
1717515687.360104,232,0.0,14.1,DEV_TO_OCC
1717515688.2808044,232,4.2,14.1,DEV_TO_OCC
1717515688.2820115,232,0.0,14.1,DEV_TO_OCC
1717515689.206321,232,3.3,14.1,DEV_TO_OCC
1717515689.2101064,232,40.0,14.1,DEV_TO_OCC
1717515690.2545023,232,4.9,14.1,DEV_TO_OCC
1717515690.2554007,232,50.0,14.1,DEV_TO_OCC
1717515691.252902,232,2.7,14.1,DEV_TO_OCC
1717515691.2540677,232,0.0,14.1,DEV_TO_OCC
1717515691.8319428,338,6.8,14.1,OCC_TO_CU
1717515691.8334591,338,0.0,14.1,OCC_TO_CU
1717515691.8344605,338,0.0,14.1,OCC_TO_CU
1717515691.8355129,338,80.0,14.1,OCC_TO_CU
1717515692.1738868,232,5.4,14.1,DEV_TO_OCC
1717515692.2138145,232,16.3,14.1,DEV_TO_OCC
1717515693.1962829,232,4.7,14.1,DEV_TO_OCC
1717515693.2078493,232,35.7,14.1,DEV_TO_OCC
1717515694.4271889,232,5.9,14.1,DEV_TO_OCC
1717515694.4284675,232,0.0,14.1,DEV_TO_OCC
1717515695.3465805,232,3.1,14.1,DEV_TO_OCC
1717515695.3478143,232,66.7,14.1,DEV_TO_OCC
1717515696.2678988,232,3.3,14.1,DEV_TO_OCC
1717515696.2689571,232,0.0,14.1,DEV_TO_OCC
1717515697.189732,232,2.9,14.1,DEV_TO_OCC
1717515697.21213,232,27.6,14.1,DEV_TO_OCC
1717515698.4186502,232,3.5,14.1,DEV_TO_OCC
1717515698.4196754,232,50.0,14.1,DEV_TO_OCC
1717515699.3406785,232,3.6,14.1,DEV_TO_OCC
1717515699.3417199,232,0.0,14.1,DEV_TO_OCC
1717515700.2616353,232,3.8,14.1,DEV_TO_OCC
1717515700.2628908,232,0.0,14.1,DEV_TO_OCC
1717515701.1831682,232,3.2,14.1,DEV_TO_OCC
1717515701.2153268,232,15.8,14.1,DEV_TO_OCC
1717515701.846906,338,2.6,14.1,OCC_TO_CU
1717515701.8478942,338,50.0,14.1,OCC_TO_CU
1717515701.8488257,338,0.0,14.1,OCC_TO_CU
1717515701.849906,338,0.0,14.1,OCC_TO_CU
1717515702.2077723,232,5.1,14.1,DEV_TO_OCC
1717515702.214119,232,28.6,14.1,DEV_TO_OCC
1717515703.3339562,232,3.8,14.1,DEV_TO_OCC
1717515703.3350935,232,0.0,14.1,DEV_TO_OCC
1717515704.2587678,232,4.9,14.1,DEV_TO_OCC
1717515704.2600121,232,66.7,14.1,DEV_TO_OCC
1717515705.1769135,232,2.6,14.1,DEV_TO_OCC
1717515705.2164662,232,18.8,14.1,DEV_TO_OCC
1717515706.4060314,232,3.1,14.1,DEV_TO_OCC
1717515706.407093,232,0.0,14.1,DEV_TO_OCC
1717515707.329018,232,3.0,14.1,DEV_TO_OCC
1717515707.3300977,232,0.0,14.1,DEV_TO_OCC
1717515708.2490845,232,4.6,14.1,DEV_TO_OCC
1717515709.170672,232,3.2,14.1,DEV_TO_OCC
1717515709.1715949,232,50.0,14.1,DEV_TO_OCC
1717515710.0920813,232,3.1,14.1,DEV_TO_OCC
1717515710.1655834,232,5.7,14.1,DEV_TO_OCC
1717515711.0139945,232,2.7,14.1,DEV_TO_OCC
1717515711.2208261,232,4.8,14.1,DEV_TO_OCC
1717515711.859752,338,3.3,14.1,OCC_TO_CU
1717515711.8608015,338,0.0,14.1,OCC_TO_CU
1717515711.8618994,338,0.0,14.1,OCC_TO_CU
1717515711.8630018,338,0.0,14.1,OCC_TO_CU
1717515712.0385447,232,7.1,14.1,DEV_TO_OCC
1717515712.2427995,232,4.5,14.1,DEV_TO_OCC
1717515713.1645694,232,4.0,14.1,DEV_TO_OCC
1717515713.1655362,232,0.0,14.1,DEV_TO_OCC
1717515714.0861225,232,3.5,14.1,DEV_TO_OCC
1717515714.166521,232,8.2,14.1,DEV_TO_OCC
1717515715.1108034,232,3.4,14.1,DEV_TO_OCC
1717515715.1743464,232,5.2,14.1,DEV_TO_OCC
1717515716.032498,232,3.2,14.1,DEV_TO_OCC
1717515716.236345,232,4.9,14.1,DEV_TO_OCC
1717515717.0717578,232,2.8,14.1,DEV_TO_OCC
1717515717.2610865,232,3.1,14.1,DEV_TO_OCC
1717515718.0799198,232,7.2,14.1,DEV_TO_OCC
1717515718.1680946,232,4.9,14.1,DEV_TO_OCC
1717515719.310963,232,3.8,14.1,DEV_TO_OCC
1717515719.311987,232,66.7,14.1,DEV_TO_OCC
1717515720.0275083,232,3.4,14.1,DEV_TO_OCC
1717515720.2309625,232,7.3,14.1,DEV_TO_OCC
1717515721.0515153,232,3.3,14.1,DEV_TO_OCC
1717515721.2551258,232,3.3,14.1,DEV_TO_OCC
1717515721.8719034,338,3.0,14.1,OCC_TO_CU
1717515721.8730404,338,0.0,14.1,OCC_TO_CU
1717515721.8740406,338,0.0,14.1,OCC_TO_CU
1717515721.8749297,338,0.0,14.1,OCC_TO_CU
1717515722.0732143,232,21.5,14.1,DEV_TO_OCC
1717515722.1721983,232,4.3,14.1,DEV_TO_OCC
1717515723.3032224,232,3.9,14.1,DEV_TO_OCC
1717515723.304173,232,0.0,14.1,DEV_TO_OCC
1717515724.224153,232,3.1,14.1,DEV_TO_OCC
1717515724.2252176,232,0.0,14.1,DEV_TO_OCC
1717515725.1453013,232,3.5,14.1,DEV_TO_OCC
1717515725.170124,232,10.0,14.1,DEV_TO_OCC
1717515726.069254,232,3.1,14.1,DEV_TO_OCC
1717515726.273845,232,4.5,14.1,DEV_TO_OCC
1717515727.2962158,232,3.2,14.1,DEV_TO_OCC
1717515727.2971222,232,0.0,14.1,DEV_TO_OCC
1717515728.2178078,232,4.5,14.1,DEV_TO_OCC
1717515728.218674,232,0.0,14.1,DEV_TO_OCC
1717515729.1397262,232,4.1,14.2,DEV_TO_OCC
1717515729.1778066,232,15.2,14.2,DEV_TO_OCC
1717515730.0675833,232,3.2,14.2,DEV_TO_OCC
1717515730.272531,232,6.1,14.2,DEV_TO_OCC
1717515731.0092719,232,5.5,14.1,DEV_TO_OCC
1717515731.2898161,232,4.2,14.1,DEV_TO_OCC
1717515731.8838513,338,3.5,14.1,OCC_TO_CU
1717515731.8850338,338,0.0,14.1,OCC_TO_CU
1717515731.886204,338,0.0,14.1,OCC_TO_CU
1717515731.8872292,338,100.0,14.1,OCC_TO_CU
1717515732.010384,232,6.9,14.1,DEV_TO_OCC
1717515732.2114496,232,5.7,14.1,DEV_TO_OCC
1717515733.1330721,232,4.7,14.1,DEV_TO_OCC
1717515733.189885,232,10.1,14.1,DEV_TO_OCC
1717515734.0555966,232,10.8,14.1,DEV_TO_OCC
1717515734.261163,232,4.1,14.1,DEV_TO_OCC
1717515735.284933,232,3.2,14.1,DEV_TO_OCC
1717515735.2858694,232,0.0,14.1,DEV_TO_OCC
1717515736.205202,232,3.4,14.1,DEV_TO_OCC
1717515736.2060468,232,0.0,14.1,DEV_TO_OCC
1717515737.1271715,232,3.2,14.1,DEV_TO_OCC
1717515737.1951153,232,5.1,14.1,DEV_TO_OCC
1717515738.048078,232,4.2,14.1,DEV_TO_OCC
1717515738.2558534,232,2.8,14.1,DEV_TO_OCC
1717515739.2775235,232,3.3,14.1,DEV_TO_OCC
1717515739.2786624,232,0.0,14.1,DEV_TO_OCC
1717515740.0961869,232,3.5,14.1,DEV_TO_OCC
1717515740.183836,232,5.7,14.1,DEV_TO_OCC
1717515741.120631,232,2.7,14.1,DEV_TO_OCC
1717515741.1915321,232,8.1,14.1,DEV_TO_OCC
1717515741.8957324,338,3.2,14.1,OCC_TO_CU
1717515741.8967602,338,0.0,14.1,OCC_TO_CU
1717515741.8977058,338,0.0,14.1,OCC_TO_CU
1717515741.8986123,338,0.0,14.1,OCC_TO_CU
1717515742.0167499,232,10.0,14.1,DEV_TO_OCC
1717515742.2487106,232,4.0,14.1,DEV_TO_OCC
1717515743.2719104,232,4.4,14.1,DEV_TO_OCC
1717515743.2730803,232,0.0,14.1,DEV_TO_OCC
1717515744.196676,232,3.8,14.1,DEV_TO_OCC
1717515744.197832,232,0.0,14.1,DEV_TO_OCC
1717515745.1142683,232,4.0,14.1,DEV_TO_OCC
1717515745.187205,232,6.7,14.1,DEV_TO_OCC
1717515746.0184078,232,2.3,14.1,DEV_TO_OCC
1717515746.2469513,232,5.1,14.1,DEV_TO_OCC
1717515747.0599189,232,2.7,14.1,DEV_TO_OCC
1717515747.264419,232,2.9,14.1,DEV_TO_OCC
1717515748.1863081,232,3.9,14.1,DEV_TO_OCC
1717515748.1895967,232,60.0,14.1,DEV_TO_OCC
1717515749.111744,232,4.1,14.1,DEV_TO_OCC
1717515749.3143134,232,3.3,14.1,DEV_TO_OCC
1717515750.132007,232,3.5,14.1,DEV_TO_OCC
1717515750.1939301,232,5.3,14.1,DEV_TO_OCC
1717515751.2584932,232,4.7,14.1,DEV_TO_OCC
1717515751.259475,232,50.0,14.1,DEV_TO_OCC
1717515751.9079518,338,3.3,14.1,OCC_TO_CU
1717515751.9090672,338,0.0,14.1,OCC_TO_CU
1717515751.9106882,338,0.0,14.1,OCC_TO_CU
1717515751.9116378,338,80.0,14.1,OCC_TO_CU
1717515752.0256484,232,31.4,14.1,DEV_TO_OCC
1717515752.2831576,232,2.3,14.1,DEV_TO_OCC
1717515753.1320648,232,4.6,14.1,DEV_TO_OCC
1717515753.1937497,232,6.8,14.1,DEV_TO_OCC
1717515754.3460746,232,3.3,14.1,DEV_TO_OCC
1717515754.3470876,232,0.0,14.1,DEV_TO_OCC
1717515755.25213,232,3.5,14.1,DEV_TO_OCC
1717515755.2530794,232,0.0,14.1,DEV_TO_OCC
1717515756.1977363,232,3.0,14.1,DEV_TO_OCC
1717515756.220003,232,21.4,14.1,DEV_TO_OCC
1717515757.0314798,232,3.4,14.1,DEV_TO_OCC
1717515757.2118204,232,2.8,14.1,DEV_TO_OCC
1717515758.3242595,232,5.0,14.1,DEV_TO_OCC
1717515758.32523,232,0.0,14.1,DEV_TO_OCC
1717515759.0466778,232,7.1,14.1,DEV_TO_OCC
1717515759.2453876,232,6.7,14.1,DEV_TO_OCC
1717515760.1672606,232,3.4,14.1,DEV_TO_OCC
1717515760.197427,232,13.5,14.1,DEV_TO_OCC
1717515761.089174,232,3.0,14.1,DEV_TO_OCC
1717515761.2956016,232,6.4,14.1,DEV_TO_OCC
1717515761.9226804,338,2.7,14.1,OCC_TO_CU
1717515761.9239247,338,50.0,14.1,OCC_TO_CU
1717515761.9249854,338,0.0,14.1,OCC_TO_CU
1717515761.9258113,338,0.0,14.1,OCC_TO_CU
1717515762.0327961,232,10.9,14.1,DEV_TO_OCC
1717515762.218604,232,5.8,14.1,DEV_TO_OCC
1717515763.2400827,232,3.9,14.1,DEV_TO_OCC
1717515763.2410624,232,0.0,14.1,DEV_TO_OCC
1717515764.1613135,232,3.7,14.1,DEV_TO_OCC
1717515764.2077155,232,13.8,14.1,DEV_TO_OCC
1717515765.0826073,232,3.1,14.1,DEV_TO_OCC
1717515765.289153,232,5.2,14.1,DEV_TO_OCC
1717515766.0409338,232,3.3,14.1,DEV_TO_OCC
1717515766.3114946,232,6.1,14.1,DEV_TO_OCC
1717515767.044065,232,3.1,14.1,DEV_TO_OCC
1717515767.2329214,232,3.1,14.1,DEV_TO_OCC
1717515768.0360005,232,4.5,14.1,DEV_TO_OCC
1717515768.2571657,232,3.0,14.1,DEV_TO_OCC
1717515769.07648,232,3.2,14.1,DEV_TO_OCC
1717515769.2839613,232,3.2,14.1,DEV_TO_OCC
1717515770.3053362,232,3.2,14.1,DEV_TO_OCC
1717515770.3062537,232,0.0,14.1,DEV_TO_OCC
1717515771.2269285,232,3.2,14.1,DEV_TO_OCC
1717515771.2279427,232,66.7,14.1,DEV_TO_OCC
1717515771.935791,338,3.2,14.1,OCC_TO_CU
1717515771.9369235,338,0.0,14.1,OCC_TO_CU
1717515771.937735,338,0.0,14.1,OCC_TO_CU
1717515771.9385073,338,0.0,14.1,OCC_TO_CU
1717515772.0384245,232,37.3,14.1,DEV_TO_OCC
1717515772.3553221,232,3.1,14.1,DEV_TO_OCC
1717515773.0701632,232,3.9,14.1,DEV_TO_OCC
1717515773.274751,232,5.3,14.1,DEV_TO_OCC
1717515774.2991529,232,3.5,14.1,DEV_TO_OCC
1717515774.3001394,232,66.7,14.1,DEV_TO_OCC
1717515775.221228,232,3.0,14.1,DEV_TO_OCC
1717515775.222019,232,0.0,14.1,DEV_TO_OCC
1717515776.1428938,232,2.9,14.1,DEV_TO_OCC
1717515776.2136648,232,4.9,14.1,DEV_TO_OCC
1717515777.1661127,232,3.2,14.1,DEV_TO_OCC
1717515777.2134178,232,13.6,14.1,DEV_TO_OCC
1717515778.29287,232,4.3,14.1,DEV_TO_OCC
1717515778.2937682,232,0.0,14.1,DEV_TO_OCC
1717515779.3209908,232,4.8,14.1,DEV_TO_OCC
1717515779.322012,232,0.0,14.1,DEV_TO_OCC
1717515780.1378758,232,3.7,14.1,DEV_TO_OCC
1717515780.2465591,232,8.3,14.1,DEV_TO_OCC
1717515781.3670263,232,3.2,14.1,DEV_TO_OCC
1717515781.3679528,232,100.0,14.1,DEV_TO_OCC
1717515781.949436,338,2.6,14.1,OCC_TO_CU
1717515781.9505167,338,0.0,14.1,OCC_TO_CU
1717515781.9516592,338,66.7,14.1,OCC_TO_CU
1717515781.9527643,338,0.0,14.1,OCC_TO_CU
1717515782.0525398,232,8.5,14.1,DEV_TO_OCC
1717515782.2886071,232,3.9,14.1,DEV_TO_OCC
1717515783.2117982,232,4.1,14.1,DEV_TO_OCC
1717515783.219142,232,0.0,14.1,DEV_TO_OCC
1717515784.1319108,232,3.5,14.1,DEV_TO_OCC
1717515784.2185764,232,5.8,14.1,DEV_TO_OCC
1717515785.3682795,232,3.5,14.1,DEV_TO_OCC
1717515785.3691823,232,0.0,14.1,DEV_TO_OCC
1717515786.3851209,232,3.0,14.1,DEV_TO_OCC
1717515786.3861988,232,0.0,14.1,DEV_TO_OCC
1717515787.2238393,232,3.3,14.1,DEV_TO_OCC
1717515787.2497864,232,18.7,14.1,DEV_TO_OCC
1717515788.125387,232,3.7,14.2,DEV_TO_OCC
1717515788.2273252,232,5.7,14.2,DEV_TO_OCC
1717515789.3527393,232,3.3,14.2,DEV_TO_OCC
1717515789.3535936,232,0.0,14.2,DEV_TO_OCC
1717515790.0689652,232,3.3,14.2,DEV_TO_OCC
1717515790.2793329,232,6.8,14.1,DEV_TO_OCC
1717515791.3001535,232,3.3,14.1,DEV_TO_OCC
1717515791.3010814,232,0.0,14.1,DEV_TO_OCC
1717515791.963891,338,3.5,14.2,OCC_TO_CU
1717515791.964974,338,0.0,14.2,OCC_TO_CU
1717515791.9659894,338,0.0,14.2,OCC_TO_CU
1717515791.9669602,338,0.0,14.1,OCC_TO_CU
1717515792.0761313,232,36.9,14.1,DEV_TO_OCC
1717515792.2302785,232,3.8,14.1,DEV_TO_OCC
1717515793.3458555,232,3.8,14.1,DEV_TO_OCC
1717515793.3466845,232,0.0,14.1,DEV_TO_OCC
1717515794.1363323,232,4.3,14.1,DEV_TO_OCC
1717515794.2283404,232,11.8,14.1,DEV_TO_OCC
1717515795.1928701,232,3.4,14.2,DEV_TO_OCC
1717515795.2527888,232,8.5,14.2,DEV_TO_OCC
1717515796.1108694,232,3.3,14.2,DEV_TO_OCC
1717515796.3171244,232,5.2,14.2,DEV_TO_OCC
1717515797.1985736,232,2.9,14.2,DEV_TO_OCC
1717515797.2293925,232,17.9,14.2,DEV_TO_OCC
1717515798.2612746,232,4.4,14.2,DEV_TO_OCC
1717515798.2622912,232,0.0,14.2,DEV_TO_OCC
1717515799.182676,232,3.4,14.2,DEV_TO_OCC
1717515799.2448459,232,8.0,14.2,DEV_TO_OCC
1717515800.104372,232,2.9,14.2,DEV_TO_OCC
1717515800.2301285,232,56.0,14.1,DEV_TO_OCC
1717515801.3334777,232,2.3,14.1,DEV_TO_OCC
1717515801.3344896,232,0.0,14.1,DEV_TO_OCC
1717515801.978288,338,3.8,14.1,OCC_TO_CU
1717515801.9793358,338,66.7,14.1,OCC_TO_CU
1717515801.980371,338,0.0,14.1,OCC_TO_CU
1717515801.981418,338,0.0,14.1,OCC_TO_CU
1717515802.059952,232,14.0,14.1,DEV_TO_OCC
1717515802.2546844,232,4.7,14.1,DEV_TO_OCC
1717515803.176941,232,3.5,14.1,DEV_TO_OCC
1717515803.2393503,232,10.5,14.1,DEV_TO_OCC
1717515804.098337,232,3.7,14.1,DEV_TO_OCC
1717515804.3040853,232,4.1,14.1,DEV_TO_OCC
1717515805.3362296,232,3.6,14.1,DEV_TO_OCC
1717515805.3371644,232,0.0,14.1,DEV_TO_OCC
1717515806.248731,232,3.7,14.1,DEV_TO_OCC
1717515806.24977,232,0.0,14.1,DEV_TO_OCC
1717515807.1701183,232,3.4,14.1,DEV_TO_OCC
1717515807.237668,232,32.5,14.1,DEV_TO_OCC
1717515808.1944075,232,6.0,14.1,DEV_TO_OCC
1717515808.2375805,232,11.5,14.1,DEV_TO_OCC
1717515809.3206725,232,3.7,14.1,DEV_TO_OCC
1717515809.3216872,232,0.0,14.1,DEV_TO_OCC
1717515810.2522519,232,3.5,14.1,DEV_TO_OCC
1717515810.2550402,232,0.0,14.1,DEV_TO_OCC
1717515811.163821,232,3.3,14.1,DEV_TO_OCC
1717515811.2405603,232,5.5,14.1,DEV_TO_OCC
1717515811.991931,338,2.8,14.1,OCC_TO_CU
1717515811.9928586,338,0.0,14.1,OCC_TO_CU
1717515811.9937513,338,0.0,14.1,OCC_TO_CU
1717515811.994713,338,0.0,14.1,OCC_TO_CU
1717515812.066993,232,20.2,14.1,DEV_TO_OCC
1717515812.260027,232,3.9,14.1,DEV_TO_OCC
1717515813.268343,232,3.5,14.1,DEV_TO_OCC
1717515813.2692468,232,0.0,14.1,DEV_TO_OCC
1717515814.236202,232,2.9,14.1,DEV_TO_OCC
1717515814.2394228,232,33.3,14.1,DEV_TO_OCC
1717515815.1576068,232,3.5,14.1,DEV_TO_OCC
1717515815.2436712,232,8.5,14.1,DEV_TO_OCC
1717515816.3870945,232,2.7,14.1,DEV_TO_OCC
1717515816.3879664,232,66.7,14.1,DEV_TO_OCC
1717515817.3337355,232,2.7,14.1,DEV_TO_OCC
1717515817.3346267,232,0.0,14.1,DEV_TO_OCC
1717515818.229837,232,4.0,14.1,DEV_TO_OCC
1717515818.242698,232,23.5,14.1,DEV_TO_OCC
1717515819.1515362,232,3.5,14.1,DEV_TO_OCC
1717515819.243789,232,5.5,14.1,DEV_TO_OCC
1717515820.380246,232,2.8,14.1,DEV_TO_OCC
1717515820.3811994,232,0.0,14.1,DEV_TO_OCC
1717515821.3120346,232,3.6,14.1,DEV_TO_OCC
1717515821.3129218,232,0.0,14.1,DEV_TO_OCC
1717515822.0059042,338,3.3,14.1,OCC_TO_CU
1717515822.006894,338,0.0,14.1,OCC_TO_CU
1717515822.0079103,338,100.0,14.1,OCC_TO_CU
1717515822.0088894,338,0.0,14.1,OCC_TO_CU
1717515822.0812078,232,58.0,14.1,DEV_TO_OCC
1717515822.3256834,232,2.7,14.1,DEV_TO_OCC
1717515823.0776527,232,4.9,14.1,DEV_TO_OCC
1717515823.351095,232,2.8,14.1,DEV_TO_OCC
1717515824.3740668,232,3.3,14.1,DEV_TO_OCC
1717515824.3750825,232,0.0,14.1,DEV_TO_OCC
1717515825.2958975,232,3.5,14.1,DEV_TO_OCC
1717515825.2968016,232,0.0,14.1,DEV_TO_OCC
1717515826.217194,232,3.1,14.1,DEV_TO_OCC
1717515826.2477906,232,17.9,14.1,DEV_TO_OCC
1717515827.1389377,232,3.2,14.1,DEV_TO_OCC
1717515827.3445508,232,4.5,14.1,DEV_TO_OCC
1717515828.3679554,232,6.2,14.1,DEV_TO_OCC
1717515828.3692284,232,0.0,14.1,DEV_TO_OCC
1717515829.1879394,232,3.4,14.1,DEV_TO_OCC
1717515829.251643,232,6.7,14.1,DEV_TO_OCC
1717515830.2109792,232,3.0,14.1,DEV_TO_OCC
1717515830.2526011,232,10.2,14.1,DEV_TO_OCC
1717515831.1326318,232,3.8,14.1,DEV_TO_OCC
1717515831.3381371,232,4.1,14.1,DEV_TO_OCC
1717515832.020082,338,3.4,14.1,OCC_TO_CU
1717515832.0210407,338,0.0,14.1,OCC_TO_CU
1717515832.0218759,338,0.0,14.1,OCC_TO_CU
1717515832.022613,338,0.0,14.1,OCC_TO_CU
1717515832.077695,232,26.4,14.1,DEV_TO_OCC
1717515832.361332,232,2.7,14.1,DEV_TO_OCC
1717515833.2832246,232,4.5,14.1,DEV_TO_OCC
1717515833.2841427,232,0.0,14.1,DEV_TO_OCC
1717515834.103941,232,3.4,14.1,DEV_TO_OCC
1717515834.3066924,232,4.5,14.1,DEV_TO_OCC
1717515835.1280782,232,3.0,14.1,DEV_TO_OCC
1717515835.3317838,232,2.5,14.1,DEV_TO_OCC
1717515836.355017,232,4.3,14.1,DEV_TO_OCC
1717515836.355977,232,100.0,14.1,DEV_TO_OCC
1717515837.1357834,232,3.1,14.1,DEV_TO_OCC
1717515837.276238,232,3.6,14.1,DEV_TO_OCC
1717515838.0827544,232,4.0,14.1,DEV_TO_OCC
1717515838.300381,232,3.8,14.1,DEV_TO_OCC
1717515839.119801,232,3.4,14.1,DEV_TO_OCC
1717515839.325196,232,3.7,14.1,DEV_TO_OCC
1717515840.1439652,232,3.5,14.1,DEV_TO_OCC
1717515840.350626,232,4.0,14.1,DEV_TO_OCC
1717515841.1685655,232,3.1,14.1,DEV_TO_OCC
1717515841.2592404,232,7.3,14.1,DEV_TO_OCC
1717515842.0336041,338,2.9,14.1,OCC_TO_CU
1717515842.0346267,338,0.0,14.1,OCC_TO_CU
1717515842.0356638,338,100.0,14.1,OCC_TO_CU
1717515842.0367231,338,0.0,14.1,OCC_TO_CU
1717515842.0944731,232,14.7,14.1,DEV_TO_OCC
1717515842.294381,232,4.6,14.1,DEV_TO_OCC
1717515843.113633,232,5.4,14.1,DEV_TO_OCC
1717515843.3190894,232,2.5,14.1,DEV_TO_OCC
1717515844.1373866,232,3.7,14.1,DEV_TO_OCC
1717515844.3420112,232,3.3,14.1,DEV_TO_OCC
1717515845.264415,232,3.3,14.1,DEV_TO_OCC
1717515845.2654552,232,0.0,14.1,DEV_TO_OCC
1717515846.186642,232,3.1,14.1,DEV_TO_OCC
1717515846.2724237,232,10.4,14.1,DEV_TO_OCC
1717515847.4152203,232,2.3,14.1,DEV_TO_OCC
1717515847.4161794,232,0.0,14.1,DEV_TO_OCC
1717515848.3365698,232,6.0,14.2,DEV_TO_OCC
1717515848.3373942,232,0.0,14.2,DEV_TO_OCC
1717515849.2577012,232,4.9,14.2,DEV_TO_OCC
1717515849.2640676,232,72.7,14.2,DEV_TO_OCC
1717515850.1812544,232,5.3,14.2,DEV_TO_OCC
1717515850.2685983,232,6.7,14.1,DEV_TO_OCC
1717515851.40834,232,2.9,14.1,DEV_TO_OCC
1717515851.409417,232,0.0,14.1,DEV_TO_OCC
1717515852.0480342,338,3.1,14.1,OCC_TO_CU
1717515852.0490663,338,0.0,14.1,OCC_TO_CU
1717515852.0500145,338,0.0,14.1,OCC_TO_CU
1717515852.0509415,338,0.0,14.1,OCC_TO_CU
1717515852.0936234,232,27.3,14.1,DEV_TO_OCC
1717515852.329823,232,2.1,14.1,DEV_TO_OCC
1717515853.2514029,232,4.8,14.2,DEV_TO_OCC
1717515853.2676594,232,15.8,14.2,DEV_TO_OCC
1717515854.1730692,232,4.0,14.2,DEV_TO_OCC
1717515854.2702134,232,9.2,14.2,DEV_TO_OCC
1717515855.4021003,232,3.2,14.2,DEV_TO_OCC
1717515855.4031188,232,0.0,14.2,DEV_TO_OCC
1717515856.349904,232,3.4,14.2,DEV_TO_OCC
1717515856.3915765,232,16.7,14.2,DEV_TO_OCC
1717515857.2451417,232,2.9,14.2,DEV_TO_OCC
1717515857.271569,232,15.6,14.2,DEV_TO_OCC
1717515858.1668916,232,4.3,14.2,DEV_TO_OCC
1717515858.3722346,232,4.5,14.2,DEV_TO_OCC
1717515859.3956952,232,3.8,14.2,DEV_TO_OCC
1717515859.3966525,232,0.0,14.2,DEV_TO_OCC
1717515860.3174846,232,3.0,14.2,DEV_TO_OCC
1717515860.3183877,232,0.0,14.2,DEV_TO_OCC
1717515861.2390237,232,3.1,14.2,DEV_TO_OCC
1717515861.275145,232,11.6,14.2,DEV_TO_OCC
1717515862.0620255,338,3.2,14.2,OCC_TO_CU
1717515862.0629816,338,0.0,14.2,OCC_TO_CU
1717515862.0644236,338,66.7,14.2,OCC_TO_CU
1717515862.0656848,338,0.0,14.2,OCC_TO_CU
1717515862.1029656,232,31.8,14.2,DEV_TO_OCC
1717515862.4687467,232,4.5,14.2,DEV_TO_OCC
1717515863.3893363,232,5.2,14.2,DEV_TO_OCC
1717515863.390234,232,0.0,14.2,DEV_TO_OCC
1717515864.3112245,232,3.3,14.2,DEV_TO_OCC
1717515864.3124695,232,0.0,14.2,DEV_TO_OCC
1717515865.129902,232,5.6,14.2,DEV_TO_OCC
1717515865.3348074,232,5.2,14.2,DEV_TO_OCC
1717515866.1542387,232,3.5,14.2,DEV_TO_OCC
1717515866.359427,232,4.5,14.2,DEV_TO_OCC
1717515867.3834782,232,4.8,14.2,DEV_TO_OCC
1717515867.3844292,232,0.0,14.2,DEV_TO_OCC
1717515868.3046298,232,3.7,14.2,DEV_TO_OCC
1717515868.3055127,232,0.0,14.2,DEV_TO_OCC
1717515869.328941,232,9.8,14.1,DEV_TO_OCC
1717515869.329906,232,0.0,14.1,DEV_TO_OCC
1717515870.1477902,232,4.3,14.1,DEV_TO_OCC
1717515870.3561137,232,3.2,14.1,DEV_TO_OCC
1717515871.376759,232,2.8,14.1,DEV_TO_OCC
1717515871.3777008,232,0.0,14.1,DEV_TO_OCC
1717515872.0720253,338,3.2,14.1,OCC_TO_CU
1717515872.0731125,338,0.0,14.1,OCC_TO_CU
1717515872.0740998,338,0.0,14.1,OCC_TO_CU
1717515872.075113,338,0.0,14.1,OCC_TO_CU
1717515872.1064138,232,38.5,14.1,DEV_TO_OCC
1717515872.2979195,232,3.9,14.1,DEV_TO_OCC
1717515873.2202234,232,4.2,14.1,DEV_TO_OCC
1717515873.2884915,232,5.0,14.1,DEV_TO_OCC
1717515874.141306,232,3.4,14.1,DEV_TO_OCC
1717515874.3465822,232,4.5,14.1,DEV_TO_OCC
1717515875.3706884,232,3.3,14.1,DEV_TO_OCC
1717515875.3717606,232,100.0,14.1,DEV_TO_OCC
1717515876.292016,232,3.2,14.1,DEV_TO_OCC
1717515876.2929583,232,0.0,14.1,DEV_TO_OCC
1717515877.2137613,232,2.6,14.1,DEV_TO_OCC
1717515877.2852116,232,10.2,14.1,DEV_TO_OCC
1717515878.1356473,232,4.7,14.1,DEV_TO_OCC
1717515878.3400657,232,4.1,14.1,DEV_TO_OCC
1717515879.3642237,232,3.2,14.1,DEV_TO_OCC
1717515879.3652742,232,0.0,14.1,DEV_TO_OCC
1717515880.2856038,232,3.4,14.1,DEV_TO_OCC
1717515880.3092308,232,20.7,14.1,DEV_TO_OCC
1717515881.2073264,232,3.4,14.1,DEV_TO_OCC
1717515881.287763,232,7.3,14.1,DEV_TO_OCC
1717515882.0839217,338,2.9,14.1,OCC_TO_CU
1717515882.0850525,338,0.0,14.1,OCC_TO_CU
1717515882.0860853,338,0.0,14.1,OCC_TO_CU
1717515882.0871215,338,0.0,14.1,OCC_TO_CU
1717515882.1126337,232,36.4,14.1,DEV_TO_OCC
1717515882.3340383,232,4.1,14.1,DEV_TO_OCC
1717515883.3581016,232,4.8,14.1,DEV_TO_OCC
1717515883.3591492,232,0.0,14.1,DEV_TO_OCC
1717515884.1175938,232,4.5,14.2,DEV_TO_OCC
1717515884.3818786,232,4.1,14.1,DEV_TO_OCC
1717515885.2076144,232,3.5,14.1,DEV_TO_OCC
1717515885.290061,232,7.0,14.1,DEV_TO_OCC
1717515886.1215794,232,3.0,14.1,DEV_TO_OCC
1717515886.327463,232,5.6,14.1,DEV_TO_OCC
1717515887.2554853,232,3.1,14.1,DEV_TO_OCC
1717515887.5722017,232,3.7,14.1,DEV_TO_OCC
1717515888.2733126,232,4.1,14.2,DEV_TO_OCC
1717515888.2950304,232,72.0,14.2,DEV_TO_OCC
1717515889.1951995,232,4.1,14.1,DEV_TO_OCC
1717515889.2967737,232,3.4,14.1,DEV_TO_OCC
1717515890.423982,232,2.7,14.1,DEV_TO_OCC
1717515890.4248998,232,0.0,14.1,DEV_TO_OCC
1717515891.3454406,232,3.0,14.1,DEV_TO_OCC
1717515891.3464015,232,0.0,14.1,DEV_TO_OCC
1717515892.0983956,338,7.0,14.1,OCC_TO_CU
1717515892.099377,338,66.7,14.1,OCC_TO_CU
1717515892.1002994,338,0.0,14.1,OCC_TO_CU
1717515892.1012747,338,0.0,14.1,OCC_TO_CU
1717515892.124231,232,28.0,14.1,DEV_TO_OCC
1717515892.3692179,232,4.1,14.1,DEV_TO_OCC
1717515893.1884847,232,6.2,14.1,DEV_TO_OCC
1717515893.3937194,232,4.5,14.1,DEV_TO_OCC
1717515894.417414,232,3.7,14.1,DEV_TO_OCC
1717515894.4183357,232,0.0,14.1,DEV_TO_OCC
1717515895.339009,232,3.7,14.1,DEV_TO_OCC
1717515895.3399239,232,66.7,14.1,DEV_TO_OCC
1717515896.2605457,232,4.9,14.1,DEV_TO_OCC
1717515896.3033419,232,13.5,14.1,DEV_TO_OCC
1717515897.1820922,232,3.2,14.1,DEV_TO_OCC
1717515897.397683,232,4.2,14.1,DEV_TO_OCC
1717515898.4113798,232,4.7,14.1,DEV_TO_OCC
1717515898.4123814,232,0.0,14.1,DEV_TO_OCC
1717515899.132267,232,4.1,14.1,DEV_TO_OCC
1717515899.3324103,232,6.2,14.1,DEV_TO_OCC
1717515900.5626743,232,3.1,14.1,DEV_TO_OCC
1717515900.5639324,232,50.0,14.1,DEV_TO_OCC
1717515901.1762445,232,3.4,14.1,DEV_TO_OCC
1717515901.3805444,232,4.9,14.1,DEV_TO_OCC
1717515902.112421,338,3.1,14.1,OCC_TO_CU
1717515902.1135495,338,0.0,14.1,OCC_TO_CU
1717515902.1145976,338,0.0,14.1,OCC_TO_CU
1717515902.1157076,338,100.0,14.1,OCC_TO_CU
1717515902.1554906,232,25.0,14.1,DEV_TO_OCC
1717515902.4103434,232,4.6,14.1,DEV_TO_OCC
1717515903.3267102,232,4.6,14.1,DEV_TO_OCC
1717515903.327586,232,100.0,14.1,DEV_TO_OCC
1717515904.2479033,232,3.3,14.1,DEV_TO_OCC
1717515904.3147507,232,8.6,14.1,DEV_TO_OCC
1717515905.1711755,232,3.1,14.1,DEV_TO_OCC
1717515905.374176,232,4.9,14.1,DEV_TO_OCC
1717515906.3987417,232,3.1,14.1,DEV_TO_OCC
1717515906.399785,232,66.7,14.1,DEV_TO_OCC
1717515907.320197,232,2.3,14.1,DEV_TO_OCC
1717515907.3212445,232,0.0,14.1,DEV_TO_OCC
1717515908.2418044,232,3.7,14.1,DEV_TO_OCC
1717515908.3119683,232,10.3,14.1,DEV_TO_OCC
1717515909.1629612,232,4.1,14.1,DEV_TO_OCC
1717515909.3678763,232,5.2,14.1,DEV_TO_OCC
1717515910.3923147,232,3.3,14.1,DEV_TO_OCC
1717515910.393423,232,0.0,14.1,DEV_TO_OCC
1717515911.3374834,232,3.2,14.1,DEV_TO_OCC
1717515911.342077,232,20.0,14.1,DEV_TO_OCC
1717515912.126981,338,2.9,14.1,OCC_TO_CU
1717515912.1280203,338,50.0,14.1,OCC_TO_CU
1717515912.129229,338,0.0,14.1,OCC_TO_CU
1717515912.1301653,338,0.0,14.1,OCC_TO_CU
1717515912.1548324,232,41.9,14.1,DEV_TO_OCC
1717515912.3376966,232,5.1,14.1,DEV_TO_OCC
1717515913.156878,232,4.3,14.1,DEV_TO_OCC
1717515913.361829,232,6.5,14.1,DEV_TO_OCC
1717515914.3505533,232,3.5,14.1,DEV_TO_OCC
1717515914.3514028,232,66.7,14.1,DEV_TO_OCC
1717515915.3077457,232,2.8,14.1,DEV_TO_OCC
1717515915.3134704,232,28.6,14.1,DEV_TO_OCC
1717515916.2305067,232,2.9,14.1,DEV_TO_OCC
1717515916.3140259,232,8.0,14.1,DEV_TO_OCC
1717515917.459185,232,2.8,14.1,DEV_TO_OCC
1717515917.460211,232,0.0,14.1,DEV_TO_OCC
1717515918.3798153,232,4.9,14.2,DEV_TO_OCC
1717515918.380719,232,0.0,14.2,DEV_TO_OCC
1717515919.3017652,232,3.9,14.1,DEV_TO_OCC
1717515919.3182046,232,20.0,14.1,DEV_TO_OCC
1717515920.2226715,232,3.2,14.1,DEV_TO_OCC
1717515920.318264,232,6.1,14.1,DEV_TO_OCC
1717515921.4521034,232,2.7,14.1,DEV_TO_OCC
1717515921.4530652,232,0.0,14.1,DEV_TO_OCC
1717515922.1399767,338,8.1,14.1,OCC_TO_CU
1717515922.1409152,338,0.0,14.1,OCC_TO_CU
1717515922.1418562,338,0.0,14.1,OCC_TO_CU
1717515922.142664,338,0.0,14.1,OCC_TO_CU
1717515922.162694,232,36.0,14.1,DEV_TO_OCC
1717515922.3733716,232,6.4,14.1,DEV_TO_OCC
1717515923.295348,232,4.4,14.2,DEV_TO_OCC
1717515923.319993,232,10.3,14.2,DEV_TO_OCC
1717515924.2163649,232,3.5,14.2,DEV_TO_OCC
1717515924.4271238,232,3.2,14.2,DEV_TO_OCC
1717515925.4747458,232,3.2,14.2,DEV_TO_OCC
1717515925.4756787,232,50.0,14.2,DEV_TO_OCC
1717515926.3785021,232,5.0,14.2,DEV_TO_OCC
1717515926.3793862,232,66.7,14.2,DEV_TO_OCC
1717515927.2616742,232,2.7,14.1,DEV_TO_OCC
1717515927.3219202,232,8.5,14.1,DEV_TO_OCC
1717515928.2101257,232,4.9,14.2,DEV_TO_OCC
1717515928.4160564,232,5.6,14.2,DEV_TO_OCC
1717515929.4393907,232,3.5,14.2,DEV_TO_OCC
1717515929.4403787,232,0.0,14.2,DEV_TO_OCC
1717515930.260656,232,3.5,14.2,DEV_TO_OCC
1717515930.3258872,232,11.1,14.2,DEV_TO_OCC
1717515931.1565642,232,3.7,14.2,DEV_TO_OCC
1717515931.3845117,232,4.0,14.2,DEV_TO_OCC
1717515932.1537411,338,3.7,14.2,OCC_TO_CU
1717515932.1548069,338,0.0,14.2,OCC_TO_CU
1717515932.1559923,338,100.0,14.2,OCC_TO_CU
1717515932.156788,338,0.0,14.2,OCC_TO_CU
1717515932.177362,232,39.1,14.2,DEV_TO_OCC
1717515932.4084775,232,5.7,14.2,DEV_TO_OCC
1717515933.2665968,232,5.3,14.2,DEV_TO_OCC
1717515933.329857,232,9.2,14.2,DEV_TO_OCC
1717515934.3548012,232,3.2,14.2,DEV_TO_OCC
1717515934.355954,232,100.0,14.2,DEV_TO_OCC
1717515935.2785037,232,3.1,14.2,DEV_TO_OCC
1717515935.3365216,232,7.4,14.2,DEV_TO_OCC
1717515936.2067142,232,2.7,14.2,DEV_TO_OCC
1717515936.410234,232,4.5,14.2,DEV_TO_OCC
1717515937.4505348,232,2.6,14.2,DEV_TO_OCC
1717515937.4516969,232,66.7,14.2,DEV_TO_OCC
1717515938.3512156,232,12.1,14.1,DEV_TO_OCC
1717515938.3521185,232,0.0,14.1,DEV_TO_OCC
1717515939.2793603,232,4.0,14.1,DEV_TO_OCC
1717515939.3484495,232,6.2,14.1,DEV_TO_OCC
1717515940.1936333,232,3.3,14.1,DEV_TO_OCC
1717515940.398685,232,5.6,14.1,DEV_TO_OCC
1717515941.423069,232,3.2,14.1,DEV_TO_OCC
1717515941.4240694,232,50.0,14.1,DEV_TO_OCC
1717515942.1677647,338,2.9,14.1,OCC_TO_CU
1717515942.1690235,338,0.0,14.1,OCC_TO_CU
1717515942.170179,338,0.0,14.1,OCC_TO_CU
1717515942.1713142,338,100.0,14.1,OCC_TO_CU
1717515942.2045414,232,25.0,14.1,DEV_TO_OCC
1717515942.446284,232,4.1,14.1,DEV_TO_OCC
1717515943.2658122,232,4.4,14.1,DEV_TO_OCC
1717515943.3321671,232,8.5,14.1,DEV_TO_OCC
1717515944.1948073,232,2.9,14.1,DEV_TO_OCC
1717515944.3925514,232,5.9,14.1,DEV_TO_OCC
1717515945.1706278,232,3.7,14.1,DEV_TO_OCC
1717515945.416148,232,3.8,14.1,DEV_TO_OCC
1717515946.3379347,232,2.9,14.1,DEV_TO_OCC
1717515946.3388915,232,0.0,14.1,DEV_TO_OCC
1717515947.2576404,232,5.7,14.1,DEV_TO_OCC
1717515947.3345816,232,8.6,14.1,DEV_TO_OCC
1717515948.590706,232,3.8,14.1,DEV_TO_OCC
1717515948.5920377,232,100.0,14.1,DEV_TO_OCC
1717515949.4076495,232,4.3,14.1,DEV_TO_OCC
1717515949.4085095,232,0.0,14.1,DEV_TO_OCC
1717515950.2268226,232,5.3,14.1,DEV_TO_OCC
1717515950.4318142,232,3.7,14.1,DEV_TO_OCC
1717515951.25085,232,3.2,14.1,DEV_TO_OCC
1717515951.3372552,232,7.7,14.1,DEV_TO_OCC
1717515952.1825068,338,2.3,14.1,OCC_TO_CU
1717515952.18336,338,66.7,14.1,OCC_TO_CU
1717515952.1841943,338,0.0,14.1,OCC_TO_CU
1717515952.1851108,338,0.0,14.1,OCC_TO_CU
1717515952.2172515,232,30.8,14.1,DEV_TO_OCC
1717515952.3768766,232,3.2,14.1,DEV_TO_OCC
1717515953.4017224,232,4.1,14.1,DEV_TO_OCC
1717515953.4026785,232,0.0,14.1,DEV_TO_OCC
1717515954.2202854,232,3.6,14.1,DEV_TO_OCC
1717515954.4251277,232,6.5,14.1,DEV_TO_OCC
1717515955.2444184,232,3.7,14.1,DEV_TO_OCC
1717515955.3427587,232,4.3,14.1,DEV_TO_OCC
1717515956.4765449,232,2.9,14.1,DEV_TO_OCC
1717515956.4774106,232,0.0,14.1,DEV_TO_OCC
1717515957.3952613,232,3.5,14.1,DEV_TO_OCC
1717515957.3962302,232,0.0,14.1,DEV_TO_OCC
1717515958.31712,232,5.1,14.2,DEV_TO_OCC
1717515958.3425038,232,16.1,14.2,DEV_TO_OCC
1717515959.2382646,232,3.5,14.2,DEV_TO_OCC
1717515959.4449875,232,5.6,14.2,DEV_TO_OCC
1717515960.175052,232,3.8,14.2,DEV_TO_OCC
1717515960.3657935,232,14.0,14.1,DEV_TO_OCC
1717515961.1759892,232,3.4,14.1,DEV_TO_OCC
1717515961.3883913,232,3.9,14.1,DEV_TO_OCC
1717515962.196278,338,2.8,14.1,OCC_TO_CU
1717515962.1972473,338,0.0,14.1,OCC_TO_CU
1717515962.1982174,338,0.0,14.1,OCC_TO_CU
1717515962.199182,338,0.0,14.1,OCC_TO_CU
1717515962.2340436,232,32.5,14.1,DEV_TO_OCC
1717515962.4124002,232,6.9,14.1,DEV_TO_OCC
1717515963.539357,232,4.2,14.1,DEV_TO_OCC
1717515963.5403264,232,0.0,14.1,DEV_TO_OCC
1717515964.4609468,232,3.5,14.1,DEV_TO_OCC
1717515964.4618554,232,0.0,14.1,DEV_TO_OCC
1717515965.3824997,232,5.0,14.1,DEV_TO_OCC
1717515965.4127953,232,17.1,14.1,DEV_TO_OCC
1717515966.6114554,232,2.6,14.1,DEV_TO_OCC
1717515966.6122975,232,0.0,14.1,DEV_TO_OCC
1717515967.4304676,232,2.7,14.1,DEV_TO_OCC
1717515967.4315138,232,66.7,14.1,DEV_TO_OCC
1717515968.456286,232,4.1,14.1,DEV_TO_OCC
1717515968.4571917,232,0.0,14.1,DEV_TO_OCC
1717515969.37595,232,5.5,14.1,DEV_TO_OCC
1717515969.439157,232,13.2,14.1,DEV_TO_OCC
1717515970.6053488,232,3.0,14.1,DEV_TO_OCC
1717515970.6063132,232,0.0,14.1,DEV_TO_OCC
1717515971.5268605,232,3.1,14.1,DEV_TO_OCC
1717515971.5280766,232,50.0,14.1,DEV_TO_OCC
1717515972.207748,338,3.7,14.1,OCC_TO_CU
1717515972.2087266,338,0.0,14.1,OCC_TO_CU
1717515972.2095752,338,0.0,14.1,OCC_TO_CU
1717515972.2104893,338,0.0,14.1,OCC_TO_CU
1717515972.447875,232,6.4,14.1,DEV_TO_OCC
1717515972.4487333,232,0.0,14.1,DEV_TO_OCC
1717515973.369862,232,4.2,14.1,DEV_TO_OCC
1717515973.4272091,232,14.1,14.1,DEV_TO_OCC
1717515974.598972,232,3.0,14.1,DEV_TO_OCC
1717515974.6000402,232,50.0,14.1,DEV_TO_OCC
1717515975.5202944,232,3.0,14.1,DEV_TO_OCC
1717515975.521145,232,0.0,14.1,DEV_TO_OCC
1717515976.4418151,232,3.3,14.1,DEV_TO_OCC
1717515976.4427295,232,0.0,14.1,DEV_TO_OCC
1717515977.670741,232,2.8,14.1,DEV_TO_OCC
1717515977.6718137,232,100.0,14.1,DEV_TO_OCC
1717515978.592545,232,7.1,14.1,DEV_TO_OCC
1717515978.593705,232,0.0,14.1,DEV_TO_OCC
1717515979.4115474,232,4.0,14.1,DEV_TO_OCC
1717515979.4234586,232,37.5,14.1,DEV_TO_OCC
1717515980.4359012,232,2.4,14.1,DEV_TO_OCC
1717515980.4368727,232,0.0,14.1,DEV_TO_OCC
1717515981.6645205,232,2.4,14.1,DEV_TO_OCC
1717515981.6656682,232,0.0,14.1,DEV_TO_OCC
1717515982.2200534,338,3.9,14.1,OCC_TO_CU
1717515982.221148,338,0.0,14.1,OCC_TO_CU
1717515982.2221208,338,0.0,14.1,OCC_TO_CU
1717515982.2231026,338,0.0,14.1,OCC_TO_CU
1717515982.3809538,232,10.3,14.1,DEV_TO_OCC
1717515982.4227962,232,14.3,14.1,DEV_TO_OCC
1717515983.5078921,232,5.0,14.1,DEV_TO_OCC
1717515983.5088644,232,0.0,14.1,DEV_TO_OCC
1717515984.4294436,232,3.5,14.1,DEV_TO_OCC
1717515984.430416,232,0.0,14.1,DEV_TO_OCC
1717515985.6597145,232,3.5,14.1,DEV_TO_OCC
1717515985.660606,232,0.0,14.1,DEV_TO_OCC
1717515986.580108,232,3.4,14.1,DEV_TO_OCC
1717515986.5810835,232,0.0,14.1,DEV_TO_OCC
1717515987.5055149,232,3.2,14.1,DEV_TO_OCC
1717515987.506448,232,0.0,14.1,DEV_TO_OCC
1717515988.4482353,232,4.5,14.1,DEV_TO_OCC
1717515988.4991474,232,14.5,14.1,DEV_TO_OCC
1717515989.651999,232,2.9,14.1,DEV_TO_OCC
1717515989.652897,232,0.0,14.1,DEV_TO_OCC
1717515990.573521,232,3.3,14.2,DEV_TO_OCC
1717515990.574531,232,0.0,14.2,DEV_TO_OCC
1717515991.5042205,232,3.2,14.2,DEV_TO_OCC
1717515991.5070817,232,0.0,14.2,DEV_TO_OCC
1717515992.2341597,338,3.8,14.2,OCC_TO_CU
1717515992.2350295,338,0.0,14.2,OCC_TO_CU
1717515992.2368743,338,50.0,14.2,OCC_TO_CU
1717515992.2377758,338,0.0,14.2,OCC_TO_CU
1717515992.416277,232,6.2,14.2,DEV_TO_OCC
1717515992.42725,232,30.8,14.2,DEV_TO_OCC
1717515993.3642538,232,3.8,14.2,DEV_TO_OCC
1717515993.4359882,232,8.3,14.2,DEV_TO_OCC
1717515994.5672417,232,3.1,14.2,DEV_TO_OCC
1717515994.5682464,232,0.0,14.2,DEV_TO_OCC
1717515995.4889932,232,3.7,14.2,DEV_TO_OCC
1717515995.4898849,232,0.0,14.2,DEV_TO_OCC
1717515996.4107733,232,2.8,14.2,DEV_TO_OCC
1717515996.4393694,232,17.6,14.2,DEV_TO_OCC
1717515997.6395352,232,2.5,14.2,DEV_TO_OCC
1717515997.640717,232,0.0,14.2,DEV_TO_OCC
1717515998.5609376,232,4.2,14.2,DEV_TO_OCC
1717515998.5619698,232,0.0,14.2,DEV_TO_OCC
1717515999.4828045,232,3.5,14.2,DEV_TO_OCC
1717515999.4837415,232,100.0,14.2,DEV_TO_OCC
1717516000.4043393,232,3.2,14.2,DEV_TO_OCC
1717516000.4469235,232,17.3,14.2,DEV_TO_OCC
1717516001.6346898,232,2.5,14.2,DEV_TO_OCC
1717516001.6357634,232,50.0,14.2,DEV_TO_OCC
1717516002.2486615,338,3.0,14.2,OCC_TO_CU
1717516002.2495222,338,0.0,14.2,OCC_TO_CU
1717516002.2504117,338,0.0,14.2,OCC_TO_CU
1717516002.2514143,338,80.0,14.2,OCC_TO_CU
1717516002.3675663,232,8.7,14.2,DEV_TO_OCC
1717516002.4381297,232,9.6,14.2,DEV_TO_OCC
1717516003.4762752,232,4.9,14.2,DEV_TO_OCC
1717516003.47731,232,0.0,14.2,DEV_TO_OCC
1717516004.7132716,232,3.1,14.2,DEV_TO_OCC
1717516004.7141607,232,0.0,14.2,DEV_TO_OCC
1717516005.6269543,232,5.6,14.2,DEV_TO_OCC
1717516005.6278608,232,66.7,14.2,DEV_TO_OCC
1717516006.5486507,232,3.5,14.2,DEV_TO_OCC
1717516006.549582,232,0.0,14.2,DEV_TO_OCC
1717516007.4697735,232,4.8,14.2,DEV_TO_OCC
1717516007.4708524,232,0.0,14.2,DEV_TO_OCC
1717516008.3917542,232,4.9,14.2,DEV_TO_OCC
1717516008.4550166,232,6.8,14.2,DEV_TO_OCC
1717516009.6204123,232,3.0,14.2,DEV_TO_OCC
1717516009.6215537,232,0.0,14.2,DEV_TO_OCC
1717516010.5421479,232,3.9,14.2,DEV_TO_OCC
1717516010.5429924,232,0.0,14.2,DEV_TO_OCC
1717516011.463811,232,9.8,14.1,DEV_TO_OCC
1717516011.4647844,232,0.0,14.1,DEV_TO_OCC
1717516012.2604504,338,2.7,14.1,OCC_TO_CU
1717516012.2614968,338,0.0,14.1,OCC_TO_CU
1717516012.262571,338,0.0,14.1,OCC_TO_CU
1717516012.2635624,338,100.0,14.1,OCC_TO_CU
1717516012.3726373,232,12.2,14.1,DEV_TO_OCC
1717516012.4480596,232,6.9,14.1,DEV_TO_OCC
1717516013.6143856,232,4.2,14.1,DEV_TO_OCC
1717516013.6154616,232,75.0,14.1,DEV_TO_OCC
1717516014.536009,232,3.9,14.1,DEV_TO_OCC
1717516014.537027,232,0.0,14.1,DEV_TO_OCC
1717516015.4651937,232,3.2,14.1,DEV_TO_OCC
1717516015.4757357,232,30.8,14.1,DEV_TO_OCC
1717516016.6874156,232,2.6,14.1,DEV_TO_OCC
1717516016.6883218,232,0.0,14.1,DEV_TO_OCC
1717516017.375486,232,3.3,14.1,DEV_TO_OCC
1717516017.4691172,232,8.1,14.1,DEV_TO_OCC
1717516018.5294125,232,4.6,14.1,DEV_TO_OCC
1717516018.5302656,232,0.0,14.1,DEV_TO_OCC
1717516019.451401,232,3.5,14.1,DEV_TO_OCC
1717516019.4610417,232,20.0,14.1,DEV_TO_OCC
1717516020.6920438,232,2.8,14.1,DEV_TO_OCC
1717516020.692896,232,0.0,14.1,DEV_TO_OCC
1717516021.601476,232,2.4,14.1,DEV_TO_OCC
1717516021.6023097,232,0.0,14.1,DEV_TO_OCC
1717516022.2746716,338,3.6,14.1,OCC_TO_CU
1717516022.2755778,338,50.0,14.1,OCC_TO_CU
1717516022.2764275,338,0.0,14.1,OCC_TO_CU
1717516022.2774086,338,0.0,14.1,OCC_TO_CU
1717516022.3803742,232,41.3,14.1,DEV_TO_OCC
1717516022.4643686,232,5.0,14.1,DEV_TO_OCC
1717516023.4447756,232,3.6,14.1,DEV_TO_OCC
1717516023.466986,232,29.6,14.1,DEV_TO_OCC
1717516024.6737518,232,3.1,14.1,DEV_TO_OCC
1717516024.674985,232,0.0,14.1,DEV_TO_OCC
1717516025.6559138,232,3.3,14.1,DEV_TO_OCC
1717516025.6567256,232,0.0,14.1,DEV_TO_OCC
1717516026.5171108,232,3.1,14.1,DEV_TO_OCC
1717516026.5181036,232,0.0,14.1,DEV_TO_OCC
1717516027.4386876,232,2.5,14.1,DEV_TO_OCC
1717516027.4664097,232,18.8,14.1,DEV_TO_OCC
1717516028.6675403,232,4.2,14.1,DEV_TO_OCC
1717516028.668433,232,0.0,14.1,DEV_TO_OCC
1717516029.5888917,232,3.7,14.1,DEV_TO_OCC
1717516029.5897367,232,0.0,14.1,DEV_TO_OCC
1717516030.510645,232,4.0,14.1,DEV_TO_OCC
1717516030.5115836,232,50.0,14.1,DEV_TO_OCC
1717516031.4322755,232,5.0,14.1,DEV_TO_OCC
1717516031.4817271,232,6.9,14.1,DEV_TO_OCC
1717516032.2797577,338,2.3,14.1,OCC_TO_CU
1717516032.2809963,338,0.0,14.1,OCC_TO_CU
1717516032.2820528,338,0.0,14.1,OCC_TO_CU
1717516032.283033,338,0.0,14.1,OCC_TO_CU
1717516032.3848038,232,14.0,14.1,DEV_TO_OCC
1717516032.470324,232,45.7,14.1,DEV_TO_OCC
1717516033.582967,232,3.5,14.1,DEV_TO_OCC
1717516033.5843165,232,50.0,14.1,DEV_TO_OCC
1717516034.4016657,232,3.7,14.1,DEV_TO_OCC
1717516034.6064153,232,3.3,14.1,DEV_TO_OCC
1717516035.4258182,232,3.6,14.1,DEV_TO_OCC
1717516035.488502,232,11.7,14.1,DEV_TO_OCC
1717516036.6546676,232,3.9,14.1,DEV_TO_OCC
1717516036.6556978,232,0.0,14.1,DEV_TO_OCC
1717516037.3894925,232,3.5,14.1,DEV_TO_OCC
1717516037.478412,232,11.9,14.1,DEV_TO_OCC
1717516038.5006344,232,4.3,14.1,DEV_TO_OCC
1717516038.5016098,232,0.0,14.1,DEV_TO_OCC
1717516039.4194493,232,3.6,14.1,DEV_TO_OCC
1717516039.4825878,232,5.5,14.1,DEV_TO_OCC
1717516040.4437814,232,3.0,14.1,DEV_TO_OCC
1717516040.5288372,232,7.1,14.1,DEV_TO_OCC
1717516041.5701134,232,2.6,14.1,DEV_TO_OCC
1717516041.5711045,232,0.0,14.1,DEV_TO_OCC
1717516042.2919507,338,3.5,14.1,OCC_TO_CU
1717516042.293075,338,0.0,14.1,OCC_TO_CU
1717516042.294299,338,0.0,14.1,OCC_TO_CU
1717516042.2952592,338,75.0,14.1,OCC_TO_CU
1717516042.3935294,232,11.8,14.1,DEV_TO_OCC
1717516042.4814618,232,6.8,14.1,DEV_TO_OCC
1717516043.413306,232,4.9,14.1,DEV_TO_OCC
1717516043.4819949,232,8.5,14.1,DEV_TO_OCC
1717516044.6422396,232,3.1,14.1,DEV_TO_OCC
1717516044.6431963,232,75.0,14.1,DEV_TO_OCC
1717516045.563848,232,5.7,14.1,DEV_TO_OCC
1717516045.564802,232,0.0,14.1,DEV_TO_OCC
1717516046.4864464,232,3.0,14.1,DEV_TO_OCC
1717516046.48775,232,100.0,14.1,DEV_TO_OCC
1717516047.7145686,232,2.5,14.1,DEV_TO_OCC
1717516047.7157967,232,66.7,14.1,DEV_TO_OCC
1717516048.6359873,232,5.7,14.1,DEV_TO_OCC
1717516048.6369004,232,0.0,14.1,DEV_TO_OCC
1717516049.557939,232,3.4,14.1,DEV_TO_OCC
1717516049.5587955,232,0.0,14.1,DEV_TO_OCC
1717516050.4790568,232,3.6,14.1,DEV_TO_OCC
1717516050.4872375,232,45.5,14.1,DEV_TO_OCC
1717516051.503048,232,2.7,14.1,DEV_TO_OCC
1717516051.5040438,232,0.0,14.1,DEV_TO_OCC
1717516052.306402,338,3.0,14.1,OCC_TO_CU
1717516052.3074484,338,66.7,14.1,OCC_TO_CU
1717516052.308399,338,0.0,14.1,OCC_TO_CU
1717516052.3093824,338,0.0,14.1,OCC_TO_CU
1717516052.3996542,232,16.5,14.1,DEV_TO_OCC
1717516052.4906116,232,8.3,14.1,DEV_TO_OCC
1717516053.408514,232,3.8,14.1,DEV_TO_OCC
1717516053.4893453,232,9.3,14.1,DEV_TO_OCC
1717516054.4726253,232,3.4,14.1,DEV_TO_OCC
1717516054.4903,232,27.3,14.1,DEV_TO_OCC
1717516055.7016551,232,3.5,14.1,DEV_TO_OCC
1717516055.7027628,232,0.0,14.1,DEV_TO_OCC
1717516056.6235461,232,2.8,14.1,DEV_TO_OCC
1717516056.6246428,232,0.0,14.1,DEV_TO_OCC
1717516057.4423873,232,2.7,14.1,DEV_TO_OCC
1717516057.4947717,232,12.5,14.1,DEV_TO_OCC
1717516058.4663537,232,4.3,14.2,DEV_TO_OCC
1717516058.5401545,232,12.2,14.1,DEV_TO_OCC
1717516059.6953483,232,3.2,14.1,DEV_TO_OCC
1717516059.6962786,232,0.0,14.1,DEV_TO_OCC
1717516060.6171043,232,3.6,14.1,DEV_TO_OCC
1717516060.6180928,232,0.0,14.1,DEV_TO_OCC
1717516061.5388167,232,3.1,14.1,DEV_TO_OCC
1717516061.539865,232,66.7,14.1,DEV_TO_OCC
1717516062.319777,338,2.8,14.2,OCC_TO_CU
1717516062.321006,338,0.0,14.2,OCC_TO_CU
1717516062.3220909,338,0.0,14.2,OCC_TO_CU
1717516062.3230462,338,0.0,14.2,OCC_TO_CU
1717516062.405821,232,12.0,14.2,DEV_TO_OCC
1717516062.4894753,232,10.7,14.2,DEV_TO_OCC
1717516063.6890569,232,4.3,14.2,DEV_TO_OCC
1717516063.6899645,232,0.0,14.2,DEV_TO_OCC
1717516064.611181,232,5.6,14.2,DEV_TO_OCC
1717516064.6123219,232,0.0,14.2,DEV_TO_OCC
1717516065.532271,232,3.3,14.2,DEV_TO_OCC
1717516065.5331767,232,0.0,14.2,DEV_TO_OCC
1717516066.453706,232,3.1,14.2,DEV_TO_OCC
1717516066.5011377,232,14.0,14.2,DEV_TO_OCC
1717516067.408299,232,3.2,14.2,DEV_TO_OCC
1717516067.50349,232,8.0,14.2,DEV_TO_OCC
1717516068.4106143,232,4.9,14.2,DEV_TO_OCC
1717516068.5057375,232,8.6,14.2,DEV_TO_OCC
1717516069.4241061,232,2.9,14.2,DEV_TO_OCC
1717516069.5021567,232,8.6,14.2,DEV_TO_OCC
1717516070.447833,232,3.6,14.2,DEV_TO_OCC
1717516070.5069191,232,11.3,14.2,DEV_TO_OCC
1717516071.4732223,232,2.7,14.2,DEV_TO_OCC
1717516071.5482574,232,11.0,14.2,DEV_TO_OCC
1717516072.3341885,338,2.8,14.2,OCC_TO_CU
1717516072.335087,338,0.0,14.2,OCC_TO_CU
1717516072.336014,338,100.0,14.2,OCC_TO_CU
1717516072.33695,338,0.0,14.2,OCC_TO_CU
1717516072.4147384,232,14.7,14.2,DEV_TO_OCC
1717516072.5976334,232,5.5,14.2,DEV_TO_OCC
1717516073.519919,232,4.7,14.2,DEV_TO_OCC
1717516073.5211654,232,0.0,14.2,DEV_TO_OCC
1717516074.441623,232,3.7,14.2,DEV_TO_OCC
1717516074.506786,232,12.7,14.2,DEV_TO_OCC
1717516075.6709585,232,2.9,14.2,DEV_TO_OCC
1717516075.6719093,232,50.0,14.2,DEV_TO_OCC
1717516076.5919113,232,2.6,14.2,DEV_TO_OCC
1717516076.5928276,232,0.0,14.2,DEV_TO_OCC
1717516077.5133421,232,2.6,14.2,DEV_TO_OCC
1717516077.5142784,232,0.0,14.2,DEV_TO_OCC
1717516078.4351227,232,4.6,14.2,DEV_TO_OCC
1717516078.506875,232,10.5,14.2,DEV_TO_OCC
1717516079.5874248,232,3.2,14.2,DEV_TO_OCC
1717516079.588246,232,0.0,14.2,DEV_TO_OCC
1717516080.4848983,232,3.8,14.2,DEV_TO_OCC
1717516080.5181847,232,18.4,14.2,DEV_TO_OCC
1717516081.5071726,232,2.7,14.2,DEV_TO_OCC
1717516081.515761,232,36.4,14.2,DEV_TO_OCC
1717516082.3439915,338,3.1,14.2,OCC_TO_CU
1717516082.3451266,338,0.0,14.2,OCC_TO_CU
1717516082.346266,338,0.0,14.2,OCC_TO_CU
1717516082.3474152,338,100.0,14.2,OCC_TO_CU
1717516082.4189937,232,76.2,14.2,DEV_TO_OCC
1717516082.5104737,232,36.3,14.2,DEV_TO_OCC
1717516083.576083,232,4.1,14.2,DEV_TO_OCC
1717516083.577301,232,0.0,14.2,DEV_TO_OCC
1717516084.5794437,232,4.0,14.2,DEV_TO_OCC
1717516084.580374,232,0.0,14.2,DEV_TO_OCC
1717516085.5006626,232,3.4,14.2,DEV_TO_OCC
1717516085.5131073,232,31.2,14.2,DEV_TO_OCC
1717516086.729796,232,3.1,14.2,DEV_TO_OCC
1717516086.7314527,232,60.0,14.2,DEV_TO_OCC
1717516087.651495,232,3.2,14.2,DEV_TO_OCC
1717516087.65247,232,0.0,14.2,DEV_TO_OCC
1717516088.5728734,232,3.6,14.2,DEV_TO_OCC
1717516088.573783,232,0.0,14.2,DEV_TO_OCC
1717516089.596807,232,3.1,14.2,DEV_TO_OCC
1717516089.5976574,232,0.0,14.2,DEV_TO_OCC
1717516090.7233334,232,3.5,14.2,DEV_TO_OCC
1717516090.7241974,232,0.0,14.2,DEV_TO_OCC
1717516091.6473672,232,3.2,14.2,DEV_TO_OCC
1717516091.6484709,232,0.0,14.2,DEV_TO_OCC
1717516092.3559487,338,2.8,14.2,OCC_TO_CU
1717516092.356919,338,0.0,14.2,OCC_TO_CU
1717516092.3579814,338,0.0,14.2,OCC_TO_CU
1717516092.359014,338,0.0,14.2,OCC_TO_CU
1717516092.4285457,232,32.5,14.2,DEV_TO_OCC
1717516092.5256946,232,3.4,14.2,DEV_TO_OCC
1717516093.4905043,232,7.9,14.2,DEV_TO_OCC
1717516093.527739,232,19.6,14.2,DEV_TO_OCC
1717516094.4247463,232,6.5,14.1,DEV_TO_OCC
1717516094.5264778,232,4.2,14.1,DEV_TO_OCC
1717516095.6410203,232,3.4,14.1,DEV_TO_OCC
1717516095.6419673,232,0.0,14.1,DEV_TO_OCC
1717516096.5631166,232,3.2,14.1,DEV_TO_OCC
1717516096.564112,232,100.0,14.1,DEV_TO_OCC
1717516097.484441,232,3.0,14.1,DEV_TO_OCC
1717516097.5292985,232,9.4,14.1,DEV_TO_OCC
1717516098.508104,232,3.6,14.1,DEV_TO_OCC
1717516098.5273392,232,29.2,14.1,DEV_TO_OCC
1717516099.5314875,232,3.4,14.1,DEV_TO_OCC
1717516099.5323925,232,0.0,14.1,DEV_TO_OCC
1717516100.5542002,232,2.6,14.1,DEV_TO_OCC
1717516100.5551388,232,0.0,14.1,DEV_TO_OCC
1717516101.4767857,232,3.0,14.1,DEV_TO_OCC
1717516101.5380635,232,12.2,14.1,DEV_TO_OCC
1717516102.3677502,338,3.0,14.1,OCC_TO_CU
1717516102.368653,338,0.0,14.1,OCC_TO_CU
1717516102.3696482,338,0.0,14.1,OCC_TO_CU
1717516102.3705974,338,0.0,14.1,OCC_TO_CU
1717516102.4389656,232,81.5,14.1,DEV_TO_OCC
1717516102.5304556,232,10.8,14.1,DEV_TO_OCC
1717516103.6344678,232,4.3,14.1,DEV_TO_OCC
1717516103.6354916,232,66.7,14.1,DEV_TO_OCC
1717516104.5476346,232,3.4,14.1,DEV_TO_OCC
1717516104.5486875,232,0.0,14.1,DEV_TO_OCC
1717516105.470007,232,3.1,14.1,DEV_TO_OCC
1717516105.532078,232,12.0,14.1,DEV_TO_OCC
1717516106.7000985,232,2.5,14.1,DEV_TO_OCC
1717516106.7012157,232,0.0,14.1,DEV_TO_OCC
1717516107.4761806,232,3.2,14.1,DEV_TO_OCC
1717516107.5325422,232,9.1,14.1,DEV_TO_OCC
1717516108.5415554,232,4.0,14.1,DEV_TO_OCC
1717516108.5427167,232,0.0,14.1,DEV_TO_OCC
1717516109.7710626,232,3.3,14.1,DEV_TO_OCC
1717516109.7723029,232,66.7,14.1,DEV_TO_OCC
1717516110.4867377,232,4.4,14.1,DEV_TO_OCC
1717516110.5472562,232,14.7,14.1,DEV_TO_OCC
1717516111.6136558,232,3.1,14.1,DEV_TO_OCC
1717516111.6147153,232,0.0,14.1,DEV_TO_OCC
1717516112.3797097,338,3.6,14.1,OCC_TO_CU
1717516112.3806295,338,0.0,14.1,OCC_TO_CU
1717516112.3815174,338,0.0,14.1,OCC_TO_CU
1717516112.3825138,338,0.0,14.1,OCC_TO_CU
1717516112.450513,232,13.9,14.1,DEV_TO_OCC
1717516112.5391395,232,8.3,14.1,DEV_TO_OCC
1717516113.456517,232,4.9,14.1,DEV_TO_OCC
1717516113.538133,232,3.2,14.1,DEV_TO_OCC
1717516114.480555,232,3.4,14.1,DEV_TO_OCC
1717516114.5423052,232,13.3,14.1,DEV_TO_OCC
1717516115.6071532,232,3.0,14.1,DEV_TO_OCC
1717516115.6082997,232,50.0,14.1,DEV_TO_OCC
1717516116.528934,232,3.4,14.1,DEV_TO_OCC
1717516116.540458,232,28.6,14.1,DEV_TO_OCC
1717516117.7578583,232,2.5,14.1,DEV_TO_OCC
1717516117.7588546,232,0.0,14.1,DEV_TO_OCC
1717516118.6794214,232,5.4,14.1,DEV_TO_OCC
1717516118.6804173,232,0.0,14.1,DEV_TO_OCC
1717516119.60088,232,3.5,14.1,DEV_TO_OCC
1717516119.601901,232,0.0,14.1,DEV_TO_OCC
1717516120.5364382,232,3.8,14.1,DEV_TO_OCC
1717516120.5568957,232,30.8,14.1,DEV_TO_OCC
1717516121.751438,232,4.6,14.1,DEV_TO_OCC
1717516121.75257,232,0.0,14.1,DEV_TO_OCC
1717516122.3935604,338,3.1,14.1,OCC_TO_CU
1717516122.3944643,338,0.0,14.1,OCC_TO_CU
1717516122.3952336,338,100.0,14.1,OCC_TO_CU
1717516122.3960648,338,0.0,14.1,OCC_TO_CU
1717516122.4408314,232,26.8,14.1,DEV_TO_OCC
1717516122.573635,232,3.8,14.1,DEV_TO_OCC
1717516123.5964923,232,4.5,14.1,DEV_TO_OCC
1717516123.597396,232,0.0,14.1,DEV_TO_OCC
1717516124.5161364,232,3.9,14.1,DEV_TO_OCC
1717516124.545973,232,12.1,14.1,DEV_TO_OCC
1717516125.7452137,232,3.4,14.1,DEV_TO_OCC
1717516125.7461965,232,0.0,14.1,DEV_TO_OCC
1717516126.666862,232,3.2,14.1,DEV_TO_OCC
1717516126.6678581,232,50.0,14.1,DEV_TO_OCC
1717516127.5884728,232,2.6,14.1,DEV_TO_OCC
1717516127.5896182,232,0.0,14.1,DEV_TO_OCC
1717516128.5097563,232,4.3,14.1,DEV_TO_OCC
1717516128.5496242,232,14.6,14.1,DEV_TO_OCC
1717516129.4933836,232,3.3,14.1,DEV_TO_OCC
1717516129.5494566,232,14.5,14.1,DEV_TO_OCC
1717516130.6604307,232,3.2,14.1,DEV_TO_OCC
1717516130.6614058,232,0.0,14.1,DEV_TO_OCC
1717516131.5820994,232,3.7,14.1,DEV_TO_OCC
1717516131.583077,232,0.0,14.1,DEV_TO_OCC
1717516132.4060562,338,3.4,14.1,OCC_TO_CU
1717516132.4070907,338,0.0,14.1,OCC_TO_CU
1717516132.4082234,338,100.0,14.1,OCC_TO_CU
1717516132.4091482,338,0.0,14.1,OCC_TO_CU
1717516132.4569345,232,28.8,14.1,DEV_TO_OCC
1717516132.5516858,232,10.4,14.1,DEV_TO_OCC
1717516133.7324533,232,3.6,14.2,DEV_TO_OCC
1717516133.733459,232,0.0,14.2,DEV_TO_OCC
1717516134.654263,232,3.7,14.1,DEV_TO_OCC
1717516134.655339,232,75.0,14.1,DEV_TO_OCC
1717516135.5765605,232,3.4,14.1,DEV_TO_OCC
1717516135.5774643,232,0.0,14.1,DEV_TO_OCC
1717516136.497152,232,3.5,14.1,DEV_TO_OCC
1717516136.5598998,232,9.2,14.1,DEV_TO_OCC
1717516137.7265387,232,2.7,14.1,DEV_TO_OCC
1717516137.7275467,232,66.7,14.1,DEV_TO_OCC
1717516138.6477578,232,5.1,14.1,DEV_TO_OCC
1717516138.6488135,232,0.0,14.1,DEV_TO_OCC
1717516139.5695517,232,3.2,14.2,DEV_TO_OCC
1717516139.5704513,232,0.0,14.2,DEV_TO_OCC
1717516140.4921243,232,3.5,14.1,DEV_TO_OCC
1717516140.558719,232,8.8,14.2,DEV_TO_OCC
1717516141.7217178,232,3.0,14.2,DEV_TO_OCC
1717516141.722749,232,0.0,14.2,DEV_TO_OCC
1717516142.4159122,338,3.6,14.2,OCC_TO_CU
1717516142.4168327,338,0.0,14.2,OCC_TO_CU
1717516142.4177682,338,0.0,14.2,OCC_TO_CU
1717516142.4186776,338,0.0,14.2,OCC_TO_CU
1717516142.4608698,232,20.8,14.2,DEV_TO_OCC
1717516142.5597818,232,7.5,14.2,DEV_TO_OCC
1717516143.56305,232,3.3,14.2,DEV_TO_OCC
1717516143.5640295,232,50.0,14.2,DEV_TO_OCC
1717516144.4844656,232,3.9,14.2,DEV_TO_OCC
1717516144.560069,232,4.5,14.2,DEV_TO_OCC
1717516145.5092437,232,3.4,14.2,DEV_TO_OCC
1717516145.569536,232,12.3,14.2,DEV_TO_OCC
1717516146.643769,232,2.7,14.2,DEV_TO_OCC
1717516146.6449006,232,0.0,14.2,DEV_TO_OCC
1717516147.5644464,232,2.3,14.2,DEV_TO_OCC
1717516147.6432369,232,12.4,14.2,DEV_TO_OCC
1717516148.4782481,232,4.4,14.2,DEV_TO_OCC
1717516148.562979,232,10.9,14.2,DEV_TO_OCC
1717516149.7075343,232,4.4,14.2,DEV_TO_OCC
1717516149.70846,232,0.0,14.2,DEV_TO_OCC
1717516150.6290858,232,4.2,14.2,DEV_TO_OCC
1717516150.6300323,232,0.0,14.2,DEV_TO_OCC
1717516151.5517848,232,3.0,14.2,DEV_TO_OCC
1717516151.565181,232,25.0,14.2,DEV_TO_OCC
1717516152.4300907,338,3.0,14.2,OCC_TO_CU
1717516152.431728,338,75.0,14.2,OCC_TO_CU
1717516152.43297,338,0.0,14.2,OCC_TO_CU
1717516152.4339917,338,0.0,14.2,OCC_TO_CU
1717516152.460657,232,38.9,14.2,DEV_TO_OCC
1717516152.6771598,232,5.0,14.2,DEV_TO_OCC
1717516153.700932,232,12.1,14.1,DEV_TO_OCC
1717516153.701801,232,0.0,14.1,DEV_TO_OCC
1717516154.627275,232,3.7,14.1,DEV_TO_OCC
1717516154.6282203,232,0.0,14.1,DEV_TO_OCC
1717516155.5441005,232,3.1,14.1,DEV_TO_OCC
1717516155.5701156,232,20.0,14.1,DEV_TO_OCC
1717516156.7737858,232,3.2,14.1,DEV_TO_OCC
1717516156.7747672,232,0.0,14.1,DEV_TO_OCC
1717516157.6507807,232,3.4,14.1,DEV_TO_OCC
1717516157.6517625,232,50.0,14.1,DEV_TO_OCC
1717516158.6164584,232,4.7,14.1,DEV_TO_OCC
1717516158.6173167,232,0.0,14.1,DEV_TO_OCC
1717516159.5379248,232,3.5,14.1,DEV_TO_OCC
1717516159.572015,232,17.5,14.1,DEV_TO_OCC
1717516160.5618827,232,3.1,14.1,DEV_TO_OCC
1717516160.5735652,232,35.7,14.1,DEV_TO_OCC
1717516161.6884177,232,3.5,14.1,DEV_TO_OCC
1717516161.6894214,232,0.0,14.1,DEV_TO_OCC
1717516162.4397824,338,3.2,14.1,OCC_TO_CU
1717516162.440706,338,0.0,14.1,OCC_TO_CU
1717516162.4417944,338,0.0,14.1,OCC_TO_CU
1717516162.4427462,338,0.0,14.1,OCC_TO_CU
1717516162.5358768,232,9.1,14.1,DEV_TO_OCC
1717516162.5781136,232,15.7,14.1,DEV_TO_OCC
1717516163.5320244,232,5.3,14.2,DEV_TO_OCC
1717516163.5775986,232,9.3,14.2,DEV_TO_OCC
1717516164.7657442,232,3.2,14.2,DEV_TO_OCC
1717516164.767655,232,75.0,14.2,DEV_TO_OCC
1717516165.682202,232,2.8,14.2,DEV_TO_OCC
1717516165.6831393,232,0.0,14.2,DEV_TO_OCC
1717516166.6038892,232,3.0,14.2,DEV_TO_OCC
1717516166.6048076,232,0.0,14.2,DEV_TO_OCC
1717516167.5708895,232,2.9,14.2,DEV_TO_OCC
1717516167.6002653,232,21.6,14.2,DEV_TO_OCC
1717516168.754436,232,3.6,14.2,DEV_TO_OCC
1717516168.755397,232,100.0,14.2,DEV_TO_OCC
1717516169.6797967,232,3.4,14.2,DEV_TO_OCC
1717516169.680852,232,0.0,14.2,DEV_TO_OCC
1717516170.495316,232,3.2,14.2,DEV_TO_OCC
1717516170.57756,232,62.0,14.1,DEV_TO_OCC
1717516171.5190697,232,3.1,14.1,DEV_TO_OCC
1717516171.5818427,232,10.7,14.1,DEV_TO_OCC
1717516172.4539123,338,3.2,14.1,OCC_TO_CU
1717516172.4550836,338,0.0,14.1,OCC_TO_CU
1717516172.4562006,338,100.0,14.1,OCC_TO_CU
1717516172.4571636,338,0.0,14.1,OCC_TO_CU
1717516172.481914,232,27.6,14.1,DEV_TO_OCC
1717516172.5814826,232,10.0,14.1,DEV_TO_OCC
1717516173.5682201,232,4.0,14.1,DEV_TO_OCC
1717516173.580627,232,28.6,14.1,DEV_TO_OCC
1717516174.5911107,232,5.6,14.1,DEV_TO_OCC
1717516174.5920026,232,50.0,14.1,DEV_TO_OCC
1717516175.5123055,232,3.0,14.1,DEV_TO_OCC
1717516175.581533,232,8.6,14.1,DEV_TO_OCC
1717516176.741822,232,3.0,14.1,DEV_TO_OCC
1717516176.7427843,232,0.0,14.1,DEV_TO_OCC
1717516177.6635363,232,3.3,14.1,DEV_TO_OCC
1717516177.664541,232,0.0,14.1,DEV_TO_OCC
1717516178.585388,232,7.1,14.1,DEV_TO_OCC
1717516178.5863008,232,0.0,14.1,DEV_TO_OCC
1717516179.506571,232,3.4,14.1,DEV_TO_OCC
1717516179.584199,232,14.6,14.1,DEV_TO_OCC
1717516180.756259,232,3.4,14.1,DEV_TO_OCC
1717516180.7572386,232,0.0,14.1,DEV_TO_OCC
1717516181.6570435,232,2.8,14.1,DEV_TO_OCC
1717516181.6579278,232,0.0,14.1,DEV_TO_OCC
1717516182.46777,338,2.9,14.1,OCC_TO_CU
1717516182.468862,338,0.0,14.1,OCC_TO_CU
1717516182.4698722,338,0.0,14.1,OCC_TO_CU
1717516182.4709778,338,0.0,14.1,OCC_TO_CU
1717516182.4900267,232,30.4,14.1,DEV_TO_OCC
1717516182.5862334,232,12.8,14.1,DEV_TO_OCC
1717516183.4999974,232,4.8,14.1,DEV_TO_OCC
1717516183.5900862,232,14.7,14.1,DEV_TO_OCC
1717516184.7289438,232,3.2,14.1,DEV_TO_OCC
1717516184.7299705,232,0.0,14.1,DEV_TO_OCC
1717516185.5479968,232,3.1,14.1,DEV_TO_OCC
1717516185.588101,232,16.3,14.1,DEV_TO_OCC
1717516186.572161,232,2.9,14.1,DEV_TO_OCC
1717516186.5893714,232,20.0,14.1,DEV_TO_OCC
1717516187.6094239,232,2.7,14.1,DEV_TO_OCC
1717516187.6128197,232,40.0,14.1,DEV_TO_OCC
1717516188.7230215,232,3.7,14.1,DEV_TO_OCC
1717516188.7239826,232,66.7,14.1,DEV_TO_OCC
1717516189.6447487,232,3.2,14.1,DEV_TO_OCC
1717516189.6457791,232,0.0,14.1,DEV_TO_OCC
1717516190.5666912,232,2.7,14.1,DEV_TO_OCC
1717516190.5944147,232,21.2,14.1,DEV_TO_OCC
1717516191.5900493,232,2.4,14.1,DEV_TO_OCC
1717516191.5962029,232,37.5,14.1,DEV_TO_OCC
1717516192.4796987,338,3.2,14.1,OCC_TO_CU
1717516192.4806244,338,0.0,14.1,OCC_TO_CU
1717516192.4815927,338,0.0,14.1,OCC_TO_CU
1717516192.482574,338,0.0,14.1,OCC_TO_CU
1717516192.5100298,232,50.0,14.1,DEV_TO_OCC
1717516192.5938232,232,11.8,14.1,DEV_TO_OCC
1717516193.6381392,232,4.2,14.1,DEV_TO_OCC
1717516193.6393914,232,75.0,14.1,DEV_TO_OCC
1717516194.5611503,232,3.8,14.1,DEV_TO_OCC
1717516194.7658937,232,4.1,14.1,DEV_TO_OCC
1717516195.89121,232,3.5,14.1,DEV_TO_OCC
1717516195.8924468,232,0.0,14.1,DEV_TO_OCC
1717516196.7105706,232,2.8,14.1,DEV_TO_OCC
1717516196.7116406,232,66.7,14.1,DEV_TO_OCC
1717516197.6317146,232,3.5,14.1,DEV_TO_OCC
1717516197.6326754,232,0.0,14.1,DEV_TO_OCC
1717516198.5533435,232,4.4,14.1,DEV_TO_OCC
1717516198.6070058,232,10.8,14.1,DEV_TO_OCC
1717516199.5788727,232,3.3,14.1,DEV_TO_OCC
1717516199.5985475,232,29.2,14.1,DEV_TO_OCC
1717516200.7329307,232,2.7,14.1,DEV_TO_OCC
1717516200.7338853,232,0.0,14.1,DEV_TO_OCC
1717516201.6255834,232,3.5,14.1,DEV_TO_OCC
1717516201.626988,232,0.0,14.1,DEV_TO_OCC
1717516202.4936652,338,3.1,14.1,OCC_TO_CU
1717516202.4946983,338,0.0,14.1,OCC_TO_CU
1717516202.495725,338,75.0,14.1,OCC_TO_CU
1717516202.4968193,338,0.0,14.1,OCC_TO_CU
1717516202.5372639,232,20.8,14.1,DEV_TO_OCC
1717516202.6134531,232,14.0,14.1,DEV_TO_OCC
1717516203.7761855,232,4.3,14.2,DEV_TO_OCC
1717516203.7771797,232,0.0,14.2,DEV_TO_OCC
1717516204.6978753,232,4.0,14.1,DEV_TO_OCC
1717516204.6989405,232,0.0,14.1,DEV_TO_OCC
1717516205.619442,232,3.3,14.1,DEV_TO_OCC
1717516205.6205757,232,0.0,14.1,DEV_TO_OCC
1717516206.5403852,232,3.2,14.2,DEV_TO_OCC
1717516206.6071653,232,43.4,14.2,DEV_TO_OCC
1717516207.7695665,232,2.4,14.2,DEV_TO_OCC
1717516207.7704327,232,0.0,14.2,DEV_TO_OCC
1717516208.7016234,232,4.7,14.2,DEV_TO_OCC
1717516208.7024827,232,0.0,14.2,DEV_TO_OCC
1717516209.6139328,232,3.8,14.2,DEV_TO_OCC
1717516209.6148527,232,0.0,14.2,DEV_TO_OCC
1717516210.5375938,232,3.1,14.2,DEV_TO_OCC
1717516210.6140625,232,11.8,14.2,DEV_TO_OCC
1717516211.764029,232,3.1,14.2,DEV_TO_OCC
1717516211.7649457,232,0.0,14.2,DEV_TO_OCC
1717516212.5079737,338,2.8,14.2,OCC_TO_CU
1717516212.5091949,338,0.0,14.2,OCC_TO_CU
1717516212.5102084,338,0.0,14.2,OCC_TO_CU
1717516212.5112083,338,75.0,14.2,OCC_TO_CU
1717516212.5628626,232,15.0,14.2,DEV_TO_OCC
1717516212.6225455,232,12.0,14.2,DEV_TO_OCC
1717516213.6082928,232,4.3,14.2,DEV_TO_OCC
1717516213.609737,232,0.0,14.2,DEV_TO_OCC
1717516214.5281112,232,2.7,14.2,DEV_TO_OCC
1717516214.608269,232,9.3,14.2,DEV_TO_OCC
1717516215.7581875,232,3.0,14.2,DEV_TO_OCC
1717516215.7591517,232,0.0,14.2,DEV_TO_OCC
1717516216.6789546,232,3.0,14.2,DEV_TO_OCC
1717516216.6799185,232,50.0,14.2,DEV_TO_OCC
1717516217.5588357,232,4.7,14.2,DEV_TO_OCC
1717516217.60928,232,13.1,14.2,DEV_TO_OCC
1717516218.8293414,232,3.5,14.2,DEV_TO_OCC
1717516218.83033,232,0.0,14.2,DEV_TO_OCC
1717516219.7512102,232,4.1,14.2,DEV_TO_OCC
1717516219.7521355,232,0.0,14.2,DEV_TO_OCC
1717516220.5700798,232,2.7,14.2,DEV_TO_OCC
1717516220.6138563,232,14.8,14.2,DEV_TO_OCC
1717516221.5517676,232,2.8,14.2,DEV_TO_OCC
1717516221.616733,232,9.1,14.2,DEV_TO_OCC
1717516222.5226161,338,3.0,14.2,OCC_TO_CU
1717516222.52367,338,0.0,14.2,OCC_TO_CU
1717516222.5247598,338,0.0,14.2,OCC_TO_CU
1717516222.5259376,338,0.0,14.2,OCC_TO_CU
1717516222.5488136,232,34.5,14.2,DEV_TO_OCC
1717516222.6173806,232,7.4,14.2,DEV_TO_OCC
1717516223.7448287,232,3.9,14.2,DEV_TO_OCC
1717516223.7459528,232,0.0,14.2,DEV_TO_OCC
1717516224.666257,232,3.7,14.2,DEV_TO_OCC
1717516224.6676657,232,75.0,14.2,DEV_TO_OCC
1717516225.5892773,232,3.5,14.2,DEV_TO_OCC
1717516225.6183555,232,14.7,14.2,DEV_TO_OCC
1717516226.8167138,232,3.0,14.2,DEV_TO_OCC
1717516226.8176253,232,0.0,14.2,DEV_TO_OCC
1717516227.7385652,232,2.9,14.2,DEV_TO_OCC
1717516227.7395773,232,50.0,14.2,DEV_TO_OCC
1717516228.6600306,232,11.8,14.1,DEV_TO_OCC
1717516228.6609483,232,0.0,14.1,DEV_TO_OCC
1717516229.5818174,232,3.7,14.2,DEV_TO_OCC
1717516229.6671205,232,8.7,14.1,DEV_TO_OCC
1717516230.6060772,232,4.0,14.1,DEV_TO_OCC
1717516230.6196277,232,42.1,14.1,DEV_TO_OCC
1717516231.7322195,232,2.9,14.1,DEV_TO_OCC
1717516231.7333353,232,0.0,14.1,DEV_TO_OCC
1717516232.5359683,338,3.2,14.1,OCC_TO_CU
1717516232.5371704,338,0.0,14.1,OCC_TO_CU
1717516232.5382507,338,0.0,14.1,OCC_TO_CU
1717516232.5392537,338,75.0,14.1,OCC_TO_CU
1717516232.5784712,232,23.3,14.1,DEV_TO_OCC
1717516232.6227686,232,18.9,14.2,DEV_TO_OCC
1717516233.574627,232,3.9,14.2,DEV_TO_OCC
1717516233.6223273,232,10.2,14.2,DEV_TO_OCC
1717516234.8043008,232,3.0,14.2,DEV_TO_OCC
1717516234.8052423,232,0.0,14.2,DEV_TO_OCC
1717516235.7255418,232,6.1,14.2,DEV_TO_OCC
1717516235.7264843,232,0.0,14.2,DEV_TO_OCC
1717516236.6474624,232,2.8,14.2,DEV_TO_OCC
1717516236.648297,232,0.0,14.2,DEV_TO_OCC
1717516237.59241,232,2.7,14.2,DEV_TO_OCC
1717516237.6327279,232,65.3,14.1,DEV_TO_OCC
1717516238.7979023,232,3.8,14.1,DEV_TO_OCC
1717516238.7988825,232,0.0,14.1,DEV_TO_OCC
1717516239.7194338,232,3.4,14.1,DEV_TO_OCC
1717516239.7203898,232,0.0,14.1,DEV_TO_OCC
1717516240.640886,232,3.3,14.1,DEV_TO_OCC
1717516240.641883,232,0.0,14.1,DEV_TO_OCC
1717516241.5626562,232,3.5,14.1,DEV_TO_OCC
1717516241.6284397,232,10.1,14.1,DEV_TO_OCC
1717516242.5479953,338,2.6,14.1,OCC_TO_CU
1717516242.549018,338,0.0,14.1,OCC_TO_CU
1717516242.549964,338,0.0,14.1,OCC_TO_CU
1717516242.5509439,338,0.0,14.1,OCC_TO_CU
1717516242.5750945,232,75.0,14.1,DEV_TO_OCC
1717516242.6289537,232,50.0,14.1,DEV_TO_OCC
1717516243.713098,232,3.6,14.1,DEV_TO_OCC
1717516243.7139864,232,0.0,14.1,DEV_TO_OCC
1717516244.634478,232,3.5,14.1,DEV_TO_OCC
1717516244.63544,232,75.0,14.1,DEV_TO_OCC
1717516245.5562313,232,3.2,14.1,DEV_TO_OCC
1717516245.631178,232,6.7,14.1,DEV_TO_OCC
1717516246.7855055,232,2.5,14.1,DEV_TO_OCC
1717516246.7864594,232,0.0,14.1,DEV_TO_OCC
1717516247.706814,232,3.2,14.1,DEV_TO_OCC
1717516247.7083998,232,66.7,14.1,DEV_TO_OCC
1717516248.627969,232,4.0,14.1,DEV_TO_OCC
1717516248.6337414,232,16.7,14.1,DEV_TO_OCC
1717516249.5504696,232,2.8,14.1,DEV_TO_OCC
1717516249.6329885,232,13.7,14.1,DEV_TO_OCC
1717516250.7815042,232,2.8,14.1,DEV_TO_OCC
1717516250.7824674,232,0.0,14.1,DEV_TO_OCC
1717516251.7029164,232,3.8,14.1,DEV_TO_OCC
1717516251.704228,232,100.0,14.1,DEV_TO_OCC
1717516252.5623262,338,2.8,14.1,OCC_TO_CU
1717516252.5632453,338,66.7,14.1,OCC_TO_CU
1717516252.5642445,338,0.0,14.1,OCC_TO_CU
1717516252.5651884,338,0.0,14.1,OCC_TO_CU
1717516252.5879097,232,46.7,14.1,DEV_TO_OCC
1717516252.635991,232,10.7,14.1,DEV_TO_OCC
1717516253.5459402,232,2.7,14.1,DEV_TO_OCC
1717516253.6371603,232,19.1,14.1,DEV_TO_OCC
1717516254.7740438,232,2.8,14.1,DEV_TO_OCC
1717516254.7749844,232,0.0,14.1,DEV_TO_OCC
1717516255.6950958,232,4.5,14.1,DEV_TO_OCC
1717516255.6960819,232,100.0,14.1,DEV_TO_OCC
1717516256.6158087,232,3.3,14.1,DEV_TO_OCC
1717516256.6381488,232,25.0,14.1,DEV_TO_OCC
1717516257.845169,232,2.7,14.1,DEV_TO_OCC
1717516257.8461041,232,0.0,14.1,DEV_TO_OCC
1717516258.7660809,232,4.9,14.1,DEV_TO_OCC
1717516258.766913,232,0.0,14.1,DEV_TO_OCC
1717516259.6893978,232,4.2,14.1,DEV_TO_OCC
1717516259.6906056,232,0.0,14.1,DEV_TO_OCC
1717516260.6261132,232,3.5,14.1,DEV_TO_OCC
1717516260.642066,232,30.0,14.1,DEV_TO_OCC
1717516261.8387756,232,3.1,14.1,DEV_TO_OCC
1717516261.8397284,232,50.0,14.1,DEV_TO_OCC
1717516262.5761209,338,2.5,14.1,OCC_TO_CU
1717516262.5772903,338,0.0,14.1,OCC_TO_CU
1717516262.5783584,338,0.0,14.1,OCC_TO_CU
1717516262.5793872,338,100.0,14.1,OCC_TO_CU
1717516262.615667,232,82.5,14.1,DEV_TO_OCC
1717516262.6559162,232,43.7,14.1,DEV_TO_OCC
1717516263.6813996,232,5.7,14.1,DEV_TO_OCC
1717516263.6823354,232,0.0,14.1,DEV_TO_OCC
1717516264.6030076,232,3.5,14.1,DEV_TO_OCC
1717516264.6635118,232,18.4,14.1,DEV_TO_OCC
1717516265.8321476,232,3.2,14.1,DEV_TO_OCC
1717516265.8330746,232,0.0,14.1,DEV_TO_OCC
1717516266.7568555,232,3.2,14.1,DEV_TO_OCC
1717516266.7578585,232,0.0,14.1,DEV_TO_OCC
1717516267.6046286,232,3.0,14.1,DEV_TO_OCC
1717516267.6460655,232,10.2,14.1,DEV_TO_OCC
1717516268.596558,232,3.3,14.1,DEV_TO_OCC
1717516268.650911,232,18.5,14.1,DEV_TO_OCC
1717516269.825911,232,2.4,14.1,DEV_TO_OCC
1717516269.8268507,232,0.0,14.1,DEV_TO_OCC
1717516270.7474272,232,4.0,14.1,DEV_TO_OCC
1717516270.7484233,232,0.0,14.1,DEV_TO_OCC
1717516271.6698525,232,3.2,14.1,DEV_TO_OCC
1717516271.6708758,232,0.0,14.1,DEV_TO_OCC
1717516272.5879476,338,3.3,14.1,OCC_TO_CU
1717516272.5888708,338,0.0,14.1,OCC_TO_CU
1717516272.5896158,338,0.0,14.1,OCC_TO_CU
1717516272.590396,338,0.0,14.1,OCC_TO_CU
1717516272.6030223,232,35.7,14.1,DEV_TO_OCC
1717516272.6552072,232,19.7,14.1,DEV_TO_OCC
1717516273.8197691,232,3.7,14.1,DEV_TO_OCC
1717516273.820693,232,0.0,14.1,DEV_TO_OCC
1717516274.7410574,232,3.3,14.1,DEV_TO_OCC
1717516274.7420456,232,0.0,14.1,DEV_TO_OCC
1717516275.66322,232,3.5,14.1,DEV_TO_OCC
1717516275.664246,232,0.0,14.1,DEV_TO_OCC
1717516276.5841718,232,2.9,14.1,DEV_TO_OCC
1717516276.6523366,232,6.3,14.1,DEV_TO_OCC
1717516277.7142577,232,2.5,14.1,DEV_TO_OCC
1717516277.715344,232,75.0,14.1,DEV_TO_OCC
1717516278.7348278,232,6.2,14.1,DEV_TO_OCC
1717516278.735811,232,50.0,14.1,DEV_TO_OCC
1717516279.6563644,232,3.4,14.1,DEV_TO_OCC
1717516279.65729,232,0.0,14.1,DEV_TO_OCC
1717516280.5777645,232,3.5,14.1,DEV_TO_OCC
1717516280.6557963,232,10.3,14.1,DEV_TO_OCC
1717516281.8072495,232,2.7,14.1,DEV_TO_OCC
1717516281.8081994,232,0.0,14.1,DEV_TO_OCC
1717516282.5999417,338,2.9,14.1,OCC_TO_CU
1717516282.600949,338,0.0,14.1,OCC_TO_CU
1717516282.601803,338,0.0,14.1,OCC_TO_CU
1717516282.6027079,338,0.0,14.1,OCC_TO_CU
1717516282.6602068,232,13.4,14.1,DEV_TO_OCC
1717516282.6862538,232,11.1,14.1,DEV_TO_OCC
1717516283.6497004,232,4.8,14.1,DEV_TO_OCC
1717516283.6571538,232,11.1,14.1,DEV_TO_OCC
1717516284.5716615,232,2.7,14.1,DEV_TO_OCC
1717516284.6599805,232,11.3,14.1,DEV_TO_OCC
1717516285.8005066,232,3.1,14.1,DEV_TO_OCC
1717516285.8016393,232,0.0,14.1,DEV_TO_OCC
1717516286.722157,232,3.5,14.1,DEV_TO_OCC
1717516286.7231953,232,100.0,14.1,DEV_TO_OCC
1717516287.6497147,232,3.1,14.1,DEV_TO_OCC
1717516287.6610599,232,40.0,14.1,DEV_TO_OCC
1717516288.875117,232,3.8,14.2,DEV_TO_OCC
1717516288.876375,232,50.0,14.2,DEV_TO_OCC
1717516289.7997222,232,3.7,14.2,DEV_TO_OCC
1717516289.8005147,232,0.0,14.2,DEV_TO_OCC
1717516290.6132164,232,3.9,14.2,DEV_TO_OCC
1717516290.6698868,232,10.6,14.2,DEV_TO_OCC
1717516291.6374772,232,2.8,14.2,DEV_TO_OCC
1717516291.663905,232,18.8,14.2,DEV_TO_OCC
1717516292.613982,338,4.9,14.2,OCC_TO_CU
1717516292.615025,338,0.0,14.2,OCC_TO_CU
1717516292.6161792,338,75.0,14.2,OCC_TO_CU
1717516292.6173186,338,0.0,14.2,OCC_TO_CU
1717516292.6266317,232,54.5,14.2,DEV_TO_OCC
1717516292.6630304,232,31.8,14.2,DEV_TO_OCC
1717516293.5827763,232,3.8,14.2,DEV_TO_OCC
1717516293.6657183,232,16.3,14.2,DEV_TO_OCC
1717516294.717733,232,2.7,14.2,DEV_TO_OCC
1717516294.7186217,232,0.0,14.2,DEV_TO_OCC
1717516295.6311564,232,4.2,14.2,DEV_TO_OCC
1717516295.6725996,232,12.5,14.2,DEV_TO_OCC
1717516296.8602428,232,2.8,14.2,DEV_TO_OCC
1717516296.8612196,232,0.0,14.2,DEV_TO_OCC
1717516297.781766,232,2.9,14.2,DEV_TO_OCC
1717516297.7827778,232,0.0,14.2,DEV_TO_OCC
1717516298.7022934,232,4.6,14.2,DEV_TO_OCC
1717516298.7027678,232,0.0,14.2,DEV_TO_OCC
1717516299.8294578,232,3.3,14.2,DEV_TO_OCC
1717516299.8303328,232,0.0,14.2,DEV_TO_OCC
1717516300.853522,232,3.8,14.2,DEV_TO_OCC
1717516300.8546047,232,0.0,14.2,DEV_TO_OCC
1717516301.7753372,232,3.2,14.2,DEV_TO_OCC
1717516301.77632,232,0.0,14.2,DEV_TO_OCC
1717516302.6286178,338,2.9,14.2,OCC_TO_CU
1717516302.6299343,338,0.0,14.2,OCC_TO_CU
1717516302.631178,338,0.0,14.2,OCC_TO_CU
1717516302.6324708,338,75.0,14.2,OCC_TO_CU
1717516302.6383035,232,50.0,14.2,DEV_TO_OCC
1717516302.669395,232,70.3,14.2,DEV_TO_OCC
1717516303.6185105,232,9.7,14.1,DEV_TO_OCC
1717516303.6859596,232,16.3,14.1,DEV_TO_OCC
1717516304.8473854,232,3.2,14.1,DEV_TO_OCC
1717516304.848333,232,0.0,14.1,DEV_TO_OCC
1717516305.773418,232,3.8,14.1,DEV_TO_OCC
1717516305.774313,232,0.0,14.1,DEV_TO_OCC
1717516306.6906002,232,4.0,14.1,DEV_TO_OCC
1717516306.6916673,232,0.0,14.1,DEV_TO_OCC
1717516307.6135573,232,6.3,14.1,DEV_TO_OCC
1717516307.678307,232,13.8,14.1,DEV_TO_OCC
1717516308.8410842,232,3.7,14.1,DEV_TO_OCC
1717516308.8422608,232,0.0,14.1,DEV_TO_OCC
1717516309.7628777,232,3.4,14.1,DEV_TO_OCC
1717516309.7639778,232,0.0,14.1,DEV_TO_OCC
1717516310.684294,232,3.4,14.1,DEV_TO_OCC
1717516310.68526,232,0.0,14.1,DEV_TO_OCC
1717516311.606457,232,2.9,14.1,DEV_TO_OCC
1717516311.6794538,232,11.0,14.1,DEV_TO_OCC
1717516312.6437325,338,2.5,14.1,OCC_TO_CU
1717516312.6447818,338,0.0,14.1,OCC_TO_CU
1717516312.645765,338,0.0,14.1,OCC_TO_CU
1717516312.6467464,338,0.0,14.1,OCC_TO_CU
1717516312.6700191,232,32.1,14.1,DEV_TO_OCC
1717516312.6807642,232,38.5,14.1,DEV_TO_OCC
1717516313.6547968,232,3.6,14.1,DEV_TO_OCC
1717516313.6794474,232,40.0,14.1,DEV_TO_OCC
1717516314.6800137,232,3.1,14.1,DEV_TO_OCC
1717516314.687003,232,0.0,14.1,DEV_TO_OCC
1717516315.6002715,232,2.7,14.1,DEV_TO_OCC
1717516315.6800196,232,5.4,14.1,DEV_TO_OCC
1717516316.83022,232,2.8,14.1,DEV_TO_OCC
1717516316.8311517,232,0.0,14.1,DEV_TO_OCC
1717516317.7512102,232,3.2,14.1,DEV_TO_OCC
1717516317.7521913,232,0.0,14.1,DEV_TO_OCC
1717516318.6717625,232,4.2,14.1,DEV_TO_OCC
1717516318.6825767,232,33.3,14.1,DEV_TO_OCC
1717516319.5845938,232,3.1,14.1,DEV_TO_OCC
1717516319.6844566,232,6.8,14.1,DEV_TO_OCC
1717516320.8398118,232,5.6,14.1,DEV_TO_OCC
1717516320.858213,232,22.7,14.1,DEV_TO_OCC
1717516321.7441676,232,2.9,14.1,DEV_TO_OCC
1717516321.7451212,232,0.0,14.1,DEV_TO_OCC
1717516322.6579711,338,5.5,14.1,OCC_TO_CU
1717516322.6588948,338,0.0,14.1,OCC_TO_CU
1717516322.660395,338,80.0,14.1,OCC_TO_CU
1717516322.66157,338,0.0,14.1,OCC_TO_CU
1717516322.6892025,232,37.1,14.1,DEV_TO_OCC
1717516322.6995034,232,62.5,14.1,DEV_TO_OCC
1717516323.5877779,232,4.0,14.1,DEV_TO_OCC
1717516323.6891575,232,12.4,14.1,DEV_TO_OCC
1717516324.8160636,232,3.5,14.1,DEV_TO_OCC
1717516324.8170106,232,0.0,14.1,DEV_TO_OCC
1717516325.737702,232,4.5,14.1,DEV_TO_OCC
1717516325.738607,232,0.0,14.1,DEV_TO_OCC
1717516326.6605713,232,3.7,14.1,DEV_TO_OCC
1717516326.6877973,232,21.9,14.1,DEV_TO_OCC
1717516327.8897235,232,3.0,14.1,DEV_TO_OCC
1717516327.8906386,232,0.0,14.1,DEV_TO_OCC
1717516328.665301,232,4.4,14.1,DEV_TO_OCC
1717516328.7091553,232,32.8,14.1,DEV_TO_OCC
1717516329.7336264,232,2.9,14.1,DEV_TO_OCC
1717516329.7344983,232,0.0,14.1,DEV_TO_OCC
1717516330.652735,232,4.1,14.1,DEV_TO_OCC
1717516330.698012,232,14.8,14.1,DEV_TO_OCC
1717516331.8819985,232,2.5,14.1,DEV_TO_OCC
1717516331.8830075,232,0.0,14.1,DEV_TO_OCC
1717516332.6717303,338,2.9,14.1,OCC_TO_CU
1717516332.672701,338,0.0,14.1,OCC_TO_CU
1717516332.6736002,338,0.0,14.1,OCC_TO_CU
1717516332.6745942,338,0.0,14.1,OCC_TO_CU
1717516332.68849,232,42.1,14.1,DEV_TO_OCC
1717516332.6957922,232,42.9,14.1,DEV_TO_OCC
1717516333.7247717,232,4.5,14.2,DEV_TO_OCC
1717516333.7251027,232,0.0,14.2,DEV_TO_OCC
1717516334.6463742,232,2.8,14.2,DEV_TO_OCC
1717516334.7061443,232,11.3,14.1,DEV_TO_OCC
1717516335.875785,232,3.3,14.1,DEV_TO_OCC
1717516335.8767521,232,0.0,14.1,DEV_TO_OCC
1717516336.797344,232,2.6,14.1,DEV_TO_OCC
1717516336.798342,232,0.0,14.1,DEV_TO_OCC
1717516337.7187426,232,5.3,14.1,DEV_TO_OCC
1717516337.7198246,232,50.0,14.1,DEV_TO_OCC
1717516338.6404252,232,3.0,14.1,DEV_TO_OCC
1717516338.706573,232,11.5,14.1,DEV_TO_OCC
1717516339.8695652,232,3.0,14.1,DEV_TO_OCC
1717516339.8704607,232,0.0,14.1,DEV_TO_OCC
1717516340.791191,232,4.2,14.1,DEV_TO_OCC
1717516340.7921183,232,0.0,14.1,DEV_TO_OCC
1717516341.7127867,232,3.4,14.1,DEV_TO_OCC
1717516341.713668,232,0.0,14.1,DEV_TO_OCC
1717516342.634941,232,2.7,14.1,DEV_TO_OCC
1717516342.6836216,338,8.8,14.1,OCC_TO_CU
1717516342.6842282,338,0.0,14.1,OCC_TO_CU
1717516342.684752,338,0.0,14.1,OCC_TO_CU
1717516342.6852906,338,0.0,14.1,OCC_TO_CU
1717516342.7096238,232,34.5,14.1,DEV_TO_OCC
1717516343.8635175,232,4.5,14.2,DEV_TO_OCC
1717516343.864435,232,0.0,14.2,DEV_TO_OCC
1717516344.682388,232,3.7,14.2,DEV_TO_OCC
1717516344.702831,232,17.4,14.2,DEV_TO_OCC
1717516345.706177,232,3.4,14.2,DEV_TO_OCC
1717516345.7073026,232,75.0,14.2,DEV_TO_OCC
1717516346.6279523,232,3.0,14.2,DEV_TO_OCC
1717516346.7044027,232,8.8,14.2,DEV_TO_OCC
1717516347.856652,232,2.5,14.2,DEV_TO_OCC
1717516347.8576393,232,0.0,14.2,DEV_TO_OCC
1717516348.7831752,232,4.9,14.2,DEV_TO_OCC
1717516348.7843301,232,0.0,14.2,DEV_TO_OCC
1717516349.7008038,232,6.6,14.2,DEV_TO_OCC
1717516349.7062724,232,33.3,14.2,DEV_TO_OCC
1717516350.6213105,232,6.5,14.1,DEV_TO_OCC
1717516350.705724,232,9.8,14.1,DEV_TO_OCC
1717516351.85148,232,2.7,14.1,DEV_TO_OCC
1717516351.8523152,232,0.0,14.1,DEV_TO_OCC
1717516352.696002,338,3.2,14.1,OCC_TO_CU
1717516352.6969688,338,0.0,14.1,OCC_TO_CU
1717516352.697785,338,0.0,14.1,OCC_TO_CU
1717516352.6985302,338,0.0,14.1,OCC_TO_CU
1717516352.7328882,232,39.5,14.1,DEV_TO_OCC
1717516352.7395885,232,55.6,14.1,DEV_TO_OCC
1717516353.6932921,232,3.4,14.1,DEV_TO_OCC
1717516353.706566,232,40.0,14.1,DEV_TO_OCC
1717516354.6173115,232,4.5,14.1,DEV_TO_OCC
1717516354.7091763,232,8.3,14.1,DEV_TO_OCC
1717516355.84407,232,3.7,14.1,DEV_TO_OCC
1717516355.845028,232,0.0,14.1,DEV_TO_OCC
1717516356.7657037,232,3.2,14.1,DEV_TO_OCC
1717516356.767397,232,66.7,14.1,DEV_TO_OCC
1717516357.710488,232,3.3,14.1,DEV_TO_OCC
1717516357.7144194,232,40.0,14.1,DEV_TO_OCC
1717516358.609707,232,3.3,14.2,DEV_TO_OCC
1717516358.7104547,232,11.5,14.2,DEV_TO_OCC
1717516359.6324766,232,3.8,14.2,DEV_TO_OCC
1717516359.710281,232,10.6,14.1,DEV_TO_OCC
1717516360.75924,232,3.3,14.1,DEV_TO_OCC
1717516360.7603457,232,0.0,14.1,DEV_TO_OCC
1717516361.6808548,232,2.8,14.2,DEV_TO_OCC
1717516361.7141254,232,21.4,14.2,DEV_TO_OCC
1717516362.7021883,338,3.0,14.1,OCC_TO_CU
1717516362.7039123,338,75.0,14.1,OCC_TO_CU
1717516362.7051067,338,0.0,14.1,OCC_TO_CU
1717516362.706231,338,0.0,14.1,OCC_TO_CU
1717516362.7447338,232,28.9,14.1,DEV_TO_OCC
1717516362.7503273,232,20.0,14.1,DEV_TO_OCC
1717516363.8319333,232,4.4,14.2,DEV_TO_OCC
1717516363.8328118,232,0.0,14.2,DEV_TO_OCC
1717516364.6508124,232,3.3,14.2,DEV_TO_OCC
1717516364.719973,232,10.8,14.2,DEV_TO_OCC
1717516365.6745698,232,3.1,14.2,DEV_TO_OCC
1717516365.719388,232,12.7,14.2,DEV_TO_OCC
1717516366.9038339,232,2.9,14.2,DEV_TO_OCC
1717516366.9050226,232,0.0,14.2,DEV_TO_OCC
1717516367.7242336,232,3.2,14.2,DEV_TO_OCC
1717516367.7252579,232,0.0,14.2,DEV_TO_OCC
1717516368.746927,232,3.7,14.2,DEV_TO_OCC
1717516368.7479029,232,0.0,14.2,DEV_TO_OCC
1717516369.6686268,232,2.9,14.2,DEV_TO_OCC
1717516369.720704,232,13.8,14.2,DEV_TO_OCC
1717516370.8972557,232,3.3,14.2,DEV_TO_OCC
1717516370.8983123,232,0.0,14.2,DEV_TO_OCC
1717516371.8189218,232,3.5,14.2,DEV_TO_OCC
1717516371.8198814,232,100.0,14.2,DEV_TO_OCC
1717516372.7157273,338,2.5,14.2,OCC_TO_CU
1717516372.716755,338,0.0,14.2,OCC_TO_CU
1717516372.7176976,338,0.0,14.2,OCC_TO_CU
1717516372.7186546,338,0.0,14.2,OCC_TO_CU
1717516372.732806,232,47.6,14.2,DEV_TO_OCC
1717516372.7341163,232,0.0,14.2,DEV_TO_OCC
1717516373.6622255,232,4.1,14.2,DEV_TO_OCC
1717516373.7268832,232,16.3,14.2,DEV_TO_OCC
1717516374.6860962,232,3.7,14.2,DEV_TO_OCC
1717516374.7218306,232,73.8,14.2,DEV_TO_OCC
1717516375.8126128,232,4.2,14.2,DEV_TO_OCC
1717516375.8135173,232,0.0,14.2,DEV_TO_OCC
1717516376.7343447,232,3.2,14.2,DEV_TO_OCC
1717516376.7353544,232,75.0,14.2,DEV_TO_OCC
1717516377.6826625,232,4.7,14.2,DEV_TO_OCC
1717516377.861167,232,6.5,14.2,DEV_TO_OCC
1717516378.884483,232,4.4,14.2,DEV_TO_OCC
1717516378.885382,232,0.0,14.2,DEV_TO_OCC
1717516379.8061008,232,10.1,14.1,DEV_TO_OCC
1717516379.807053,232,0.0,14.1,DEV_TO_OCC
1717516380.7289474,232,3.0,14.1,DEV_TO_OCC
1717516380.7574975,232,18.2,14.1,DEV_TO_OCC
1717516381.6496882,232,2.8,14.1,DEV_TO_OCC
1717516381.727461,232,10.6,14.1,DEV_TO_OCC
1717516382.7277553,338,2.7,14.1,OCC_TO_CU
1717516382.7289467,338,0.0,14.1,OCC_TO_CU
1717516382.7300813,338,0.0,14.1,OCC_TO_CU
1717516382.731194,338,100.0,14.1,OCC_TO_CU
1717516382.7581956,232,24.2,14.1,DEV_TO_OCC
1717516382.7686937,232,28.6,14.1,DEV_TO_OCC
1717516383.7996004,232,4.0,14.1,DEV_TO_OCC
1717516383.8001337,232,0.0,14.1,DEV_TO_OCC
1717516384.7215996,232,2.6,14.1,DEV_TO_OCC
1717516384.7450953,232,26.7,14.1,DEV_TO_OCC
1717516385.6432054,232,4.4,14.1,DEV_TO_OCC
1717516385.7309344,232,12.0,14.1,DEV_TO_OCC
1717516386.8785582,232,2.8,14.1,DEV_TO_OCC
1717516386.8795037,232,50.0,14.1,DEV_TO_OCC
1717516387.796176,232,3.0,14.1,DEV_TO_OCC
1717516387.797107,232,0.0,14.1,DEV_TO_OCC
1717516388.7151442,232,3.7,14.1,DEV_TO_OCC
1717516388.7339978,232,30.4,14.1,DEV_TO_OCC
1717516389.6371632,232,4.5,14.1,DEV_TO_OCC
1717516389.7324865,232,6.1,14.1,DEV_TO_OCC
1717516390.8658,232,3.3,14.1,DEV_TO_OCC
1717516390.8667324,232,0.0,14.1,DEV_TO_OCC
1717516391.7874115,232,3.3,14.1,DEV_TO_OCC
1717516391.7884226,232,0.0,14.1,DEV_TO_OCC
1717516392.7097511,232,2.6,14.1,DEV_TO_OCC
1717516392.7350502,232,19.4,14.1,DEV_TO_OCC
1717516392.7394018,338,28.6,14.1,OCC_TO_CU
1717516392.7396777,338,0.0,14.1,OCC_TO_CU
1717516392.7399447,338,0.0,14.1,OCC_TO_CU
1717516392.740242,338,0.0,14.1,OCC_TO_CU
1717516393.6305864,232,4.3,14.2,DEV_TO_OCC
1717516393.8397982,232,11.3,14.2,DEV_TO_OCC
1717516394.6542618,232,5.6,14.1,DEV_TO_OCC
1717516394.7357569,232,11.1,14.1,DEV_TO_OCC
1717516395.781102,232,3.5,14.1,DEV_TO_OCC
1717516395.782027,232,0.0,14.1,DEV_TO_OCC
1717516396.7024198,232,2.4,14.2,DEV_TO_OCC
1717516396.742783,232,18.0,14.2,DEV_TO_OCC
1717516397.9318376,232,2.8,14.2,DEV_TO_OCC
1717516397.9327502,232,0.0,14.2,DEV_TO_OCC
1717516398.8529804,232,4.2,14.2,DEV_TO_OCC
1717516398.8539565,232,0.0,14.2,DEV_TO_OCC
1717516399.776762,232,5.4,14.1,DEV_TO_OCC
1717516399.7776291,232,0.0,14.1,DEV_TO_OCC
1717516400.697269,232,3.9,14.1,DEV_TO_OCC
1717516400.7399724,232,15.4,14.1,DEV_TO_OCC
1717516401.925745,232,2.8,14.1,DEV_TO_OCC
1717516401.9266992,232,0.0,14.1,DEV_TO_OCC
1717516402.749919,338,2.7,14.1,OCC_TO_CU
1717516402.7508912,338,0.0,14.1,OCC_TO_CU
1717516402.751845,338,100.0,14.1,OCC_TO_CU
1717516402.7527313,338,0.0,14.1,OCC_TO_CU
1717516402.785314,232,35.7,14.1,DEV_TO_OCC
1717516402.7861972,232,0.0,14.1,DEV_TO_OCC
1717516403.7685096,232,3.8,14.1,DEV_TO_OCC
1717516403.7693467,232,0.0,14.1,DEV_TO_OCC
1717516404.7288365,232,3.5,14.1,DEV_TO_OCC
1717516404.7613885,232,20.0,14.1,DEV_TO_OCC
1717516405.7169702,232,3.5,14.1,DEV_TO_OCC
1717516405.7438154,232,20.6,14.1,DEV_TO_OCC
1717516406.843019,232,3.9,14.1,DEV_TO_OCC
1717516406.8440506,232,0.0,14.1,DEV_TO_OCC
1717516407.7669227,232,2.4,14.1,DEV_TO_OCC
1717516407.767888,232,0.0,14.1,DEV_TO_OCC
1717516408.6836147,232,3.4,14.1,DEV_TO_OCC
1717516408.7508042,232,6.3,14.1,DEV_TO_OCC
1717516409.9148247,232,4.0,14.1,DEV_TO_OCC
1717516409.9157476,232,50.0,14.1,DEV_TO_OCC
1717516410.8356602,232,3.1,14.1,DEV_TO_OCC
1717516410.8365493,232,0.0,14.1,DEV_TO_OCC
1717516411.653626,232,3.5,14.1,DEV_TO_OCC
1717516411.7475703,232,8.0,14.1,DEV_TO_OCC
1717516412.6773832,232,2.3,14.1,DEV_TO_OCC
1717516412.7482693,232,10.6,14.1,DEV_TO_OCC
1717516412.7637308,338,6.7,14.1,OCC_TO_CU
1717516412.764962,338,0.0,14.1,OCC_TO_CU
1717516412.7660298,338,0.0,14.1,OCC_TO_CU
1717516412.7670813,338,0.0,14.1,OCC_TO_CU
1717516413.9067168,232,5.5,14.2,DEV_TO_OCC
1717516413.9076097,232,66.7,14.2,DEV_TO_OCC
1717516414.8278217,232,3.3,14.2,DEV_TO_OCC
1717516414.8286607,232,0.0,14.2,DEV_TO_OCC
1717516415.7494638,232,3.9,14.2,DEV_TO_OCC
1717516415.7521024,232,50.0,14.2,DEV_TO_OCC
1717516416.671732,232,3.4,14.2,DEV_TO_OCC
1717516416.75062,232,6.5,14.2,DEV_TO_OCC
1717516417.9054797,232,2.7,14.2,DEV_TO_OCC
1717516417.9064486,232,0.0,14.2,DEV_TO_OCC
1717516418.8217294,232,4.5,14.2,DEV_TO_OCC
1717516418.8221314,232,0.0,14.2,DEV_TO_OCC
1717516419.7432761,232,3.2,14.2,DEV_TO_OCC
1717516419.7532246,232,20.0,14.2,DEV_TO_OCC
1717516420.6999605,232,4.4,14.2,DEV_TO_OCC
1717516420.7553716,232,7.8,14.2,DEV_TO_OCC
1717516421.8937194,232,2.9,14.2,DEV_TO_OCC
1717516421.8947942,232,0.0,14.2,DEV_TO_OCC
1717516422.7786462,338,2.8,14.2,OCC_TO_CU
1717516422.779683,338,50.0,14.2,OCC_TO_CU
1717516422.7806635,338,0.0,14.2,OCC_TO_CU
1717516422.7816098,338,0.0,14.2,OCC_TO_CU
1717516422.8098874,232,88.2,14.2,DEV_TO_OCC
1717516422.8119357,232,100.0,14.2,DEV_TO_OCC
1717516423.73716,232,5.6,14.1,DEV_TO_OCC
1717516423.774198,232,17.8,14.1,DEV_TO_OCC
1717516424.6585505,232,4.4,14.1,DEV_TO_OCC
1717516424.7557147,232,8.5,14.2,DEV_TO_OCC
1717516425.8874254,232,3.4,14.1,DEV_TO_OCC
1717516425.8887103,232,0.0,14.1,DEV_TO_OCC
1717516426.8096547,232,2.6,14.1,DEV_TO_OCC
1717516426.8108585,232,0.0,14.1,DEV_TO_OCC
1717516427.7321806,232,3.2,14.2,DEV_TO_OCC
1717516427.7581239,232,13.8,14.1,DEV_TO_OCC
1717516428.9599233,232,4.0,14.2,DEV_TO_OCC
1717516428.961035,232,0.0,14.2,DEV_TO_OCC
1717516429.8814466,232,4.0,14.1,DEV_TO_OCC
1717516429.8824081,232,0.0,14.1,DEV_TO_OCC
1717516430.802864,232,2.8,14.1,DEV_TO_OCC
1717516430.803921,232,50.0,14.1,DEV_TO_OCC
1717516431.7245953,232,3.0,14.1,DEV_TO_OCC
1717516431.7643268,232,13.0,14.1,DEV_TO_OCC
1717516432.7928228,338,3.1,14.1,OCC_TO_CU
1717516432.7938125,338,0.0,14.1,OCC_TO_CU
1717516432.7946937,338,0.0,14.1,OCC_TO_CU
1717516432.7955596,338,100.0,14.1,OCC_TO_CU
1717516432.819864,232,24.1,14.1,DEV_TO_OCC
1717516432.8204587,232,0.0,14.2,DEV_TO_OCC
1717516433.8747954,232,3.8,14.2,DEV_TO_OCC
1717516433.8754385,232,100.0,14.2,DEV_TO_OCC
1717516434.6944532,232,4.9,14.2,DEV_TO_OCC
1717516434.7640655,232,12.9,14.2,DEV_TO_OCC
1717516435.7196603,232,3.9,14.2,DEV_TO_OCC
1717516435.7672396,232,14.0,14.2,DEV_TO_OCC
1717516436.9469936,232,2.6,14.2,DEV_TO_OCC
1717516436.9479997,232,66.7,14.2,DEV_TO_OCC
1717516437.8685772,232,2.7,14.2,DEV_TO_OCC
1717516437.8695567,232,0.0,14.2,DEV_TO_OCC
1717516438.7942407,232,4.1,14.2,DEV_TO_OCC
1717516438.7951102,232,0.0,14.2,DEV_TO_OCC
1717516439.6533763,232,4.8,14.2,DEV_TO_OCC
1717516439.8140657,232,4.7,14.2,DEV_TO_OCC
1717516440.9415789,232,3.4,14.2,DEV_TO_OCC
1717516440.9427004,232,0.0,14.2,DEV_TO_OCC
1717516441.8630106,232,2.7,14.2,DEV_TO_OCC
1717516441.864108,232,0.0,14.2,DEV_TO_OCC
1717516442.783954,232,3.1,14.2,DEV_TO_OCC
1717516442.7851279,232,0.0,14.2,DEV_TO_OCC
1717516442.8036017,338,26.1,14.2,OCC_TO_CU
1717516442.8042123,338,0.0,14.2,OCC_TO_CU
1717516442.8045826,338,0.0,14.2,OCC_TO_CU
1717516442.805418,338,0.0,14.2,OCC_TO_CU
1717516443.7055626,232,5.1,14.2,DEV_TO_OCC
1717516443.7702136,232,11.5,14.2,DEV_TO_OCC
1717516444.934361,232,4.0,14.2,DEV_TO_OCC
1717516444.935225,232,75.0,14.2,DEV_TO_OCC
1717516445.8560932,232,3.8,14.2,DEV_TO_OCC
1717516445.8570018,232,0.0,14.2,DEV_TO_OCC
1717516446.7775078,232,3.0,14.2,DEV_TO_OCC
1717516446.7784996,232,0.0,14.2,DEV_TO_OCC
1717516447.6990829,232,3.1,14.2,DEV_TO_OCC
1717516447.7744427,232,35.2,14.2,DEV_TO_OCC
1717516448.9279616,232,5.3,14.2,DEV_TO_OCC
1717516448.9291565,232,0.0,14.2,DEV_TO_OCC
1717516449.8500385,232,3.4,14.2,DEV_TO_OCC
1717516449.8510318,232,0.0,14.2,DEV_TO_OCC
1717516450.7713253,232,4.0,14.2,DEV_TO_OCC
1717516450.7751293,232,0.0,14.2,DEV_TO_OCC
1717516451.6678598,232,10.2,14.1,DEV_TO_OCC
1717516451.7949452,232,4.0,14.1,DEV_TO_OCC
1717516452.8167665,338,2.8,14.1,OCC_TO_CU
1717516452.817627,338,0.0,14.1,OCC_TO_CU
1717516452.8183944,338,0.0,14.1,OCC_TO_CU
1717516452.819173,338,0.0,14.1,OCC_TO_CU
1717516452.8441458,232,37.5,14.1,DEV_TO_OCC
1717516452.8463907,232,0.0,14.1,DEV_TO_OCC
1717516453.8459978,232,4.6,14.2,DEV_TO_OCC
1717516453.8463182,232,0.0,14.2,DEV_TO_OCC
1717516454.7651577,232,2.5,14.1,DEV_TO_OCC
1717516454.7766473,232,40.0,14.1,DEV_TO_OCC
1717516455.6867614,232,3.7,14.1,DEV_TO_OCC
1717516455.7781603,232,8.3,14.1,DEV_TO_OCC
1717516456.9158843,232,2.9,14.1,DEV_TO_OCC
1717516456.91693,232,0.0,14.1,DEV_TO_OCC
1717516457.8372452,232,2.8,14.1,DEV_TO_OCC
1717516457.8382237,232,0.0,14.1,DEV_TO_OCC
1717516458.7593565,232,3.4,14.1,DEV_TO_OCC
1717516458.7795503,232,25.0,14.1,DEV_TO_OCC
1717516459.988048,232,4.1,14.1,DEV_TO_OCC
1717516459.988985,232,0.0,14.1,DEV_TO_OCC
1717516460.9098897,232,3.9,14.1,DEV_TO_OCC
1717516460.9107707,232,0.0,14.1,DEV_TO_OCC
1717516461.8327508,232,3.4,14.1,DEV_TO_OCC
1717516461.8336275,232,0.0,14.1,DEV_TO_OCC
1717516462.7522893,232,3.3,14.1,DEV_TO_OCC
1717516462.8277764,338,11.0,14.1,OCC_TO_CU
1717516462.82871,338,0.0,14.1,OCC_TO_CU
1717516462.8297102,338,0.0,14.1,OCC_TO_CU
1717516462.8308387,338,0.0,14.1,OCC_TO_CU
1717516463.6741397,232,9.6,14.1,DEV_TO_OCC
1717516463.6753662,232,66.7,14.1,DEV_TO_OCC
1717516464.9034827,232,3.9,14.1,DEV_TO_OCC
1717516464.9046128,232,0.0,14.1,DEV_TO_OCC
1717516465.8244836,232,3.8,14.1,DEV_TO_OCC
1717516465.8253853,232,0.0,14.1,DEV_TO_OCC
1717516466.6006255,232,3.8,14.2,DEV_TO_OCC
1717516466.6711504,232,6.0,14.2,DEV_TO_OCC
1717516467.66933,232,3.0,14.1,DEV_TO_OCC
1717516467.6721034,232,50.0,14.1,DEV_TO_OCC
1717516468.896551,232,4.5,14.2,DEV_TO_OCC
1717516468.8969293,232,0.0,14.2,DEV_TO_OCC
1717516469.8196723,232,3.2,14.2,DEV_TO_OCC
1717516469.8205633,232,0.0,14.2,DEV_TO_OCC
1717516470.7399898,232,3.9,14.2,DEV_TO_OCC
1717516470.740924,232,0.0,14.2,DEV_TO_OCC
1717516471.6631854,232,5.3,14.1,DEV_TO_OCC
1717516471.6743042,232,16.7,14.1,DEV_TO_OCC
1717516472.842128,338,3.0,14.1,OCC_TO_CU
1717516472.8430786,338,0.0,14.1,OCC_TO_CU
1717516472.8440886,338,100.0,14.1,OCC_TO_CU
1717516472.8448436,338,0.0,14.1,OCC_TO_CU
1717516472.8750546,232,21.9,14.1,DEV_TO_OCC
1717516472.875996,232,66.7,14.1,DEV_TO_OCC
1717516473.6072407,232,4.9,14.1,DEV_TO_OCC
1717516473.6752691,232,5.0,14.1,DEV_TO_OCC
1717516474.7362502,232,4.2,14.1,DEV_TO_OCC
1717516474.7372372,232,0.0,14.1,DEV_TO_OCC
1717516475.6549938,232,3.6,14.1,DEV_TO_OCC
1717516475.676837,232,19.2,14.1,DEV_TO_OCC
1717516476.8852835,232,3.1,14.1,DEV_TO_OCC
1717516476.886241,232,0.0,14.1,DEV_TO_OCC
1717516477.8058605,232,2.7,14.1,DEV_TO_OCC
1717516477.8068311,232,0.0,14.1,DEV_TO_OCC
1717516478.7282631,232,3.6,14.1,DEV_TO_OCC
1717516478.7291873,232,0.0,14.1,DEV_TO_OCC
1717516479.6491826,232,4.4,14.1,DEV_TO_OCC
1717516479.6882925,232,10.6,14.1,DEV_TO_OCC
1717516480.8778346,232,3.3,14.1,DEV_TO_OCC
1717516480.878769,232,0.0,14.1,DEV_TO_OCC
1717516481.8015382,232,3.3,14.1,DEV_TO_OCC
1717516481.802497,232,0.0,14.1,DEV_TO_OCC
1717516482.618259,232,3.4,14.1,DEV_TO_OCC
1717516482.6837,232,12.3,14.1,DEV_TO_OCC
1717516482.8557775,338,5.8,14.1,OCC_TO_CU
1717516482.8567457,338,0.0,14.1,OCC_TO_CU
1717516482.8576066,338,0.0,14.1,OCC_TO_CU
1717516482.8583572,338,0.0,14.1,OCC_TO_CU
1717516483.6425834,232,4.9,14.2,DEV_TO_OCC
1717516483.683066,232,10.2,14.2,DEV_TO_OCC
1717516484.8725693,232,3.7,14.2,DEV_TO_OCC
1717516484.8735886,232,0.0,14.2,DEV_TO_OCC
1717516485.7933755,232,4.3,14.2,DEV_TO_OCC
1717516485.7942426,232,0.0,14.2,DEV_TO_OCC
1717516486.7171812,232,3.6,14.2,DEV_TO_OCC
1717516486.7181618,232,0.0,14.2,DEV_TO_OCC
1717516487.6365197,232,3.2,14.2,DEV_TO_OCC
1717516487.69805,232,8.1,14.2,DEV_TO_OCC
1717516488.865436,232,3.8,14.2,DEV_TO_OCC
1717516488.8663468,232,0.0,14.2,DEV_TO_OCC
1717516489.786625,232,4.1,14.2,DEV_TO_OCC
1717516489.7876782,232,50.0,14.2,DEV_TO_OCC
1717516490.7082622,232,3.9,14.2,DEV_TO_OCC
1717516490.9127128,232,4.9,14.2,DEV_TO_OCC
1717516491.9377463,232,4.6,14.2,DEV_TO_OCC
1717516491.9389584,232,0.0,14.2,DEV_TO_OCC
1717516492.869477,338,3.6,14.2,OCC_TO_CU
1717516492.8704562,338,0.0,14.2,OCC_TO_CU
1717516492.8715038,338,100.0,14.2,OCC_TO_CU
1717516492.8723445,338,0.0,14.2,OCC_TO_CU
1717516492.9053786,232,79.5,14.2,DEV_TO_OCC
1717516492.9065766,232,0.0,14.2,DEV_TO_OCC
1717516493.780202,232,6.7,14.1,DEV_TO_OCC
1717516493.805222,232,23.3,14.1,DEV_TO_OCC
1717516495.0093799,232,3.9,14.1,DEV_TO_OCC
1717516495.0103707,232,0.0,14.1,DEV_TO_OCC
1717516495.9307384,232,4.0,14.1,DEV_TO_OCC
1717516495.9316957,232,100.0,14.1,DEV_TO_OCC
1717516496.8524761,232,3.2,14.1,DEV_TO_OCC
1717516496.8533888,232,0.0,14.1,DEV_TO_OCC
1717516497.6926713,232,3.2,14.1,DEV_TO_OCC
1717516497.8766503,232,5.0,14.1,DEV_TO_OCC
1717516499.0049317,232,3.3,14.2,DEV_TO_OCC
1717516499.005846,232,0.0,14.2,DEV_TO_OCC
1717516499.931079,232,3.6,14.1,DEV_TO_OCC
1717516499.9321547,232,66.7,14.1,DEV_TO_OCC
1717516500.8463566,232,3.6,14.2,DEV_TO_OCC
1717516500.847428,232,66.7,14.2,DEV_TO_OCC
1717516501.767766,232,3.2,14.2,DEV_TO_OCC
1717516501.8172543,232,13.3,14.2,DEV_TO_OCC
1717516502.8833833,338,2.4,14.2,OCC_TO_CU
1717516502.8843248,338,0.0,14.2,OCC_TO_CU
1717516502.8851418,338,0.0,14.2,OCC_TO_CU
1717516502.8859684,338,0.0,14.2,OCC_TO_CU
1717516502.9049487,232,41.7,14.2,DEV_TO_OCC
1717516502.9064214,232,0.0,14.2,DEV_TO_OCC
1717516503.9179451,232,4.6,14.2,DEV_TO_OCC
1717516503.918342,232,0.0,14.2,DEV_TO_OCC
1717516504.840198,232,3.2,14.2,DEV_TO_OCC
1717516504.8414369,232,0.0,14.2,DEV_TO_OCC
1717516505.7619948,232,3.8,14.2,DEV_TO_OCC
1717516505.8176417,232,12.3,14.2,DEV_TO_OCC
1717516506.990704,232,3.0,14.2,DEV_TO_OCC
1717516506.9915743,232,50.0,14.2,DEV_TO_OCC
1717516507.9141488,232,3.1,14.2,DEV_TO_OCC
1717516507.9150958,232,0.0,14.2,DEV_TO_OCC
1717516508.833563,232,4.0,14.2,DEV_TO_OCC
1717516508.8344347,232,0.0,14.2,DEV_TO_OCC
1717516509.7558136,232,4.4,14.2,DEV_TO_OCC
1717516509.8193243,232,14.1,14.2,DEV_TO_OCC
1717516510.9848824,232,3.1,14.2,DEV_TO_OCC
1717516510.9858294,232,0.0,14.2,DEV_TO_OCC
1717516511.912618,232,3.2,14.2,DEV_TO_OCC
1717516511.9135656,232,0.0,14.2,DEV_TO_OCC
1717516512.8310146,232,2.7,14.2,DEV_TO_OCC
1717516512.8320215,232,66.7,14.2,DEV_TO_OCC
1717516512.8956866,338,9.3,14.2,OCC_TO_CU
1717516512.8965373,338,0.0,14.2,OCC_TO_CU
1717516512.8971457,338,0.0,14.2,OCC_TO_CU
1717516512.8976743,338,0.0,14.2,OCC_TO_CU
1717516513.7517526,232,5.5,14.2,DEV_TO_OCC
1717516513.8215933,232,8.5,14.2,DEV_TO_OCC
1717516514.978049,232,4.0,14.2,DEV_TO_OCC
1717516514.979013,232,0.0,14.2,DEV_TO_OCC
1717516515.915925,232,3.9,14.2,DEV_TO_OCC
1717516515.917013,232,0.0,14.2,DEV_TO_OCC
1717516516.82177,232,3.5,14.2,DEV_TO_OCC
1717516516.823793,232,66.7,14.2,DEV_TO_OCC
1717516517.7552116,232,5.6,14.2,DEV_TO_OCC
1717516517.8231628,232,8.9,14.2,DEV_TO_OCC
1717516518.973705,232,4.1,14.2,DEV_TO_OCC
1717516518.9744308,232,0.0,14.2,DEV_TO_OCC
1717516519.8975334,232,3.3,14.2,DEV_TO_OCC
1717516519.8987,232,0.0,14.2,DEV_TO_OCC
1717516520.8147182,232,5.2,14.2,DEV_TO_OCC
1717516520.8246002,232,30.8,14.2,DEV_TO_OCC
1717516521.736171,232,3.0,14.2,DEV_TO_OCC
1717516521.8288147,232,9.0,14.2,DEV_TO_OCC
1717516522.9085388,338,2.3,14.2,OCC_TO_CU
1717516522.9096494,338,0.0,14.2,OCC_TO_CU
1717516522.9106824,338,0.0,14.2,OCC_TO_CU
1717516522.9116757,338,66.7,14.2,OCC_TO_CU
1717516522.9376347,232,34.4,14.2,DEV_TO_OCC
1717516522.9395578,232,83.3,14.2,DEV_TO_OCC
1717516523.8869636,232,4.6,14.2,DEV_TO_OCC
1717516523.8879561,232,50.0,14.2,DEV_TO_OCC
1717516524.8188758,232,3.8,14.2,DEV_TO_OCC
1717516524.8486252,232,19.4,14.2,DEV_TO_OCC
1717516525.7325165,232,4.9,14.2,DEV_TO_OCC
1717516525.8283217,232,6.1,14.2,DEV_TO_OCC
1717516526.959152,232,8.8,14.1,DEV_TO_OCC
1717516526.9601154,232,50.0,14.1,DEV_TO_OCC
1717516527.8807247,232,5.0,14.1,DEV_TO_OCC
1717516527.881763,232,0.0,14.1,DEV_TO_OCC
1717516528.7401273,232,3.8,14.1,DEV_TO_OCC
1717516528.8419442,232,5.8,14.1,DEV_TO_OCC
1717516530.0313478,232,4.2,14.1,DEV_TO_OCC
1717516530.032158,232,0.0,14.1,DEV_TO_OCC
1717516530.9525821,232,3.5,14.1,DEV_TO_OCC
1717516530.9535387,232,0.0,14.1,DEV_TO_OCC
1717516531.874156,232,2.8,14.1,DEV_TO_OCC
1717516531.8751335,232,0.0,14.1,DEV_TO_OCC
1717516532.8039408,232,3.6,14.1,DEV_TO_OCC
1717516532.855357,232,15.9,14.1,DEV_TO_OCC
1717516532.9226792,338,10.8,14.1,OCC_TO_CU
1717516532.9236321,338,0.0,14.1,OCC_TO_CU
1717516532.9244063,338,0.0,14.1,OCC_TO_CU
1717516532.9252474,338,0.0,14.1,OCC_TO_CU
1717516534.024625,232,5.4,14.1,DEV_TO_OCC
1717516534.0256338,232,0.0,14.1,DEV_TO_OCC
1717516534.946558,232,3.0,14.1,DEV_TO_OCC
1717516534.9475954,232,50.0,14.1,DEV_TO_OCC
1717516535.8697062,232,3.0,14.1,DEV_TO_OCC
1717516535.8705533,232,0.0,14.1,DEV_TO_OCC
1717516536.7913506,232,3.0,14.1,DEV_TO_OCC
1717516536.8389525,232,10.7,14.1,DEV_TO_OCC
1717516538.0191991,232,3.0,14.1,DEV_TO_OCC
1717516538.020233,232,0.0,14.1,DEV_TO_OCC
1717516538.940123,232,4.4,14.1,DEV_TO_OCC
1717516538.9408996,232,0.0,14.1,DEV_TO_OCC
1717516539.8621807,232,3.4,14.1,DEV_TO_OCC
1717516539.863148,232,0.0,14.1,DEV_TO_OCC
1717516540.7897844,232,4.0,14.1,DEV_TO_OCC
1717516540.8471956,232,15.5,14.1,DEV_TO_OCC
1717516542.012639,232,2.6,14.1,DEV_TO_OCC
1717516542.0135574,232,0.0,14.1,DEV_TO_OCC
1717516542.9340966,232,3.2,14.1,DEV_TO_OCC
1717516542.9351325,232,0.0,14.1,DEV_TO_OCC
1717516542.9357982,338,75.0,14.1,OCC_TO_CU
1717516542.9376268,338,0.0,14.1,OCC_TO_CU
1717516542.9386842,338,0.0,14.1,OCC_TO_CU
1717516542.9397807,338,100.0,14.1,OCC_TO_CU
1717516543.7399654,232,3.7,14.1,DEV_TO_OCC
1717516543.8408434,232,8.3,14.1,DEV_TO_OCC
1717516544.7777464,232,4.7,14.2,DEV_TO_OCC
1717516544.8422167,232,13.9,14.2,DEV_TO_OCC
1717516546.0058467,232,3.9,14.1,DEV_TO_OCC
1717516546.0070527,232,0.0,14.1,DEV_TO_OCC
1717516546.9299214,232,3.2,14.1,DEV_TO_OCC
1717516546.9311066,232,0.0,14.1,DEV_TO_OCC
1717516547.848924,232,4.8,14.1,DEV_TO_OCC
1717516547.849876,232,0.0,14.1,DEV_TO_OCC
1717516548.770639,232,6.1,14.1,DEV_TO_OCC
1717516548.847781,232,12.6,14.1,DEV_TO_OCC
1717516549.9997985,232,3.7,14.1,DEV_TO_OCC
1717516550.0008497,232,0.0,14.1,DEV_TO_OCC
1717516550.921071,232,4.1,14.1,DEV_TO_OCC
1717516550.921918,232,0.0,14.1,DEV_TO_OCC
1717516551.8427436,232,3.8,14.1,DEV_TO_OCC
1717516551.8464808,232,25.0,14.1,DEV_TO_OCC
1717516552.7656415,232,3.1,14.1,DEV_TO_OCC
1717516552.8481193,232,8.1,14.1,DEV_TO_OCC
1717516552.9478872,338,4.2,14.1,OCC_TO_CU
1717516552.9491706,338,0.0,14.1,OCC_TO_CU
1717516552.950303,338,0.0,14.1,OCC_TO_CU
1717516552.9513595,338,66.7,14.1,OCC_TO_CU
1717516553.9932783,232,4.9,14.1,DEV_TO_OCC
1717516553.993735,232,0.0,14.1,DEV_TO_OCC
1717516554.9150968,232,3.3,14.1,DEV_TO_OCC
1717516554.9160736,232,50.0,14.1,DEV_TO_OCC
1717516555.8364418,232,3.9,14.1,DEV_TO_OCC
1717516555.85101,232,27.8,14.1,DEV_TO_OCC
1717516556.7582655,232,3.4,14.1,DEV_TO_OCC
1717516556.9624279,232,6.5,14.1,DEV_TO_OCC
1717516557.992439,232,2.8,14.1,DEV_TO_OCC
1717516557.9934168,232,0.0,14.1,DEV_TO_OCC
1717516558.9085298,232,3.7,14.1,DEV_TO_OCC
1717516558.9095457,232,0.0,14.1,DEV_TO_OCC
1717516559.832355,232,3.7,14.1,DEV_TO_OCC
1717516559.8511205,232,22.7,14.1,DEV_TO_OCC
1717516561.059616,232,3.7,14.1,DEV_TO_OCC
1717516561.060444,232,0.0,14.1,DEV_TO_OCC
1717516561.9828126,232,3.1,14.1,DEV_TO_OCC
1717516561.9841738,232,66.7,14.1,DEV_TO_OCC
1717516562.902351,232,3.1,14.1,DEV_TO_OCC
1717516562.9036875,232,50.0,14.1,DEV_TO_OCC
1717516562.9597669,338,13.2,14.1,OCC_TO_CU
1717516562.960879,338,0.0,14.1,OCC_TO_CU
1717516562.961842,338,0.0,14.1,OCC_TO_CU
1717516562.962963,338,0.0,14.1,OCC_TO_CU
1717516563.8260226,232,8.1,14.1,DEV_TO_OCC
1717516563.8542297,232,20.6,14.1,DEV_TO_OCC
1717516565.0535183,232,3.6,14.1,DEV_TO_OCC
1717516565.054319,232,0.0,14.1,DEV_TO_OCC
1717516565.974457,232,3.3,14.1,DEV_TO_OCC
1717516565.9755797,232,50.0,14.1,DEV_TO_OCC
1717516566.8987336,232,2.5,14.1,DEV_TO_OCC
1717516566.89985,232,50.0,14.1,DEV_TO_OCC
1717516567.8181846,232,2.6,14.1,DEV_TO_OCC
1717516567.8575103,232,20.0,14.1,DEV_TO_OCC
1717516569.0471373,232,3.7,14.1,DEV_TO_OCC
1717516569.047881,232,50.0,14.1,DEV_TO_OCC
1717516569.9678204,232,3.2,14.1,DEV_TO_OCC
1717516570.889426,232,3.8,14.1,DEV_TO_OCC
1717516570.890161,232,0.0,14.1,DEV_TO_OCC
1717516571.8284793,232,3.0,14.1,DEV_TO_OCC
1717516571.8295634,232,0.0,14.1,DEV_TO_OCC
1717516572.7326887,232,3.0,14.1,DEV_TO_OCC
1717516572.7574887,232,13.3,14.1,DEV_TO_OCC
1717516572.974278,338,3.9,14.1,OCC_TO_CU
1717516572.9756472,338,75.0,14.1,OCC_TO_CU
1717516572.9767618,338,0.0,14.1,OCC_TO_CU
1717516572.9777527,338,0.0,14.1,OCC_TO_CU
1717516573.9617543,232,4.3,14.1,DEV_TO_OCC
1717516573.9626377,232,0.0,14.1,DEV_TO_OCC
1717516574.8838134,232,4.9,14.1,DEV_TO_OCC
1717516574.884755,232,0.0,14.1,DEV_TO_OCC
1717516575.7023916,232,3.6,14.1,DEV_TO_OCC
1717516575.7665672,232,7.7,14.1,DEV_TO_OCC
1717516576.7266006,232,3.3,14.1,DEV_TO_OCC
1717516576.761525,232,20.0,14.1,DEV_TO_OCC
1717516577.9556422,232,3.8,14.1,DEV_TO_OCC
1717516577.9565678,232,0.0,14.1,DEV_TO_OCC
1717516578.877655,232,3.7,14.1,DEV_TO_OCC
1717516578.8785458,232,0.0,14.1,DEV_TO_OCC
1717516579.7989993,232,4.2,14.1,DEV_TO_OCC
1717516579.8001146,232,50.0,14.1,DEV_TO_OCC
1717516580.7201505,232,3.6,14.1,DEV_TO_OCC
1717516580.7648242,232,7.7,14.1,DEV_TO_OCC
1717516581.9494479,232,3.3,14.1,DEV_TO_OCC
1717516581.9503264,232,0.0,14.1,DEV_TO_OCC
1717516582.8736653,232,2.7,14.1,DEV_TO_OCC
1717516582.8746264,232,0.0,14.1,DEV_TO_OCC
1717516582.9888105,338,8.8,14.2,OCC_TO_CU
1717516582.9898028,338,0.0,14.2,OCC_TO_CU
1717516582.9909334,338,0.0,14.2,OCC_TO_CU
1717516582.9920552,338,75.0,14.2,OCC_TO_CU
1717516583.7922015,232,5.8,14.2,DEV_TO_OCC
1717516583.7930946,232,0.0,14.2,DEV_TO_OCC
1717516584.71465,232,9.2,14.1,DEV_TO_OCC
1717516584.772614,232,8.7,14.1,DEV_TO_OCC
1717516585.943241,232,3.5,14.1,DEV_TO_OCC
1717516585.9441986,232,0.0,14.1,DEV_TO_OCC
1717516586.8644001,232,3.1,14.1,DEV_TO_OCC
1717516586.8652856,232,0.0,14.1,DEV_TO_OCC
1717516587.7860386,232,3.1,14.1,DEV_TO_OCC
1717516587.7868984,232,0.0,14.1,DEV_TO_OCC
1717516588.7141302,232,4.2,14.1,DEV_TO_OCC
1717516588.772202,232,10.0,14.1,DEV_TO_OCC
1717516589.9364822,232,3.4,14.1,DEV_TO_OCC
1717516589.9373424,232,0.0,14.1,DEV_TO_OCC
1717516590.7554238,232,4.6,14.1,DEV_TO_OCC
1717516590.7718704,232,19.0,14.1,DEV_TO_OCC
1717516591.788978,232,2.6,14.1,DEV_TO_OCC
1717516591.8102365,232,12.5,14.1,DEV_TO_OCC
1717516592.7016904,232,2.6,14.1,DEV_TO_OCC
1717516592.7743251,232,7.9,14.1,DEV_TO_OCC
1717516593.0034535,338,5.4,14.1,OCC_TO_CU
1717516593.0045474,338,0.0,14.1,OCC_TO_CU
1717516593.0063212,338,0.0,14.1,OCC_TO_CU
1717516593.007444,338,100.0,14.1,OCC_TO_CU
1717516593.671628,232,4.1,14.1,DEV_TO_OCC
1717516593.8274474,232,5.3,14.1,DEV_TO_OCC
1717516594.8526573,232,3.7,14.1,DEV_TO_OCC
1717516594.8535624,232,0.0,14.1,DEV_TO_OCC
1717516595.7734027,232,3.6,14.1,DEV_TO_OCC
1717516595.7758272,232,50.0,14.1,DEV_TO_OCC
1717516596.6955698,232,3.4,14.1,DEV_TO_OCC
1717516596.7789524,232,6.1,14.1,DEV_TO_OCC
1717516597.9285994,232,2.9,14.1,DEV_TO_OCC
1717516597.929584,232,0.0,14.1,DEV_TO_OCC
1717516598.8461723,232,4.0,14.2,DEV_TO_OCC
1717516598.847066,232,0.0,14.2,DEV_TO_OCC
1717516599.767318,232,4.1,14.2,DEV_TO_OCC
1717516599.7794855,232,25.0,14.2,DEV_TO_OCC
1717516600.7969854,232,3.3,14.2,DEV_TO_OCC
1717516600.8175051,232,8.7,14.2,DEV_TO_OCC
1717516601.9179692,232,3.3,14.2,DEV_TO_OCC
1717516601.918988,232,0.0,14.2,DEV_TO_OCC
1717516602.8394873,232,8.3,14.1,DEV_TO_OCC
1717516602.8404028,232,0.0,14.1,DEV_TO_OCC
1717516603.011757,338,7.2,14.1,OCC_TO_CU
1717516603.0127304,338,0.0,14.1,OCC_TO_CU
1717516603.0136015,338,0.0,14.1,OCC_TO_CU
1717516603.0147514,338,0.0,14.1,OCC_TO_CU
1717516603.7612817,232,4.1,14.1,DEV_TO_OCC
1717516603.7870533,232,16.1,14.1,DEV_TO_OCC
1717516604.989713,232,4.0,14.1,DEV_TO_OCC
1717516604.9907424,232,0.0,14.1,DEV_TO_OCC
1717516605.7099802,232,7.5,14.1,DEV_TO_OCC
1717516605.783985,232,8.9,14.1,DEV_TO_OCC
1717516606.7329683,232,2.9,14.1,DEV_TO_OCC
1717516606.9350588,232,5.0,14.1,DEV_TO_OCC
1717516607.7550743,232,4.5,14.1,DEV_TO_OCC
1717516607.7899532,232,12.2,14.1,DEV_TO_OCC
1717516608.984356,232,3.8,14.1,DEV_TO_OCC
1717516608.9852676,232,0.0,14.1,DEV_TO_OCC
1717516609.91117,232,3.6,14.1,DEV_TO_OCC
1717516609.912103,232,0.0,14.1,DEV_TO_OCC
1717516610.92879,232,3.5,14.1,DEV_TO_OCC
1717516610.9296477,232,0.0,14.1,DEV_TO_OCC
1717516611.7505403,232,3.7,14.1,DEV_TO_OCC
1717516611.8249474,232,8.8,14.1,DEV_TO_OCC
1717516612.985686,232,2.7,14.1,DEV_TO_OCC
1717516612.9867208,232,0.0,14.1,DEV_TO_OCC
1717516613.0236897,338,19.0,14.1,OCC_TO_CU
1717516613.0246122,338,0.0,14.1,OCC_TO_CU
1717516613.025438,338,0.0,14.1,OCC_TO_CU
1717516613.0262842,338,0.0,14.1,OCC_TO_CU
1717516614.0030007,232,4.6,14.1,DEV_TO_OCC
1717516614.0042598,232,66.7,14.1,DEV_TO_OCC
1717516614.8222601,232,4.3,14.1,DEV_TO_OCC
1717516614.823225,232,50.0,14.1,DEV_TO_OCC
1717516615.7458816,232,3.4,14.1,DEV_TO_OCC
1717516615.8131711,232,9.8,14.1,DEV_TO_OCC
1717516616.9717937,232,3.4,14.1,DEV_TO_OCC
1717516616.9726841,232,0.0,14.1,DEV_TO_OCC
1717516617.793849,232,3.1,14.1,DEV_TO_OCC
1717516617.8008971,232,25.0,14.1,DEV_TO_OCC
1717516618.8143847,232,3.9,14.1,DEV_TO_OCC
1717516618.8156126,232,66.7,14.1,DEV_TO_OCC
1717516619.7358127,232,3.9,14.1,DEV_TO_OCC
1717516619.8090045,232,4.7,14.1,DEV_TO_OCC
1717516620.9653566,232,2.8,14.1,DEV_TO_OCC
1717516620.9662197,232,0.0,14.1,DEV_TO_OCC
1717516621.7844443,232,3.7,14.1,DEV_TO_OCC
1717516621.7968116,232,15.4,14.1,DEV_TO_OCC
1717516622.8078535,232,3.0,14.1,DEV_TO_OCC
1717516622.808918,232,0.0,14.1,DEV_TO_OCC
1717516623.0357127,338,15.0,14.1,OCC_TO_CU
1717516623.0366547,338,0.0,14.1,OCC_TO_CU
1717516623.0374534,338,0.0,14.1,OCC_TO_CU
1717516623.0382278,338,0.0,14.1,OCC_TO_CU
1717516623.730973,232,6.2,14.1,DEV_TO_OCC
1717516623.8007593,232,7.1,14.1,DEV_TO_OCC
1717516624.9642282,232,3.4,14.1,DEV_TO_OCC
1717516624.9654994,232,0.0,14.1,DEV_TO_OCC
1717516625.7777286,232,4.3,14.1,DEV_TO_OCC
1717516625.8004973,232,14.8,14.1,DEV_TO_OCC
1717516626.8208835,232,3.4,14.1,DEV_TO_OCC
1717516626.852128,232,22.5,14.1,DEV_TO_OCC
1717516627.7237124,232,3.5,14.1,DEV_TO_OCC
1717516627.8022504,232,5.4,14.1,DEV_TO_OCC
1717516628.9527874,232,3.7,14.1,DEV_TO_OCC
1717516628.954028,232,0.0,14.1,DEV_TO_OCC
1717516629.8765152,232,4.5,14.1,DEV_TO_OCC
1717516630.7957616,232,4.6,14.1,DEV_TO_OCC
1717516630.8096566,232,18.8,14.1,DEV_TO_OCC
1717516631.718665,232,3.6,14.1,DEV_TO_OCC
1717516631.8044107,232,5.0,14.1,DEV_TO_OCC
1717516632.9459004,232,2.7,14.1,DEV_TO_OCC
1717516632.9470973,232,0.0,14.1,DEV_TO_OCC
1717516633.047696,338,8.3,14.1,OCC_TO_CU
1717516633.0486202,338,0.0,14.1,OCC_TO_CU
1717516633.0493753,338,0.0,14.1,OCC_TO_CU
1717516633.0501072,338,0.0,14.1,OCC_TO_CU
1717516633.8690279,232,4.8,14.1,DEV_TO_OCC
1717516633.8706107,232,0.0,14.1,DEV_TO_OCC
1717516634.7894063,232,5.3,14.1,DEV_TO_OCC
1717516634.8090217,232,20.8,14.1,DEV_TO_OCC
1717516636.0182292,232,4.0,14.1,DEV_TO_OCC
1717516636.0193956,232,75.0,14.1,DEV_TO_OCC
1717516636.8272445,232,3.8,14.1,DEV_TO_OCC
1717516636.8285387,232,0.0,14.1,DEV_TO_OCC
1717516637.86162,232,2.8,14.2,DEV_TO_OCC
1717516637.8627894,232,0.0,14.2,DEV_TO_OCC
1717516638.7830186,232,6.0,14.1,DEV_TO_OCC
1717516638.8160028,232,10.3,14.1,DEV_TO_OCC
1717516640.0114202,232,3.2,14.1,DEV_TO_OCC
1717516640.0122328,232,0.0,14.1,DEV_TO_OCC
1717516640.9332037,232,3.9,14.1,DEV_TO_OCC
1717516640.9341547,232,0.0,14.1,DEV_TO_OCC
1717516641.8553793,232,3.9,14.1,DEV_TO_OCC
1717516641.8563669,232,0.0,14.1,DEV_TO_OCC
1717516642.7762768,232,2.6,14.1,DEV_TO_OCC
1717516642.8207147,232,11.3,14.1,DEV_TO_OCC
1717516643.0611231,338,6.2,14.1,OCC_TO_CU
1717516643.061963,338,0.0,14.1,OCC_TO_CU
1717516643.0626724,338,0.0,14.1,OCC_TO_CU
1717516643.0633469,338,66.7,14.1,OCC_TO_CU
1717516644.007201,232,3.5,14.1,DEV_TO_OCC
1717516644.00821,232,0.0,14.1,DEV_TO_OCC
1717516644.9273033,232,4.3,14.1,DEV_TO_OCC
1717516644.9285102,232,0.0,14.1,DEV_TO_OCC
1717516645.848534,232,3.7,14.2,DEV_TO_OCC
1717516645.8493705,232,0.0,14.2,DEV_TO_OCC
1717516646.7731767,232,3.4,14.2,DEV_TO_OCC
1717516646.8333585,232,8.3,14.2,DEV_TO_OCC
1717516647.9989138,232,3.0,14.2,DEV_TO_OCC
1717516647.9998434,232,100.0,14.2,DEV_TO_OCC
1717516648.9207916,232,3.2,14.2,DEV_TO_OCC
1717516648.9219034,232,0.0,14.2,DEV_TO_OCC
1717516649.842297,232,4.0,14.2,DEV_TO_OCC
1717516649.8433073,232,66.7,14.2,DEV_TO_OCC
1717516650.7643015,232,3.4,14.2,DEV_TO_OCC
1717516650.827153,232,9.1,14.2,DEV_TO_OCC
1717516651.9925048,232,3.1,14.2,DEV_TO_OCC
1717516651.993488,232,0.0,14.2,DEV_TO_OCC
1717516652.9149427,232,2.6,14.2,DEV_TO_OCC
1717516652.9159224,232,100.0,14.2,DEV_TO_OCC
1717516653.0741751,338,10.9,14.2,OCC_TO_CU
1717516653.0750299,338,0.0,14.2,OCC_TO_CU
1717516653.0759723,338,100.0,14.2,OCC_TO_CU
1717516653.0769463,338,0.0,14.2,OCC_TO_CU
1717516653.8374271,232,9.2,14.1,DEV_TO_OCC
1717516653.8384027,232,0.0,14.1,DEV_TO_OCC
1717516654.7575772,232,3.8,14.1,DEV_TO_OCC
1717516654.8260152,232,7.4,14.1,DEV_TO_OCC
1717516655.986468,232,3.9,14.1,DEV_TO_OCC
1717516655.9875643,232,50.0,14.1,DEV_TO_OCC
1717516656.9093518,232,2.9,14.1,DEV_TO_OCC
1717516656.910276,232,0.0,14.1,DEV_TO_OCC
1717516657.8327444,232,2.8,14.1,DEV_TO_OCC
1717516657.83877,232,25.0,14.1,DEV_TO_OCC
1717516658.751238,232,4.2,14.1,DEV_TO_OCC
1717516658.8302803,232,25.8,14.1,DEV_TO_OCC
1717516659.982849,232,3.4,14.1,DEV_TO_OCC
1717516659.9839973,232,66.7,14.1,DEV_TO_OCC
1717516660.9014044,232,3.2,14.1,DEV_TO_OCC
1717516660.902273,232,0.0,14.1,DEV_TO_OCC
1717516661.8265927,232,2.9,14.1,DEV_TO_OCC
1717516661.8298385,232,33.3,14.1,DEV_TO_OCC
1717516663.0519385,232,4.4,14.1,DEV_TO_OCC
1717516663.05279,232,0.0,14.1,DEV_TO_OCC
1717516663.0877757,338,36.4,14.1,OCC_TO_CU
1717516663.0885384,338,0.0,14.1,OCC_TO_CU
1717516663.08917,338,0.0,14.1,OCC_TO_CU
1717516663.0897841,338,0.0,14.1,OCC_TO_CU
1717516663.973781,232,3.7,14.1,DEV_TO_OCC
1717516663.9747527,232,0.0,14.1,DEV_TO_OCC
1717516664.8972862,232,4.9,14.1,DEV_TO_OCC
1717516664.898291,232,0.0,14.1,DEV_TO_OCC
1717516665.8170335,232,4.3,14.1,DEV_TO_OCC
1717516665.8374565,232,16.0,14.1,DEV_TO_OCC
1717516666.7385461,232,4.0,14.1,DEV_TO_OCC
1717516666.8364952,232,7.6,14.1,DEV_TO_OCC
1717516667.7623887,232,3.0,14.1,DEV_TO_OCC
1717516667.8357124,232,8.9,14.1,DEV_TO_OCC
1717516668.8887641,232,3.3,14.1,DEV_TO_OCC
1717516668.8896663,232,0.0,14.1,DEV_TO_OCC
1717516669.8110957,232,4.3,14.1,DEV_TO_OCC
1717516669.8396153,232,15.2,14.1,DEV_TO_OCC
1717516670.834902,232,3.4,14.1,DEV_TO_OCC
1717516670.8412797,232,44.4,14.1,DEV_TO_OCC
1717516671.9615178,232,3.5,14.1,DEV_TO_OCC
1717516671.962729,232,0.0,14.1,DEV_TO_OCC
1717516672.882965,232,3.2,14.1,DEV_TO_OCC
1717516672.8841846,232,50.0,14.1,DEV_TO_OCC
1717516673.0997982,338,9.3,14.1,OCC_TO_CU
1717516673.1002977,338,0.0,14.1,OCC_TO_CU
1717516673.1007013,338,0.0,14.1,OCC_TO_CU
1717516673.1010695,338,0.0,14.1,OCC_TO_CU
1717516673.8048666,232,3.2,14.1,DEV_TO_OCC
1717516673.8468893,232,10.0,14.1,DEV_TO_OCC
1717516675.0333183,232,3.9,14.1,DEV_TO_OCC
1717516675.0346942,232,0.0,14.1,DEV_TO_OCC
1717516676.0575202,232,3.8,14.1,DEV_TO_OCC
1717516676.0583978,232,0.0,14.1,DEV_TO_OCC
1717516676.8767881,232,3.7,14.1,DEV_TO_OCC
1717516676.8778832,232,0.0,14.1,DEV_TO_OCC
1717516677.7984345,232,2.8,14.1,DEV_TO_OCC
1717516677.8463829,232,13.3,14.1,DEV_TO_OCC
1717516679.0276492,232,3.9,14.2,DEV_TO_OCC
1717516679.0286212,232,0.0,14.2,DEV_TO_OCC
1717516679.7442496,232,12.7,14.1,DEV_TO_OCC
1717516679.8496768,232,6.3,14.1,DEV_TO_OCC
1717516680.8700674,232,3.4,14.1,DEV_TO_OCC
1717516680.8712227,232,75.0,14.1,DEV_TO_OCC
1717516681.7920449,232,3.2,14.1,DEV_TO_OCC
1717516681.8567903,232,7.8,14.1,DEV_TO_OCC
1717516682.816399,232,2.7,14.1,DEV_TO_OCC
1717516682.8468044,232,13.9,14.1,DEV_TO_OCC
1717516683.1116745,338,7.2,14.1,OCC_TO_CU
1717516683.1120563,338,0.0,14.1,OCC_TO_CU
1717516683.1126025,338,0.0,14.1,OCC_TO_CU
1717516683.1129992,338,0.0,14.1,OCC_TO_CU
1717516683.9426477,232,2.8,14.1,DEV_TO_OCC
1717516683.9436364,232,50.0,14.1,DEV_TO_OCC
1717516684.8749871,232,4.5,14.1,DEV_TO_OCC
1717516684.9281068,232,10.9,14.1,DEV_TO_OCC
1717516685.7853465,232,3.6,14.1,DEV_TO_OCC
1717516685.868764,232,7.0,14.1,DEV_TO_OCC
1717516687.0147398,232,2.7,14.1,DEV_TO_OCC
1717516687.0157094,232,50.0,14.1,DEV_TO_OCC
1717516687.9366815,232,2.9,14.1,DEV_TO_OCC
1717516687.9375937,232,0.0,14.1,DEV_TO_OCC
1717516688.8598878,232,4.4,14.1,DEV_TO_OCC
1717516688.892507,232,10.3,14.1,DEV_TO_OCC
1717516689.7791824,232,4.7,14.1,DEV_TO_OCC
1717516689.8544962,232,7.8,14.1,DEV_TO_OCC
1717516691.0082362,232,3.0,14.1,DEV_TO_OCC
1717516691.0092883,232,0.0,14.1,DEV_TO_OCC
1717516691.9303815,232,4.6,14.1,DEV_TO_OCC
1717516691.931235,232,66.7,14.1,DEV_TO_OCC
1717516693.119518,338,3.5,14.1,OCC_TO_CU
1717516693.12016,338,0.0,14.1,OCC_TO_CU
1717516693.1206107,338,0.0,14.1,OCC_TO_CU
1717516693.1209247,338,0.0,14.1,OCC_TO_CU
1717516693.146409,232,25.8,14.1,DEV_TO_OCC
1717516693.1475697,232,66.7,14.1,DEV_TO_OCC
1717516693.7725196,232,3.0,14.1,DEV_TO_OCC
1717516693.8609936,232,7.5,14.1,DEV_TO_OCC
1717516694.796588,232,5.9,14.1,DEV_TO_OCC
1717516694.8617792,232,5.3,14.1,DEV_TO_OCC
1717516695.9234626,232,3.9,14.1,DEV_TO_OCC
1717516695.9248238,232,0.0,14.1,DEV_TO_OCC
1717516696.8452127,232,3.0,14.1,DEV_TO_OCC
1717516696.8602417,232,26.3,14.1,DEV_TO_OCC
1717516697.766927,232,3.3,14.1,DEV_TO_OCC
1717516697.8593717,232,7.2,14.1,DEV_TO_OCC
1717516698.791067,232,3.6,14.1,DEV_TO_OCC
1717516698.863066,232,5.8,14.1,DEV_TO_OCC
1717516699.9172153,232,4.0,14.1,DEV_TO_OCC
1717516699.9182043,232,0.0,14.1,DEV_TO_OCC
1717516700.8390443,232,3.4,14.1,DEV_TO_OCC
1717516700.8662,232,12.5,14.1,DEV_TO_OCC
1717516701.7606192,232,3.6,14.1,DEV_TO_OCC
1717516701.9644957,232,3.3,14.1,DEV_TO_OCC
1717516702.9922507,232,3.0,14.1,DEV_TO_OCC
1717516702.9932384,232,0.0,14.1,DEV_TO_OCC
1717516703.1276367,338,12.6,14.1,OCC_TO_CU
1717516703.1282918,338,0.0,14.1,OCC_TO_CU
1717516703.129038,338,0.0,14.1,OCC_TO_CU
1717516703.1297402,338,0.0,14.1,OCC_TO_CU
1717516704.0140495,232,7.4,14.1,DEV_TO_OCC
1717516704.0152256,232,100.0,14.1,DEV_TO_OCC
1717516704.8323927,232,3.9,14.1,DEV_TO_OCC
1717516704.8718235,232,12.5,14.1,DEV_TO_OCC
1717516706.0617144,232,3.1,14.1,DEV_TO_OCC
1717516706.0626721,232,0.0,14.1,DEV_TO_OCC
1717516706.9831665,232,4.0,14.1,DEV_TO_OCC
1717516706.984234,232,0.0,14.1,DEV_TO_OCC
1717516707.8021038,232,3.7,14.1,DEV_TO_OCC
1717516707.8748047,232,8.0,14.1,DEV_TO_OCC
1717516708.8291752,232,4.5,14.1,DEV_TO_OCC
1717516708.8851497,232,7.6,14.1,DEV_TO_OCC
1717516710.0579262,232,3.5,14.1,DEV_TO_OCC
1717516710.0589688,232,0.0,14.1,DEV_TO_OCC
1717516710.9774063,232,3.7,14.1,DEV_TO_OCC
1717516710.9785345,232,0.0,14.1,DEV_TO_OCC
1717516711.8991296,232,2.8,14.1,DEV_TO_OCC
1717516711.9004347,232,0.0,14.1,DEV_TO_OCC
1717516712.8197417,232,3.1,14.1,DEV_TO_OCC
1717516712.8850298,232,5.3,14.1,DEV_TO_OCC
1717516713.1395752,338,12.6,14.1,OCC_TO_CU
1717516713.140013,338,0.0,14.1,OCC_TO_CU
1717516713.1403646,338,0.0,14.1,OCC_TO_CU
1717516713.1407344,338,0.0,14.1,OCC_TO_CU
1717516713.8466399,232,3.4,14.1,DEV_TO_OCC
1717516713.8763764,232,16.2,14.1,DEV_TO_OCC
1717516714.9703488,232,3.9,14.1,DEV_TO_OCC
1717516714.9713297,232,66.7,14.1,DEV_TO_OCC
1717516715.7897172,232,3.7,14.1,DEV_TO_OCC
1717516715.8812351,232,8.8,14.1,DEV_TO_OCC
1717516716.8139358,232,3.0,14.1,DEV_TO_OCC
1717516716.8788922,232,7.7,14.1,DEV_TO_OCC
1717516717.837497,232,2.5,14.1,DEV_TO_OCC
1717516717.8914504,232,11.9,14.1,DEV_TO_OCC
1717516718.9690003,232,4.0,14.2,DEV_TO_OCC
1717516718.972624,232,25.0,14.2,DEV_TO_OCC
1717516719.8855329,232,6.1,14.2,DEV_TO_OCC
1717516719.8896656,232,0.0,14.2,DEV_TO_OCC
1717516720.8106494,232,3.1,14.2,DEV_TO_OCC
1717516720.8848908,232,7.9,14.2,DEV_TO_OCC
1717516722.0382738,232,3.0,14.2,DEV_TO_OCC
1717516722.0392623,232,66.7,14.2,DEV_TO_OCC
1717516722.9599767,232,2.9,14.2,DEV_TO_OCC
1717516722.960832,232,0.0,14.2,DEV_TO_OCC
1717516723.1478505,338,12.6,14.2,OCC_TO_CU
1717516723.1485522,338,0.0,14.2,OCC_TO_CU
1717516723.1492305,338,0.0,14.2,OCC_TO_CU
1717516723.1497664,338,0.0,14.2,OCC_TO_CU
1717516723.8816147,232,4.0,14.2,DEV_TO_OCC
1717516723.8938138,232,26.7,14.2,DEV_TO_OCC
1717516724.800729,232,4.8,14.2,DEV_TO_OCC
1717516724.8840263,232,10.7,14.2,DEV_TO_OCC
1717516726.0298176,232,3.1,14.2,DEV_TO_OCC
1717516726.0307505,232,0.0,14.2,DEV_TO_OCC
1717516726.9525313,232,3.2,14.2,DEV_TO_OCC
1717516726.9536586,232,0.0,14.2,DEV_TO_OCC
1717516727.8728652,232,2.9,14.2,DEV_TO_OCC
1717516727.8857427,232,25.0,14.2,DEV_TO_OCC
1717516728.7959008,232,4.5,14.2,DEV_TO_OCC
1717516728.8864198,232,5.6,14.2,DEV_TO_OCC
1717516730.027497,232,4.4,14.2,DEV_TO_OCC
1717516730.0284054,232,0.0,14.2,DEV_TO_OCC
1717516730.95579,232,2.9,14.2,DEV_TO_OCC
1717516730.9568095,232,0.0,14.2,DEV_TO_OCC
1717516731.866698,232,3.0,14.2,DEV_TO_OCC
1717516731.8907273,232,13.8,14.2,DEV_TO_OCC
1717516732.7881274,232,2.7,14.2,DEV_TO_OCC
1717516732.9928331,232,3.7,14.2,DEV_TO_OCC
1717516733.160561,338,18.3,14.2,OCC_TO_CU
1717516733.161489,338,0.0,14.2,OCC_TO_CU
1717516733.1622894,338,0.0,14.2,OCC_TO_CU
1717516733.1629977,338,0.0,14.2,OCC_TO_CU
1717516734.0178654,232,4.1,14.2,DEV_TO_OCC
1717516734.018917,232,0.0,14.2,DEV_TO_OCC
1717516734.9388967,232,4.0,14.2,DEV_TO_OCC
1717516734.9398334,232,50.0,14.2,DEV_TO_OCC
1717516735.860502,232,3.9,14.2,DEV_TO_OCC
1717516735.8918645,232,70.3,14.2,DEV_TO_OCC
1717516737.0890863,232,3.1,14.1,DEV_TO_OCC
1717516737.090107,232,0.0,14.1,DEV_TO_OCC
1717516738.011936,232,3.0,14.1,DEV_TO_OCC
1717516738.0130181,232,0.0,14.1,DEV_TO_OCC
1717516738.932581,232,3.4,14.1,DEV_TO_OCC
1717516738.9334524,232,0.0,14.1,DEV_TO_OCC
1717516739.853993,232,4.1,14.1,DEV_TO_OCC
1717516740.046945,232,5.6,14.1,DEV_TO_OCC
1717516741.0829508,232,3.9,14.1,DEV_TO_OCC
1717516741.0839112,232,50.0,14.1,DEV_TO_OCC
1717516742.0048888,232,2.8,14.1,DEV_TO_OCC
1717516742.005863,232,0.0,14.1,DEV_TO_OCC
1717516742.9263387,232,3.2,14.1,DEV_TO_OCC
1717516742.9274983,232,75.0,14.1,DEV_TO_OCC
1717516743.1717308,338,8.0,14.1,OCC_TO_CU
1717516743.172925,338,0.0,14.1,OCC_TO_CU
1717516743.1738634,338,0.0,14.1,OCC_TO_CU
1717516743.1747313,338,0.0,14.1,OCC_TO_CU
1717516743.855607,232,5.2,14.1,DEV_TO_OCC
1717516743.9058788,232,5.3,14.1,DEV_TO_OCC
1717516745.0765545,232,3.8,14.1,DEV_TO_OCC
1717516745.0774002,232,0.0,14.1,DEV_TO_OCC
1717516745.998151,232,4.3,14.1,DEV_TO_OCC
1717516745.999181,232,0.0,14.1,DEV_TO_OCC
1717516746.920105,232,3.6,14.1,DEV_TO_OCC
1717516746.9211035,232,0.0,14.1,DEV_TO_OCC
1717516747.8419847,232,10.3,14.1,DEV_TO_OCC
1717516747.9067028,232,19.0,14.1,DEV_TO_OCC
1717516749.0708015,232,6.2,14.1,DEV_TO_OCC
1717516749.0717337,232,66.7,14.1,DEV_TO_OCC
1717516749.993631,232,4.2,14.1,DEV_TO_OCC
1717516749.9938946,232,0.0,14.1,DEV_TO_OCC
1717516750.9151385,232,3.4,14.1,DEV_TO_OCC
1717516750.9161687,232,50.0,14.1,DEV_TO_OCC
1717516751.8362305,232,3.2,14.1,DEV_TO_OCC
1717516751.901272,232,5.3,14.1,DEV_TO_OCC
1717516753.0641973,232,2.8,14.1,DEV_TO_OCC
1717516753.0649931,232,0.0,14.1,DEV_TO_OCC
1717516753.185643,338,16.4,14.1,OCC_TO_CU
1717516753.1866946,338,0.0,14.1,OCC_TO_CU
1717516753.1876097,338,80.0,14.1,OCC_TO_CU
1717516753.1887157,338,0.0,14.1,OCC_TO_CU
1717516753.9857495,232,4.5,14.1,DEV_TO_OCC
1717516753.986685,232,0.0,14.1,DEV_TO_OCC
1717516754.90774,232,4.4,14.1,DEV_TO_OCC
1717516754.9088972,232,0.0,14.1,DEV_TO_OCC
1717516755.8293676,232,3.7,14.1,DEV_TO_OCC
1717516755.904139,232,10.9,14.1,DEV_TO_OCC
1717516757.059451,232,3.1,14.1,DEV_TO_OCC
1717516757.060399,232,0.0,14.1,DEV_TO_OCC
1717516757.9801233,232,3.2,14.1,DEV_TO_OCC
1717516757.9810581,232,0.0,14.1,DEV_TO_OCC
1717516758.8622694,232,3.2,14.1,DEV_TO_OCC
1717516758.906034,232,7.8,14.1,DEV_TO_OCC
1717516759.8238115,232,4.3,14.1,DEV_TO_OCC
1717516759.9080648,232,7.0,14.1,DEV_TO_OCC
1717516760.8480887,232,3.0,14.1,DEV_TO_OCC
1717516760.912881,232,4.0,14.1,DEV_TO_OCC
1717516761.9732401,232,3.1,14.1,DEV_TO_OCC
1717516761.9769151,232,25.0,14.1,DEV_TO_OCC
1717516762.8943794,232,3.0,14.1,DEV_TO_OCC
1717516762.9086378,232,33.3,14.1,DEV_TO_OCC
1717516763.1999235,338,8.0,14.1,OCC_TO_CU
1717516763.2010083,338,0.0,14.1,OCC_TO_CU
1717516763.202205,338,0.0,14.1,OCC_TO_CU
1717516763.2034037,338,100.0,14.1,OCC_TO_CU
1717516763.8180795,232,9.9,14.1,DEV_TO_OCC
1717516763.9065354,232,8.4,14.1,DEV_TO_OCC
1717516765.0470665,232,3.6,14.1,DEV_TO_OCC
1717516765.0482304,232,75.0,14.1,DEV_TO_OCC
1717516765.9672525,232,2.9,14.1,DEV_TO_OCC
1717516765.9684205,232,0.0,14.1,DEV_TO_OCC
1717516766.8955638,232,3.4,14.1,DEV_TO_OCC
1717516766.9748027,232,5.4,14.1,DEV_TO_OCC
1717516767.809826,232,2.9,14.1,DEV_TO_OCC
1717516768.0144243,232,3.7,14.1,DEV_TO_OCC
1717516769.0552273,232,3.8,14.1,DEV_TO_OCC
1717516769.056252,232,0.0,14.1,DEV_TO_OCC
1717516769.9603562,232,4.2,14.1,DEV_TO_OCC
1717516769.961366,232,0.0,14.1,DEV_TO_OCC
1717516770.8823054,232,4.0,14.1,DEV_TO_OCC
1717516770.9146898,232,15.4,14.1,DEV_TO_OCC
1717516772.1116397,232,3.3,14.1,DEV_TO_OCC
1717516772.1126342,232,0.0,14.1,DEV_TO_OCC
1717516773.0327158,232,3.1,14.1,DEV_TO_OCC
1717516773.0336752,232,0.0,14.1,DEV_TO_OCC
1717516773.2145967,338,22.6,14.1,OCC_TO_CU
1717516773.2155797,338,50.0,14.1,OCC_TO_CU
1717516773.216628,338,0.0,14.1,OCC_TO_CU
1717516773.2175663,338,0.0,14.1,OCC_TO_CU
1717516773.955726,232,4.5,14.1,DEV_TO_OCC
1717516773.95671,232,0.0,14.1,DEV_TO_OCC
1717516774.830796,232,3.7,14.1,DEV_TO_OCC
1717516774.91963,232,7.5,14.1,DEV_TO_OCC
1717516776.1046438,232,2.9,14.1,DEV_TO_OCC
1717516776.1056595,232,0.0,14.1,DEV_TO_OCC
1717516777.0265648,232,5.0,14.1,DEV_TO_OCC
1717516777.0276694,232,50.0,14.1,DEV_TO_OCC
1717516777.9479785,232,2.6,14.1,DEV_TO_OCC
1717516777.9489737,232,0.0,14.1,DEV_TO_OCC
1717516778.8696048,232,3.5,14.1,DEV_TO_OCC
1717516778.9259841,232,11.6,14.1,DEV_TO_OCC
1717516780.0985427,232,4.3,14.1,DEV_TO_OCC
1717516780.0997076,232,66.7,14.1,DEV_TO_OCC
1717516781.0204675,232,4.2,14.1,DEV_TO_OCC
1717516781.0216408,232,0.0,14.1,DEV_TO_OCC
1717516781.9417737,232,2.9,14.1,DEV_TO_OCC
1717516781.942895,232,0.0,14.1,DEV_TO_OCC
1717516782.8639684,232,3.3,14.1,DEV_TO_OCC
1717516782.9309907,232,9.8,14.1,DEV_TO_OCC
1717516783.2277255,338,7.8,14.1,OCC_TO_CU
1717516783.2286613,338,0.0,14.1,OCC_TO_CU
1717516783.2296782,338,0.0,14.1,OCC_TO_CU
1717516783.2306898,338,0.0,14.1,OCC_TO_CU
1717516784.0922203,232,4.5,14.1,DEV_TO_OCC
1717516784.0931275,232,0.0,14.1,DEV_TO_OCC
1717516785.0139265,232,4.2,14.1,DEV_TO_OCC
1717516785.0148375,232,0.0,14.1,DEV_TO_OCC
1717516785.935531,232,4.3,14.1,DEV_TO_OCC
1717516785.9364357,232,0.0,14.1,DEV_TO_OCC
1717516786.8567932,232,3.0,14.1,DEV_TO_OCC
1717516786.9269931,232,8.2,14.1,DEV_TO_OCC
1717516788.0858243,232,3.4,14.1,DEV_TO_OCC
1717516788.0866435,232,0.0,14.1,DEV_TO_OCC
1717516789.0082095,232,3.3,14.1,DEV_TO_OCC
1717516789.009247,232,0.0,14.1,DEV_TO_OCC
1717516789.8267274,232,4.6,14.1,DEV_TO_OCC
1717516790.0308268,232,4.1,14.1,DEV_TO_OCC
1717516790.8500953,232,4.7,14.1,DEV_TO_OCC
1717516790.9306645,232,8.2,14.1,DEV_TO_OCC
1717516792.0798905,232,2.8,14.1,DEV_TO_OCC
1717516792.0809739,232,0.0,14.1,DEV_TO_OCC
1717516792.8984206,232,2.8,14.1,DEV_TO_OCC
1717516792.9614358,232,6.8,14.1,DEV_TO_OCC
1717516793.2397764,338,8.6,14.1,OCC_TO_CU
1717516793.24073,338,0.0,14.1,OCC_TO_CU
1717516793.2416852,338,0.0,14.1,OCC_TO_CU
1717516793.2426014,338,0.0,14.1,OCC_TO_CU
1717516793.9226997,232,5.4,14.2,DEV_TO_OCC
1717516793.9310136,232,0.0,14.2,DEV_TO_OCC
1717516794.844353,232,4.9,14.2,DEV_TO_OCC
1717516794.9319065,232,4.9,14.2,DEV_TO_OCC
1717516796.0730188,232,3.1,14.2,DEV_TO_OCC
1717516796.0739036,232,0.0,14.2,DEV_TO_OCC
1717516796.994955,232,5.7,14.1,DEV_TO_OCC
1717516796.99613,232,50.0,14.1,DEV_TO_OCC
1717516797.9161456,232,3.7,14.1,DEV_TO_OCC
1717516797.936617,232,9.1,14.1,DEV_TO_OCC
1717516798.838556,232,4.4,14.1,DEV_TO_OCC
1717516798.9332366,232,6.2,14.1,DEV_TO_OCC
1717516799.8617375,232,4.4,14.1,DEV_TO_OCC
1717516800.083252,232,5.6,14.1,DEV_TO_OCC
1717516800.988529,232,3.7,14.1,DEV_TO_OCC
1717516800.9894483,232,0.0,14.1,DEV_TO_OCC
1717516801.9099329,232,4.5,14.2,DEV_TO_OCC
1717516801.9366097,232,21.2,14.2,DEV_TO_OCC
1717516803.1388907,232,3.6,14.2,DEV_TO_OCC
1717516803.139457,232,66.7,14.2,DEV_TO_OCC
1717516803.2518382,338,7.4,14.2,OCC_TO_CU
1717516803.252992,338,0.0,14.2,OCC_TO_CU
1717516803.2538857,338,0.0,14.2,OCC_TO_CU
1717516803.2546976,338,0.0,14.2,OCC_TO_CU
1717516804.0605218,232,2.9,14.2,DEV_TO_OCC
1717516804.0614452,232,0.0,14.2,DEV_TO_OCC
1717516804.87965,232,4.7,14.2,DEV_TO_OCC
1717516804.9445112,232,7.8,14.2,DEV_TO_OCC
1717516805.9038925,232,5.1,14.2,DEV_TO_OCC
1717516805.9416876,232,15.2,14.2,DEV_TO_OCC
1717516807.1346295,232,3.1,14.2,DEV_TO_OCC
1717516807.1356933,232,50.0,14.2,DEV_TO_OCC
1717516808.0553052,232,3.9,14.2,DEV_TO_OCC
1717516808.0562506,232,0.0,14.2,DEV_TO_OCC
1717516808.976135,232,3.5,14.2,DEV_TO_OCC
1717516808.9770973,232,0.0,14.2,DEV_TO_OCC
1717516809.897499,232,6.5,14.1,DEV_TO_OCC
1717516809.9454527,232,11.9,14.1,DEV_TO_OCC
1717516811.126467,232,3.7,14.1,DEV_TO_OCC
1717516811.1275387,232,66.7,14.1,DEV_TO_OCC
1717516812.0481799,232,3.0,14.1,DEV_TO_OCC
1717516812.0491192,232,0.0,14.1,DEV_TO_OCC
1717516812.9706244,232,3.2,14.1,DEV_TO_OCC
1717516812.9717457,232,100.0,14.1,DEV_TO_OCC
1717516813.2657075,338,7.6,14.1,OCC_TO_CU
1717516813.2669318,338,0.0,14.1,OCC_TO_CU
1717516813.268101,338,75.0,14.1,OCC_TO_CU
1717516813.2691362,338,0.0,14.1,OCC_TO_CU
1717516813.8910282,232,4.8,14.1,DEV_TO_OCC
1717516813.9533947,232,6.8,14.1,DEV_TO_OCC
1717516814.923954,232,4.6,14.1,DEV_TO_OCC
1717516814.9496963,232,10.0,14.1,DEV_TO_OCC
1717516816.0445023,232,3.6,14.2,DEV_TO_OCC
1717516816.0456762,232,0.0,14.2,DEV_TO_OCC
1717516816.963913,232,3.4,14.1,DEV_TO_OCC
1717516816.9651566,232,0.0,14.1,DEV_TO_OCC
1717516817.8848467,232,2.4,14.1,DEV_TO_OCC
1717516817.950136,232,6.5,14.1,DEV_TO_OCC
1717516819.1136549,232,4.4,14.2,DEV_TO_OCC
1717516819.1147807,232,0.0,14.2,DEV_TO_OCC
1717516820.0352595,232,4.4,14.2,DEV_TO_OCC
1717516820.0363147,232,0.0,14.2,DEV_TO_OCC
1717516820.9110818,232,10.5,14.1,DEV_TO_OCC
1717516820.947674,232,9.3,14.1,DEV_TO_OCC
1717516821.878787,232,3.0,14.1,DEV_TO_OCC
1717516821.9541056,232,7.9,14.1,DEV_TO_OCC
1717516823.1073327,232,3.0,14.1,DEV_TO_OCC
1717516823.1081846,232,0.0,14.1,DEV_TO_OCC
1717516823.2797298,338,6.9,14.1,OCC_TO_CU
1717516823.280592,338,0.0,14.1,OCC_TO_CU
1717516823.281406,338,0.0,14.1,OCC_TO_CU
1717516823.2822216,338,0.0,14.1,OCC_TO_CU
1717516824.034065,232,4.8,14.1,DEV_TO_OCC
1717516824.0350616,232,0.0,14.1,DEV_TO_OCC
1717516824.9503727,232,4.1,14.1,DEV_TO_OCC
1717516824.9515846,232,66.7,14.1,DEV_TO_OCC
1717516825.8722246,232,4.1,14.1,DEV_TO_OCC
1717516825.95738,232,25.3,14.1,DEV_TO_OCC
1717516827.1010444,232,2.6,14.1,DEV_TO_OCC
1717516827.1020288,232,0.0,14.1,DEV_TO_OCC
1717516828.022733,232,2.8,14.1,DEV_TO_OCC
1717516828.0238073,232,0.0,14.1,DEV_TO_OCC
1717516828.9483392,232,4.0,14.1,DEV_TO_OCC
1717516829.353399,232,6.3,14.1,DEV_TO_OCC
1717516829.8658545,232,2.3,14.1,DEV_TO_OCC
1717516829.963198,232,6.0,14.1,DEV_TO_OCC
1717516830.8896384,232,4.0,14.1,DEV_TO_OCC
1717516830.9600952,232,8.2,14.1,DEV_TO_OCC
1717516832.0173633,232,2.8,14.1,DEV_TO_OCC
1717516832.0182955,232,0.0,14.1,DEV_TO_OCC
1717516832.938336,232,3.4,14.1,DEV_TO_OCC
1717516832.9782052,232,14.0,14.1,DEV_TO_OCC
1717516833.2854614,338,8.0,14.1,OCC_TO_CU
1717516833.2863328,338,0.0,14.1,OCC_TO_CU
1717516833.2872415,338,75.0,14.1,OCC_TO_CU
1717516833.2882864,338,0.0,14.1,OCC_TO_CU
1717516833.9642754,232,5.9,14.1,DEV_TO_OCC
1717516833.96526,232,0.0,14.1,DEV_TO_OCC
1717516835.0886343,232,4.2,14.1,DEV_TO_OCC
1717516835.0895658,232,0.0,14.1,DEV_TO_OCC
1717516836.0103881,232,4.2,14.1,DEV_TO_OCC
1717516836.011432,232,66.7,14.1,DEV_TO_OCC
1717516836.9314678,232,3.6,14.1,DEV_TO_OCC
1717516836.9659975,232,10.0,14.1,DEV_TO_OCC
1717516838.1604955,232,3.4,14.1,DEV_TO_OCC
1717516838.1613176,232,0.0,14.1,DEV_TO_OCC
1717516839.0822175,232,2.9,14.1,DEV_TO_OCC
1717516839.0829647,232,0.0,14.1,DEV_TO_OCC
1717516840.0040472,232,4.4,14.1,DEV_TO_OCC
1717516840.0049853,232,0.0,14.1,DEV_TO_OCC
1717516840.925152,232,4.0,14.1,DEV_TO_OCC
1717516840.968773,232,13.2,14.1,DEV_TO_OCC
1717516842.1587777,232,3.1,14.1,DEV_TO_OCC
1717516842.159742,232,100.0,14.1,DEV_TO_OCC
1717516843.299386,338,4.1,14.1,OCC_TO_CU
1717516843.3002033,338,0.0,14.1,OCC_TO_CU
1717516843.301094,338,0.0,14.1,OCC_TO_CU
1717516843.3021228,338,0.0,14.1,OCC_TO_CU
1717516843.3101404,232,75.0,14.1,DEV_TO_OCC
1717516843.3126426,232,100.0,14.1,DEV_TO_OCC
1717516843.9974277,232,6.9,14.1,DEV_TO_OCC
1717516843.998363,232,0.0,14.1,DEV_TO_OCC
1717516844.919748,232,4.5,14.1,DEV_TO_OCC
1717516844.975878,232,7.6,14.1,DEV_TO_OCC
1717516846.1479225,232,3.1,14.1,DEV_TO_OCC
1717516846.1488655,232,0.0,14.1,DEV_TO_OCC
1717516847.0790567,232,3.0,14.1,DEV_TO_OCC
1717516847.0800831,232,100.0,14.1,DEV_TO_OCC
1717516847.9909494,232,3.4,14.1,DEV_TO_OCC
1717516847.9918382,232,100.0,14.1,DEV_TO_OCC
1717516849.2201881,232,3.6,14.1,DEV_TO_OCC
1717516849.2211146,232,0.0,14.1,DEV_TO_OCC
1717516850.1416388,232,3.1,14.1,DEV_TO_OCC
1717516850.1426003,232,0.0,14.1,DEV_TO_OCC
1717516851.1655023,232,4.1,14.1,DEV_TO_OCC
1717516851.1664639,232,0.0,14.1,DEV_TO_OCC
1717516851.9848328,232,3.7,14.1,DEV_TO_OCC
1717516852.058215,232,8.0,14.1,DEV_TO_OCC
1717516853.2137017,232,3.9,14.1,DEV_TO_OCC
1717516853.2145758,232,0.0,14.1,DEV_TO_OCC
1717516853.3117683,338,7.7,14.1,OCC_TO_CU
1717516853.3127255,338,0.0,14.1,OCC_TO_CU
1717516853.3136783,338,0.0,14.1,OCC_TO_CU
1717516853.314778,338,0.0,14.1,OCC_TO_CU
1717516854.1350453,232,5.0,14.1,DEV_TO_OCC
1717516854.1358702,232,100.0,14.1,DEV_TO_OCC
1717516855.0569375,232,3.6,14.1,DEV_TO_OCC
1717516855.0607343,232,25.0,14.1,DEV_TO_OCC
1717516856.2862613,232,3.8,14.1,DEV_TO_OCC
1717516856.2871203,232,0.0,14.1,DEV_TO_OCC
1717516857.0022194,232,3.3,14.1,DEV_TO_OCC
1717516857.0669017,232,11.5,14.1,DEV_TO_OCC
1717516858.1292765,232,3.5,14.1,DEV_TO_OCC
1717516858.130184,232,0.0,14.1,DEV_TO_OCC
1717516859.0506792,232,3.6,14.1,DEV_TO_OCC
1717516859.0629733,232,16.7,14.1,DEV_TO_OCC
1717516860.2795496,232,4.0,14.1,DEV_TO_OCC
1717516860.2801754,232,0.0,14.1,DEV_TO_OCC
1717516861.202048,232,2.9,14.1,DEV_TO_OCC
1717516861.2030687,232,0.0,14.1,DEV_TO_OCC
1717516862.12264,232,3.3,14.1,DEV_TO_OCC
1717516862.1236918,232,75.0,14.1,DEV_TO_OCC
1717516863.0441918,232,6.7,14.1,DEV_TO_OCC
1717516863.0706556,232,28.1,14.1,DEV_TO_OCC
1717516863.323814,338,8.2,14.1,OCC_TO_CU
1717516863.3248434,338,0.0,14.1,OCC_TO_CU
1717516863.3257773,338,0.0,14.1,OCC_TO_CU
1717516863.3266828,338,0.0,14.1,OCC_TO_CU
1717516864.2737012,232,4.0,14.2,DEV_TO_OCC
1717516864.2747512,232,0.0,14.2,DEV_TO_OCC
1717516865.1950822,232,3.7,14.2,DEV_TO_OCC
1717516865.196193,232,66.7,14.2,DEV_TO_OCC
1717516866.1165383,232,3.6,14.2,DEV_TO_OCC
1717516866.1176655,232,0.0,14.2,DEV_TO_OCC
1717516866.9971156,232,3.4,14.2,DEV_TO_OCC
1717516867.070025,232,9.3,14.2,DEV_TO_OCC
1717516868.2680647,232,3.6,14.2,DEV_TO_OCC
1717516868.2693384,232,0.0,14.2,DEV_TO_OCC
1717516869.1886194,232,6.2,14.1,DEV_TO_OCC
1717516869.1898122,232,0.0,14.1,DEV_TO_OCC
1717516870.1209345,232,3.7,14.1,DEV_TO_OCC
1717516870.1221414,232,0.0,14.1,DEV_TO_OCC
1717516871.0318234,232,3.7,14.1,DEV_TO_OCC
1717516871.0809302,232,15.3,14.1,DEV_TO_OCC
1717516872.2613044,232,2.7,14.1,DEV_TO_OCC
1717516872.2624905,232,0.0,14.1,DEV_TO_OCC
1717516873.1846325,232,3.7,14.1,DEV_TO_OCC
1717516873.1855586,232,0.0,14.1,DEV_TO_OCC
1717516873.337882,338,8.7,14.1,OCC_TO_CU
1717516873.3390253,338,0.0,14.1,OCC_TO_CU
1717516873.3399756,338,100.0,14.1,OCC_TO_CU
1717516873.3408344,338,0.0,14.1,OCC_TO_CU
1717516874.1041183,232,4.9,14.1,DEV_TO_OCC
1717516874.1049206,232,0.0,14.1,DEV_TO_OCC
1717516875.0264127,232,3.7,14.1,DEV_TO_OCC
1717516875.0802653,232,12.1,14.1,DEV_TO_OCC
1717516876.2559497,232,3.3,14.1,DEV_TO_OCC
1717516876.2568707,232,0.0,14.1,DEV_TO_OCC
1717516877.1802437,232,2.9,14.2,DEV_TO_OCC
1717516877.185564,232,20.0,14.2,DEV_TO_OCC
1717516878.099754,232,3.5,14.2,DEV_TO_OCC
1717516878.1002443,232,0.0,14.2,DEV_TO_OCC
1717516879.019252,232,4.9,14.1,DEV_TO_OCC
1717516879.0804343,232,5.6,14.1,DEV_TO_OCC
1717516880.248636,232,3.8,14.1,DEV_TO_OCC
1717516880.2493434,232,0.0,14.1,DEV_TO_OCC
1717516881.1698105,232,3.3,14.1,DEV_TO_OCC
1717516881.1709917,232,0.0,14.1,DEV_TO_OCC
1717516882.0915637,232,3.2,14.1,DEV_TO_OCC
1717516882.0925543,232,0.0,14.1,DEV_TO_OCC
1717516883.0125337,232,2.8,14.1,DEV_TO_OCC
1717516883.082332,232,13.6,14.2,DEV_TO_OCC
1717516883.3517454,338,15.7,14.1,OCC_TO_CU
1717516883.3526356,338,0.0,14.1,OCC_TO_CU
1717516883.3535259,338,0.0,14.1,OCC_TO_CU
1717516883.3544476,338,0.0,14.1,OCC_TO_CU
1717516884.2470045,232,4.1,14.1,DEV_TO_OCC
1717516884.2482798,232,100.0,14.1,DEV_TO_OCC
1717516885.1635253,232,4.4,14.1,DEV_TO_OCC
1717516885.1645262,232,0.0,14.1,DEV_TO_OCC
1717516886.0866458,232,4.6,14.1,DEV_TO_OCC
1717516886.087872,232,100.0,14.1,DEV_TO_OCC
1717516887.3142142,232,3.1,14.1,DEV_TO_OCC
1717516887.3154693,232,80.0,14.1,DEV_TO_OCC
1717516888.2357268,232,3.5,14.1,DEV_TO_OCC
1717516888.236699,232,0.0,14.1,DEV_TO_OCC
1717516889.1597865,232,3.2,14.1,DEV_TO_OCC
1717516889.1607049,232,0.0,14.1,DEV_TO_OCC
1717516890.0788455,232,4.1,14.1,DEV_TO_OCC
1717516890.0851457,232,33.3,14.1,DEV_TO_OCC
1717516891.2736535,232,4.6,14.1,DEV_TO_OCC
1717516891.274622,232,0.0,14.1,DEV_TO_OCC
1717516892.2295208,232,3.0,14.1,DEV_TO_OCC
1717516892.2305152,232,0.0,14.1,DEV_TO_OCC
1717516893.04962,232,3.1,14.2,DEV_TO_OCC
1717516893.0916846,232,32.1,14.2,DEV_TO_OCC
1717516893.3656013,338,4.9,14.2,OCC_TO_CU
1717516893.3665397,338,0.0,14.2,OCC_TO_CU
1717516893.3674319,338,80.0,14.2,OCC_TO_CU
1717516893.3682344,338,0.0,14.2,OCC_TO_CU
1717516894.0723426,232,3.7,14.2,DEV_TO_OCC
1717516894.088122,232,31.6,14.2,DEV_TO_OCC
1717516895.3022346,232,4.1,14.2,DEV_TO_OCC
1717516895.3031456,232,0.0,14.2,DEV_TO_OCC
1717516896.0177352,232,13.5,14.1,DEV_TO_OCC
1717516896.0894904,232,6.9,14.1,DEV_TO_OCC
1717516897.1450427,232,3.3,14.1,DEV_TO_OCC
1717516897.1460245,232,0.0,14.1,DEV_TO_OCC
1717516898.0045333,232,3.7,14.1,DEV_TO_OCC
1717516898.091681,232,15.7,14.1,DEV_TO_OCC
1717516899.295012,232,3.3,14.1,DEV_TO_OCC
1717516899.2959538,232,100.0,14.1,DEV_TO_OCC
1717516900.216434,232,3.2,14.1,DEV_TO_OCC
1717516900.2173564,232,0.0,14.1,DEV_TO_OCC
1717516901.1383498,232,4.0,14.1,DEV_TO_OCC
1717516901.1392703,232,75.0,14.1,DEV_TO_OCC
1717516902.0599012,232,3.4,14.1,DEV_TO_OCC
1717516902.099347,232,13.0,14.1,DEV_TO_OCC
1717516903.2896461,232,3.3,14.1,DEV_TO_OCC
1717516903.2905695,232,0.0,14.1,DEV_TO_OCC
1717516903.3765728,338,7.7,14.1,OCC_TO_CU
1717516903.377679,338,0.0,14.1,OCC_TO_CU
1717516903.3787518,338,0.0,14.1,OCC_TO_CU
1717516903.379817,338,100.0,14.1,OCC_TO_CU
1717516904.2106183,232,4.9,14.1,DEV_TO_OCC
1717516904.2117035,232,50.0,14.1,DEV_TO_OCC
1717516905.1318922,232,3.9,14.1,DEV_TO_OCC
1717516905.1328826,232,0.0,14.1,DEV_TO_OCC
1717516906.059058,232,3.9,14.1,DEV_TO_OCC
1717516906.0970595,232,17.0,14.1,DEV_TO_OCC
1717516907.282693,232,2.7,14.1,DEV_TO_OCC
1717516907.283664,232,50.0,14.1,DEV_TO_OCC
1717516908.204016,232,3.7,14.1,DEV_TO_OCC
1717516908.2049465,232,0.0,14.1,DEV_TO_OCC
1717516909.1256917,232,2.6,14.1,DEV_TO_OCC
1717516909.1265776,232,0.0,14.1,DEV_TO_OCC
1717516910.0473878,232,4.2,14.1,DEV_TO_OCC
1717516910.1039014,232,10.4,14.1,DEV_TO_OCC
1717516911.2766485,232,3.4,14.1,DEV_TO_OCC
1717516911.2775218,232,0.0,14.1,DEV_TO_OCC
1717516912.198087,232,3.3,14.1,DEV_TO_OCC
1717516912.19897,232,0.0,14.1,DEV_TO_OCC
1717516913.0742645,232,3.2,14.1,DEV_TO_OCC
1717516913.1027277,232,24.2,14.1,DEV_TO_OCC
1717516913.3909678,338,3.8,14.1,OCC_TO_CU
1717516913.3925283,338,50.0,14.1,OCC_TO_CU
1717516913.3939662,338,0.0,14.1,OCC_TO_CU
1717516913.3949943,338,0.0,14.1,OCC_TO_CU
1717516914.0409935,232,4.4,14.1,DEV_TO_OCC
1717516914.1035058,232,12.8,14.1,DEV_TO_OCC
1717516915.2704258,232,3.7,14.1,DEV_TO_OCC
1717516915.2712493,232,100.0,14.1,DEV_TO_OCC
1717516916.1916537,232,4.1,14.1,DEV_TO_OCC
1717516916.192617,232,0.0,14.1,DEV_TO_OCC
1717516917.1150696,232,3.1,14.1,DEV_TO_OCC
1717516917.1165075,232,0.0,14.1,DEV_TO_OCC
1717516918.034461,232,3.0,14.1,DEV_TO_OCC
1717516918.104559,232,20.2,14.1,DEV_TO_OCC
1717516919.2642348,232,4.2,14.1,DEV_TO_OCC
1717516919.265398,232,0.0,14.1,DEV_TO_OCC
1717516920.2169917,232,7.4,14.1,DEV_TO_OCC
1717516921.107052,232,3.7,14.1,DEV_TO_OCC
1717516921.1079683,232,0.0,14.1,DEV_TO_OCC
1717516922.0282354,232,2.8,14.1,DEV_TO_OCC
1717516922.1097596,232,9.3,14.1,DEV_TO_OCC
1717516923.2572672,232,3.1,14.1,DEV_TO_OCC
1717516923.2583969,232,0.0,14.1,DEV_TO_OCC
1717516923.4037364,338,10.2,14.1,OCC_TO_CU
1717516923.4048362,338,0.0,14.1,OCC_TO_CU
1717516923.4058232,338,0.0,14.1,OCC_TO_CU
1717516923.4067008,338,0.0,14.1,OCC_TO_CU
1717516924.179063,232,5.1,14.1,DEV_TO_OCC
1717516924.179997,232,0.0,14.1,DEV_TO_OCC
1717516925.1003203,232,4.2,14.1,DEV_TO_OCC
1717516925.110176,232,27.3,14.1,DEV_TO_OCC
1717516926.0245779,232,3.6,14.1,DEV_TO_OCC
1717516926.1112578,232,5.9,14.1,DEV_TO_OCC
1717516927.2530284,232,2.9,14.1,DEV_TO_OCC
1717516927.2539465,232,0.0,14.1,DEV_TO_OCC
1717516928.172529,232,3.2,14.1,DEV_TO_OCC
1717516928.1734586,232,0.0,14.1,DEV_TO_OCC
1717516929.093856,232,5.3,14.1,DEV_TO_OCC
1717516929.113784,232,34.6,14.1,DEV_TO_OCC
1717516930.3292534,232,3.6,14.1,DEV_TO_OCC
1717516930.3301256,232,0.0,14.1,DEV_TO_OCC
1717516931.244532,232,3.7,14.1,DEV_TO_OCC
1717516931.2454093,232,0.0,14.1,DEV_TO_OCC
1717516932.1667283,232,3.2,14.1,DEV_TO_OCC
1717516932.1677763,232,100.0,14.1,DEV_TO_OCC
1717516933.0874395,232,3.2,14.1,DEV_TO_OCC
1717516933.1173637,232,13.9,14.1,DEV_TO_OCC
1717516933.4157555,338,2.8,14.1,OCC_TO_CU
1717516933.4175308,338,0.0,14.1,OCC_TO_CU
1717516933.4186678,338,0.0,14.1,OCC_TO_CU
1717516933.4198384,338,100.0,14.1,OCC_TO_CU
1717516934.316829,232,4.1,14.1,DEV_TO_OCC
1717516934.3178246,232,0.0,14.1,DEV_TO_OCC
1717516935.2381825,232,4.5,14.1,DEV_TO_OCC
1717516935.2386153,232,0.0,14.1,DEV_TO_OCC
1717516936.1599574,232,3.1,14.2,DEV_TO_OCC
1717516936.160898,232,0.0,14.2,DEV_TO_OCC
1717516937.0816677,232,3.8,14.1,DEV_TO_OCC
1717516937.1205652,232,67.4,14.1,DEV_TO_OCC
1717516938.107077,232,3.6,14.1,DEV_TO_OCC
1717516938.1195753,232,44.4,14.1,DEV_TO_OCC
1717516939.2321186,232,2.5,14.1,DEV_TO_OCC
1717516939.2330263,232,0.0,14.1,DEV_TO_OCC
1717516940.1558106,232,4.4,14.1,DEV_TO_OCC
1717516940.1567178,232,0.0,14.1,DEV_TO_OCC
1717516941.0749018,232,3.7,14.1,DEV_TO_OCC
1717516941.1237829,232,13.1,14.1,DEV_TO_OCC
1717516942.304186,232,2.6,14.1,DEV_TO_OCC
1717516942.305164,232,0.0,14.1,DEV_TO_OCC
1717516943.2257504,232,4.2,14.1,DEV_TO_OCC
1717516943.2267494,232,0.0,14.1,DEV_TO_OCC
1717516943.4310956,338,4.9,14.1,OCC_TO_CU
1717516943.4320061,338,66.7,14.1,OCC_TO_CU
1717516943.4328759,338,0.0,14.1,OCC_TO_CU
1717516943.43372,338,0.0,14.1,OCC_TO_CU
1717516944.05004,232,3.8,14.1,DEV_TO_OCC
1717516944.128169,232,10.9,14.1,DEV_TO_OCC
1717516945.068867,232,3.4,14.1,DEV_TO_OCC
1717516945.1317124,232,14.1,14.1,DEV_TO_OCC
1717516946.2982013,232,3.6,14.1,DEV_TO_OCC
1717516946.2992275,232,80.0,14.1,DEV_TO_OCC
1717516947.1179497,232,2.8,14.1,DEV_TO_OCC
1717516947.125698,232,40.0,14.1,DEV_TO_OCC
1717516948.1413798,232,5.7,14.1,DEV_TO_OCC
1717516948.1423843,232,0.0,14.1,DEV_TO_OCC
1717516949.17228,232,3.4,14.2,DEV_TO_OCC
1717516949.210941,232,17.0,14.1,DEV_TO_OCC
1717516950.2914765,232,3.8,14.2,DEV_TO_OCC
1717516950.2925045,232,0.0,14.2,DEV_TO_OCC
1717516951.2131486,232,2.6,14.2,DEV_TO_OCC
1717516951.2141829,232,0.0,14.2,DEV_TO_OCC
1717516952.1348786,232,3.3,14.1,DEV_TO_OCC
1717516952.1360812,232,66.7,14.1,DEV_TO_OCC
1717516953.0563588,232,2.6,14.1,DEV_TO_OCC
1717516953.1294596,232,12.6,14.1,DEV_TO_OCC
1717516953.4437025,338,2.9,14.1,OCC_TO_CU
1717516953.4446495,338,0.0,14.1,OCC_TO_CU
1717516953.446558,338,0.0,14.1,OCC_TO_CU
1717516953.4477007,338,100.0,14.1,OCC_TO_CU
1717516954.0811765,232,3.4,14.1,DEV_TO_OCC
1717516954.1515536,232,14.3,14.1,DEV_TO_OCC
1717516955.2108471,232,3.6,14.2,DEV_TO_OCC
1717516955.2117915,232,50.0,14.2,DEV_TO_OCC
1717516956.128234,232,3.8,14.2,DEV_TO_OCC
1717516956.1577008,232,17.1,14.2,DEV_TO_OCC
1717516957.0500362,232,2.7,14.2,DEV_TO_OCC
1717516957.1322868,232,9.0,14.2,DEV_TO_OCC
1717516958.2814047,232,3.0,14.2,DEV_TO_OCC
1717516958.2823055,232,0.0,14.2,DEV_TO_OCC
1717516959.0583568,232,3.7,14.2,DEV_TO_OCC
1717516959.1340864,232,12.1,14.2,DEV_TO_OCC
1717516960.1225808,232,3.3,14.2,DEV_TO_OCC
1717516960.1375673,232,23.5,14.2,DEV_TO_OCC
1717516961.3514352,232,3.6,14.2,DEV_TO_OCC
1717516961.3525991,232,0.0,14.2,DEV_TO_OCC
1717516962.2725813,232,5.5,14.1,DEV_TO_OCC
1717516962.2734742,232,0.0,14.1,DEV_TO_OCC
1717516963.194203,232,3.4,14.1,DEV_TO_OCC
1717516963.195084,232,0.0,14.1,DEV_TO_OCC
1717516963.4590042,338,5.1,14.1,OCC_TO_CU
1717516963.4600067,338,0.0,14.1,OCC_TO_CU
1717516963.4609072,338,0.0,14.1,OCC_TO_CU
1717516963.4620295,338,0.0,14.1,OCC_TO_CU
1717516964.1158643,232,4.0,14.1,DEV_TO_OCC
1717516964.1646564,232,10.2,14.1,DEV_TO_OCC
1717516965.3454974,232,3.5,14.2,DEV_TO_OCC
1717516965.3464856,232,0.0,14.2,DEV_TO_OCC
1717516966.04301,232,4.1,14.2,DEV_TO_OCC
1717516966.1399417,232,8.5,14.2,DEV_TO_OCC
1717516967.041519,232,2.9,14.2,DEV_TO_OCC
1717516967.2987127,232,3.9,14.2,DEV_TO_OCC
1717516968.0424097,232,2.7,14.2,DEV_TO_OCC
1717516968.1407266,232,21.1,14.2,DEV_TO_OCC
1717516969.3404639,232,7.1,14.1,DEV_TO_OCC
1717516969.3413653,232,0.0,14.1,DEV_TO_OCC
1717516970.260057,232,4.1,14.1,DEV_TO_OCC
1717516970.260461,232,0.0,14.1,DEV_TO_OCC
1717516971.0793412,232,3.1,14.1,DEV_TO_OCC
1717516971.142471,232,8.1,14.1,DEV_TO_OCC
1717516972.1031065,232,3.1,14.1,DEV_TO_OCC
1717516972.1499624,232,12.3,14.1,DEV_TO_OCC
1717516973.3322184,232,3.2,14.1,DEV_TO_OCC
1717516973.3331578,232,0.0,14.1,DEV_TO_OCC
1717516973.471772,338,8.9,14.1,OCC_TO_CU
1717516973.4729319,338,0.0,14.1,OCC_TO_CU
1717516973.4741669,338,0.0,14.1,OCC_TO_CU
1717516973.4753373,338,100.0,14.1,OCC_TO_CU
1717516974.2538903,232,4.2,14.1,DEV_TO_OCC
1717516974.2551434,232,0.0,14.1,DEV_TO_OCC
1717516975.0458243,232,4.0,14.1,DEV_TO_OCC
1717516975.1458464,232,9.1,14.1,DEV_TO_OCC
1717516976.096682,232,3.9,14.1,DEV_TO_OCC
1717516976.1520898,232,13.2,14.1,DEV_TO_OCC
1717516977.3381064,232,3.9,14.1,DEV_TO_OCC
1717516977.3392777,232,75.0,14.1,DEV_TO_OCC
1717516978.2497237,232,3.0,14.1,DEV_TO_OCC
1717516978.2506404,232,0.0,14.1,DEV_TO_OCC
1717516979.1688948,232,3.7,14.1,DEV_TO_OCC
1717516979.169747,232,0.0,14.1,DEV_TO_OCC
1717516980.0906541,232,3.5,14.1,DEV_TO_OCC
1717516980.1531231,232,13.2,14.1,DEV_TO_OCC
1717516981.3193893,232,3.8,14.1,DEV_TO_OCC
1717516981.320208,232,0.0,14.1,DEV_TO_OCC
1717516982.2432628,232,3.1,14.1,DEV_TO_OCC
1717516982.2442625,232,0.0,14.1,DEV_TO_OCC
1717516983.1628118,232,3.5,14.1,DEV_TO_OCC
1717516983.1637046,232,50.0,14.1,DEV_TO_OCC
1717516983.4837818,338,3.2,14.1,OCC_TO_CU
1717516983.4848063,338,0.0,14.1,OCC_TO_CU
1717516983.485769,338,0.0,14.1,OCC_TO_CU
1717516983.4868648,338,0.0,14.1,OCC_TO_CU
1717516984.0845847,232,3.4,14.1,DEV_TO_OCC
1717516984.1506643,232,16.3,14.1,DEV_TO_OCC
1717516985.3134701,232,4.2,14.1,DEV_TO_OCC
1717516985.314379,232,0.0,14.1,DEV_TO_OCC
1717516986.1321933,232,3.8,14.2,DEV_TO_OCC
1717516986.1549368,232,25.9,14.2,DEV_TO_OCC
1717516987.1568248,232,3.0,14.2,DEV_TO_OCC
1717516987.1578014,232,0.0,14.2,DEV_TO_OCC
1717516988.0775526,232,4.0,14.2,DEV_TO_OCC
1717516988.1574118,232,11.7,14.2,DEV_TO_OCC
1717516989.3078728,232,2.8,14.2,DEV_TO_OCC
1717516989.3090608,232,0.0,14.2,DEV_TO_OCC
1717516990.063122,232,4.6,14.2,DEV_TO_OCC
1717516990.1640992,232,7.4,14.2,DEV_TO_OCC
1717516991.2526233,232,3.3,14.2,DEV_TO_OCC
1717516991.2536705,232,0.0,14.2,DEV_TO_OCC
1717516992.0721762,232,5.5,14.2,DEV_TO_OCC
1717516992.1563373,232,7.1,14.2,DEV_TO_OCC
1717516993.3007104,232,3.0,14.2,DEV_TO_OCC
1717516993.301726,232,0.0,14.2,DEV_TO_OCC
1717516993.495784,338,6.8,14.2,OCC_TO_CU
1717516993.4966996,338,0.0,14.2,OCC_TO_CU
1717516993.497732,338,0.0,14.2,OCC_TO_CU
1717516993.4988098,338,0.0,14.2,OCC_TO_CU
1717516994.2518423,232,8.3,14.1,DEV_TO_OCC
1717516995.1445467,232,6.9,14.1,DEV_TO_OCC
1717516995.1455116,232,0.0,14.1,DEV_TO_OCC
1717516996.0665948,232,3.6,14.1,DEV_TO_OCC
1717516996.0676138,232,100.0,14.1,DEV_TO_OCC
1717516997.2949338,232,2.6,14.1,DEV_TO_OCC
1717516997.2959676,232,100.0,14.1,DEV_TO_OCC
1717516998.217956,232,3.4,14.1,DEV_TO_OCC
1717516998.219332,232,80.0,14.1,DEV_TO_OCC
1717516999.1376529,232,3.4,14.1,DEV_TO_OCC
1717516999.138606,232,0.0,14.1,DEV_TO_OCC
1717517000.0590198,232,3.4,14.1,DEV_TO_OCC
1717517000.0641997,232,33.3,14.1,DEV_TO_OCC
1717517001.2880232,232,3.5,14.1,DEV_TO_OCC
1717517001.2889779,232,0.0,14.1,DEV_TO_OCC
1717517002.2102363,232,3.3,14.1,DEV_TO_OCC
1717517002.2112033,232,75.0,14.1,DEV_TO_OCC
1717517003.1324532,232,3.5,14.1,DEV_TO_OCC
1717517003.1328983,232,0.0,14.1,DEV_TO_OCC
1717517003.509964,338,2.9,14.1,OCC_TO_CU
1717517003.511091,338,0.0,14.1,OCC_TO_CU
1717517003.5121584,338,100.0,14.1,OCC_TO_CU
1717517003.513162,338,0.0,14.1,OCC_TO_CU
1717517004.1556654,232,4.5,14.1,DEV_TO_OCC
1717517004.1565576,232,0.0,14.1,DEV_TO_OCC
1717517005.193888,232,5.4,14.2,DEV_TO_OCC
1717517005.1950688,232,0.0,14.2,DEV_TO_OCC
1717517006.0454268,232,7.1,14.1,DEV_TO_OCC
1717517006.0688436,232,14.8,14.1,DEV_TO_OCC
1717517007.125417,232,3.6,14.1,DEV_TO_OCC
1717517007.126417,232,0.0,14.1,DEV_TO_OCC
1717517008.3545737,232,3.4,14.1,DEV_TO_OCC
1717517008.3555553,232,66.7,14.1,DEV_TO_OCC
1717517009.3143947,232,3.1,14.1,DEV_TO_OCC
1717517009.3154225,232,75.0,14.1,DEV_TO_OCC
1717517010.1980076,232,4.1,14.1,DEV_TO_OCC
1717517010.1989202,232,0.0,14.1,DEV_TO_OCC
1717517011.1189277,232,3.4,14.1,DEV_TO_OCC
1717517011.1199005,232,50.0,14.1,DEV_TO_OCC
1717517012.2751973,232,2.8,14.1,DEV_TO_OCC
1717517012.2762022,232,0.0,14.1,DEV_TO_OCC
1717517013.2701745,232,3.4,14.1,DEV_TO_OCC
1717517013.2710798,232,0.0,14.1,DEV_TO_OCC
1717517013.5237594,338,5.3,14.1,OCC_TO_CU
1717517013.5246892,338,0.0,14.1,OCC_TO_CU
1717517013.5254636,338,0.0,14.1,OCC_TO_CU
1717517013.5264945,338,0.0,14.1,OCC_TO_CU
1717517014.190645,232,5.0,14.1,DEV_TO_OCC
1717517014.191616,232,50.0,14.1,DEV_TO_OCC
1717517015.1122494,232,3.7,14.1,DEV_TO_OCC
1717517015.113206,232,0.0,14.1,DEV_TO_OCC
1717517016.3426294,232,3.7,14.1,DEV_TO_OCC
1717517016.343501,232,100.0,14.1,DEV_TO_OCC
1717517017.2633157,232,2.9,14.1,DEV_TO_OCC
1717517017.264247,232,0.0,14.1,DEV_TO_OCC
1717517018.185562,232,3.4,14.1,DEV_TO_OCC
1717517018.186479,232,0.0,14.1,DEV_TO_OCC
1717517019.1063821,232,3.0,14.1,DEV_TO_OCC
1717517019.1071784,232,0.0,14.1,DEV_TO_OCC
1717517020.3348122,232,3.7,14.1,DEV_TO_OCC
1717517020.3357399,232,50.0,14.1,DEV_TO_OCC
1717517021.0546734,232,3.2,14.1,DEV_TO_OCC
1717517021.0809586,232,20.6,14.1,DEV_TO_OCC
1717517022.1781888,232,3.0,14.1,DEV_TO_OCC
1717517022.1791399,232,0.0,14.1,DEV_TO_OCC
1717517023.4102252,232,3.5,14.1,DEV_TO_OCC
1717517023.4110267,232,0.0,14.1,DEV_TO_OCC
1717517023.536011,338,8.0,14.1,OCC_TO_CU
1717517023.5370517,338,0.0,14.1,OCC_TO_CU
1717517023.5378966,338,0.0,14.1,OCC_TO_CU
1717517023.5388777,338,0.0,14.1,OCC_TO_CU
1717517024.3283353,232,4.2,14.1,DEV_TO_OCC
1717517024.3291526,232,0.0,14.1,DEV_TO_OCC
1717517025.2499864,232,4.5,14.2,DEV_TO_OCC
1717517025.2508655,232,0.0,14.2,DEV_TO_OCC
1717517026.1722064,232,3.2,14.1,DEV_TO_OCC
1717517026.173179,232,0.0,14.1,DEV_TO_OCC
1717517027.093208,232,3.1,14.1,DEV_TO_OCC
1717517027.0940595,232,0.0,14.1,DEV_TO_OCC
1717517028.3549397,232,3.4,14.2,DEV_TO_OCC
1717517028.355933,232,66.7,14.2,DEV_TO_OCC
1717517029.246716,232,3.5,14.1,DEV_TO_OCC
1717517029.247697,232,50.0,14.1,DEV_TO_OCC
1717517030.1680021,232,3.6,14.2,DEV_TO_OCC
1717517030.1689541,232,0.0,14.2,DEV_TO_OCC
1717517031.0901444,232,3.8,14.2,DEV_TO_OCC
1717517031.097415,232,40.0,14.2,DEV_TO_OCC
1717517032.3186455,232,2.8,14.2,DEV_TO_OCC
1717517032.3197353,232,66.7,14.2,DEV_TO_OCC
1717517033.2401726,232,3.5,14.2,DEV_TO_OCC
1717517033.2410762,232,0.0,14.2,DEV_TO_OCC
1717517033.5495765,338,4.6,14.2,OCC_TO_CU
1717517033.5508642,338,0.0,14.2,OCC_TO_CU
1717517033.5520742,338,50.0,14.2,OCC_TO_CU
1717517033.5531943,338,0.0,14.2,OCC_TO_CU
1717517034.1617444,232,9.5,14.2,DEV_TO_OCC
1717517034.1625733,232,0.0,14.2,DEV_TO_OCC
1717517035.0826337,232,4.0,14.2,DEV_TO_OCC
1717517035.092198,232,20.0,14.2,DEV_TO_OCC
1717517036.2709904,232,3.3,14.2,DEV_TO_OCC
1717517036.2721653,232,66.7,14.2,DEV_TO_OCC
1717517037.334369,232,2.8,14.2,DEV_TO_OCC
1717517037.335318,232,75.0,14.2,DEV_TO_OCC
1717517038.1527214,232,5.9,14.1,DEV_TO_OCC
1717517038.153422,232,0.0,14.1,DEV_TO_OCC
1717517039.3819902,232,3.1,14.1,DEV_TO_OCC
1717517039.3830502,232,0.0,14.1,DEV_TO_OCC
1717517040.0984147,232,5.0,14.1,DEV_TO_OCC
1717517040.0992742,232,100.0,14.1,DEV_TO_OCC
1717517041.1038299,232,3.6,14.2,DEV_TO_OCC
1717517041.1047492,232,0.0,14.2,DEV_TO_OCC
1717517042.1521714,232,3.2,14.2,DEV_TO_OCC
1717517042.153146,232,0.0,14.2,DEV_TO_OCC
1717517043.3757038,232,3.3,14.2,DEV_TO_OCC
1717517043.3766377,232,0.0,14.2,DEV_TO_OCC
1717517043.5636227,338,36.6,14.1,OCC_TO_CU
1717517043.5641873,338,0.0,14.1,OCC_TO_CU
1717517043.5647926,338,0.0,14.1,OCC_TO_CU
1717517043.565216,338,0.0,14.1,OCC_TO_CU
1717517044.0920084,232,3.7,14.1,DEV_TO_OCC
1717517044.0984795,232,28.6,14.1,DEV_TO_OCC
1717517045.2187996,232,3.5,14.1,DEV_TO_OCC
1717517045.21968,232,66.7,14.1,DEV_TO_OCC
1717517046.1405022,232,3.4,14.1,DEV_TO_OCC
1717517046.1416354,232,0.0,14.1,DEV_TO_OCC
1717517047.369525,232,3.3,14.1,DEV_TO_OCC
1717517047.3706446,232,0.0,14.1,DEV_TO_OCC
1717517048.291732,232,3.6,14.1,DEV_TO_OCC
1717517048.2929,232,0.0,14.1,DEV_TO_OCC
1717517049.2124667,232,4.3,14.1,DEV_TO_OCC
1717517049.2136974,232,0.0,14.1,DEV_TO_OCC
1717517050.1341066,232,3.4,14.1,DEV_TO_OCC
1717517050.135243,232,75.0,14.1,DEV_TO_OCC
1717517051.3633633,232,5.6,14.1,DEV_TO_OCC
1717517051.3643928,232,0.0,14.1,DEV_TO_OCC
1717517052.1821067,232,2.9,14.1,DEV_TO_OCC
1717517052.1831982,232,80.0,14.1,DEV_TO_OCC
1717517053.2092953,232,3.2,14.1,DEV_TO_OCC
1717517053.210183,232,0.0,14.1,DEV_TO_OCC
1717517053.5759237,338,4.3,14.1,OCC_TO_CU
1717517053.5768769,338,0.0,14.1,OCC_TO_CU
1717517053.5777943,338,0.0,14.1,OCC_TO_CU
1717517053.5787556,338,0.0,14.1,OCC_TO_CU
1717517054.1280587,232,4.1,14.1,DEV_TO_OCC
1717517054.1289783,232,0.0,14.1,DEV_TO_OCC
1717517055.356854,232,3.9,14.1,DEV_TO_OCC
1717517055.3576088,232,0.0,14.1,DEV_TO_OCC
1717517056.2832596,232,4.0,14.1,DEV_TO_OCC
1717517056.2842422,232,0.0,14.1,DEV_TO_OCC
1717517057.2002401,232,3.2,14.1,DEV_TO_OCC
1717517057.2013159,232,0.0,14.1,DEV_TO_OCC
1717517058.1215434,232,3.2,14.1,DEV_TO_OCC
1717517058.1219943,232,0.0,14.1,DEV_TO_OCC
1717517059.35075,232,2.7,14.1,DEV_TO_OCC
1717517059.3517113,232,50.0,14.1,DEV_TO_OCC
1717517060.2730792,232,4.4,14.1,DEV_TO_OCC
1717517060.2740254,232,0.0,14.1,DEV_TO_OCC
1717517061.196141,232,3.3,14.1,DEV_TO_OCC
1717517061.1971588,232,0.0,14.1,DEV_TO_OCC
1717517062.115422,232,4.9,14.1,DEV_TO_OCC
1717517062.116446,232,0.0,14.1,DEV_TO_OCC
1717517063.3451312,232,2.9,14.1,DEV_TO_OCC
1717517063.3461409,232,0.0,14.1,DEV_TO_OCC
1717517063.5885527,338,5.5,14.1,OCC_TO_CU
1717517063.589553,338,0.0,14.1,OCC_TO_CU
1717517063.5906637,338,0.0,14.1,OCC_TO_CU
1717517063.5916243,338,100.0,14.1,OCC_TO_CU
1717517064.2657785,232,5.7,14.1,DEV_TO_OCC
1717517064.2667153,232,0.0,14.1,DEV_TO_OCC
1717517065.188745,232,3.8,14.1,DEV_TO_OCC
1717517065.1896892,232,0.0,14.1,DEV_TO_OCC
1717517066.1108992,232,4.0,14.2,DEV_TO_OCC
1717517066.114902,232,40.0,14.2,DEV_TO_OCC
1717517067.1356792,232,3.3,14.1,DEV_TO_OCC
1717517067.1369758,232,0.0,14.1,DEV_TO_OCC
1717517068.2593224,232,5.1,14.1,DEV_TO_OCC
1717517068.2600493,232,0.0,14.1,DEV_TO_OCC
1717517069.2984612,232,3.0,14.1,DEV_TO_OCC
1717517069.2994926,232,50.0,14.1,DEV_TO_OCC
1717517070.409898,232,4.2,14.1,DEV_TO_OCC
1717517070.41084,232,0.0,14.1,DEV_TO_OCC
1717517071.3315122,232,3.5,14.1,DEV_TO_OCC
1717517071.332519,232,0.0,14.1,DEV_TO_OCC
1717517072.2692156,232,2.4,14.1,DEV_TO_OCC
1717517072.2701478,232,0.0,14.1,DEV_TO_OCC
1717517073.1764233,232,5.4,14.1,DEV_TO_OCC
1717517073.1772158,232,0.0,14.1,DEV_TO_OCC
1717517073.602849,338,3.3,14.1,OCC_TO_CU
1717517073.6037452,338,66.7,14.1,OCC_TO_CU
1717517073.6046233,338,0.0,14.1,OCC_TO_CU
1717517073.6056228,338,0.0,14.1,OCC_TO_CU
1717517074.1993399,232,5.9,14.1,DEV_TO_OCC
1717517074.2003381,232,0.0,14.1,DEV_TO_OCC
1717517075.325909,232,3.6,14.1,DEV_TO_OCC
1717517075.3268201,232,0.0,14.1,DEV_TO_OCC
1717517076.1468844,232,3.6,14.1,DEV_TO_OCC
1717517076.1478612,232,50.0,14.1,DEV_TO_OCC
1717517077.17831,232,3.0,14.1,DEV_TO_OCC
1717517077.1793733,232,100.0,14.1,DEV_TO_OCC
1717517078.3974805,232,3.4,14.1,DEV_TO_OCC
1717517078.3983634,232,0.0,14.1,DEV_TO_OCC
1717517079.3215406,232,3.5,14.1,DEV_TO_OCC
1717517079.322466,232,0.0,14.1,DEV_TO_OCC
1717517080.245659,232,3.7,14.1,DEV_TO_OCC
1717517080.2464614,232,0.0,14.1,DEV_TO_OCC
1717517081.16812,232,3.6,14.1,DEV_TO_OCC
1717517081.1690345,232,0.0,14.1,DEV_TO_OCC
1717517082.3464212,232,3.3,14.1,DEV_TO_OCC
1717517082.3474731,232,50.0,14.1,DEV_TO_OCC
1717517083.3126938,232,3.6,14.1,DEV_TO_OCC
1717517083.3136032,232,0.0,14.1,DEV_TO_OCC
1717517083.6157804,338,5.0,14.1,OCC_TO_CU
1717517083.6167684,338,0.0,14.1,OCC_TO_CU
1717517083.6177213,338,0.0,14.1,OCC_TO_CU
1717517083.61869,338,0.0,14.1,OCC_TO_CU
1717517084.1328418,232,4.7,14.1,DEV_TO_OCC
1717517084.1338916,232,0.0,14.1,DEV_TO_OCC
1717517085.1558523,232,3.6,14.1,DEV_TO_OCC
1717517085.156808,232,0.0,14.1,DEV_TO_OCC
1717517086.1553783,232,4.2,14.1,DEV_TO_OCC
1717517086.1562681,232,0.0,14.1,DEV_TO_OCC
1717517087.3177423,232,3.4,14.1,DEV_TO_OCC
1717517087.3186586,232,0.0,14.1,DEV_TO_OCC
1717517088.239843,232,3.3,14.1,DEV_TO_OCC
1717517088.2408922,232,0.0,14.1,DEV_TO_OCC
1717517089.1495922,232,3.1,14.1,DEV_TO_OCC
1717517089.1506178,232,0.0,14.1,DEV_TO_OCC
1717517090.390091,232,3.2,14.1,DEV_TO_OCC
1717517090.3911014,232,0.0,14.1,DEV_TO_OCC
1717517091.3002558,232,5.5,14.1,DEV_TO_OCC
1717517091.3011854,232,0.0,14.1,DEV_TO_OCC
1717517092.227135,232,3.3,14.1,DEV_TO_OCC
1717517092.228145,232,50.0,14.1,DEV_TO_OCC
1717517093.144468,232,3.5,14.1,DEV_TO_OCC
1717517093.1475976,232,33.3,14.1,DEV_TO_OCC
1717517093.6279907,338,3.0,14.1,OCC_TO_CU
1717517093.6289408,338,0.0,14.1,OCC_TO_CU
1717517093.6298661,338,0.0,14.1,OCC_TO_CU
1717517093.6307533,338,0.0,14.1,OCC_TO_CU
1717517094.1675162,232,5.2,14.1,DEV_TO_OCC
1717517094.1684391,232,0.0,14.1,DEV_TO_OCC
1717517095.2937722,232,3.1,14.1,DEV_TO_OCC
1717517095.2945743,232,0.0,14.1,DEV_TO_OCC
1717517096.2152543,232,3.5,14.1,DEV_TO_OCC
1717517096.2161326,232,0.0,14.1,DEV_TO_OCC
1717517097.136849,232,2.5,14.1,DEV_TO_OCC
1717517097.141566,232,28.6,14.1,DEV_TO_OCC
1717517098.1609309,232,4.0,14.1,DEV_TO_OCC
1717517098.1617265,232,0.0,14.1,DEV_TO_OCC
1717517099.1849751,232,2.9,14.1,DEV_TO_OCC
1717517099.185833,232,0.0,14.1,DEV_TO_OCC
1717517100.2089472,232,3.9,14.1,DEV_TO_OCC
1717517100.2098205,232,0.0,14.1,DEV_TO_OCC
1717517101.438155,232,3.9,14.2,DEV_TO_OCC
1717517101.439085,232,0.0,14.2,DEV_TO_OCC
1717517102.3752327,232,3.0,14.2,DEV_TO_OCC
1717517102.376578,232,0.0,14.2,DEV_TO_OCC
1717517103.2826207,232,4.1,14.2,DEV_TO_OCC
1717517103.2837045,232,50.0,14.2,DEV_TO_OCC
1717517103.6400278,338,4.4,14.2,OCC_TO_CU
1717517103.641025,338,0.0,14.2,OCC_TO_CU
1717517103.6419816,338,0.0,14.2,OCC_TO_CU
1717517103.6430745,338,0.0,14.2,OCC_TO_CU
1717517104.2027256,232,4.3,14.2,DEV_TO_OCC
1717517104.2429628,232,16.3,14.2,DEV_TO_OCC
1717517105.432026,232,3.9,14.2,DEV_TO_OCC
1717517105.4329457,232,0.0,14.2,DEV_TO_OCC
1717517106.353613,232,3.5,14.2,DEV_TO_OCC
1717517106.354623,232,0.0,14.2,DEV_TO_OCC
1717517107.2784908,232,3.4,14.2,DEV_TO_OCC
1717517107.279565,232,50.0,14.2,DEV_TO_OCC
1717517108.200011,232,3.3,14.2,DEV_TO_OCC
1717517108.261091,232,9.6,14.2,DEV_TO_OCC
1717517109.4256015,232,2.9,14.2,DEV_TO_OCC
1717517109.4266555,232,0.0,14.2,DEV_TO_OCC
1717517110.3470783,232,3.8,14.2,DEV_TO_OCC
1717517110.3479571,232,0.0,14.2,DEV_TO_OCC
1717517111.2730658,232,3.2,14.2,DEV_TO_OCC
1717517111.2740576,232,0.0,14.2,DEV_TO_OCC
1717517112.1906953,232,4.0,14.2,DEV_TO_OCC
1717517112.2555223,232,10.4,14.2,DEV_TO_OCC
1717517113.2148793,232,3.7,14.2,DEV_TO_OCC
1717517113.254585,232,19.1,14.2,DEV_TO_OCC
1717517113.6519396,338,3.4,14.2,OCC_TO_CU
1717517113.65287,338,0.0,14.2,OCC_TO_CU
1717517113.6536841,338,0.0,14.2,OCC_TO_CU
1717517113.6545959,338,0.0,14.2,OCC_TO_CU
1717517114.3407502,232,6.6,14.2,DEV_TO_OCC
1717517114.3416464,232,0.0,14.2,DEV_TO_OCC
1717517115.2622967,232,4.2,14.2,DEV_TO_OCC
1717517115.2626429,232,0.0,14.2,DEV_TO_OCC
1717517116.1837597,232,3.3,14.2,DEV_TO_OCC
1717517116.2485054,232,10.4,14.2,DEV_TO_OCC
1717517117.4232671,232,3.1,14.2,DEV_TO_OCC
1717517117.4240308,232,0.0,14.2,DEV_TO_OCC
1717517118.33804,232,6.2,14.2,DEV_TO_OCC
1717517118.3389568,232,0.0,14.2,DEV_TO_OCC
1717517119.2558403,232,5.3,14.2,DEV_TO_OCC
1717517119.256716,232,0.0,14.2,DEV_TO_OCC
1717517120.4849257,232,3.9,14.2,DEV_TO_OCC
1717517120.4859102,232,0.0,14.2,DEV_TO_OCC
1717517121.205966,232,3.6,14.2,DEV_TO_OCC
1717517121.261858,232,14.7,14.2,DEV_TO_OCC
1717517122.3282375,232,3.0,14.2,DEV_TO_OCC
1717517122.3292394,232,0.0,14.2,DEV_TO_OCC
1717517123.2498956,232,10.9,14.1,DEV_TO_OCC
1717517123.2543273,232,42.9,14.1,DEV_TO_OCC
1717517123.6637309,338,4.3,14.1,OCC_TO_CU
1717517123.6646717,338,0.0,14.1,OCC_TO_CU
1717517123.6656954,338,0.0,14.1,OCC_TO_CU
1717517123.6666548,338,0.0,14.1,OCC_TO_CU
1717517124.4820611,232,3.6,14.1,DEV_TO_OCC
1717517124.4829104,232,0.0,14.1,DEV_TO_OCC
1717517125.400065,232,4.5,14.1,DEV_TO_OCC
1717517125.4009004,232,0.0,14.1,DEV_TO_OCC
1717517126.2191176,232,3.3,14.1,DEV_TO_OCC
1717517126.2658973,232,17.5,14.1,DEV_TO_OCC
1717517127.2442768,232,2.6,14.1,DEV_TO_OCC
1717517127.2638845,232,18.2,14.1,DEV_TO_OCC
1717517128.222928,232,3.6,14.1,DEV_TO_OCC
1717517128.2615247,232,15.6,14.1,DEV_TO_OCC
1717517129.195551,232,3.2,14.1,DEV_TO_OCC
1717517129.2698677,232,6.9,14.1,DEV_TO_OCC
1717517130.2769876,232,3.7,14.1,DEV_TO_OCC
1717517130.2773778,232,0.0,14.1,DEV_TO_OCC
1717517131.2160525,232,3.1,14.1,DEV_TO_OCC
1717517131.2654774,232,12.1,14.1,DEV_TO_OCC
1717517132.2782764,232,2.6,14.1,DEV_TO_OCC
1717517132.2793067,232,80.0,14.1,DEV_TO_OCC
1717517133.2785866,232,3.3,14.1,DEV_TO_OCC
1717517133.2795312,232,50.0,14.1,DEV_TO_OCC
1717517133.6677473,338,3.0,14.1,OCC_TO_CU
1717517133.6689126,338,0.0,14.1,OCC_TO_CU
1717517133.6698182,338,0.0,14.1,OCC_TO_CU
1717517133.6707954,338,0.0,14.1,OCC_TO_CU
1717517134.2066338,232,5.1,14.1,DEV_TO_OCC
1717517134.2720466,232,7.9,14.1,DEV_TO_OCC
1717517135.2307868,232,3.3,14.1,DEV_TO_OCC
1717517135.2657094,232,27.3,14.1,DEV_TO_OCC
1717517136.4595807,232,3.1,14.1,DEV_TO_OCC
1717517136.4604816,232,0.0,14.1,DEV_TO_OCC
1717517137.3814068,232,2.7,14.1,DEV_TO_OCC
1717517137.3824878,232,0.0,14.1,DEV_TO_OCC
1717517138.3044314,232,3.8,14.1,DEV_TO_OCC
1717517138.3053377,232,0.0,14.1,DEV_TO_OCC
1717517139.2242725,232,3.4,14.1,DEV_TO_OCC
1717517139.274489,232,12.9,14.1,DEV_TO_OCC
1717517140.4534266,232,3.3,14.2,DEV_TO_OCC
1717517140.4543455,232,0.0,14.2,DEV_TO_OCC
1717517141.3750308,232,6.0,14.1,DEV_TO_OCC
1717517141.3760514,232,100.0,14.1,DEV_TO_OCC
1717517142.2964544,232,4.0,14.1,DEV_TO_OCC
1717517142.297308,232,0.0,14.1,DEV_TO_OCC
1717517143.2181287,232,2.9,14.1,DEV_TO_OCC
1717517143.2782884,232,11.1,14.1,DEV_TO_OCC
1717517143.6819715,338,4.1,14.1,OCC_TO_CU
1717517143.682964,338,0.0,14.1,OCC_TO_CU
1717517143.683926,338,66.7,14.1,OCC_TO_CU
1717517143.6850045,338,0.0,14.1,OCC_TO_CU
1717517144.2446063,232,9.5,14.1,DEV_TO_OCC
1717517144.272032,232,18.8,14.1,DEV_TO_OCC
1717517145.3685596,232,3.9,14.1,DEV_TO_OCC
1717517145.369529,232,0.0,14.1,DEV_TO_OCC
1717517146.2901163,232,3.0,14.1,DEV_TO_OCC
1717517146.2909544,232,0.0,14.1,DEV_TO_OCC
1717517147.2118983,232,3.3,14.1,DEV_TO_OCC
1717517147.2748833,232,10.7,14.1,DEV_TO_OCC
1717517148.2355394,232,6.3,14.1,DEV_TO_OCC
1717517148.2754989,232,8.9,14.1,DEV_TO_OCC
1717517149.2600565,232,2.6,14.1,DEV_TO_OCC
1717517149.2780702,232,20.0,14.1,DEV_TO_OCC
1717517150.2846646,232,3.8,14.1,DEV_TO_OCC
1717517150.2853596,232,0.0,14.1,DEV_TO_OCC
1717517151.2056224,232,2.8,14.1,DEV_TO_OCC
1717517151.2800417,232,10.1,14.1,DEV_TO_OCC
1717517152.434533,232,2.7,14.1,DEV_TO_OCC
1717517152.4356263,232,50.0,14.1,DEV_TO_OCC
1717517153.3580983,232,3.6,14.1,DEV_TO_OCC
1717517153.359003,232,0.0,14.1,DEV_TO_OCC
1717517153.6958237,338,5.7,14.1,OCC_TO_CU
1717517153.6970067,338,0.0,14.1,OCC_TO_CU
1717517153.6980522,338,0.0,14.1,OCC_TO_CU
1717517153.6991227,338,0.0,14.1,OCC_TO_CU
1717517154.2830343,232,4.3,14.1,DEV_TO_OCC
1717517154.2838125,232,50.0,14.1,DEV_TO_OCC
1717517155.506722,232,3.4,14.1,DEV_TO_OCC
1717517155.5079782,232,66.7,14.1,DEV_TO_OCC
1717517156.2229548,232,2.9,14.1,DEV_TO_OCC
1717517156.2854419,232,12.0,14.1,DEV_TO_OCC
1717517157.3516028,232,2.6,14.1,DEV_TO_OCC
1717517157.3525271,232,0.0,14.1,DEV_TO_OCC
1717517158.2711866,232,3.2,14.1,DEV_TO_OCC
1717517158.2830899,232,26.7,14.1,DEV_TO_OCC
1717517159.2956836,232,3.1,14.1,DEV_TO_OCC
1717517160.247345,232,3.9,14.1,DEV_TO_OCC
1717517160.2482517,232,0.0,14.1,DEV_TO_OCC
1717517161.3459618,232,2.7,14.1,DEV_TO_OCC
1717517161.3468826,232,0.0,14.1,DEV_TO_OCC
1717517162.2652836,232,3.1,14.1,DEV_TO_OCC
1717517162.2662652,232,0.0,14.1,DEV_TO_OCC
1717517163.1867552,232,3.4,14.1,DEV_TO_OCC
1717517163.195214,232,33.3,14.1,DEV_TO_OCC
1717517163.7103791,338,3.7,14.1,OCC_TO_CU
1717517163.7114356,338,66.7,14.1,OCC_TO_CU
1717517163.7123878,338,0.0,14.1,OCC_TO_CU
1717517163.7133517,338,0.0,14.1,OCC_TO_CU
1717517164.210765,232,4.4,14.1,DEV_TO_OCC
1717517164.211749,232,66.7,14.1,DEV_TO_OCC
1717517165.3389945,232,4.0,14.1,DEV_TO_OCC
1717517165.3398476,232,50.0,14.1,DEV_TO_OCC
1717517166.2591543,232,3.9,14.1,DEV_TO_OCC
1717517166.260164,232,0.0,14.1,DEV_TO_OCC
1717517167.1802413,232,3.4,14.1,DEV_TO_OCC
1717517167.2030056,232,7.7,14.1,DEV_TO_OCC
1717517168.4093487,232,3.5,14.2,DEV_TO_OCC
1717517168.410259,232,0.0,14.2,DEV_TO_OCC
1717517169.3311536,232,3.8,14.2,DEV_TO_OCC
1717517169.3323426,232,100.0,14.2,DEV_TO_OCC
1717517170.25222,232,4.0,14.2,DEV_TO_OCC
1717517170.2526054,232,0.0,14.2,DEV_TO_OCC
1717517171.1749153,232,3.3,14.2,DEV_TO_OCC
1717517171.2009392,232,21.2,14.2,DEV_TO_OCC
1717517172.403056,232,3.3,14.2,DEV_TO_OCC
1717517172.4042265,232,50.0,14.2,DEV_TO_OCC
1717517173.3245149,232,2.5,14.2,DEV_TO_OCC
1717517173.3254879,232,0.0,14.2,DEV_TO_OCC
1717517173.7245734,338,4.0,14.2,OCC_TO_CU
1717517173.725537,338,0.0,14.2,OCC_TO_CU
1717517173.7263088,338,0.0,14.2,OCC_TO_CU
1717517173.7272477,338,100.0,14.2,OCC_TO_CU
1717517174.2462182,232,5.3,14.2,DEV_TO_OCC
1717517174.247469,232,80.0,14.2,DEV_TO_OCC
1717517175.269726,232,3.6,14.2,DEV_TO_OCC
1717517175.270096,232,0.0,14.2,DEV_TO_OCC
1717517176.3966515,232,6.0,14.2,DEV_TO_OCC
1717517176.3975873,232,0.0,14.2,DEV_TO_OCC
1717517177.3183959,232,3.2,14.1,DEV_TO_OCC
1717517177.3194926,232,66.7,14.1,DEV_TO_OCC
1717517178.2420244,232,3.1,14.2,DEV_TO_OCC
1717517178.242921,232,0.0,14.2,DEV_TO_OCC
1717517179.4708195,232,5.7,14.1,DEV_TO_OCC
1717517179.4717555,232,66.7,14.1,DEV_TO_OCC
1717517180.1849778,232,8.7,14.2,DEV_TO_OCC
1717517180.2062023,232,18.5,14.2,DEV_TO_OCC
1717517181.3118246,232,3.6,14.2,DEV_TO_OCC
1717517181.3127067,232,0.0,14.2,DEV_TO_OCC
1717517182.2334192,232,2.6,14.2,DEV_TO_OCC
1717517182.2344885,232,0.0,14.2,DEV_TO_OCC
1717517183.2840867,232,3.2,14.2,DEV_TO_OCC
1717517183.2855775,232,0.0,14.2,DEV_TO_OCC
1717517183.7357414,338,3.9,14.2,OCC_TO_CU
1717517183.7367296,338,0.0,14.2,OCC_TO_CU
1717517183.7375667,338,0.0,14.2,OCC_TO_CU
1717517183.7383797,338,0.0,14.2,OCC_TO_CU
1717517184.3880067,232,4.0,14.2,DEV_TO_OCC
1717517184.3889663,232,0.0,14.2,DEV_TO_OCC
1717517185.3124459,232,3.9,14.2,DEV_TO_OCC
1717517185.3132675,232,0.0,14.2,DEV_TO_OCC
1717517186.2296214,232,3.4,14.2,DEV_TO_OCC
1717517186.2305667,232,0.0,14.2,DEV_TO_OCC
1717517187.4586384,232,2.8,14.2,DEV_TO_OCC
1717517187.4596212,232,50.0,14.2,DEV_TO_OCC
1717517188.379864,232,3.1,14.2,DEV_TO_OCC
1717517188.3806906,232,0.0,14.2,DEV_TO_OCC
1717517189.302086,232,2.9,14.2,DEV_TO_OCC
1717517189.3031118,232,0.0,14.2,DEV_TO_OCC
1717517190.2229135,232,4.1,14.2,DEV_TO_OCC
1717517190.2238908,232,50.0,14.2,DEV_TO_OCC
1717517191.4521356,232,3.3,14.2,DEV_TO_OCC
1717517191.4530473,232,0.0,14.2,DEV_TO_OCC
1717517192.372257,232,4.7,14.2,DEV_TO_OCC
1717517192.3731947,232,0.0,14.2,DEV_TO_OCC
1717517193.2966793,232,3.1,14.2,DEV_TO_OCC
1717517193.2975252,232,0.0,14.2,DEV_TO_OCC
1717517193.7477589,338,3.9,14.1,OCC_TO_CU
1717517193.748933,338,0.0,14.1,OCC_TO_CU
1717517193.7499325,338,0.0,14.1,OCC_TO_CU
1717517193.7508845,338,0.0,14.1,OCC_TO_CU
1717517194.214778,232,4.8,14.2,DEV_TO_OCC
1717517194.2157261,232,66.7,14.2,DEV_TO_OCC
1717517195.4436357,232,2.9,14.2,DEV_TO_OCC
1717517195.4444945,232,0.0,14.2,DEV_TO_OCC
1717517196.3696635,232,3.5,14.2,DEV_TO_OCC
1717517196.3705773,232,0.0,14.2,DEV_TO_OCC
1717517197.2869942,232,2.8,14.2,DEV_TO_OCC
1717517197.2882416,232,66.7,14.2,DEV_TO_OCC
1717517198.2081597,232,3.9,14.2,DEV_TO_OCC
1717517198.218861,232,16.7,14.2,DEV_TO_OCC
1717517199.232384,232,9.3,14.1,DEV_TO_OCC
1717517199.2335324,232,0.0,14.1,DEV_TO_OCC
1717517200.3589048,232,3.8,14.1,DEV_TO_OCC
1717517200.35992,232,75.0,14.1,DEV_TO_OCC
1717517201.2802615,232,3.4,14.1,DEV_TO_OCC
1717517201.2813802,232,0.0,14.1,DEV_TO_OCC
1717517202.2021747,232,2.8,14.1,DEV_TO_OCC
1717517202.2248032,232,20.7,14.1,DEV_TO_OCC
1717517203.4313295,232,3.4,14.1,DEV_TO_OCC
1717517203.4322286,232,0.0,14.1,DEV_TO_OCC
1717517203.7600014,338,3.8,14.1,OCC_TO_CU
1717517203.7612596,338,0.0,14.1,OCC_TO_CU
1717517203.762288,338,0.0,14.1,OCC_TO_CU
1717517203.7631254,338,0.0,14.1,OCC_TO_CU
1717517204.2509458,232,5.0,14.1,DEV_TO_OCC
1717517204.2518938,232,100.0,14.1,DEV_TO_OCC
1717517205.273893,232,5.6,14.1,DEV_TO_OCC
1717517205.2747045,232,0.0,14.1,DEV_TO_OCC
1717517206.5033774,232,3.5,14.1,DEV_TO_OCC
1717517206.5044541,232,0.0,14.1,DEV_TO_OCC
1717517207.4274464,232,3.8,14.1,DEV_TO_OCC
1717517207.4285357,232,0.0,14.1,DEV_TO_OCC
1717517208.3463905,232,2.9,14.1,DEV_TO_OCC
1717517208.347391,232,50.0,14.1,DEV_TO_OCC
1717517209.270709,232,2.4,14.1,DEV_TO_OCC
1717517209.2717273,232,66.7,14.1,DEV_TO_OCC
1717517210.496858,232,3.7,14.1,DEV_TO_OCC
1717517210.4978895,232,0.0,14.1,DEV_TO_OCC
1717517211.1856742,232,4.2,14.1,DEV_TO_OCC
1717517211.2279987,232,11.8,14.2,DEV_TO_OCC
1717517212.342808,232,2.9,14.1,DEV_TO_OCC
1717517212.3439136,232,50.0,14.1,DEV_TO_OCC
1717517213.261549,232,6.5,14.1,DEV_TO_OCC
1717517213.2624285,232,0.0,14.1,DEV_TO_OCC
1717517213.7742677,338,4.4,14.1,OCC_TO_CU
1717517213.7752697,338,75.0,14.1,OCC_TO_CU
1717517213.7761357,338,0.0,14.1,OCC_TO_CU
1717517213.7770815,338,0.0,14.1,OCC_TO_CU
1717517214.2857673,232,9.7,14.1,DEV_TO_OCC
1717517214.2866678,232,0.0,14.1,DEV_TO_OCC
1717517215.4121237,232,4.4,14.1,DEV_TO_OCC
1717517215.4130895,232,0.0,14.1,DEV_TO_OCC
1717517216.3337877,232,3.4,14.1,DEV_TO_OCC
1717517216.3346982,232,0.0,14.1,DEV_TO_OCC
1717517217.2554061,232,3.4,14.1,DEV_TO_OCC
1717517217.2563934,232,0.0,14.1,DEV_TO_OCC
1717517218.4847155,232,3.7,14.1,DEV_TO_OCC
1717517218.4855976,232,0.0,14.1,DEV_TO_OCC
1717517219.423816,232,3.1,14.1,DEV_TO_OCC
1717517219.424776,232,0.0,14.1,DEV_TO_OCC
1717517220.312478,232,3.5,14.1,DEV_TO_OCC
1717517220.3133361,232,0.0,14.1,DEV_TO_OCC
1717517221.2489326,232,2.9,14.1,DEV_TO_OCC
1717517221.2497857,232,0.0,14.1,DEV_TO_OCC
1717517222.4787164,232,3.0,14.1,DEV_TO_OCC
1717517222.47985,232,50.0,14.1,DEV_TO_OCC
1717517223.39941,232,3.6,14.1,DEV_TO_OCC
1717517223.4005175,232,0.0,14.1,DEV_TO_OCC
1717517223.787754,338,3.5,14.1,OCC_TO_CU
1717517223.7886882,338,0.0,14.1,OCC_TO_CU
1717517223.789647,338,0.0,14.1,OCC_TO_CU
1717517223.790747,338,0.0,14.1,OCC_TO_CU
1717517224.218414,232,4.1,14.1,DEV_TO_OCC
1717517224.2390523,232,19.2,14.1,DEV_TO_OCC
1717517225.2427602,232,3.9,14.1,DEV_TO_OCC
1717517225.243223,232,0.0,14.1,DEV_TO_OCC
1717517226.4720063,232,2.9,14.1,DEV_TO_OCC
1717517226.472971,232,0.0,14.1,DEV_TO_OCC
1717517227.3932652,232,2.6,14.1,DEV_TO_OCC
1717517227.394229,232,0.0,14.1,DEV_TO_OCC
1717517228.3147686,232,4.2,14.1,DEV_TO_OCC
1717517228.315946,232,50.0,14.1,DEV_TO_OCC
1717517229.2362409,232,3.1,14.1,DEV_TO_OCC
1717517229.239676,232,33.3,14.1,DEV_TO_OCC
1717517230.465669,232,3.6,14.1,DEV_TO_OCC
1717517230.466807,232,0.0,14.1,DEV_TO_OCC
1717517231.3870642,232,3.6,14.1,DEV_TO_OCC
1717517231.3881278,232,66.7,14.1,DEV_TO_OCC
1717517232.3092797,232,2.7,14.1,DEV_TO_OCC
1717517232.310212,232,0.0,14.1,DEV_TO_OCC
1717517233.2301474,232,3.7,14.1,DEV_TO_OCC
1717517233.2450368,232,28.6,14.1,DEV_TO_OCC
1717517233.800286,338,7.1,14.1,OCC_TO_CU
1717517233.8013115,338,0.0,14.1,OCC_TO_CU
1717517233.8023207,338,0.0,14.1,OCC_TO_CU
1717517233.803377,338,100.0,14.1,OCC_TO_CU
1717517234.2541046,232,3.9,14.1,DEV_TO_OCC
1717517234.2551656,232,0.0,14.1,DEV_TO_OCC
1717517235.3818064,232,4.0,14.1,DEV_TO_OCC
1717517235.3827195,232,0.0,14.1,DEV_TO_OCC
1717517236.3022137,232,6.0,14.1,DEV_TO_OCC
1717517236.303083,232,0.0,14.1,DEV_TO_OCC
1717517237.2254376,232,3.3,14.1,DEV_TO_OCC
1717517237.2502625,232,19.4,14.1,DEV_TO_OCC
1717517238.4705615,232,3.5,14.1,DEV_TO_OCC
1717517238.471553,232,50.0,14.1,DEV_TO_OCC
1717517239.3744152,232,3.0,14.1,DEV_TO_OCC
1717517239.375434,232,100.0,14.1,DEV_TO_OCC
1717517240.2958052,232,3.5,14.1,DEV_TO_OCC
1717517240.2965963,232,0.0,14.1,DEV_TO_OCC
1717517241.3199797,232,3.1,14.1,DEV_TO_OCC
1717517241.3209772,232,0.0,14.1,DEV_TO_OCC
1717517242.2449365,232,2.8,14.1,DEV_TO_OCC
1717517242.2501934,232,16.7,14.1,DEV_TO_OCC
1717517243.3704326,232,3.1,14.1,DEV_TO_OCC
1717517243.3716383,232,66.7,14.1,DEV_TO_OCC
1717517243.8127723,338,3.6,14.1,OCC_TO_CU
1717517243.813808,338,0.0,14.1,OCC_TO_CU
1717517243.8145766,338,0.0,14.1,OCC_TO_CU
1717517243.815604,338,100.0,14.1,OCC_TO_CU
1717517244.29598,232,5.9,14.1,DEV_TO_OCC
1717517244.2970886,232,0.0,14.1,DEV_TO_OCC
1717517245.5218983,232,4.3,14.1,DEV_TO_OCC
1717517245.5228076,232,0.0,14.1,DEV_TO_OCC
1717517246.2352173,232,4.2,14.1,DEV_TO_OCC
1717517246.2534351,232,14.3,14.1,DEV_TO_OCC
1717517247.361594,232,2.8,14.1,DEV_TO_OCC
1717517247.3625093,232,0.0,14.1,DEV_TO_OCC
1717517248.2842515,232,3.5,14.1,DEV_TO_OCC
1717517248.285225,232,0.0,14.1,DEV_TO_OCC
1717517249.3109245,232,3.1,14.1,DEV_TO_OCC
1717517249.3119407,232,50.0,14.1,DEV_TO_OCC
1717517250.2756798,232,4.2,14.2,DEV_TO_OCC
1717517250.2764819,232,0.0,14.2,DEV_TO_OCC
1717517251.2209308,232,3.8,14.2,DEV_TO_OCC
1717517251.2579277,232,14.0,14.2,DEV_TO_OCC
1717517252.277853,232,3.4,14.2,DEV_TO_OCC
1717517252.2787738,232,0.0,14.2,DEV_TO_OCC
1717517253.2764518,232,3.2,14.2,DEV_TO_OCC
1717517253.2774198,232,0.0,14.2,DEV_TO_OCC
1717517253.8267066,338,4.1,14.2,OCC_TO_CU
1717517253.827805,338,50.0,14.2,OCC_TO_CU
1717517253.828727,338,0.0,14.2,OCC_TO_CU
1717517253.829642,338,0.0,14.2,OCC_TO_CU
1717517254.3248568,232,4.4,14.2,DEV_TO_OCC
1717517254.3257968,232,0.0,14.2,DEV_TO_OCC
1717517255.3487244,232,3.4,14.2,DEV_TO_OCC
1717517255.349528,232,0.0,14.2,DEV_TO_OCC
1717517256.27066,232,3.6,14.2,DEV_TO_OCC
1717517256.2714849,232,66.7,14.2,DEV_TO_OCC
1717517257.4993298,232,2.7,14.2,DEV_TO_OCC
1717517257.5002325,232,0.0,14.2,DEV_TO_OCC
1717517258.4210982,232,3.3,14.2,DEV_TO_OCC
1717517258.4223804,232,0.0,14.2,DEV_TO_OCC
1717517259.3477848,232,3.2,14.2,DEV_TO_OCC
1717517259.348879,232,0.0,14.2,DEV_TO_OCC
1717517260.2640908,232,3.7,14.2,DEV_TO_OCC
1717517260.2649887,232,0.0,14.2,DEV_TO_OCC
1717517261.4995239,232,3.2,14.2,DEV_TO_OCC
1717517261.500501,232,0.0,14.2,DEV_TO_OCC
1717517262.5174763,232,4.8,14.2,DEV_TO_OCC
1717517262.5185516,232,0.0,14.2,DEV_TO_OCC
1717517263.3365436,232,4.0,14.2,DEV_TO_OCC
1717517263.3373518,232,0.0,14.2,DEV_TO_OCC
1717517263.8397279,338,3.5,14.2,OCC_TO_CU
1717517263.8407333,338,0.0,14.2,OCC_TO_CU
1717517263.8417816,338,0.0,14.2,OCC_TO_CU
1717517263.8428345,338,0.0,14.2,OCC_TO_CU
1717517264.2581189,232,12.3,14.2,DEV_TO_OCC
1717517264.2636838,232,44.4,14.2,DEV_TO_OCC
1717517265.4870086,232,3.8,14.2,DEV_TO_OCC
1717517265.4879448,232,100.0,14.2,DEV_TO_OCC
1717517266.3058567,232,4.2,14.2,DEV_TO_OCC
1717517266.3064573,232,0.0,14.2,DEV_TO_OCC
1717517267.3303442,232,2.3,14.2,DEV_TO_OCC
1717517267.3313575,232,80.0,14.2,DEV_TO_OCC
1717517268.251547,232,3.4,14.2,DEV_TO_OCC
1717517268.2663543,232,17.6,14.2,DEV_TO_OCC
1717517269.4809718,232,3.6,14.2,DEV_TO_OCC
1717517269.4818935,232,0.0,14.2,DEV_TO_OCC
1717517270.4043782,232,3.6,14.2,DEV_TO_OCC
1717517270.4052389,232,0.0,14.2,DEV_TO_OCC
1717517271.3259237,232,2.9,14.2,DEV_TO_OCC
1717517271.3268356,232,0.0,14.2,DEV_TO_OCC
1717517272.2550807,232,2.9,14.2,DEV_TO_OCC
1717517272.2727568,232,21.7,14.2,DEV_TO_OCC
1717517273.4746912,232,3.6,14.2,DEV_TO_OCC
1717517273.4756298,232,66.7,14.2,DEV_TO_OCC
1717517273.853946,338,4.0,14.2,OCC_TO_CU
1717517273.855031,338,0.0,14.2,OCC_TO_CU
1717517273.8561883,338,66.7,14.2,OCC_TO_CU
1717517273.857295,338,0.0,14.2,OCC_TO_CU
1717517274.2936199,232,5.5,14.2,DEV_TO_OCC
1717517274.2946303,232,0.0,14.2,DEV_TO_OCC
1717517275.317601,232,4.0,14.2,DEV_TO_OCC
1717517275.3185234,232,0.0,14.2,DEV_TO_OCC
1717517276.5468762,232,3.5,14.2,DEV_TO_OCC
1717517276.5478551,232,100.0,14.2,DEV_TO_OCC
1717517277.4687946,232,3.2,14.2,DEV_TO_OCC
1717517277.4697266,232,0.0,14.2,DEV_TO_OCC
1717517278.3897583,232,10.5,14.1,DEV_TO_OCC
1717517278.3906708,232,0.0,14.1,DEV_TO_OCC
1717517279.3112626,232,3.2,14.1,DEV_TO_OCC
1717517279.3124669,232,0.0,14.1,DEV_TO_OCC
1717517280.3350546,232,3.8,14.1,DEV_TO_OCC
1717517280.3361478,232,50.0,14.1,DEV_TO_OCC
1717517281.3684208,232,5.5,14.1,DEV_TO_OCC
1717517281.3693855,232,0.0,14.1,DEV_TO_OCC
1717517282.383541,232,3.1,14.1,DEV_TO_OCC
1717517282.3844745,232,0.0,14.1,DEV_TO_OCC
1717517283.304993,232,2.9,14.1,DEV_TO_OCC
1717517283.3058968,232,0.0,14.1,DEV_TO_OCC
1717517283.8677435,338,3.9,14.1,OCC_TO_CU
1717517283.8688052,338,0.0,14.1,OCC_TO_CU
1717517283.8697999,338,0.0,14.1,OCC_TO_CU
1717517283.8706799,338,0.0,14.1,OCC_TO_CU
1717517284.3301148,232,4.9,14.1,DEV_TO_OCC
1717517284.3309932,232,0.0,14.1,DEV_TO_OCC
1717517285.4557378,232,3.9,14.1,DEV_TO_OCC
1717517285.4566667,232,0.0,14.1,DEV_TO_OCC
1717517286.3770752,232,3.3,14.1,DEV_TO_OCC
1717517286.3780835,232,0.0,14.1,DEV_TO_OCC
1717517287.3000953,232,3.0,14.1,DEV_TO_OCC
1717517287.3009984,232,0.0,14.1,DEV_TO_OCC
1717517288.5388334,232,2.4,14.1,DEV_TO_OCC
1717517288.5398822,232,100.0,14.1,DEV_TO_OCC
1717517289.453421,232,4.1,14.1,DEV_TO_OCC
1717517289.454384,232,0.0,14.1,DEV_TO_OCC
1717517290.3727124,232,4.6,14.1,DEV_TO_OCC
1717517290.3735862,232,0.0,14.1,DEV_TO_OCC
1717517291.2924936,232,5.1,14.1,DEV_TO_OCC
1717517291.293361,232,0.0,14.1,DEV_TO_OCC
1717517292.5215826,232,2.6,14.1,DEV_TO_OCC
1717517292.5225317,232,0.0,14.1,DEV_TO_OCC
1717517293.450649,232,3.4,14.1,DEV_TO_OCC
1717517293.4514832,232,100.0,14.1,DEV_TO_OCC
1717517293.881836,338,3.3,14.1,OCC_TO_CU
1717517293.8827884,338,0.0,14.1,OCC_TO_CU
1717517293.883618,338,100.0,14.1,OCC_TO_CU
1717517293.8844404,338,0.0,14.1,OCC_TO_CU
1717517294.3643215,232,9.8,14.1,DEV_TO_OCC
1717517294.3652802,232,0.0,14.1,DEV_TO_OCC
1717517295.2898726,232,4.5,14.1,DEV_TO_OCC
1717517295.2909849,232,0.0,14.1,DEV_TO_OCC
1717517296.5150015,232,3.1,14.1,DEV_TO_OCC
1717517296.515975,232,50.0,14.1,DEV_TO_OCC
1717517297.33418,232,3.3,14.1,DEV_TO_OCC
1717517297.3356261,232,75.0,14.1,DEV_TO_OCC
1717517298.3593419,232,4.3,14.1,DEV_TO_OCC
1717517298.3604615,232,0.0,14.1,DEV_TO_OCC
1717517299.2450724,232,5.3,14.1,DEV_TO_OCC
1717517299.2878938,232,11.8,14.1,DEV_TO_OCC
1717517300.3034039,232,3.3,14.1,DEV_TO_OCC
1717517300.3040745,232,0.0,14.1,DEV_TO_OCC
1717517301.430444,232,3.3,14.1,DEV_TO_OCC
1717517301.431404,232,66.7,14.1,DEV_TO_OCC
1717517302.3519924,232,2.8,14.1,DEV_TO_OCC
1717517302.3531826,232,0.0,14.1,DEV_TO_OCC
1717517303.2736304,232,3.3,14.1,DEV_TO_OCC
1717517303.2929227,232,20.8,14.1,DEV_TO_OCC
1717517303.8954253,338,4.3,14.1,OCC_TO_CU
1717517303.8965147,338,0.0,14.1,OCC_TO_CU
1717517303.8975124,338,0.0,14.1,OCC_TO_CU
1717517303.8983757,338,0.0,14.1,OCC_TO_CU
1717517304.3023689,232,4.4,14.1,DEV_TO_OCC
1717517304.307455,232,28.6,14.1,DEV_TO_OCC
1717517305.4240901,232,3.3,14.1,DEV_TO_OCC
1717517305.4251325,232,0.0,14.1,DEV_TO_OCC
1717517306.3467917,232,3.9,14.1,DEV_TO_OCC
1717517306.3480828,232,0.0,14.1,DEV_TO_OCC
1717517307.26919,232,2.9,14.1,DEV_TO_OCC
1717517307.2982597,232,11.8,14.1,DEV_TO_OCC
1717517308.4962285,232,3.4,14.1,DEV_TO_OCC
1717517308.4970806,232,0.0,14.1,DEV_TO_OCC
1717517309.4180822,232,3.5,14.1,DEV_TO_OCC
1717517309.41923,232,80.0,14.1,DEV_TO_OCC
1717517310.339476,232,4.2,14.1,DEV_TO_OCC
1717517310.3403285,232,0.0,14.1,DEV_TO_OCC
1717517311.5683565,232,3.0,14.1,DEV_TO_OCC
1717517311.5693188,232,0.0,14.1,DEV_TO_OCC
1717517312.2575107,232,3.2,14.1,DEV_TO_OCC
1717517312.2965913,232,12.8,14.1,DEV_TO_OCC
1717517313.411572,232,3.7,14.1,DEV_TO_OCC
1717517313.4125,232,0.0,14.1,DEV_TO_OCC
1717517313.9095216,338,3.5,14.1,OCC_TO_CU
1717517313.910463,338,0.0,14.1,OCC_TO_CU
1717517313.9114864,338,80.0,14.1,OCC_TO_CU
1717517313.9125392,338,0.0,14.1,OCC_TO_CU
1717517314.3329444,232,5.1,14.1,DEV_TO_OCC
1717517314.3339207,232,0.0,14.1,DEV_TO_OCC
1717517315.5627856,232,3.5,14.1,DEV_TO_OCC
1717517315.563738,232,66.7,14.1,DEV_TO_OCC
1717517316.2782867,232,3.5,14.1,DEV_TO_OCC
1717517316.3027031,232,20.0,14.1,DEV_TO_OCC
1717517317.4069302,232,3.0,14.1,DEV_TO_OCC
1717517317.4078465,232,100.0,14.1,DEV_TO_OCC
1717517318.3270154,232,3.5,14.1,DEV_TO_OCC
1717517318.3280373,232,50.0,14.1,DEV_TO_OCC
1717517319.5558915,232,4.0,14.1,DEV_TO_OCC
1717517319.5568805,232,0.0,14.1,DEV_TO_OCC
1717517320.477216,232,4.7,14.1,DEV_TO_OCC
1717517320.4781928,232,0.0,14.1,DEV_TO_OCC
1717517321.3988218,232,4.1,14.1,DEV_TO_OCC
1717517321.3999069,232,66.7,14.1,DEV_TO_OCC
1717517322.320594,232,2.7,14.1,DEV_TO_OCC
1717517322.3215325,232,0.0,14.1,DEV_TO_OCC
1717517323.5512614,232,3.0,14.1,DEV_TO_OCC
1717517323.5522563,232,0.0,14.1,DEV_TO_OCC
1717517323.9197803,338,5.2,14.1,OCC_TO_CU
1717517323.920894,338,0.0,14.1,OCC_TO_CU
1717517323.9218712,338,0.0,14.1,OCC_TO_CU
1717517323.9226785,338,0.0,14.1,OCC_TO_CU
1717517324.371251,232,6.3,14.2,DEV_TO_OCC
1717517324.372291,232,0.0,14.2,DEV_TO_OCC
1717517325.2922199,232,6.5,14.2,DEV_TO_OCC
1717517325.3095603,232,15.8,14.2,DEV_TO_OCC
1717517326.3139975,232,4.5,14.2,DEV_TO_OCC
1717517326.3148615,232,0.0,14.2,DEV_TO_OCC
1717517327.2664547,232,2.6,14.2,DEV_TO_OCC
1717517327.3213973,232,10.3,14.2,DEV_TO_OCC
1717517328.4643915,232,3.0,14.2,DEV_TO_OCC
1717517328.4652438,232,0.0,14.2,DEV_TO_OCC
1717517329.2836976,232,4.1,14.2,DEV_TO_OCC
1717517329.311253,232,15.2,14.2,DEV_TO_OCC
1717517330.308155,232,3.8,14.2,DEV_TO_OCC
1717517330.3132088,232,16.7,14.2,DEV_TO_OCC
1717517331.5368493,232,2.9,14.2,DEV_TO_OCC
1717517331.5379746,232,0.0,14.2,DEV_TO_OCC
1717517332.5604532,232,2.8,14.2,DEV_TO_OCC
1717517332.5616062,232,0.0,14.2,DEV_TO_OCC
1717517333.3801363,232,4.4,14.2,DEV_TO_OCC
1717517333.381253,232,0.0,14.2,DEV_TO_OCC
1717517333.932354,338,3.5,14.2,OCC_TO_CU
1717517333.9334114,338,0.0,14.2,OCC_TO_CU
1717517333.9344552,338,0.0,14.2,OCC_TO_CU
1717517333.9353364,338,100.0,14.2,OCC_TO_CU
1717517334.3013132,232,14.2,14.1,DEV_TO_OCC
1717517334.3151057,232,17.6,14.2,DEV_TO_OCC
1717517335.530537,232,3.9,14.2,DEV_TO_OCC
1717517335.5316339,232,100.0,14.2,DEV_TO_OCC
1717517336.4568453,232,3.1,14.2,DEV_TO_OCC
1717517336.4579527,232,0.0,14.2,DEV_TO_OCC
1717517337.378254,232,3.3,14.2,DEV_TO_OCC
1717517337.3793638,232,75.0,14.2,DEV_TO_OCC
1717517338.6030617,232,3.7,14.2,DEV_TO_OCC
1717517338.604002,232,0.0,14.2,DEV_TO_OCC
1717517339.524113,232,3.3,14.2,DEV_TO_OCC
1717517339.5249672,232,0.0,14.2,DEV_TO_OCC
1717517340.346133,232,4.7,14.2,DEV_TO_OCC
1717517340.3470328,232,0.0,14.2,DEV_TO_OCC
1717517341.369781,232,3.4,14.2,DEV_TO_OCC
1717517341.370723,232,0.0,14.2,DEV_TO_OCC
1717517342.5987043,232,2.8,14.2,DEV_TO_OCC
1717517342.5997975,232,100.0,14.2,DEV_TO_OCC
1717517343.3149009,232,4.6,14.2,DEV_TO_OCC
1717517343.3220606,232,14.3,14.2,DEV_TO_OCC
1717517343.9439626,338,3.6,14.2,OCC_TO_CU
1717517343.9448435,338,0.0,14.2,OCC_TO_CU
1717517343.9456894,338,0.0,14.2,OCC_TO_CU
1717517343.9466243,338,0.0,14.2,OCC_TO_CU
1717517344.297534,232,5.9,14.2,DEV_TO_OCC
1717517344.3226106,232,18.8,14.2,DEV_TO_OCC
1717517345.363238,232,4.7,14.2,DEV_TO_OCC
1717517345.3642035,232,0.0,14.2,DEV_TO_OCC
1717517346.3871534,232,3.8,14.2,DEV_TO_OCC
1717517346.3882759,232,0.0,14.2,DEV_TO_OCC
1717517347.512888,232,4.0,14.2,DEV_TO_OCC
1717517347.5138195,232,0.0,14.2,DEV_TO_OCC
1717517348.3316364,232,4.2,14.2,DEV_TO_OCC
1717517348.3325045,232,0.0,14.2,DEV_TO_OCC
1717517349.3568742,232,8.5,14.2,DEV_TO_OCC
1717517349.357703,232,0.0,14.2,DEV_TO_OCC
1717517350.5871422,232,3.5,14.2,DEV_TO_OCC
1717517350.5881295,232,50.0,14.2,DEV_TO_OCC
1717517351.5053275,232,3.3,14.2,DEV_TO_OCC
1717517351.5062048,232,0.0,14.2,DEV_TO_OCC
1717517352.426965,232,3.1,14.2,DEV_TO_OCC
1717517352.4279375,232,66.7,14.2,DEV_TO_OCC
1717517353.3493462,232,3.6,14.2,DEV_TO_OCC
1717517353.3502095,232,0.0,14.2,DEV_TO_OCC
1717517353.957776,338,4.1,14.2,OCC_TO_CU
1717517353.9587462,338,0.0,14.2,OCC_TO_CU
1717517353.9597309,338,100.0,14.2,OCC_TO_CU
1717517353.9606657,338,0.0,14.2,OCC_TO_CU
1717517354.3722095,232,21.6,14.1,DEV_TO_OCC
1717517354.373234,232,0.0,14.1,DEV_TO_OCC
1717517355.498869,232,4.1,14.1,DEV_TO_OCC
1717517355.4998226,232,66.7,14.1,DEV_TO_OCC
1717517356.4205732,232,3.0,14.1,DEV_TO_OCC
1717517356.4215996,232,0.0,14.1,DEV_TO_OCC
1717517357.342064,232,2.9,14.1,DEV_TO_OCC
1717517357.342921,232,0.0,14.1,DEV_TO_OCC
1717517358.5709507,232,3.3,14.1,DEV_TO_OCC
1717517358.571862,232,100.0,14.1,DEV_TO_OCC
1717517359.3899214,232,3.6,14.1,DEV_TO_OCC
1717517359.3905127,232,0.0,14.1,DEV_TO_OCC
1717517360.414533,232,3.6,14.1,DEV_TO_OCC
1717517360.4154878,232,50.0,14.1,DEV_TO_OCC
1717517361.335938,232,4.4,14.1,DEV_TO_OCC
1717517361.336899,232,0.0,14.1,DEV_TO_OCC
1717517362.56495,232,2.8,14.1,DEV_TO_OCC
1717517362.5658822,232,0.0,14.1,DEV_TO_OCC
1717517363.487701,232,3.7,14.1,DEV_TO_OCC
1717517363.4886749,232,0.0,14.1,DEV_TO_OCC
1717517363.9720497,338,4.0,14.1,OCC_TO_CU
1717517363.9732344,338,0.0,14.1,OCC_TO_CU
1717517363.9744215,338,0.0,14.1,OCC_TO_CU
1717517363.9755776,338,75.0,14.1,OCC_TO_CU
1717517364.4080358,232,4.9,14.1,DEV_TO_OCC
1717517364.409004,232,0.0,14.1,DEV_TO_OCC
1717517365.6370523,232,3.7,14.1,DEV_TO_OCC
1717517365.6379728,232,0.0,14.1,DEV_TO_OCC
1717517366.5583398,232,3.8,14.1,DEV_TO_OCC
1717517366.5591977,232,0.0,14.1,DEV_TO_OCC
1717517367.47999,232,3.3,14.1,DEV_TO_OCC
1717517367.4808335,232,0.0,14.1,DEV_TO_OCC
1717517368.4016156,232,4.3,14.1,DEV_TO_OCC
1717517368.4025877,232,0.0,14.1,DEV_TO_OCC
1717517369.6307476,232,3.3,14.1,DEV_TO_OCC
1717517369.6317782,232,100.0,14.1,DEV_TO_OCC
1717517370.4501305,232,5.0,14.1,DEV_TO_OCC
1717517370.4510746,232,0.0,14.1,DEV_TO_OCC
1717517371.3710842,232,3.6,14.2,DEV_TO_OCC
1717517371.3720033,232,50.0,14.2,DEV_TO_OCC
1717517372.3950522,232,3.3,14.1,DEV_TO_OCC
1717517372.395974,232,66.7,14.1,DEV_TO_OCC
1717517373.4194202,232,3.9,14.2,DEV_TO_OCC
1717517373.4204552,232,0.0,14.2,DEV_TO_OCC
1717517373.9867122,338,3.6,14.2,OCC_TO_CU
1717517373.9876456,338,50.0,14.2,OCC_TO_CU
1717517373.988563,338,0.0,14.2,OCC_TO_CU
1717517373.9895883,338,0.0,14.2,OCC_TO_CU
1717517374.3454518,232,14.3,14.1,DEV_TO_OCC
1717517374.3730528,232,21.2,14.1,DEV_TO_OCC
1717517375.4674928,232,3.8,14.1,DEV_TO_OCC
1717517375.4684258,232,0.0,14.1,DEV_TO_OCC
1717517376.3890035,232,6.3,14.1,DEV_TO_OCC
1717517376.3898726,232,0.0,14.1,DEV_TO_OCC
1717517377.618006,232,2.9,14.1,DEV_TO_OCC
1717517377.6190703,232,0.0,14.1,DEV_TO_OCC
1717517378.5416946,232,4.5,14.1,DEV_TO_OCC
1717517378.5425303,232,0.0,14.1,DEV_TO_OCC
1717517379.4615164,232,4.1,14.1,DEV_TO_OCC
1717517379.4623818,232,0.0,14.1,DEV_TO_OCC
1717517380.3837337,232,4.2,14.1,DEV_TO_OCC
1717517380.384601,232,0.0,14.1,DEV_TO_OCC
1717517381.6117368,232,3.1,14.1,DEV_TO_OCC
1717517381.6125946,232,0.0,14.1,DEV_TO_OCC
1717517382.5332463,232,2.7,14.1,DEV_TO_OCC
1717517382.534194,232,0.0,14.1,DEV_TO_OCC
1717517383.4557621,232,3.8,14.1,DEV_TO_OCC
1717517383.4566288,232,0.0,14.1,DEV_TO_OCC
1717517384.0006957,338,3.2,14.1,OCC_TO_CU
1717517384.00179,338,0.0,14.1,OCC_TO_CU
1717517384.002813,338,0.0,14.1,OCC_TO_CU
1717517384.0038285,338,100.0,14.1,OCC_TO_CU
1717517384.3778398,232,5.6,14.1,DEV_TO_OCC
1717517384.388329,232,35.7,14.1,DEV_TO_OCC
1717517385.40192,232,4.0,14.1,DEV_TO_OCC
1717517385.4029634,232,0.0,14.1,DEV_TO_OCC
1717517386.5283613,232,3.6,14.1,DEV_TO_OCC
1717517386.5292134,232,0.0,14.1,DEV_TO_OCC
1717517387.448496,232,2.6,14.1,DEV_TO_OCC
1717517387.4494283,232,0.0,14.1,DEV_TO_OCC
1717517388.3702478,232,3.4,14.1,DEV_TO_OCC
1717517388.3887525,232,20.0,14.1,DEV_TO_OCC
1717517389.3553264,232,3.1,14.2,DEV_TO_OCC
1717517389.3984816,232,8.0,14.1,DEV_TO_OCC
1717517390.5206878,232,3.4,14.2,DEV_TO_OCC
1717517390.5217955,232,0.0,14.2,DEV_TO_OCC
1717517391.4429252,232,4.2,14.2,DEV_TO_OCC
1717517391.4441676,232,66.7,14.2,DEV_TO_OCC
1717517392.6715126,232,2.9,14.1,DEV_TO_OCC
1717517392.672756,232,0.0,14.1,DEV_TO_OCC
1717517393.5927923,232,3.9,14.2,DEV_TO_OCC
1717517393.5936909,232,0.0,14.2,DEV_TO_OCC
1717517394.014932,338,3.6,14.2,OCC_TO_CU
1717517394.015935,338,100.0,14.2,OCC_TO_CU
1717517394.0168793,338,0.0,14.2,OCC_TO_CU
1717517394.017989,338,0.0,14.2,OCC_TO_CU
1717517394.4159849,232,7.4,14.1,DEV_TO_OCC
1717517394.4168673,232,0.0,14.1,DEV_TO_OCC
1717517395.438079,232,3.8,14.1,DEV_TO_OCC
1717517395.4389734,232,0.0,14.1,DEV_TO_OCC
1717517396.671371,232,3.1,14.1,DEV_TO_OCC
1717517396.672314,232,0.0,14.1,DEV_TO_OCC
1717517397.5883853,232,2.6,14.1,DEV_TO_OCC
1717517397.5894966,232,0.0,14.1,DEV_TO_OCC
1717517398.5083036,232,3.6,14.1,DEV_TO_OCC
1717517398.5091588,232,0.0,14.1,DEV_TO_OCC
1717517399.4353788,232,3.3,14.1,DEV_TO_OCC
1717517399.436475,232,0.0,14.1,DEV_TO_OCC
1717517400.6653328,232,4.0,14.2,DEV_TO_OCC
1717517400.6663368,232,0.0,14.2,DEV_TO_OCC
1717517401.5802112,232,3.7,14.2,DEV_TO_OCC
1717517401.5812347,232,0.0,14.2,DEV_TO_OCC
1717517402.501816,232,2.9,14.2,DEV_TO_OCC
1717517402.5027742,232,0.0,14.2,DEV_TO_OCC
1717517403.4237564,232,3.1,14.2,DEV_TO_OCC
1717517403.4246843,232,0.0,14.2,DEV_TO_OCC
1717517404.0278914,338,4.0,14.2,OCC_TO_CU
1717517404.0288293,338,0.0,14.2,OCC_TO_CU
1717517404.0297894,338,0.0,14.2,OCC_TO_CU
1717517404.0308323,338,0.0,14.2,OCC_TO_CU
1717517404.4487445,232,8.1,14.2,DEV_TO_OCC
1717517404.4498346,232,0.0,14.2,DEV_TO_OCC
1717517405.5738714,232,4.1,14.2,DEV_TO_OCC
1717517405.574823,232,0.0,14.2,DEV_TO_OCC
1717517406.4958963,232,5.7,14.1,DEV_TO_OCC
1717517406.496827,232,0.0,14.1,DEV_TO_OCC
1717517407.416929,232,2.7,14.1,DEV_TO_OCC
1717517407.4177797,232,0.0,14.1,DEV_TO_OCC
1717517408.6465962,232,3.1,14.1,DEV_TO_OCC
1717517408.647588,232,50.0,14.1,DEV_TO_OCC
1717517409.567585,232,3.9,14.2,DEV_TO_OCC
1717517409.5685353,232,0.0,14.2,DEV_TO_OCC
1717517410.4892318,232,3.3,14.2,DEV_TO_OCC
1717517410.4902012,232,0.0,14.2,DEV_TO_OCC
1717517411.4127102,232,3.6,14.2,DEV_TO_OCC
1717517411.4136667,232,0.0,14.2,DEV_TO_OCC
1717517412.6402805,232,2.7,14.1,DEV_TO_OCC
1717517412.6411953,232,0.0,14.1,DEV_TO_OCC
1717517413.5628068,232,6.3,14.1,DEV_TO_OCC
1717517413.563806,232,50.0,14.1,DEV_TO_OCC
1717517414.0397534,338,3.2,14.1,OCC_TO_CU
1717517414.0407193,338,0.0,14.1,OCC_TO_CU
1717517414.041579,338,0.0,14.1,OCC_TO_CU
1717517414.0425086,338,0.0,14.1,OCC_TO_CU
1717517414.4833467,232,5.3,14.1,DEV_TO_OCC
1717517414.484462,232,0.0,14.1,DEV_TO_OCC
1717517415.4048054,232,4.3,14.1,DEV_TO_OCC
1717517415.4093688,232,33.3,14.1,DEV_TO_OCC
1717517416.6335442,232,3.5,14.1,DEV_TO_OCC
1717517416.6345415,232,0.0,14.1,DEV_TO_OCC
1717517417.555383,232,5.5,14.1,DEV_TO_OCC
1717517417.5564253,232,0.0,14.1,DEV_TO_OCC
1717517418.4765298,232,3.4,14.1,DEV_TO_OCC
1717517418.4774804,232,0.0,14.1,DEV_TO_OCC
1717517419.3981895,232,3.2,14.1,DEV_TO_OCC
1717517419.4173138,232,21.7,14.1,DEV_TO_OCC
1717517420.584627,232,3.3,14.1,DEV_TO_OCC
1717517420.5855463,232,0.0,14.1,DEV_TO_OCC
1717517421.548917,232,3.6,14.1,DEV_TO_OCC
1717517421.5498538,232,0.0,14.1,DEV_TO_OCC
1717517422.472156,232,2.5,14.1,DEV_TO_OCC
1717517422.4730937,232,0.0,14.1,DEV_TO_OCC
1717517423.699016,232,2.9,14.1,DEV_TO_OCC
1717517423.6998668,232,100.0,14.1,DEV_TO_OCC
1717517424.0537574,338,5.7,14.1,OCC_TO_CU
1717517424.054676,338,0.0,14.1,OCC_TO_CU
1717517424.0556421,338,66.7,14.1,OCC_TO_CU
1717517424.0566986,338,0.0,14.1,OCC_TO_CU
1717517424.5196562,232,5.0,14.1,DEV_TO_OCC
1717517424.520487,232,0.0,14.1,DEV_TO_OCC
1717517425.5422828,232,3.5,14.1,DEV_TO_OCC
1717517425.5431979,232,0.0,14.1,DEV_TO_OCC
1717517426.4637003,232,3.8,14.1,DEV_TO_OCC
1717517426.4645731,232,0.0,14.1,DEV_TO_OCC
1717517427.6963966,232,2.9,14.1,DEV_TO_OCC
1717517427.6974452,232,0.0,14.1,DEV_TO_OCC
1717517428.6154413,232,4.0,14.1,DEV_TO_OCC
1717517428.6163058,232,0.0,14.1,DEV_TO_OCC
1717517429.4330773,232,3.3,14.1,DEV_TO_OCC
1717517429.4340186,232,0.0,14.1,DEV_TO_OCC
1717517430.457271,232,4.0,14.1,DEV_TO_OCC
1717517430.4581163,232,0.0,14.1,DEV_TO_OCC
1717517431.6865854,232,3.2,14.1,DEV_TO_OCC
1717517431.6876261,232,50.0,14.1,DEV_TO_OCC
1717517432.6078076,232,4.5,14.1,DEV_TO_OCC
1717517432.6083927,232,0.0,14.1,DEV_TO_OCC
1717517433.5316796,232,4.1,14.1,DEV_TO_OCC
1717517433.532612,232,0.0,14.1,DEV_TO_OCC
1717517434.067816,338,15.1,14.1,OCC_TO_CU
1717517434.069127,338,0.0,14.1,OCC_TO_CU
1717517434.0701263,338,0.0,14.1,OCC_TO_CU
1717517434.0710237,338,0.0,14.1,OCC_TO_CU
1717517434.394447,232,6.6,14.1,DEV_TO_OCC
1717517434.428764,232,19.5,14.1,DEV_TO_OCC
1717517435.6803367,232,3.7,14.1,DEV_TO_OCC
1717517435.6811774,232,0.0,14.1,DEV_TO_OCC
1717517436.4003706,232,3.3,14.1,DEV_TO_OCC
1717517436.426177,232,16.1,14.1,DEV_TO_OCC
1717517437.527385,232,2.4,14.1,DEV_TO_OCC
1717517437.528338,232,0.0,14.1,DEV_TO_OCC
1717517438.4449172,232,3.3,14.1,DEV_TO_OCC
1717517438.4458225,232,0.0,14.1,DEV_TO_OCC
1717517439.674183,232,3.3,14.1,DEV_TO_OCC
1717517439.675044,232,0.0,14.1,DEV_TO_OCC
1717517440.5981512,232,3.5,14.1,DEV_TO_OCC
1717517440.599053,232,0.0,14.1,DEV_TO_OCC
1717517441.4207087,232,3.5,14.1,DEV_TO_OCC
1717517441.430196,232,20.0,14.1,DEV_TO_OCC
1717517442.4386022,232,3.2,14.1,DEV_TO_OCC
1717517442.4396627,232,0.0,14.1,DEV_TO_OCC
1717517443.6682303,232,2.6,14.1,DEV_TO_OCC
1717517443.6691728,232,0.0,14.1,DEV_TO_OCC
1717517444.0823538,338,3.8,14.1,OCC_TO_CU
1717517444.083489,338,66.7,14.1,OCC_TO_CU
1717517444.0844672,338,0.0,14.1,OCC_TO_CU
1717517444.085312,338,0.0,14.1,OCC_TO_CU
1717517444.4871209,232,5.4,14.1,DEV_TO_OCC
1717517444.488171,232,100.0,14.1,DEV_TO_OCC
1717517445.5111601,232,4.5,14.1,DEV_TO_OCC
1717517445.512139,232,50.0,14.1,DEV_TO_OCC
1717517446.433038,232,3.6,14.1,DEV_TO_OCC
1717517446.4369779,232,40.0,14.1,DEV_TO_OCC
1717517447.5598567,232,3.3,14.1,DEV_TO_OCC
1717517447.5607321,232,0.0,14.1,DEV_TO_OCC
1717517448.5832758,232,3.4,14.1,DEV_TO_OCC
1717517448.584158,232,0.0,14.1,DEV_TO_OCC
1717517449.5071633,232,3.4,14.1,DEV_TO_OCC
1717517449.5082033,232,0.0,14.1,DEV_TO_OCC
1717517450.4260497,232,3.9,14.1,DEV_TO_OCC
1717517450.4364586,232,46.7,14.1,DEV_TO_OCC
1717517451.4113417,232,3.5,14.1,DEV_TO_OCC
1717517451.43776,232,16.7,14.1,DEV_TO_OCC
1717517452.5766273,232,2.6,14.1,DEV_TO_OCC
1717517452.5776112,232,0.0,14.1,DEV_TO_OCC
1717517453.4984727,232,4.1,14.1,DEV_TO_OCC
1717517453.4994366,232,50.0,14.1,DEV_TO_OCC
1717517454.0962768,338,5.6,14.1,OCC_TO_CU
1717517454.0971348,338,0.0,14.1,OCC_TO_CU
1717517454.0980923,338,0.0,14.1,OCC_TO_CU
1717517454.0990264,338,0.0,14.1,OCC_TO_CU
1717517454.5221994,232,5.4,14.1,DEV_TO_OCC
1717517454.523242,232,75.0,14.1,DEV_TO_OCC
1717517455.6487188,232,3.7,14.1,DEV_TO_OCC
1717517455.6495125,232,0.0,14.1,DEV_TO_OCC
1717517456.5705636,232,3.5,14.1,DEV_TO_OCC
1717517456.5716672,232,100.0,14.1,DEV_TO_OCC
1717517457.491981,232,2.9,14.1,DEV_TO_OCC
1717517457.4929576,232,0.0,14.1,DEV_TO_OCC
1717517458.7208958,232,2.9,14.1,DEV_TO_OCC
1717517458.7217488,232,0.0,14.1,DEV_TO_OCC
1717517459.6428254,232,3.9,14.1,DEV_TO_OCC
1717517459.6438718,232,66.7,14.1,DEV_TO_OCC
1717517460.5639977,232,4.2,14.1,DEV_TO_OCC
1717517460.5648904,232,0.0,14.1,DEV_TO_OCC
1717517461.4858718,232,5.4,14.1,DEV_TO_OCC
1717517461.4868822,232,0.0,14.1,DEV_TO_OCC
1717517462.7147074,232,3.1,14.1,DEV_TO_OCC
1717517462.7156324,232,100.0,14.1,DEV_TO_OCC
1717517463.6361222,232,4.3,14.1,DEV_TO_OCC
1717517463.6369777,232,0.0,14.1,DEV_TO_OCC
1717517464.1103294,338,3.0,14.1,OCC_TO_CU
1717517464.1112232,338,75.0,14.1,OCC_TO_CU
1717517464.1123056,338,0.0,14.1,OCC_TO_CU
1717517464.1133628,338,0.0,14.1,OCC_TO_CU
1717517464.4550986,232,7.2,14.1,DEV_TO_OCC
1717517464.4560325,232,66.7,14.1,DEV_TO_OCC
1717517465.4798167,232,6.1,14.1,DEV_TO_OCC
1717517465.4807463,232,0.0,14.1,DEV_TO_OCC
1717517466.6705382,232,2.7,14.1,DEV_TO_OCC
1717517466.671884,232,66.7,14.1,DEV_TO_OCC
1717517467.6313455,232,3.2,14.1,DEV_TO_OCC
1717517467.632266,232,0.0,14.1,DEV_TO_OCC
1717517468.5515673,232,3.9,14.1,DEV_TO_OCC
1717517468.5524907,232,0.0,14.1,DEV_TO_OCC
1717517469.4748452,232,3.0,14.1,DEV_TO_OCC
1717517469.475896,232,0.0,14.1,DEV_TO_OCC
1717517470.701998,232,4.3,14.1,DEV_TO_OCC
1717517470.7030666,232,0.0,14.1,DEV_TO_OCC
1717517471.6239173,232,3.8,14.1,DEV_TO_OCC
1717517471.6248844,232,0.0,14.1,DEV_TO_OCC
1717517472.5457785,232,3.2,14.1,DEV_TO_OCC
1717517472.546689,232,0.0,14.1,DEV_TO_OCC
1717517473.4665647,232,3.4,14.2,DEV_TO_OCC
1717517473.46746,232,66.7,14.2,DEV_TO_OCC
1717517474.123726,338,3.3,14.1,OCC_TO_CU
1717517474.1245606,338,0.0,14.1,OCC_TO_CU
1717517474.1254706,338,0.0,14.1,OCC_TO_CU
1717517474.126378,338,0.0,14.1,OCC_TO_CU
1717517474.4909768,232,4.3,14.2,DEV_TO_OCC
1717517474.4920125,232,50.0,14.2,DEV_TO_OCC
1717517475.5157607,232,4.4,14.2,DEV_TO_OCC
1717517475.5169473,232,0.0,14.2,DEV_TO_OCC
1717517476.5390918,232,5.4,14.1,DEV_TO_OCC
1717517476.5401354,232,66.7,14.1,DEV_TO_OCC
1717517477.4642746,232,2.9,14.1,DEV_TO_OCC
1717517477.467134,232,0.0,14.1,DEV_TO_OCC
1717517478.6896105,232,3.1,14.1,DEV_TO_OCC
1717517478.6904995,232,0.0,14.1,DEV_TO_OCC
1717517479.430321,232,3.5,14.1,DEV_TO_OCC
1717517479.4658043,232,14.3,14.1,DEV_TO_OCC
1717517480.5328076,232,3.2,14.1,DEV_TO_OCC
1717517480.5337586,232,0.0,14.1,DEV_TO_OCC
1717517481.4540925,232,3.9,14.1,DEV_TO_OCC
1717517481.459961,232,50.0,14.1,DEV_TO_OCC
1717517482.5804968,232,2.5,14.1,DEV_TO_OCC
1717517482.5814128,232,0.0,14.1,DEV_TO_OCC
1717517483.6046324,232,3.3,14.1,DEV_TO_OCC
1717517483.605676,232,0.0,14.1,DEV_TO_OCC
1717517484.1357214,338,3.5,14.1,OCC_TO_CU
1717517484.136852,338,0.0,14.1,OCC_TO_CU
1717517484.1380026,338,0.0,14.1,OCC_TO_CU
1717517484.1391559,338,0.0,14.1,OCC_TO_CU
1717517484.5262587,232,3.9,14.1,DEV_TO_OCC
1717517484.5272274,232,100.0,14.1,DEV_TO_OCC
1717517485.7557552,232,5.8,14.1,DEV_TO_OCC
1717517485.756737,232,0.0,14.1,DEV_TO_OCC
1717517486.6768646,232,4.1,14.1,DEV_TO_OCC
1717517486.6778355,232,0.0,14.1,DEV_TO_OCC
1717517487.6383638,232,2.9,14.1,DEV_TO_OCC
1717517487.6393301,232,66.7,14.1,DEV_TO_OCC
1717517488.5202076,232,4.0,14.1,DEV_TO_OCC
1717517488.5211933,232,0.0,14.1,DEV_TO_OCC
1717517489.544158,232,3.2,14.1,DEV_TO_OCC
1717517489.5451546,232,0.0,14.1,DEV_TO_OCC
1717517490.4660838,232,5.8,14.1,DEV_TO_OCC
1717517490.4729593,232,44.4,14.1,DEV_TO_OCC
1717517491.4897475,232,3.4,14.1,DEV_TO_OCC
1717517491.4906511,232,0.0,14.1,DEV_TO_OCC
1717517492.5135343,232,2.5,14.1,DEV_TO_OCC
1717517492.5143979,232,0.0,14.1,DEV_TO_OCC
1717517493.537689,232,3.8,14.1,DEV_TO_OCC
1717517493.538575,232,0.0,14.1,DEV_TO_OCC
1717517494.1477058,338,3.4,14.1,OCC_TO_CU
1717517494.1487567,338,0.0,14.1,OCC_TO_CU
1717517494.1498346,338,0.0,14.1,OCC_TO_CU
1717517494.1506047,338,0.0,14.1,OCC_TO_CU
1717517494.4587932,232,6.5,14.1,DEV_TO_OCC
1717517494.4647038,232,37.5,14.1,DEV_TO_OCC
1717517495.5878668,232,4.2,14.1,DEV_TO_OCC
1717517495.5888743,232,0.0,14.1,DEV_TO_OCC
1717517496.5107703,232,3.5,14.1,DEV_TO_OCC
1717517496.5119634,232,66.7,14.1,DEV_TO_OCC
1717517497.5330162,232,2.6,14.1,DEV_TO_OCC
1717517497.5340762,232,0.0,14.1,DEV_TO_OCC
1717517498.6613357,232,3.3,14.1,DEV_TO_OCC
1717517498.662173,232,0.0,14.1,DEV_TO_OCC
1717517499.5814555,232,3.0,14.1,DEV_TO_OCC
1717517499.5825424,232,0.0,14.1,DEV_TO_OCC
1717517500.5032501,232,4.8,14.1,DEV_TO_OCC
1717517500.5041301,232,0.0,14.1,DEV_TO_OCC
1717517501.7393398,232,3.0,14.1,DEV_TO_OCC
1717517501.7402666,232,0.0,14.1,DEV_TO_OCC
1717517502.653295,232,2.9,14.1,DEV_TO_OCC
1717517502.6542497,232,0.0,14.1,DEV_TO_OCC
1717517503.5745044,232,3.1,14.2,DEV_TO_OCC
1717517503.5757105,232,66.7,14.2,DEV_TO_OCC
1717517504.1597433,338,3.7,14.2,OCC_TO_CU
1717517504.160531,338,0.0,14.2,OCC_TO_CU
1717517504.161301,338,0.0,14.2,OCC_TO_CU
1717517504.1621153,338,0.0,14.2,OCC_TO_CU
1717517504.495527,232,7.4,14.2,DEV_TO_OCC
1717517504.496446,232,0.0,14.2,DEV_TO_OCC
1717517505.7270687,232,3.7,14.2,DEV_TO_OCC
1717517505.7281103,232,0.0,14.2,DEV_TO_OCC
1717517506.6459384,232,3.2,14.2,DEV_TO_OCC
1717517506.6468678,232,0.0,14.2,DEV_TO_OCC
1717517507.567409,232,3.1,14.2,DEV_TO_OCC
1717517507.5686228,232,0.0,14.2,DEV_TO_OCC
1717517508.488755,232,3.7,14.2,DEV_TO_OCC
1717517508.4899886,232,0.0,14.2,DEV_TO_OCC
1717517509.5122933,232,3.0,14.2,DEV_TO_OCC
1717517509.5131893,232,0.0,14.2,DEV_TO_OCC
1717517510.6420615,232,6.3,14.2,DEV_TO_OCC
1717517510.6429832,232,0.0,14.2,DEV_TO_OCC
1717517511.560773,232,3.6,14.2,DEV_TO_OCC
1717517511.5616572,232,0.0,14.2,DEV_TO_OCC
1717517512.4827766,232,3.2,14.2,DEV_TO_OCC
1717517512.4863548,232,0.0,14.2,DEV_TO_OCC
1717517513.5063386,232,10.0,14.1,DEV_TO_OCC
1717517513.5082161,232,50.0,14.1,DEV_TO_OCC
1717517514.1717548,338,2.9,14.1,OCC_TO_CU
1717517514.172595,338,0.0,14.1,OCC_TO_CU
1717517514.1734247,338,0.0,14.1,OCC_TO_CU
1717517514.1743207,338,0.0,14.1,OCC_TO_CU
1717517514.5302308,232,5.6,14.1,DEV_TO_OCC
1717517514.5311596,232,0.0,14.1,DEV_TO_OCC
1717517515.5566485,232,3.7,14.1,DEV_TO_OCC
1717517515.557653,232,0.0,14.1,DEV_TO_OCC
1717517516.4761848,232,3.7,14.1,DEV_TO_OCC
1717517516.4946296,232,27.3,14.1,DEV_TO_OCC
1717517517.705976,232,3.0,14.1,DEV_TO_OCC
1717517517.7070131,232,0.0,14.1,DEV_TO_OCC
1717517518.6266422,232,6.3,14.1,DEV_TO_OCC
1717517518.6276667,232,66.7,14.1,DEV_TO_OCC
1717517519.5479984,232,3.7,14.1,DEV_TO_OCC
1717517519.5489051,232,0.0,14.1,DEV_TO_OCC
1717517520.784841,232,3.9,14.1,DEV_TO_OCC
1717517520.7858398,232,0.0,14.1,DEV_TO_OCC
1717517521.698627,232,3.3,14.1,DEV_TO_OCC
1717517521.700063,232,100.0,14.1,DEV_TO_OCC
1717517522.620235,232,2.7,14.1,DEV_TO_OCC
1717517522.6212265,232,0.0,14.1,DEV_TO_OCC
1717517523.5423832,232,4.1,14.1,DEV_TO_OCC
1717517523.5432694,232,80.0,14.1,DEV_TO_OCC
1717517524.1837368,338,2.9,14.1,OCC_TO_CU
1717517524.184649,338,0.0,14.1,OCC_TO_CU
1717517524.1855228,338,0.0,14.1,OCC_TO_CU
1717517524.1863542,338,0.0,14.1,OCC_TO_CU
1717517524.4662447,232,5.7,14.1,DEV_TO_OCC
1717517524.4880574,232,28.6,14.1,DEV_TO_OCC
1717517525.6928205,232,3.7,14.1,DEV_TO_OCC
1717517525.6940663,232,0.0,14.1,DEV_TO_OCC
1717517526.6141684,232,2.7,14.1,DEV_TO_OCC
1717517526.6152494,232,80.0,14.1,DEV_TO_OCC
1717517527.5380576,232,3.3,14.1,DEV_TO_OCC
1717517527.5390759,232,0.0,14.1,DEV_TO_OCC
1717517528.5661085,232,3.9,14.1,DEV_TO_OCC
1717517528.5670528,232,0.0,14.1,DEV_TO_OCC
1717517529.6860096,232,2.8,14.1,DEV_TO_OCC
1717517529.686897,232,0.0,14.1,DEV_TO_OCC
1717517530.5051317,232,5.0,14.1,DEV_TO_OCC
1717517530.5060477,232,0.0,14.1,DEV_TO_OCC
1717517531.5308888,232,2.9,14.2,DEV_TO_OCC
1717517531.5319602,232,66.7,14.2,DEV_TO_OCC
1717517532.7583861,232,4.8,14.1,DEV_TO_OCC
1717517532.7593606,232,50.0,14.1,DEV_TO_OCC
1717517533.679579,232,3.0,14.1,DEV_TO_OCC
1717517533.6803954,232,0.0,14.1,DEV_TO_OCC
1717517534.1960847,338,4.2,14.1,OCC_TO_CU
1717517534.1972094,338,0.0,14.1,OCC_TO_CU
1717517534.1982617,338,0.0,14.1,OCC_TO_CU
1717517534.1992104,338,100.0,14.1,OCC_TO_CU
1717517534.4987779,232,4.7,14.1,DEV_TO_OCC
1717517534.49977,232,0.0,14.1,DEV_TO_OCC
1717517535.523161,232,4.0,14.1,DEV_TO_OCC
1717517535.5241923,232,50.0,14.1,DEV_TO_OCC
1717517536.7524316,232,2.8,14.1,DEV_TO_OCC
1717517536.7536879,232,0.0,14.1,DEV_TO_OCC
1717517537.673387,232,3.5,14.1,DEV_TO_OCC
1717517537.6745853,232,0.0,14.1,DEV_TO_OCC
1717517538.5950131,232,3.3,14.1,DEV_TO_OCC
1717517538.596143,232,50.0,14.1,DEV_TO_OCC
1717517539.5164719,232,2.8,14.1,DEV_TO_OCC
1717517539.517452,232,0.0,14.1,DEV_TO_OCC
1717517540.7462494,232,3.2,14.1,DEV_TO_OCC
1717517540.7473614,232,100.0,14.1,DEV_TO_OCC
1717517541.6673658,232,3.4,14.1,DEV_TO_OCC
1717517541.668313,232,0.0,14.1,DEV_TO_OCC
1717517542.5887568,232,2.6,14.1,DEV_TO_OCC
1717517542.5897038,232,0.0,14.1,DEV_TO_OCC
1717517543.5104396,232,3.5,14.1,DEV_TO_OCC
1717517543.511354,232,75.0,14.1,DEV_TO_OCC
1717517544.2105546,338,3.9,14.1,OCC_TO_CU
1717517544.2117798,338,50.0,14.1,OCC_TO_CU
1717517544.2127573,338,0.0,14.1,OCC_TO_CU
1717517544.213662,338,0.0,14.1,OCC_TO_CU
1717517544.5415921,232,5.9,14.1,DEV_TO_OCC
1717517544.5426173,232,0.0,14.1,DEV_TO_OCC
1717517545.6626196,232,4.3,14.1,DEV_TO_OCC
1717517545.6636472,232,50.0,14.1,DEV_TO_OCC
1717517546.5826166,232,5.7,14.2,DEV_TO_OCC
1717517546.5834107,232,100.0,14.2,DEV_TO_OCC
1717517547.5042284,232,3.1,14.2,DEV_TO_OCC
1717517547.5123804,232,33.3,14.2,DEV_TO_OCC
1717517548.7329395,232,3.1,14.2,DEV_TO_OCC
1717517548.7337942,232,0.0,14.2,DEV_TO_OCC
1717517549.5518787,232,3.5,14.2,DEV_TO_OCC
1717517549.5527565,232,0.0,14.2,DEV_TO_OCC
1717517550.5817828,232,3.2,14.2,DEV_TO_OCC
1717517550.58264,232,0.0,14.2,DEV_TO_OCC
1717517551.8048668,232,3.3,14.2,DEV_TO_OCC
1717517551.8061001,232,0.0,14.2,DEV_TO_OCC
1717517552.726672,232,5.2,14.2,DEV_TO_OCC
1717517552.727976,232,50.0,14.2,DEV_TO_OCC
1717517553.6483812,232,3.4,14.2,DEV_TO_OCC
1717517553.6492379,232,0.0,14.2,DEV_TO_OCC
1717517554.2239873,338,3.8,14.2,OCC_TO_CU
1717517554.2249765,338,0.0,14.2,OCC_TO_CU
1717517554.2259486,338,0.0,14.2,OCC_TO_CU
1717517554.2268317,338,0.0,14.2,OCC_TO_CU
1717517554.569797,232,22.1,14.1,DEV_TO_OCC
1717517554.5707717,232,0.0,14.1,DEV_TO_OCC
1717517555.798868,232,3.4,14.1,DEV_TO_OCC
1717517555.7998846,232,100.0,14.1,DEV_TO_OCC
1717517556.720115,232,3.1,14.1,DEV_TO_OCC
1717517556.7211728,232,0.0,14.1,DEV_TO_OCC
1717517557.6417277,232,3.8,14.1,DEV_TO_OCC
1717517557.642688,232,0.0,14.1,DEV_TO_OCC
1717517558.5640957,232,3.5,14.1,DEV_TO_OCC
1717517558.5650098,232,0.0,14.1,DEV_TO_OCC
1717517559.587698,232,4.1,14.1,DEV_TO_OCC
1717517559.588644,232,0.0,14.1,DEV_TO_OCC
1717517560.7141304,232,4.1,14.1,DEV_TO_OCC
1717517560.7150314,232,0.0,14.1,DEV_TO_OCC
1717517561.6356757,232,3.2,14.1,DEV_TO_OCC
1717517561.636661,232,0.0,14.1,DEV_TO_OCC
1717517562.557233,232,3.2,14.1,DEV_TO_OCC
1717517562.5583408,232,0.0,14.1,DEV_TO_OCC
1717517563.7862906,232,2.9,14.1,DEV_TO_OCC
1717517563.7872725,232,100.0,14.1,DEV_TO_OCC
1717517564.236002,338,3.7,14.1,OCC_TO_CU
1717517564.2369394,338,0.0,14.1,OCC_TO_CU
1717517564.2378194,338,0.0,14.1,OCC_TO_CU
1717517564.2385914,338,0.0,14.1,OCC_TO_CU
1717517564.6052885,232,4.6,14.1,DEV_TO_OCC
1717517564.6063495,232,0.0,14.1,DEV_TO_OCC
1717517565.5267923,232,3.6,14.1,DEV_TO_OCC
1717517565.5469642,232,20.8,14.1,DEV_TO_OCC
1717517566.550869,232,2.7,14.1,DEV_TO_OCC
1717517566.5518274,232,100.0,14.1,DEV_TO_OCC
1717517567.585865,232,3.0,14.1,DEV_TO_OCC
1717517567.5870113,232,0.0,14.1,DEV_TO_OCC
1717517568.701424,232,3.9,14.1,DEV_TO_OCC
1717517568.7026799,232,0.0,14.1,DEV_TO_OCC
1717517569.4998863,232,4.2,14.1,DEV_TO_OCC
1717517569.545992,232,13.0,14.1,DEV_TO_OCC
1717517570.5449436,232,2.8,14.1,DEV_TO_OCC
1717517570.546087,232,0.0,14.1,DEV_TO_OCC
1717517571.7759666,232,2.9,14.1,DEV_TO_OCC
1717517571.7769172,232,0.0,14.1,DEV_TO_OCC
1717517572.5924752,232,3.2,14.1,DEV_TO_OCC
1717517572.5934432,232,0.0,14.1,DEV_TO_OCC
1717517573.6166942,232,4.0,14.1,DEV_TO_OCC
1717517573.6180477,232,0.0,14.1,DEV_TO_OCC
1717517574.2479653,338,4.6,14.1,OCC_TO_CU
1717517574.2490358,338,0.0,14.1,OCC_TO_CU
1717517574.2499506,338,0.0,14.1,OCC_TO_CU
1717517574.250775,338,0.0,14.1,OCC_TO_CU
1717517574.642353,232,7.2,14.1,DEV_TO_OCC
1717517574.6477122,232,60.0,14.1,DEV_TO_OCC
1717517575.7672248,232,5.7,14.1,DEV_TO_OCC
1717517575.7681756,232,0.0,14.1,DEV_TO_OCC
1717517576.6887245,232,3.6,14.1,DEV_TO_OCC
1717517576.6896734,232,0.0,14.1,DEV_TO_OCC
1717517577.6105864,232,3.4,14.1,DEV_TO_OCC
1717517577.611817,232,50.0,14.1,DEV_TO_OCC
1717517578.5324495,232,3.5,14.1,DEV_TO_OCC
1717517578.5562215,232,26.7,14.1,DEV_TO_OCC
1717517579.768959,232,2.8,14.1,DEV_TO_OCC
1717517579.7699804,232,0.0,14.1,DEV_TO_OCC
1717517580.6831818,232,4.3,14.2,DEV_TO_OCC
1717517580.6841462,232,0.0,14.2,DEV_TO_OCC
1717517581.6042325,232,3.5,14.2,DEV_TO_OCC
1717517581.6052532,232,0.0,14.2,DEV_TO_OCC
1717517582.528267,232,3.3,14.2,DEV_TO_OCC
1717517582.5520537,232,18.5,14.2,DEV_TO_OCC
1717517583.7548976,232,3.3,14.2,DEV_TO_OCC
1717517583.7559137,232,0.0,14.2,DEV_TO_OCC
1717517584.2620838,338,4.0,14.2,OCC_TO_CU
1717517584.2630851,338,0.0,14.2,OCC_TO_CU
1717517584.2641366,338,100.0,14.2,OCC_TO_CU
1717517584.2650125,338,0.0,14.2,OCC_TO_CU
1717517584.5737174,232,4.9,14.2,DEV_TO_OCC
1717517584.5749161,232,0.0,14.2,DEV_TO_OCC
1717517585.5977256,232,3.2,14.2,DEV_TO_OCC
1717517585.5988367,232,0.0,14.2,DEV_TO_OCC
1717517586.8319466,232,3.2,14.2,DEV_TO_OCC
1717517586.833146,232,0.0,14.2,DEV_TO_OCC
1717517587.7482023,232,2.7,14.2,DEV_TO_OCC
1717517587.7494056,232,0.0,14.2,DEV_TO_OCC
1717517588.6699023,232,4.3,14.2,DEV_TO_OCC
1717517588.6710398,232,0.0,14.2,DEV_TO_OCC
1717517589.5139601,232,4.1,14.2,DEV_TO_OCC
1717517589.5609748,232,17.2,14.2,DEV_TO_OCC
1717517590.8202226,232,3.4,14.2,DEV_TO_OCC
1717517590.8211281,232,0.0,14.2,DEV_TO_OCC
1717517591.7421775,232,3.2,14.2,DEV_TO_OCC
1717517591.7432365,232,75.0,14.2,DEV_TO_OCC
1717517592.6638622,232,9.4,14.1,DEV_TO_OCC
1717517592.664839,232,0.0,14.1,DEV_TO_OCC
1717517593.5855334,232,4.2,14.1,DEV_TO_OCC
1717517593.5865085,232,0.0,14.1,DEV_TO_OCC
1717517594.2717245,338,4.3,14.1,OCC_TO_CU
1717517594.2725534,338,0.0,14.1,OCC_TO_CU
1717517594.2734723,338,0.0,14.1,OCC_TO_CU
1717517594.274409,338,0.0,14.1,OCC_TO_CU
1717517594.6092029,232,4.5,14.1,DEV_TO_OCC
1717517594.610369,232,0.0,14.1,DEV_TO_OCC
1717517595.6332839,232,5.1,14.2,DEV_TO_OCC
1717517595.6342134,232,0.0,14.2,DEV_TO_OCC
1717517596.6598392,232,3.7,14.2,DEV_TO_OCC
1717517596.660816,232,0.0,14.2,DEV_TO_OCC
1717517597.5790749,232,3.1,14.1,DEV_TO_OCC
1717517597.5800762,232,50.0,14.1,DEV_TO_OCC
1717517598.8080633,232,3.3,14.2,DEV_TO_OCC
1717517598.8090703,232,0.0,14.2,DEV_TO_OCC
1717517599.7293925,232,3.6,14.2,DEV_TO_OCC
1717517599.730341,232,0.0,14.2,DEV_TO_OCC
1717517600.651177,232,3.6,14.2,DEV_TO_OCC
1717517600.6522467,232,0.0,14.2,DEV_TO_OCC
1717517601.5725348,232,5.4,14.1,DEV_TO_OCC
1717517601.5734565,232,0.0,14.1,DEV_TO_OCC
1717517602.801891,232,2.9,14.1,DEV_TO_OCC
1717517602.8030071,232,0.0,14.1,DEV_TO_OCC
1717517603.7231977,232,6.2,14.1,DEV_TO_OCC
1717517603.724099,232,0.0,14.1,DEV_TO_OCC
1717517604.2837653,338,4.6,14.1,OCC_TO_CU
1717517604.2847025,338,0.0,14.1,OCC_TO_CU
1717517604.2855673,338,0.0,14.1,OCC_TO_CU
1717517604.286543,338,0.0,14.1,OCC_TO_CU
1717517604.5423818,232,16.2,14.1,DEV_TO_OCC
1717517604.5707676,232,18.2,14.1,DEV_TO_OCC
1717517605.5264473,232,4.3,14.1,DEV_TO_OCC
1717517605.5702484,232,14.8,14.1,DEV_TO_OCC
1717517606.795343,232,2.9,14.1,DEV_TO_OCC
1717517606.7964344,232,0.0,14.1,DEV_TO_OCC
1717517607.7168381,232,2.8,14.1,DEV_TO_OCC
1717517607.7177482,232,0.0,14.1,DEV_TO_OCC
1717517608.6396475,232,4.1,14.1,DEV_TO_OCC
1717517608.641547,232,0.0,14.1,DEV_TO_OCC
1717517609.5604022,232,3.4,14.1,DEV_TO_OCC
1717517609.5828497,232,16.7,14.1,DEV_TO_OCC
1717517610.5838542,232,3.4,14.1,DEV_TO_OCC
1717517610.584903,232,0.0,14.1,DEV_TO_OCC
1717517611.608193,232,3.3,14.1,DEV_TO_OCC
1717517611.6093209,232,0.0,14.1,DEV_TO_OCC
1717517612.6325138,232,2.7,14.1,DEV_TO_OCC
1717517612.633688,232,0.0,14.1,DEV_TO_OCC
1717517613.5536594,232,3.5,14.1,DEV_TO_OCC
1717517613.5815797,232,21.2,14.1,DEV_TO_OCC
1717517614.2976553,338,3.6,14.1,OCC_TO_CU
1717517614.298606,338,0.0,14.1,OCC_TO_CU
1717517614.2995627,338,80.0,14.1,OCC_TO_CU
1717517614.3005521,338,0.0,14.1,OCC_TO_CU
1717517614.539038,232,5.3,14.1,DEV_TO_OCC
1717517614.5806732,232,16.0,14.1,DEV_TO_OCC
1717517615.7041953,232,4.1,14.1,DEV_TO_OCC
1717517615.7051053,232,0.0,14.1,DEV_TO_OCC
1717517616.6260097,232,3.3,14.1,DEV_TO_OCC
1717517616.626992,232,0.0,14.1,DEV_TO_OCC
1717517617.5471914,232,3.0,14.1,DEV_TO_OCC
1717517617.580684,232,15.4,14.1,DEV_TO_OCC
1717517618.776287,232,2.8,14.1,DEV_TO_OCC
1717517618.7775402,232,0.0,14.1,DEV_TO_OCC
1717517619.6982293,232,3.3,14.1,DEV_TO_OCC
1717517619.699724,232,75.0,14.1,DEV_TO_OCC
1717517620.5364742,232,3.8,14.2,DEV_TO_OCC
1717517620.5844758,232,8.9,14.2,DEV_TO_OCC
1717517621.8508184,232,2.9,14.2,DEV_TO_OCC
1717517621.8518436,232,50.0,14.2,DEV_TO_OCC
1717517622.7700162,232,2.7,14.2,DEV_TO_OCC
1717517622.7713215,232,80.0,14.2,DEV_TO_OCC
1717517623.6918728,232,4.2,14.2,DEV_TO_OCC
1717517623.6928518,232,0.0,14.2,DEV_TO_OCC
1717517624.3117647,338,3.6,14.2,OCC_TO_CU
1717517624.3126953,338,0.0,14.2,OCC_TO_CU
1717517624.313531,338,0.0,14.2,OCC_TO_CU
1717517624.3144598,338,0.0,14.2,OCC_TO_CU
1717517624.6131725,232,17.3,14.1,DEV_TO_OCC
1717517624.6140893,232,0.0,14.1,DEV_TO_OCC
1717517625.8819885,232,4.0,14.1,DEV_TO_OCC
1717517625.8831224,232,0.0,14.1,DEV_TO_OCC
1717517626.763838,232,3.9,14.1,DEV_TO_OCC
1717517626.765012,232,0.0,14.1,DEV_TO_OCC
1717517627.685316,232,5.7,14.1,DEV_TO_OCC
1717517627.68619,232,0.0,14.1,DEV_TO_OCC
1717517628.607101,232,3.2,14.1,DEV_TO_OCC
1717517628.608064,232,50.0,14.1,DEV_TO_OCC
1717517629.6308386,232,2.9,14.1,DEV_TO_OCC
1717517629.6317842,232,50.0,14.1,DEV_TO_OCC
1717517630.7575004,232,4.1,14.1,DEV_TO_OCC
1717517630.7584877,232,0.0,14.1,DEV_TO_OCC
1717517631.679464,232,3.6,14.1,DEV_TO_OCC
1717517631.6805296,232,0.0,14.1,DEV_TO_OCC
1717517632.6007721,232,5.0,14.1,DEV_TO_OCC
1717517632.6019056,232,0.0,14.1,DEV_TO_OCC
1717517633.8297358,232,3.1,14.1,DEV_TO_OCC
1717517633.8307052,232,0.0,14.1,DEV_TO_OCC
1717517634.3256023,338,5.2,14.1,OCC_TO_CU
1717517634.32661,338,0.0,14.1,OCC_TO_CU
1717517634.3275094,338,66.7,14.1,OCC_TO_CU
1717517634.3284636,338,0.0,14.1,OCC_TO_CU
1717517634.7651558,232,3.8,14.1,DEV_TO_OCC
1717517634.7683048,232,50.0,14.1,DEV_TO_OCC
1717517635.678213,232,3.5,14.1,DEV_TO_OCC
1717517635.6790686,232,0.0,14.1,DEV_TO_OCC
1717517636.5948503,232,3.8,14.1,DEV_TO_OCC
1717517636.5994735,232,40.0,14.1,DEV_TO_OCC
1717517637.8233688,232,2.9,14.1,DEV_TO_OCC
1717517637.824374,232,0.0,14.1,DEV_TO_OCC
1717517638.7448812,232,3.3,14.1,DEV_TO_OCC
1717517638.745881,232,0.0,14.1,DEV_TO_OCC
1717517639.585987,232,3.5,14.1,DEV_TO_OCC
1717517639.5961058,232,42.9,14.1,DEV_TO_OCC
1717517640.5934725,232,4.0,14.1,DEV_TO_OCC
1717517640.6179123,232,23.3,14.1,DEV_TO_OCC
1717517641.612198,232,2.9,14.1,DEV_TO_OCC
1717517641.6132135,232,0.0,14.1,DEV_TO_OCC
1717517642.7389524,232,2.5,14.1,DEV_TO_OCC
1717517642.740353,232,66.7,14.1,DEV_TO_OCC
1717517643.660225,232,3.2,14.1,DEV_TO_OCC
1717517643.6611943,232,0.0,14.1,DEV_TO_OCC
1717517644.3356743,338,3.8,14.1,OCC_TO_CU
1717517644.3370008,338,0.0,14.1,OCC_TO_CU
1717517644.3381944,338,0.0,14.1,OCC_TO_CU
1717517644.3393219,338,100.0,14.1,OCC_TO_CU
1717517644.5813715,232,6.1,14.1,DEV_TO_OCC
1717517644.6048005,232,15.4,14.1,DEV_TO_OCC
1717517645.811196,232,3.7,14.1,DEV_TO_OCC
1717517645.8122025,232,0.0,14.1,DEV_TO_OCC
1717517646.7384799,232,3.8,14.1,DEV_TO_OCC
1717517646.7397084,232,66.7,14.1,DEV_TO_OCC
1717517647.6541796,232,2.6,14.2,DEV_TO_OCC
1717517647.6552625,232,75.0,14.2,DEV_TO_OCC
1717517648.575277,232,4.2,14.2,DEV_TO_OCC
1717517648.6188056,232,13.7,14.2,DEV_TO_OCC
1717517649.805117,232,3.7,14.2,DEV_TO_OCC
1717517649.8061872,232,0.0,14.2,DEV_TO_OCC
1717517650.7295244,232,4.1,14.2,DEV_TO_OCC
1717517650.7305126,232,0.0,14.2,DEV_TO_OCC
1717517651.6479387,232,3.6,14.2,DEV_TO_OCC
1717517651.6488755,232,0.0,14.2,DEV_TO_OCC
1717517652.8797007,232,2.9,14.2,DEV_TO_OCC
1717517652.8807008,232,0.0,14.2,DEV_TO_OCC
1717517653.80043,232,3.6,14.2,DEV_TO_OCC
1717517653.8013372,232,0.0,14.2,DEV_TO_OCC
1717517654.3493557,338,4.1,14.2,OCC_TO_CU
1717517654.3507063,338,0.0,14.2,OCC_TO_CU
1717517654.351972,338,66.7,14.2,OCC_TO_CU
1717517654.3531551,338,0.0,14.2,OCC_TO_CU
1717517654.619729,232,5.6,14.2,DEV_TO_OCC
1717517654.620922,232,0.0,14.2,DEV_TO_OCC
1717517655.6439223,232,3.8,14.2,DEV_TO_OCC
1717517655.6448824,232,0.0,14.2,DEV_TO_OCC
1717517656.8723462,232,3.0,14.2,DEV_TO_OCC
1717517656.873187,232,0.0,14.2,DEV_TO_OCC
1717517657.5893478,232,2.9,14.2,DEV_TO_OCC
1717517657.6173534,232,27.0,14.2,DEV_TO_OCC
1717517658.715396,232,3.2,14.2,DEV_TO_OCC
1717517658.7163517,232,0.0,14.2,DEV_TO_OCC
1717517659.59511,232,3.4,14.2,DEV_TO_OCC
1717517659.6142821,232,22.7,14.2,DEV_TO_OCC
1717517660.967153,232,4.4,14.2,DEV_TO_OCC
1717517660.9681761,232,100.0,14.2,DEV_TO_OCC
1717517661.813689,232,4.3,14.2,DEV_TO_OCC
1717517661.8147674,232,0.0,14.2,DEV_TO_OCC
1717517662.70718,232,5.1,14.2,DEV_TO_OCC
1717517662.7081661,232,0.0,14.2,DEV_TO_OCC
1717517663.6285892,232,3.5,14.2,DEV_TO_OCC
1717517663.6295497,232,0.0,14.2,DEV_TO_OCC
1717517664.363714,338,3.3,14.2,OCC_TO_CU
1717517664.3645725,338,0.0,14.2,OCC_TO_CU
1717517664.3654757,338,0.0,14.2,OCC_TO_CU
1717517664.366502,338,0.0,14.2,OCC_TO_CU
1717517664.6525536,232,7.8,14.2,DEV_TO_OCC
1717517664.653424,232,0.0,14.2,DEV_TO_OCC
1717517665.7792242,232,3.1,14.2,DEV_TO_OCC
1717517665.7803605,232,0.0,14.2,DEV_TO_OCC
1717517666.5700161,232,3.2,14.2,DEV_TO_OCC
1717517666.6202476,232,72.3,14.2,DEV_TO_OCC
1717517667.930388,232,5.8,14.1,DEV_TO_OCC
1717517667.9313843,232,66.7,14.1,DEV_TO_OCC
1717517668.8558195,232,4.1,14.1,DEV_TO_OCC
1717517668.856791,232,0.0,14.1,DEV_TO_OCC
1717517669.5952644,232,4.0,14.1,DEV_TO_OCC
1717517669.631719,232,20.0,14.1,DEV_TO_OCC
1717517670.6952424,232,3.1,14.2,DEV_TO_OCC
1717517670.696275,232,0.0,14.2,DEV_TO_OCC
1717517671.615755,232,3.0,14.1,DEV_TO_OCC
1717517671.625702,232,27.3,14.1,DEV_TO_OCC
1717517672.8451252,232,2.7,14.1,DEV_TO_OCC
1717517672.8460724,232,0.0,14.1,DEV_TO_OCC
1717517673.6639702,232,4.1,14.1,DEV_TO_OCC
1717517673.6649003,232,0.0,14.1,DEV_TO_OCC
1717517674.377626,338,3.5,14.2,OCC_TO_CU
1717517674.3785636,338,0.0,14.2,OCC_TO_CU
1717517674.3795102,338,75.0,14.2,OCC_TO_CU
1717517674.3804376,338,0.0,14.2,OCC_TO_CU
1717517674.6882443,232,6.0,14.1,DEV_TO_OCC
1717517674.6892366,232,0.0,14.1,DEV_TO_OCC
1717517675.6097615,232,4.1,14.2,DEV_TO_OCC
1717517675.6302693,232,20.8,14.2,DEV_TO_OCC
1717517676.838923,232,3.3,14.2,DEV_TO_OCC
1717517676.8399777,232,50.0,14.2,DEV_TO_OCC
1717517677.7739074,232,2.5,14.2,DEV_TO_OCC
1717517677.774974,232,0.0,14.2,DEV_TO_OCC
1717517678.6827888,232,4.0,14.2,DEV_TO_OCC
1717517678.6838758,232,50.0,14.2,DEV_TO_OCC
1717517679.709594,232,3.3,14.2,DEV_TO_OCC
1717517679.7106304,232,0.0,14.2,DEV_TO_OCC
1717517680.8322058,232,6.1,14.1,DEV_TO_OCC
1717517680.833212,232,0.0,14.1,DEV_TO_OCC
1717517681.5819664,232,3.7,14.1,DEV_TO_OCC
1717517681.6317809,232,16.4,14.1,DEV_TO_OCC
1717517682.67538,232,2.7,14.1,DEV_TO_OCC
1717517682.676389,232,0.0,14.1,DEV_TO_OCC
1717517683.6037698,232,3.1,14.1,DEV_TO_OCC
1717517683.6522095,232,13.6,14.1,DEV_TO_OCC
1717517684.3880253,338,2.8,14.1,OCC_TO_CU
1717517684.3890262,338,0.0,14.1,OCC_TO_CU
1717517684.390029,338,0.0,14.1,OCC_TO_CU
1717517684.3910663,338,0.0,14.1,OCC_TO_CU
1717517684.6209748,232,6.5,14.1,DEV_TO_OCC
1717517684.643569,232,22.2,14.1,DEV_TO_OCC
1717517685.7482836,232,3.9,14.1,DEV_TO_OCC
1717517685.7493367,232,0.0,14.1,DEV_TO_OCC
1717517686.6694887,232,3.3,14.1,DEV_TO_OCC
1717517686.6707692,232,0.0,14.1,DEV_TO_OCC
1717517687.8982754,232,2.4,14.1,DEV_TO_OCC
1717517687.8995843,232,66.7,14.1,DEV_TO_OCC
1717517688.819774,232,4.3,14.1,DEV_TO_OCC
1717517688.8209136,232,0.0,14.1,DEV_TO_OCC
1717517689.7414117,232,5.0,14.1,DEV_TO_OCC
1717517689.742332,232,0.0,14.1,DEV_TO_OCC
1717517690.6637168,232,4.4,14.2,DEV_TO_OCC
1717517690.664979,232,0.0,14.2,DEV_TO_OCC
1717517691.9939613,232,3.1,14.2,DEV_TO_OCC
1717517691.9949954,232,0.0,14.2,DEV_TO_OCC
1717517692.6082437,232,3.1,14.2,DEV_TO_OCC
1717517692.6423004,232,19.0,14.2,DEV_TO_OCC
1717517693.735215,232,5.7,14.1,DEV_TO_OCC
1717517693.7361224,232,0.0,14.1,DEV_TO_OCC
1717517694.400009,338,7.3,14.1,OCC_TO_CU
1717517694.4010036,338,0.0,14.1,OCC_TO_CU
1717517694.4019077,338,0.0,14.1,OCC_TO_CU
1717517694.402942,338,0.0,14.1,OCC_TO_CU
1717517694.6564326,232,4.0,14.1,DEV_TO_OCC
1717517694.6572735,232,0.0,14.1,DEV_TO_OCC
1717517695.886855,232,3.7,14.1,DEV_TO_OCC
1717517695.8877697,232,50.0,14.1,DEV_TO_OCC
1717517696.8071613,232,3.8,14.1,DEV_TO_OCC
1717517696.8081112,232,66.7,14.1,DEV_TO_OCC
1717517697.62831,232,3.7,14.1,DEV_TO_OCC
1717517697.6453989,232,25.0,14.1,DEV_TO_OCC
1717517698.6504104,232,3.7,14.1,DEV_TO_OCC
1717517698.6514068,232,66.7,14.1,DEV_TO_OCC
1717517699.8793468,232,3.2,14.1,DEV_TO_OCC
1717517699.8803144,232,0.0,14.1,DEV_TO_OCC
1717517700.823355,232,4.0,14.1,DEV_TO_OCC
1717517700.824265,232,0.0,14.1,DEV_TO_OCC
1717517701.7225053,232,3.9,14.1,DEV_TO_OCC
1717517701.723619,232,66.7,14.1,DEV_TO_OCC
1717517702.6457238,232,2.5,14.1,DEV_TO_OCC
1717517702.6480474,232,66.7,14.1,DEV_TO_OCC
1717517703.872896,232,3.4,14.1,DEV_TO_OCC
1717517703.8738985,232,0.0,14.1,DEV_TO_OCC
1717517704.4141495,338,4.2,14.1,OCC_TO_CU
1717517704.4149597,338,0.0,14.1,OCC_TO_CU
1717517704.4159253,338,80.0,14.1,OCC_TO_CU
1717517704.416991,338,0.0,14.1,OCC_TO_CU
1717517704.6571531,232,5.9,14.1,DEV_TO_OCC
1717517704.672462,232,35.0,14.1,DEV_TO_OCC
1717517705.7161016,232,4.0,14.1,DEV_TO_OCC
1717517705.7170124,232,0.0,14.1,DEV_TO_OCC
1717517706.6376097,232,3.8,14.1,DEV_TO_OCC
1717517706.6586452,232,24.0,14.1,DEV_TO_OCC
1717517707.8666854,232,2.9,14.1,DEV_TO_OCC
1717517707.8677192,232,66.7,14.1,DEV_TO_OCC
1717517708.7881613,232,3.3,14.1,DEV_TO_OCC
1717517708.7891293,232,0.0,14.1,DEV_TO_OCC
1717517709.6023314,232,4.1,14.1,DEV_TO_OCC
1717517709.652955,232,20.3,14.1,DEV_TO_OCC
1717517710.6313734,232,4.0,14.1,DEV_TO_OCC
1717517710.6551719,232,18.5,14.1,DEV_TO_OCC
1717517711.860136,232,2.8,14.1,DEV_TO_OCC
1717517711.8610017,232,0.0,14.1,DEV_TO_OCC
1717517712.7831008,232,2.8,14.1,DEV_TO_OCC
1717517712.7840998,232,66.7,14.1,DEV_TO_OCC
1717517713.6055245,232,4.4,14.1,DEV_TO_OCC
1717517713.660528,232,11.9,14.1,DEV_TO_OCC
1717517714.4280643,338,2.9,14.1,OCC_TO_CU
1717517714.4290173,338,0.0,14.1,OCC_TO_CU
1717517714.4300733,338,0.0,14.1,OCC_TO_CU
1717517714.4309595,338,0.0,14.1,OCC_TO_CU
1717517714.624687,232,7.3,14.1,DEV_TO_OCC
1717517714.6553419,232,21.1,14.1,DEV_TO_OCC
1717517715.9562566,232,2.9,14.2,DEV_TO_OCC
1717517715.957278,232,0.0,14.2,DEV_TO_OCC
1717517716.7762213,232,3.4,14.2,DEV_TO_OCC
1717517716.77725,232,0.0,14.2,DEV_TO_OCC
1717517717.697247,232,3.2,14.2,DEV_TO_OCC
1717517717.6981046,232,0.0,14.2,DEV_TO_OCC
1717517718.9262881,232,5.8,14.2,DEV_TO_OCC
1717517718.9272718,232,100.0,14.2,DEV_TO_OCC
1717517719.8476434,232,3.0,14.2,DEV_TO_OCC
1717517719.8485281,232,0.0,14.2,DEV_TO_OCC
1717517720.7694783,232,3.2,14.2,DEV_TO_OCC
1717517720.770655,232,0.0,14.2,DEV_TO_OCC
1717517721.6912618,232,3.6,14.2,DEV_TO_OCC
1717517721.6922412,232,0.0,14.2,DEV_TO_OCC
1717517722.9200594,232,2.8,14.2,DEV_TO_OCC
1717517722.921095,232,0.0,14.2,DEV_TO_OCC
1717517723.844249,232,3.8,14.2,DEV_TO_OCC
1717517723.8452199,232,0.0,14.2,DEV_TO_OCC
1717517724.442099,338,4.5,14.2,OCC_TO_CU
1717517724.4429767,338,0.0,14.2,OCC_TO_CU
1717517724.4439821,338,100.0,14.2,OCC_TO_CU
1717517724.4448192,338,0.0,14.2,OCC_TO_CU
1717517724.6603348,232,19.2,14.2,DEV_TO_OCC
1717517724.6644452,232,40.0,14.2,DEV_TO_OCC
1717517725.6847696,232,4.2,14.2,DEV_TO_OCC
1717517725.6857753,232,0.0,14.2,DEV_TO_OCC
1717517727.0325642,232,3.9,14.2,DEV_TO_OCC
1717517727.0336094,232,0.0,14.2,DEV_TO_OCC
1717517727.8354168,232,3.9,14.2,DEV_TO_OCC
1717517727.8363862,232,0.0,14.2,DEV_TO_OCC
1717517728.6310241,232,3.4,14.2,DEV_TO_OCC
1717517728.6691558,232,14.9,14.2,DEV_TO_OCC
1717517729.6783795,232,3.3,14.2,DEV_TO_OCC
1717517729.6792681,232,66.7,14.2,DEV_TO_OCC
1717517730.9073575,232,3.3,14.2,DEV_TO_OCC
1717517730.9083147,232,0.0,14.2,DEV_TO_OCC
1717517731.7278552,232,3.5,14.2,DEV_TO_OCC
1717517731.7287102,232,0.0,14.2,DEV_TO_OCC
1717517732.6480045,232,2.6,14.2,DEV_TO_OCC
1717517732.672101,232,11.5,14.2,DEV_TO_OCC
1717517733.6724584,232,3.3,14.2,DEV_TO_OCC
1717517733.6733286,232,0.0,14.2,DEV_TO_OCC
1717517734.455735,338,3.4,14.2,OCC_TO_CU
1717517734.4568274,338,0.0,14.2,OCC_TO_CU
1717517734.4578018,338,0.0,14.2,OCC_TO_CU
1717517734.4587817,338,0.0,14.2,OCC_TO_CU
1717517734.696751,232,5.6,14.2,DEV_TO_OCC
1717517734.6982613,232,0.0,14.2,DEV_TO_OCC
1717517735.8239284,232,3.8,14.2,DEV_TO_OCC
1717517735.825074,232,0.0,14.2,DEV_TO_OCC
1717517736.7446105,232,4.0,14.2,DEV_TO_OCC
1717517736.745558,232,0.0,14.2,DEV_TO_OCC
1717517737.665794,232,3.8,14.2,DEV_TO_OCC
1717517737.6771998,232,33.3,14.2,DEV_TO_OCC
1717517738.8945687,232,3.3,14.2,DEV_TO_OCC
1717517738.8954675,232,100.0,14.2,DEV_TO_OCC
1717517739.8162353,232,3.8,14.2,DEV_TO_OCC
1717517739.8172405,232,0.0,14.2,DEV_TO_OCC
1717517740.7401853,232,3.4,14.2,DEV_TO_OCC
1717517740.741044,232,0.0,14.2,DEV_TO_OCC
1717517741.6629517,232,3.6,14.2,DEV_TO_OCC
1717517741.6793199,232,33.3,14.2,DEV_TO_OCC
1717517742.8997126,232,2.3,14.2,DEV_TO_OCC
1717517742.9008892,232,0.0,14.2,DEV_TO_OCC
1717517743.8102686,232,3.3,14.2,DEV_TO_OCC
1717517743.811521,232,66.7,14.2,DEV_TO_OCC
1717517744.469952,338,3.9,14.2,OCC_TO_CU
1717517744.4709535,338,0.0,14.2,OCC_TO_CU
1717517744.471881,338,100.0,14.2,OCC_TO_CU
1717517744.472636,338,0.0,14.2,OCC_TO_CU
1717517744.73173,232,31.7,14.2,DEV_TO_OCC
1717517744.732605,232,0.0,14.2,DEV_TO_OCC
1717517745.65309,232,4.8,14.2,DEV_TO_OCC
1717517745.6846466,232,15.4,14.2,DEV_TO_OCC
1717517746.8820846,232,4.2,14.2,DEV_TO_OCC
1717517746.8830059,232,0.0,14.2,DEV_TO_OCC
1717517747.8035896,232,3.4,14.1,DEV_TO_OCC
1717517747.8044796,232,0.0,14.1,DEV_TO_OCC
1717517748.7251694,232,3.2,14.1,DEV_TO_OCC
1717517748.7260802,232,0.0,14.1,DEV_TO_OCC
1717517749.715641,232,3.2,14.2,DEV_TO_OCC
1717517749.7166722,232,0.0,14.2,DEV_TO_OCC
1717517750.670597,232,3.4,14.2,DEV_TO_OCC
1717517750.6858065,232,27.8,14.1,DEV_TO_OCC
1717517751.797392,232,2.8,14.1,DEV_TO_OCC
1717517751.7984324,232,0.0,14.1,DEV_TO_OCC
1717517752.7191145,232,3.3,14.1,DEV_TO_OCC
1717517752.7201493,232,50.0,14.1,DEV_TO_OCC
1717517753.9478567,232,3.2,14.2,DEV_TO_OCC
1717517753.9489172,232,0.0,14.2,DEV_TO_OCC
1717517754.4799962,338,3.2,14.2,OCC_TO_CU
1717517754.4810266,338,0.0,14.2,OCC_TO_CU
1717517754.4819906,338,0.0,14.2,OCC_TO_CU
1717517754.483016,338,0.0,14.2,OCC_TO_CU
1717517754.7669213,232,5.0,14.2,DEV_TO_OCC
1717517754.7680671,232,100.0,14.2,DEV_TO_OCC
1717517755.7913806,232,3.2,14.2,DEV_TO_OCC
1717517755.792331,232,0.0,14.2,DEV_TO_OCC
1717517756.7126048,232,3.3,14.2,DEV_TO_OCC
1717517756.7134936,232,0.0,14.2,DEV_TO_OCC
1717517757.9411407,232,3.7,14.1,DEV_TO_OCC
1717517758.8633611,232,3.9,14.1,DEV_TO_OCC
1717517758.8643668,232,0.0,14.1,DEV_TO_OCC
1717517759.6213,232,3.5,14.1,DEV_TO_OCC
1717517759.7001386,232,6.4,14.1,DEV_TO_OCC
1717517760.7185373,232,4.2,14.1,DEV_TO_OCC
1717517760.7311745,232,42.1,14.1,DEV_TO_OCC
1717517761.9352558,232,2.9,14.1,DEV_TO_OCC
1717517761.936212,232,0.0,14.1,DEV_TO_OCC
1717517762.8677723,232,5.2,14.1,DEV_TO_OCC
1717517762.8686292,232,0.0,14.1,DEV_TO_OCC
1717517763.778522,232,4.2,14.1,DEV_TO_OCC
1717517763.7795246,232,66.7,14.1,DEV_TO_OCC
1717517764.49194,338,3.5,14.1,OCC_TO_CU
1717517764.4930265,338,0.0,14.1,OCC_TO_CU
1717517764.4940507,338,0.0,14.1,OCC_TO_CU
1717517764.4949944,338,0.0,14.1,OCC_TO_CU
1717517764.7010248,232,19.8,14.1,DEV_TO_OCC
1717517764.702617,232,0.0,14.1,DEV_TO_OCC
1717517765.9290607,232,3.7,14.1,DEV_TO_OCC
1717517765.9299781,232,0.0,14.1,DEV_TO_OCC
1717517766.8574703,232,3.3,14.1,DEV_TO_OCC
1717517766.8583317,232,0.0,14.1,DEV_TO_OCC
1717517767.7723093,232,4.0,14.1,DEV_TO_OCC
1717517767.7731786,232,0.0,14.1,DEV_TO_OCC
1717517768.6938689,232,3.4,14.1,DEV_TO_OCC
1717517768.6989903,232,42.9,14.1,DEV_TO_OCC
1717517769.9227772,232,3.1,14.1,DEV_TO_OCC
1717517769.9237776,232,50.0,14.1,DEV_TO_OCC
1717517770.8445926,232,3.9,14.1,DEV_TO_OCC
1717517770.8455172,232,0.0,14.1,DEV_TO_OCC
1717517771.8761044,232,3.7,14.1,DEV_TO_OCC
1717517771.8770902,232,0.0,14.1,DEV_TO_OCC
1717517772.6879532,232,2.7,14.1,DEV_TO_OCC
1717517772.7077918,232,18.2,14.1,DEV_TO_OCC
1717517773.9163823,232,2.8,14.1,DEV_TO_OCC
1717517773.9173384,232,0.0,14.1,DEV_TO_OCC
1717517774.5063438,338,3.4,14.1,OCC_TO_CU
1717517774.5073748,338,75.0,14.1,OCC_TO_CU
1717517774.5082238,338,0.0,14.1,OCC_TO_CU
1717517774.5090861,338,0.0,14.1,OCC_TO_CU
1717517774.6323054,232,8.7,14.1,DEV_TO_OCC
1717517774.7054734,232,10.2,14.1,DEV_TO_OCC
1717517775.759865,232,6.6,14.1,DEV_TO_OCC
1717517775.7609184,232,0.0,14.1,DEV_TO_OCC
1717517776.9883173,232,3.3,14.1,DEV_TO_OCC
1717517776.9894383,232,0.0,14.1,DEV_TO_OCC
1717517777.9104786,232,3.3,14.1,DEV_TO_OCC
1717517777.9117665,232,66.7,14.1,DEV_TO_OCC
1717517778.8318622,232,3.9,14.1,DEV_TO_OCC
1717517778.832997,232,0.0,14.1,DEV_TO_OCC
1717517779.7555535,232,3.1,14.1,DEV_TO_OCC
1717517779.7602646,232,25.0,14.1,DEV_TO_OCC
1717517780.6750984,232,6.0,14.1,DEV_TO_OCC
1717517780.7588534,232,7.1,14.1,DEV_TO_OCC
1717517781.9039302,232,3.6,14.1,DEV_TO_OCC
1717517781.9051268,232,0.0,14.1,DEV_TO_OCC
1717517782.8252485,232,7.7,14.3,DEV_TO_OCC
